{"type":"FeatureCollection","features":[{"type":"Feature","properties":{"name":"Говийн их /А/","type":"Дархан цаазат газар"},"geometry":{"type":"Polygon","coordinates":[[[96.88476,44.56719],[96.88476,44.56719],[97.00613,44.60579],[97.00613,44.60579],[97.06817,44.58601],[97.19733,44.54512],[97.25752,44.46018],[97.39195,44.43329],[97.41044,44.36645],[97.53412,44.31438],[97.55638,44.24484],[97.63386,44.1926],[97.7336,44.15268],[97.78993,44.09367],[97.85991,44.0494],[97.89588,44.02802],[97.94144,43.9978],[97.96656,43.98228],[98.01759,43.95404],[98.14581,43.92704],[98.28539,43.90232],[98.35511,43.83025],[98.49313,43.77619],[98.50848,43.73801],[98.57076,43.43727],[98.69462,43.45463],[98.89581,43.46264],[99.07807,43.34208],[99.12095,43.29242],[99.23708,43.22329],[99.35641,43.17811],[99.43516,43.12502],[99.49381,43.09379],[99.5761,42.91482],[99.59081,42.75502],[99.59792,42.66528],[99.63142,42.58852],[99.63152,42.58854],[99.63165,42.58825],[99.58194,42.58008],[99.56982,42.57775],[99.56554,42.57677],[99.54356,42.57284],[99.52932,42.57027],[99.5104,42.5667],[99.50443,42.5656],[99.50169,42.56524],[99.49574,42.56648],[99.49249,42.56675],[99.47033,42.56821],[99.46542,42.56843],[99.42326,42.57183],[99.40857,42.57296],[99.37885,42.57531],[99.37183,42.57592],[99.36427,42.57634],[99.35356,42.57705],[99.34191,42.57798],[99.33375,42.57858],[99.32183,42.5792],[99.28945,42.58174],[99.28097,42.58235],[99.24329,42.58527],[99.23071,42.58628],[99.199,42.58839],[99.19674,42.58859],[99.18482,42.58969],[99.15295,42.59189],[99.1413,42.59259],[99.12421,42.59379],[99.10889,42.59468],[99.09235,42.59587],[99.0622,42.59805],[99.05517,42.59844],[99.04179,42.59933],[99.02854,42.60051],[99.01728,42.60139],[99.01464,42.60149],[99,42.60245],[98.99976,42.60249],[98.99796,42.60261],[98.99004,42.60297],[98.98102,42.60383],[98.96124,42.60522],[98.94951,42.60593],[98.93981,42.60665],[98.92742,42.60757],[98.91851,42.60824],[98.90968,42.60888],[98.89999,42.6098],[98.89214,42.61008],[98.87567,42.61139],[98.87091,42.61167],[98.86404,42.61216],[98.85345,42.61279],[98.84601,42.6135],[98.83224,42.61445],[98.82458,42.61508],[98.81411,42.61571],[98.81013,42.61606],[98.80605,42.61663],[98.79006,42.61792],[98.77551,42.61897],[98.74818,42.62088],[98.74226,42.62122],[98.72713,42.62241],[98.70483,42.62403],[98.693,42.62479],[98.67748,42.62596],[98.66169,42.62695],[98.65547,42.62722],[98.64877,42.62814],[98.64204,42.62843],[98.63976,42.62854],[98.61919,42.63001],[98.61145,42.63041],[98.59853,42.63116],[98.58388,42.63239],[98.57671,42.6329],[98.5675,42.63351],[98.55614,42.63404],[98.54655,42.63486],[98.53558,42.6354],[98.52299,42.63605],[98.50679,42.63663],[98.49935,42.63737],[98.49521,42.63741],[98.48772,42.63786],[98.48061,42.6379],[98.45963,42.63895],[98.44953,42.63932],[98.43798,42.64016],[98.42123,42.641],[98.41637,42.64126],[98.40784,42.64177],[98.39867,42.642],[98.38872,42.64256],[98.36972,42.64354],[98.35669,42.64436],[98.33833,42.64539],[98.33344,42.64565],[98.32043,42.64633],[98.31107,42.64655],[98.29665,42.64739],[98.28953,42.64783],[98.27473,42.64857],[98.26713,42.64901],[98.25515,42.64952],[98.24624,42.65008],[98.23162,42.65067],[98.21402,42.65156],[98.20726,42.65185],[98.1994,42.65221],[98.19613,42.65205],[98.19209,42.65258],[98.18712,42.65331],[98.18027,42.65429],[98.17295,42.65551],[98.16553,42.65671],[98.15371,42.65828],[98.13815,42.66058],[98.11908,42.66362],[98.10191,42.66611],[98.09823,42.66651],[98.0926,42.66738],[98.08807,42.66819],[98.07577,42.67006],[98.05603,42.67278],[98.01856,42.67833],[97.99934,42.68163],[97.99858,42.68165],[97.97232,42.68546],[97.94009,42.68983],[97.91191,42.69359],[97.87034,42.69915],[97.85201,42.70156],[97.84381,42.70266],[97.84378,42.70266],[97.84376,42.70266],[97.84375,42.70266],[97.84371,42.70267],[97.81826,42.70608],[97.79182,42.70982],[97.77348,42.71222],[97.74061,42.71646],[97.71592,42.71995],[97.69546,42.72296],[97.63877,42.73079],[97.59704,42.73645],[97.56441,42.74071],[97.55946,42.74104],[97.55946,42.74104],[97.54058,42.74377],[97.54058,42.74377],[97.50485,42.74857],[97.50485,42.74857],[97.50417,42.74872],[97.50417,42.74872],[97.50199,42.74916],[97.50199,42.74916],[97.49883,42.75036],[97.49883,42.75036],[97.49767,42.75066],[97.49767,42.75066],[97.495,42.75124],[97.495,42.75124],[97.4817,42.75306],[97.4817,42.75306],[97.47363,42.75411],[97.47363,42.75411],[97.46669,42.75481],[97.46669,42.75481],[97.44956,42.75689],[97.44956,42.75689],[97.44267,42.75775],[97.44267,42.75775],[97.42651,42.75998],[97.42651,42.75998],[97.42233,42.76058],[97.42233,42.76058],[97.40227,42.76331],[97.40227,42.76331],[97.39687,42.76408],[97.39687,42.76408],[97.37796,42.76672],[97.37796,42.76672],[97.37408,42.76712],[97.37408,42.76712],[97.36787,42.76793],[97.36787,42.76793],[97.35387,42.76994],[97.35387,42.76994],[97.35032,42.77029],[97.35032,42.77029],[97.3308,42.77306],[97.3308,42.77306],[97.32226,42.77404],[97.32226,42.77404],[97.30671,42.77612],[97.30671,42.77612],[97.30198,42.77685],[97.30198,42.77685],[97.28307,42.77942],[97.28307,42.77942],[97.27583,42.78047],[97.27583,42.78047],[97.2591,42.78262],[97.2591,42.78262],[97.24817,42.7841],[97.24817,42.7841],[97.23512,42.78611],[97.23512,42.78611],[97.23028,42.78674],[97.23028,42.78674],[97.21143,42.7892],[97.21143,42.7892],[97.20377,42.79043],[97.20377,42.79043],[97.18722,42.79303],[97.18722,42.79303],[97.17521,42.79454],[97.17521,42.79454],[97.17166,42.79494],[97.17166,42.79494],[97.17166,42.79494],[97.17064,42.79492],[97.16273,42.79329],[97.14581,42.78957],[97.14111,42.78857],[97.12954,42.78618],[97.12017,42.78418],[97.10709,42.7812],[97.08789,42.77723],[97.06855,42.77326],[97.0495,42.76905],[97.04221,42.76764],[97.0303,42.76515],[97.02567,42.76417],[97.01534,42.76194],[97.01116,42.76112],[97.00239,42.75951],[97.00172,42.75943],[97.00112,42.75933],[97.00014,42.75916],[96.99973,42.75909],[96.99638,42.75835],[96.98464,42.75592],[96.97742,42.75452],[96.97522,42.75461],[96.95491,42.75457],[96.92994,42.75457],[96.92657,42.7545],[96.90547,42.75462],[96.90108,42.75461],[96.88033,42.75455],[96.87663,42.75448],[96.85501,42.75458],[96.8506,42.75456],[96.83037,42.75469],[96.80713,42.75469],[96.78309,42.7548],[96.77963,42.75473],[96.75967,42.75492],[96.74818,42.75501],[96.73799,42.75417],[96.73447,42.75385],[96.71344,42.75191],[96.69,42.74997],[96.68621,42.74964],[96.66573,42.7477],[96.64211,42.74588],[96.64014,42.74571],[96.63549,42.7453],[96.61884,42.74394],[96.61481,42.7436],[96.59559,42.74186],[96.58794,42.74119],[96.57106,42.73975],[96.56683,42.73941],[96.54764,42.73773],[96.53449,42.73662],[96.51798,42.73525],[96.5037,42.73407],[96.50024,42.73366],[96.49577,42.73336],[96.45928,42.73022],[96.42444,42.72739],[96.40522,42.72559],[96.38794,42.72424],[96.38712,42.73155],[96.38441,42.75057],[96.3815,42.77007],[96.37841,42.78916],[96.37534,42.80838],[96.37283,42.82659],[96.36994,42.84547],[96.36704,42.86456],[96.36493,42.88271],[96.36277,42.89864],[96.36274,42.8988],[96.35808,42.90239],[96.33475,42.91998],[96.31249,42.93663],[96.29269,42.95162],[96.27825,42.96217],[96.25797,42.9769],[96.24458,42.98627],[96.22743,42.99943],[96.22519,43.00125],[96.2234,43.00278],[96.21718,43.0075],[96.21288,43.01065],[96.20622,43.01541],[96.19957,43.02033],[96.19389,43.0247],[96.19006,43.0275],[96.18114,43.03445],[96.17923,43.03593],[96.17372,43.03994],[96.1702,43.04258],[96.16693,43.04498],[96.15854,43.05111],[96.15544,43.05352],[96.15279,43.05546],[96.14993,43.0577],[96.14642,43.06021],[96.1376,43.0668],[96.13201,43.07081],[96.12624,43.07504],[96.11877,43.08054],[96.11414,43.08379],[96.10954,43.0874],[96.09679,43.09655],[96.0932,43.0993],[96.08742,43.1036],[96.08199,43.1073],[96.07584,43.11176],[96.06956,43.1164],[96.06487,43.11989],[96.05518,43.12721],[96.04998,43.13116],[96.04479,43.13488],[96.03595,43.14169],[96.0297,43.1464],[96.02184,43.15189],[96.017,43.15541],[96.01379,43.15783],[96.00722,43.16239],[95.99966,43.16762],[95.99599,43.17055],[95.99132,43.17416],[95.98673,43.17749],[95.98359,43.17953],[95.97617,43.18498],[95.96513,43.19295],[95.95857,43.1979],[95.95334,43.20195],[95.94491,43.20819],[95.93881,43.21259],[95.93266,43.21703],[95.92857,43.22027],[95.92361,43.22383],[95.91502,43.23005],[95.91003,43.2342],[95.90736,43.23682],[95.90426,43.24097],[95.89548,43.25242],[95.8941,43.25417],[95.89188,43.25675],[95.88838,43.26182],[95.88374,43.26791],[95.88044,43.2724],[95.87641,43.27706],[95.8761,43.27845],[95.87505,43.28408],[95.87443,43.28806],[95.87301,43.29799],[95.87225,43.30208],[95.87148,43.3083],[95.87097,43.31246],[95.87042,43.31665],[95.8698,43.3212],[95.86927,43.32452],[95.86906,43.32789],[95.86887,43.32968],[95.86868,43.33111],[95.86813,43.33337],[95.86811,43.33401],[95.86771,43.33698],[95.86675,43.34414],[95.86553,43.3532],[95.86394,43.36274],[95.86314,43.3714],[95.86185,43.38094],[95.86106,43.38516],[95.8607,43.38897],[95.85911,43.39884],[95.85832,43.4052],[95.8579,43.40767],[95.85723,43.41188],[95.85596,43.41492],[95.85375,43.41886],[95.84562,43.43079],[95.84136,43.43755],[95.83495,43.44722],[95.83059,43.45351],[95.82622,43.46043],[95.82155,43.46744],[95.81778,43.47301],[95.81471,43.47728],[95.80719,43.48848],[95.80128,43.49726],[95.79434,43.50718],[95.78893,43.51523],[95.78537,43.52071],[95.78001,43.52908],[95.77356,43.53867],[95.7701,43.5435],[95.76563,43.55082],[95.75846,43.5609],[95.75234,43.57024],[95.74829,43.5766],[95.74336,43.58353],[95.73955,43.58853],[95.73702,43.59256],[95.73573,43.59576],[95.73089,43.60641],[95.72842,43.61193],[95.72578,43.61889],[95.72268,43.62531],[95.71822,43.6354],[95.71534,43.64164],[95.71238,43.64825],[95.71068,43.65314],[95.7047,43.6643],[95.70309,43.6677],[95.70221,43.66966],[95.70013,43.67406],[95.69862,43.67708],[95.69672,43.68023],[95.69542,43.6827],[95.69138,43.69075],[95.68738,43.69879],[95.68484,43.70381],[95.68335,43.70713],[95.68017,43.71335],[95.67704,43.7191],[95.67604,43.72134],[95.67291,43.72696],[95.66966,43.73343],[95.66728,43.73845],[95.66476,43.7431],[95.66074,43.7506],[95.65881,43.75453],[95.65685,43.75834],[95.6538,43.76426],[95.65122,43.76947],[95.65012,43.77175],[95.64778,43.77665],[95.64688,43.78002],[95.64512,43.78508],[95.64464,43.7867],[95.63944,43.80223],[95.63847,43.80441],[95.63403,43.8192],[95.6325,43.82354],[95.63067,43.82883],[95.62825,43.8366],[95.62673,43.84147],[95.62465,43.84695],[95.6236,43.85092],[95.62115,43.85432],[95.61759,43.85996],[95.61433,43.86457],[95.61096,43.86997],[95.60894,43.8727],[95.60579,43.87797],[95.60245,43.88259],[95.60008,43.8864],[95.59792,43.8898],[95.59318,43.89648],[95.58855,43.90351],[95.58617,43.90751],[95.58205,43.91381],[95.57821,43.91951],[95.57674,43.92176],[95.57356,43.92637],[95.56622,43.93728],[95.56297,43.9425],[95.55943,43.94765],[95.55764,43.95014],[95.5547,43.95469],[95.54797,43.96487],[95.54354,43.97166],[95.54053,43.97663],[95.53706,43.98148],[95.53262,43.98785],[95.52941,43.99246],[95.52387,44.00029],[95.5238,44.00101],[95.52267,44.00237],[95.52222,44.0033],[95.52034,44.00425],[95.52034,44.00425],[95.5186,44.00437],[95.5186,44.00437],[95.51585,44.0043],[95.51248,44.00429],[95.50895,44.00441],[95.50696,44.00424],[95.50515,44.00418],[95.50342,44.00422],[95.50107,44.00415],[95.4995,44.00412],[95.49665,44.00418],[95.49212,44.00428],[95.48724,44.00427],[95.48313,44.00436],[95.47882,44.0042],[95.47548,44.00422],[95.47067,44.00432],[95.46513,44.00396],[95.45914,44.00366],[95.45376,44.00365],[95.44831,44.00389],[95.4433,44.00467],[95.43594,44.0055],[95.43269,44.00617],[95.42944,44.00697],[95.42519,44.00754],[95.42158,44.00811],[95.42158,44.00811],[95.41731,44.00856],[95.41381,44.00912],[95.41023,44.01011],[95.40704,44.01053],[95.40243,44.01227],[95.397,44.01372],[95.39352,44.01464],[95.38861,44.01626],[95.38466,44.01774],[95.38117,44.01897],[95.37661,44.02058],[95.37293,44.02144],[95.36845,44.02263],[95.36511,44.02318],[95.36511,44.02318],[95.36084,44.02357],[95.35664,44.0242],[95.35664,44.0242],[95.35055,44.02476],[95.35055,44.02476],[95.34708,44.0247],[95.34146,44.02494],[95.34146,44.02494],[95.33802,44.02525],[95.33802,44.02525],[95.33418,44.0254],[95.33082,44.0254],[95.32718,44.02536],[95.32237,44.02536],[95.3219,44.02549],[95.32218,44.02618],[95.32253,44.02666],[95.32391,44.02991],[95.32573,44.03285],[95.32713,44.03658],[95.32837,44.03862],[95.32949,44.04108],[95.33087,44.04421],[95.33225,44.04703],[95.33334,44.04919],[95.33447,44.0522],[95.33539,44.05437],[95.33597,44.056],[95.3364,44.05841],[95.33699,44.06089],[95.33781,44.06427],[95.33824,44.06693],[95.33888,44.07031],[95.33929,44.07206],[95.33977,44.07345],[95.34216,44.07668],[95.34353,44.07926],[95.34431,44.08167],[95.34509,44.08468],[95.34655,44.08775],[95.34718,44.09077],[95.34726,44.09289],[95.34758,44.0964],[95.34789,44.09816],[95.3484,44.10051],[95.34853,44.10342],[95.34827,44.10555],[95.34805,44.10829],[95.34795,44.11041],[95.34802,44.11211],[95.34791,44.11356],[95.34786,44.11642],[95.34787,44.11866],[95.34795,44.12091],[95.34787,44.12333],[95.34813,44.12557],[95.3486,44.12878],[95.34851,44.13084],[95.34883,44.13423],[95.34889,44.13641],[95.34937,44.1398],[95.34947,44.14247],[95.34962,44.14598],[95.35009,44.14907],[95.3504,44.15252],[95.35047,44.15494],[95.35072,44.15676],[95.35134,44.15997],[95.35137,44.16239],[95.35158,44.16417],[95.35118,44.1661],[95.35118,44.16625],[95.35118,44.16625],[95.36015,44.16439],[95.51194,44.13283],[95.51194,44.13283],[95.61477,44.17097],[95.70881,44.23837],[95.84872,44.40275],[95.90964,44.47549],[95.95328,44.54944],[96.03436,44.56619],[96.07082,44.63035],[96.17638,44.68094],[96.17638,44.68094],[96.51666,44.61007],[96.88476,44.56719]]]}},{"type":"Feature","properties":{"name":"Говийн их /Б/","type":"Дархан цаазат газар"},"geometry":{"type":"Polygon","coordinates":[[[93.85484,45.52854],[94.29716,45.3935],[94.41236,45.35055],[94.50901,45.15603],[94.51872,44.97199],[94.43293,44.97022],[94.4317,45.05883],[94.35297,45.05855],[94.35267,45.09254],[94.3222,45.1304],[94.23004,45.1296],[94.08995,45.07418],[94.09091,44.89564],[93.71197,44.87539],[93.71208,44.87616],[93.71272,44.88051],[93.71316,44.88354],[93.71391,44.88869],[93.71406,44.88969],[93.71361,44.89004],[93.71022,44.89272],[93.70989,44.89674],[93.70989,44.89678],[93.70989,44.89678],[93.69492,44.89511],[93.69414,44.89503],[93.69341,44.89534],[93.69274,44.89571],[93.69213,44.89628],[93.69148,44.89694],[93.69141,44.89699],[93.6911,44.89723],[93.6908,44.89745],[93.6902,44.89778],[93.69005,44.89781],[93.68956,44.89793],[93.68915,44.89798],[93.68896,44.89801],[93.68829,44.89823],[93.68696,44.89851],[93.68613,44.89871],[93.68542,44.89872],[93.68466,44.89901],[93.68402,44.89933],[93.68351,44.89966],[93.6824,44.90011],[93.68122,44.9005],[93.68037,44.90072],[93.67992,44.90089],[93.67956,44.90117],[93.67967,44.90141],[93.68045,44.90312],[93.68103,44.90439],[93.68086,44.90429],[93.68042,44.90413],[93.68034,44.9041],[93.6798,44.90403],[93.67931,44.90406],[93.67868,44.90427],[93.67833,44.90443],[93.67803,44.90446],[93.67797,44.90447],[93.67768,44.90462],[93.67718,44.90491],[93.67716,44.90494],[93.6771,44.90506],[93.67709,44.90548],[93.6771,44.90586],[93.67724,44.90628],[93.6775,44.90666],[93.67776,44.90692],[93.6778,44.90711],[93.6778,44.90711],[93.67765,44.90742],[93.67735,44.90774],[93.67734,44.90805],[93.67743,44.90823],[93.67744,44.90828],[93.67741,44.90831],[93.67662,44.90848],[93.67531,44.90875],[93.67366,44.90926],[93.67176,44.90964],[93.67023,44.91006],[93.66994,44.91015],[93.66977,44.91025],[93.66935,44.9105],[93.66869,44.91091],[93.66814,44.91111],[93.66748,44.91134],[93.66681,44.9115],[93.66621,44.91169],[93.66551,44.91181],[93.66538,44.91183],[93.66519,44.91193],[93.66486,44.91209],[93.6647,44.91217],[93.6645,44.91231],[93.66306,44.91325],[93.66264,44.91339],[93.6625,44.91344],[93.66192,44.91357],[93.66094,44.91369],[93.65858,44.91397],[93.65751,44.91418],[93.65695,44.91422],[93.65596,44.91423],[93.6554,44.91427],[93.65505,44.91439],[93.65481,44.91457],[93.65473,44.91502],[93.65464,44.9155],[93.65437,44.91588],[93.65431,44.91595],[93.65393,44.91632],[93.65348,44.91665],[93.65294,44.9169],[93.65171,44.91711],[93.65104,44.91727],[93.6506,44.91737],[93.65021,44.91755],[93.64996,44.91767],[93.64883,44.91826],[93.64778,44.91865],[93.647,44.91875],[93.64648,44.91878],[93.64627,44.9188],[93.6455,44.91877],[93.64416,44.91875],[93.6438,44.91877],[93.64312,44.91905],[93.64248,44.91942],[93.64154,44.91995],[93.64045,44.92037],[93.63941,44.92057],[93.63838,44.92063],[93.63676,44.92067],[93.63587,44.92078],[93.63486,44.92114],[93.63313,44.92163],[93.62247,44.92464],[93.62199,44.92477],[93.61507,44.92667],[93.59659,44.93174],[93.59578,44.93201],[93.59453,44.93236],[93.59259,44.93306],[93.59129,44.93365],[93.59068,44.93424],[93.59057,44.93434],[93.59026,44.93467],[93.59019,44.93529],[93.59011,44.93551],[93.59003,44.93573],[93.58982,44.93592],[93.5895,44.93599],[93.58888,44.93593],[93.58854,44.9359],[93.58794,44.93582],[93.58791,44.93582],[93.58756,44.93596],[93.58722,44.93644],[93.58719,44.9365],[93.58716,44.93655],[93.58675,44.93734],[93.58611,44.93811],[93.58549,44.93872],[93.58477,44.93937],[93.58434,44.93964],[93.58387,44.93984],[93.58339,44.94001],[93.58298,44.94009],[93.58196,44.94016],[93.58083,44.94024],[93.58058,44.94026],[93.58056,44.94027],[93.57966,44.94036],[93.5791,44.9405],[93.57813,44.94067],[93.57764,44.94079],[93.57743,44.94084],[93.57738,44.94083],[93.57655,44.94079],[93.57557,44.94085],[93.57501,44.94092],[93.57401,44.94141],[93.57361,44.9416],[93.57314,44.94196],[93.57226,44.94235],[93.57179,44.94244],[93.57152,44.94259],[93.57126,44.94295],[93.5707,44.94324],[93.56972,44.94355],[93.56877,44.94361],[93.56832,44.94359],[93.56745,44.94354],[93.5669,44.9435],[93.56638,44.94366],[93.56475,44.94425],[93.56419,44.94436],[93.56383,44.94433],[93.56365,44.94431],[93.56332,44.94431],[93.56281,44.94467],[93.56266,44.94476],[93.56164,44.94536],[93.56068,44.94567],[93.55984,44.94569],[93.5598,44.94567],[93.55877,44.94541],[93.55863,44.94533],[93.55824,44.94513],[93.55776,44.94499],[93.55731,44.945],[93.55689,44.9451],[93.55661,44.94541],[93.55656,44.94578],[93.55653,44.94597],[93.55644,44.94667],[93.55636,44.94682],[93.55622,44.94707],[93.55576,44.94751],[93.55527,44.94784],[93.55478,44.94808],[93.55409,44.94837],[93.55348,44.94837],[93.55298,44.94823],[93.55244,44.94813],[93.55119,44.94789],[93.55021,44.94771],[93.5499,44.94757],[93.54954,44.94753],[93.54922,44.9476],[93.54855,44.94776],[93.54799,44.94809],[93.54692,44.94871],[93.5459,44.94895],[93.54542,44.94895],[93.5452,44.9489],[93.54478,44.94882],[93.54426,44.94868],[93.54385,44.94868],[93.54318,44.94878],[93.54234,44.94911],[93.54179,44.94938],[93.54146,44.94958],[93.54086,44.94988],[93.5403,44.95054],[93.53954,44.95158],[93.53899,44.9524],[93.53897,44.95263],[93.53895,44.95279],[93.53898,44.95289],[93.53905,44.9532],[93.53928,44.95368],[93.53938,44.95407],[93.53932,44.95437],[93.53894,44.9547],[93.5384,44.95489],[93.53761,44.95493],[93.53554,44.95519],[93.53439,44.95534],[93.53405,44.95545],[93.53372,44.95566],[93.53322,44.95594],[93.53278,44.95606],[93.53141,44.95631],[93.53129,44.95633],[93.53129,44.95633],[93.52905,44.95678],[93.53129,44.95633],[93.52903,44.95671],[93.52725,44.95693],[93.52654,44.95692],[93.5254,44.9568],[93.52472,44.95682],[93.52419,44.95688],[93.52333,44.95712],[93.5232,44.95716],[93.52298,44.95721],[93.52256,44.95747],[93.52198,44.95813],[93.52141,44.95873],[93.52083,44.95911],[93.52026,44.95935],[93.52007,44.95943],[93.51909,44.95983],[93.5178,44.96032],[93.51662,44.96084],[93.5154,44.96128],[93.51514,44.96158],[93.51513,44.96182],[93.51555,44.96251],[93.51578,44.96286],[93.51578,44.96286],[93.51604,44.96327],[93.51602,44.96354],[93.51551,44.96398],[93.51499,44.96442],[93.51417,44.96476],[93.51248,44.96546],[93.51084,44.96612],[93.51046,44.96625],[93.50947,44.96659],[93.50844,44.96695],[93.5075,44.96713],[93.50648,44.96743],[93.5054,44.96774],[93.50489,44.96794],[93.50431,44.96817],[93.50419,44.96794],[93.502,44.96372],[93.50189,44.95852],[93.50186,44.95714],[93.50189,44.95656],[93.50164,44.95611],[93.50119,44.95545],[93.5009,44.95522],[93.50042,44.9551],[93.49997,44.95508],[93.49991,44.9551],[93.4987,44.95545],[93.49796,44.95559],[93.49757,44.9556],[93.49721,44.95562],[93.49686,44.95572],[93.4967,44.95594],[93.49669,44.95631],[93.49669,44.95639],[93.49671,44.95664],[93.49667,44.95693],[93.49671,44.95735],[93.49686,44.95759],[93.4967,44.95781],[93.49628,44.95804],[93.49541,44.95814],[93.49477,44.95842],[93.49418,44.95882],[93.49324,44.95947],[93.49308,44.95956],[93.49269,44.95976],[93.49204,44.95987],[93.49124,44.95993],[93.49036,44.95993],[93.48971,44.9601],[93.489,44.96037],[93.4884,44.96069],[93.48733,44.96128],[93.48703,44.96141],[93.48673,44.96153],[93.48657,44.9616],[93.48639,44.96169],[93.48555,44.96215],[93.48489,44.96258],[93.48433,44.96315],[93.48416,44.96339],[93.48415,44.96343],[93.4841,44.96377],[93.484,44.96451],[93.48379,44.96512],[93.48374,44.96529],[93.48358,44.9656],[93.4832,44.96636],[93.48286,44.96697],[93.48264,44.96708],[93.48236,44.96708],[93.48226,44.96708],[93.48219,44.96707],[93.48144,44.96691],[93.4808,44.9667],[93.47969,44.96621],[93.47853,44.96578],[93.46598,44.95927],[93.4649,44.95871],[93.46278,44.95761],[93.46184,44.95818],[93.461,44.95869],[93.46046,44.95904],[93.45972,44.95953],[93.45927,44.95971],[93.45894,44.95972],[93.45794,44.95936],[93.45749,44.95921],[93.45712,44.95909],[93.45693,44.9589],[93.45689,44.95886],[93.45679,44.95868],[93.45682,44.95853],[93.45684,44.95846],[93.45702,44.9583],[93.45719,44.95798],[93.45729,44.95788],[93.45778,44.95758],[93.45785,44.95745],[93.45767,44.95718],[93.45724,44.95687],[93.4568,44.95666],[93.45653,44.95653],[93.45619,44.95657],[93.4557,44.95677],[93.45529,44.95693],[93.45477,44.95716],[93.4542,44.9574],[93.45393,44.95765],[93.45366,44.95826],[93.45338,44.95875],[93.45337,44.95877],[93.45317,44.9589],[93.45287,44.95893],[93.45238,44.95893],[93.45168,44.9587],[93.45157,44.95868],[93.45077,44.9585],[93.45013,44.95842],[93.44969,44.95857],[93.44965,44.9586],[93.44931,44.9588],[93.44895,44.95919],[93.44851,44.95966],[93.44819,44.95994],[93.44786,44.96006],[93.44688,44.9602],[93.44605,44.96026],[93.44483,44.96033],[93.44417,44.96036],[93.44279,44.96024],[93.44133,44.95988],[93.44007,44.95952],[93.43986,44.95946],[93.43848,44.95875],[93.43814,44.95843],[93.43784,44.95827],[93.43774,44.95799],[93.43773,44.95755],[93.43773,44.95747],[93.43773,44.95711],[93.43765,44.95689],[93.43711,44.9566],[93.43635,44.9563],[93.43564,44.95611],[93.43456,44.95595],[93.43236,44.95602],[93.4304,44.95611],[93.42898,44.95616],[93.42836,44.95625],[93.42776,44.95649],[93.42655,44.95704],[93.42534,44.9577],[93.42361,44.95855],[93.42247,44.95922],[93.42183,44.95969],[93.42096,44.96028],[93.42092,44.96031],[93.42015,44.96086],[93.41955,44.96145],[93.41923,44.96172],[93.41881,44.96186],[93.41827,44.96213],[93.41801,44.96246],[93.41781,44.96279],[93.41764,44.96295],[93.41706,44.96319],[93.41655,44.9633],[93.41604,44.96347],[93.41548,44.96379],[93.41542,44.96382],[93.41474,44.96423],[93.41415,44.96459],[93.41337,44.96503],[93.41295,44.96539],[93.4128,44.96573],[93.4128,44.966],[93.41292,44.96637],[93.41292,44.96638],[93.41295,44.96666],[93.41283,44.96688],[93.4126,44.96698],[93.41232,44.967],[93.41206,44.96702],[93.41181,44.96703],[93.41159,44.9671],[93.41141,44.96737],[93.41127,44.9678],[93.41125,44.96811],[93.41123,44.96834],[93.41082,44.96891],[93.41038,44.96934],[93.40971,44.96963],[93.40836,44.97001],[93.40635,44.97032],[93.4047,44.97043],[93.40358,44.97054],[93.40287,44.97076],[93.40207,44.97102],[93.40132,44.97158],[93.40111,44.97174],[93.40088,44.97201],[93.4008,44.97242],[93.4008,44.97261],[93.4008,44.97271],[93.40079,44.97274],[93.40069,44.97301],[93.40058,44.97331],[93.40038,44.97346],[93.40037,44.97347],[93.3999,44.97364],[93.39937,44.97378],[93.39911,44.97393],[93.39898,44.97418],[93.399,44.97461],[93.39912,44.97531],[93.39908,44.97566],[93.39884,44.97615],[93.39883,44.97618],[93.39835,44.97678],[93.39797,44.97731],[93.3975,44.9778],[93.39688,44.9782],[93.39613,44.97842],[93.39532,44.97853],[93.39411,44.9785],[93.39294,44.97861],[93.39261,44.97859],[93.39022,44.97863],[93.3887,44.97865],[93.38747,44.97867],[93.38599,44.97881],[93.38493,44.97897],[93.38413,44.97917],[93.38345,44.97939],[93.38253,44.97989],[93.38133,44.98047],[93.38124,44.98051],[93.38057,44.98086],[93.38019,44.98097],[93.37953,44.98095],[93.37884,44.98095],[93.37821,44.98094],[93.37818,44.98094],[93.37801,44.98094],[93.37791,44.98106],[93.37783,44.98121],[93.37773,44.98132],[93.37771,44.98137],[93.37768,44.9815],[93.37769,44.9816],[93.37773,44.98191],[93.37786,44.98283],[93.37804,44.98351],[93.37826,44.98483],[93.37817,44.98527],[93.37806,44.98547],[93.37788,44.98561],[93.37752,44.9857],[93.37691,44.98596],[93.37655,44.98616],[93.37631,44.98641],[93.37607,44.98645],[93.37518,44.9862],[93.37451,44.98588],[93.37425,44.98578],[93.37411,44.98572],[93.37374,44.98578],[93.37346,44.98588],[93.37339,44.98594],[93.37314,44.98615],[93.37283,44.98644],[93.37265,44.98655],[93.3721,44.98661],[93.37129,44.98669],[93.37091,44.98678],[93.37067,44.98694],[93.37029,44.98723],[93.36981,44.98753],[93.36825,44.98806],[93.3671,44.98829],[93.36632,44.98826],[93.36573,44.98806],[93.36515,44.98799],[93.36457,44.988],[93.36399,44.98785],[93.36351,44.98754],[93.36295,44.98694],[93.36225,44.98605],[93.36203,44.9858],[93.36167,44.98565],[93.36166,44.98565],[93.36165,44.98565],[93.36104,44.98595],[93.3601,44.98649],[93.35907,44.98705],[93.35845,44.98715],[93.35773,44.98703],[93.35734,44.98692],[93.3565,44.98685],[93.35589,44.98671],[93.35462,44.98641],[93.35444,44.98637],[93.35375,44.98614],[93.35364,44.9861],[93.35307,44.98604],[93.35236,44.98622],[93.35225,44.98625],[93.35156,44.98644],[93.3507,44.98655],[93.34954,44.98664],[93.34843,44.98682],[93.3475,44.98713],[93.34643,44.98749],[93.34621,44.98757],[93.34506,44.98787],[93.34437,44.98797],[93.34349,44.98795],[93.34279,44.9879],[93.34229,44.98772],[93.34174,44.98737],[93.34113,44.98707],[93.34071,44.98694],[93.34034,44.98684],[93.33979,44.98678],[93.33921,44.98672],[93.3387,44.98687],[93.3385,44.98708],[93.33843,44.98715],[93.33835,44.98748],[93.33797,44.98791],[93.33715,44.98857],[93.33666,44.98893],[93.33634,44.98952],[93.33633,44.98955],[93.3358,44.99066],[93.33569,44.99083],[93.33531,44.99098],[93.33414,44.9913],[93.3318,44.9918],[93.33037,44.99214],[93.32997,44.99223],[93.32927,44.99239],[93.32898,44.99252],[93.32863,44.99266],[93.32808,44.99282],[93.32751,44.99295],[93.32734,44.99296],[93.32647,44.99302],[93.32579,44.99314],[93.32492,44.99328],[93.32428,44.99354],[93.32355,44.99408],[93.32347,44.99414],[93.3232,44.99448],[93.32297,44.99467],[93.32281,44.99418],[93.32265,44.9936],[93.32252,44.99302],[93.32238,44.99256],[93.32205,44.99213],[93.32162,44.9917],[93.32133,44.99121],[93.32124,44.99086],[93.32103,44.99058],[93.32054,44.99022],[93.31983,44.98991],[93.31934,44.98969],[93.3192,44.98949],[93.31911,44.98897],[93.31908,44.98815],[93.31908,44.98751],[93.3191,44.9874],[93.31918,44.98705],[93.31928,44.98674],[93.31928,44.98674],[93.3193,44.9864],[93.31903,44.98604],[93.31883,44.98595],[93.31856,44.98584],[93.31765,44.98568],[93.31684,44.98554],[93.3167,44.98537],[93.3167,44.98508],[93.31673,44.98478],[93.31696,44.98422],[93.31705,44.98399],[93.31696,44.98368],[93.31661,44.98345],[93.31599,44.98313],[93.31497,44.98236],[93.31407,44.98174],[93.31392,44.98156],[93.31391,44.98133],[93.31381,44.98088],[93.31378,44.98076],[93.31373,44.9805],[93.31356,44.98025],[93.31346,44.98005],[93.31289,44.9801],[93.31201,44.98034],[93.31095,44.98068],[93.31021,44.9811],[93.30913,44.98151],[93.30854,44.98163],[93.30781,44.98185],[93.30732,44.98187],[93.30623,44.98222],[93.30538,44.98269],[93.30474,44.98305],[93.30361,44.98363],[93.30251,44.98408],[93.30185,44.98422],[93.30135,44.98424],[93.30088,44.98413],[93.30054,44.98419],[93.30029,44.98433],[93.29999,44.98446],[93.29954,44.98451],[93.29914,44.98459],[93.29876,44.98481],[93.29864,44.98488],[93.29846,44.98517],[93.2982,44.98524],[93.29775,44.98524],[93.29733,44.9854],[93.29685,44.98557],[93.29666,44.98563],[93.29654,44.9856],[93.29649,44.98544],[93.29654,44.98535],[93.29674,44.98512],[93.2969,44.98481],[93.29681,44.98443],[93.2966,44.98408],[93.29656,44.98404],[93.29621,44.98367],[93.29565,44.98337],[93.29536,44.98325],[93.29489,44.98328],[93.29269,44.98311],[93.28699,44.98267],[93.28694,44.98267],[93.28692,44.98267],[93.27918,44.98479],[93.27758,44.98522],[93.25614,44.98995],[93.25545,44.9901],[93.23297,44.99506],[93.22144,44.99808],[93.20673,45.00193],[93.20548,45.00226],[93.20444,45.00253],[93.20229,45.00316],[93.201,45.00353],[93.18358,45.00861],[93.16822,45.01339],[93.15667,45.01089],[93.13231,45.01464],[93.12611,45.0097],[93.09381,45.00758],[93.08089,45.00825],[93.08028,45.00862],[93.07973,45.00908],[93.07906,45.00934],[93.07764,45.00971],[93.07634,45.01012],[93.07466,45.01112],[93.07394,45.01162],[93.0736,45.01202],[93.07328,45.01225],[93.0726,45.01252],[93.07183,45.01273],[93.07115,45.01279],[93.06994,45.01278],[93.06854,45.01299],[93.06728,45.01335],[93.06638,45.01385],[93.06575,45.01423],[93.06541,45.01437],[93.0651,45.01444],[93.06475,45.01446],[93.0632,45.01456],[93.06215,45.01476],[93.06157,45.01494],[93.06117,45.01522],[93.06077,45.01547],[93.06022,45.01559],[93.05957,45.01561],[93.05872,45.01574],[93.05838,45.01574],[93.05807,45.01567],[93.05735,45.01569],[93.05588,45.0158],[93.05486,45.016],[93.05411,45.01637],[93.05378,45.01664],[93.05339,45.01691],[93.05288,45.01707],[93.05215,45.01716],[93.05092,45.01716],[93.0498,45.01724],[93.0488,45.01758],[93.04845,45.01772],[93.04813,45.01775],[93.04786,45.01769],[93.04738,45.01735],[93.04694,45.01704],[93.04647,45.01687],[93.0456,45.01671],[93.04397,45.01681],[93.04243,45.01689],[93.0406,45.01705],[93.04024,45.01699],[93.03966,45.01669],[93.03905,45.01616],[93.03862,45.01576],[93.03823,45.01555],[93.03787,45.01539],[93.03706,45.01496],[93.0362,45.01464],[93.03597,45.01457],[93.03534,45.01438],[93.03478,45.01431],[93.03336,45.01418],[93.03271,45.01407],[93.03239,45.01391],[93.03201,45.01352],[93.03153,45.0131],[93.03124,45.01284],[93.03086,45.01276],[93.03012,45.01277],[93.0293,45.01289],[93.02771,45.01304],[93.02606,45.01311],[93.02557,45.01312],[93.02464,45.01312],[93.02366,45.01304],[93.0227,45.01264],[93.02198,45.01232],[93.02126,45.01215],[93.02029,45.01201],[93.01946,45.01185],[93.01857,45.01161],[93.01772,45.01135],[93.01704,45.0113],[93.01639,45.01136],[93.01569,45.01146],[93.01472,45.01145],[93.01349,45.0113],[93.01251,45.01115],[93.01096,45.01113],[93.01025,45.01104],[93.00951,45.01077],[93.0086,45.01049],[93.00807,45.01042],[93.00792,45.01034],[93.00731,45.01],[93.00428,45.01001],[93.00141,45.01002],[93.00008,45.01003],[92.99995,45.00996],[92.99081,45.00561],[92.98213,45.00146],[92.98019,45.00053],[92.97927,45.00302],[92.97792,45.00664],[92.97708,45.00767],[92.976,45.009],[92.97139,45.01467],[92.97073,45.01486],[92.97011,45.01514],[92.96911,45.01564],[92.96856,45.01585],[92.96787,45.01588],[92.96723,45.01601],[92.96629,45.01632],[92.9655,45.01653],[92.965,45.01655],[92.96451,45.01643],[92.96421,45.01633],[92.96382,45.01643],[92.96317,45.0166],[92.96272,45.01655],[92.96234,45.01629],[92.96208,45.01592],[92.96159,45.0157],[92.96116,45.01574],[92.96062,45.01604],[92.96008,45.01618],[92.95957,45.01616],[92.95903,45.01619],[92.9584,45.01649],[92.95775,45.01655],[92.95701,45.0166],[92.95617,45.01686],[92.95529,45.01688],[92.95521,45.01687],[92.95461,45.01683],[92.95416,45.01683],[92.95376,45.01702],[92.95272,45.01715],[92.95134,45.01722],[92.94989,45.01714],[92.94846,45.017],[92.94756,45.01692],[92.94005,45.01653],[92.92956,45.01542],[92.92773,45.01773],[92.92769,45.01778],[92.92328,45.02933],[92.92333,45.02953],[92.9242,45.03296],[92.92467,45.03439],[92.92419,45.03427],[92.92303,45.0342],[92.92199,45.03427],[92.92182,45.03428],[92.92117,45.03439],[92.92105,45.03445],[92.92062,45.03465],[92.91981,45.03491],[92.91898,45.0354],[92.91858,45.0357],[92.91835,45.03618],[92.91836,45.03667],[92.91174,45.03652],[92.90322,45.03633],[92.90229,45.03655],[92.90132,45.0371],[92.90102,45.0374],[92.90099,45.03748],[92.90082,45.03785],[92.90066,45.03836],[92.90056,45.03976],[92.90046,45.04028],[92.90033,45.04043],[92.90002,45.04041],[92.89908,45.04004],[92.89895,45.03999],[92.89843,45.0398],[92.89789,45.03969],[92.89765,45.03973],[92.89702,45.04015],[92.89623,45.04081],[92.89538,45.04144],[92.89527,45.04159],[92.89524,45.04172],[92.89533,45.04206],[92.89538,45.04219],[92.89547,45.04245],[92.89541,45.04273],[92.89514,45.04302],[92.89493,45.04323],[92.89457,45.04325],[92.89414,45.04333],[92.89359,45.04364],[92.89258,45.04429],[92.89159,45.0447],[92.89106,45.04498],[92.89092,45.04524],[92.89085,45.04548],[92.89056,45.04561],[92.89004,45.04561],[92.88922,45.04544],[92.8887,45.04541],[92.88819,45.0456],[92.88788,45.04562],[92.88751,45.04542],[92.88728,45.04529],[92.88723,45.04526],[92.88677,45.04523],[92.88636,45.04533],[92.886,45.0455],[92.88527,45.04562],[92.88486,45.04579],[92.88435,45.0459],[92.88412,45.04589],[92.88338,45.04586],[92.88247,45.04591],[92.88172,45.04581],[92.88142,45.0457],[92.88112,45.04566],[92.8809,45.04578],[92.88064,45.04602],[92.88022,45.04627],[92.8796,45.04652],[92.87925,45.04718],[92.87657,45.04467],[92.87408,45.04234],[92.86992,45.03845],[92.86236,45.04164],[92.85014,45.03725],[92.8495,45.03661],[92.84925,45.03641],[92.84891,45.03644],[92.84864,45.0367],[92.84838,45.03677],[92.8479,45.03677],[92.84747,45.03685],[92.8468,45.03687],[92.84588,45.03676],[92.84485,45.03664],[92.84412,45.03669],[92.8435,45.0371],[92.84325,45.03743],[92.84314,45.03749],[92.84289,45.03749],[92.84201,45.03755],[92.84145,45.03765],[92.84082,45.03784],[92.84014,45.03817],[92.82542,45.04025],[92.81816,45.04126],[92.80574,45.043],[92.80485,45.04312],[92.80114,45.04364],[92.79921,45.04415],[92.77639,45.05022],[92.77441,45.04633],[92.77369,45.04492],[92.77361,45.04475],[92.76976,45.0444],[92.76335,45.04383],[92.74537,45.0422],[92.73911,45.04164],[92.73595,45.03982],[92.7305,45.03667],[92.72331,45.03417],[92.71598,45.03278],[92.71391,45.03239],[92.70108,45.02997],[92.69147,45.02794],[92.68921,45.02746],[92.68336,45.02622],[92.67784,45.02573],[92.6774,45.02569],[92.65669,45.02383],[92.62575,45.02064],[92.62474,45.02086],[92.62407,45.02087],[92.62295,45.0209],[92.62215,45.02101],[92.6218,45.02103],[92.62145,45.02109],[92.62088,45.02133],[92.62039,45.0214],[92.6197,45.02138],[92.61881,45.02129],[92.61815,45.02111],[92.61791,45.02105],[92.61751,45.02073],[92.61725,45.02057],[92.61697,45.02056],[92.61672,45.02061],[92.61647,45.02077],[92.61596,45.02106],[92.61531,45.02132],[92.61484,45.02145],[92.61482,45.02145],[92.61477,45.02145],[92.61417,45.02148],[92.61371,45.02148],[92.6135,45.02145],[92.61333,45.02148],[92.61319,45.02161],[92.61312,45.02168],[92.61292,45.02181],[92.61263,45.02195],[92.61192,45.02223],[92.61105,45.02246],[92.61012,45.02263],[92.60969,45.02272],[92.60916,45.02276],[92.60854,45.02269],[92.60796,45.02255],[92.60751,45.02228],[92.6073,45.02204],[92.60702,45.02191],[92.60672,45.02176],[92.60631,45.02173],[92.60593,45.02163],[92.60548,45.02146],[92.60505,45.02129],[92.60433,45.02125],[92.59642,45.01995],[92.58672,45.0183],[92.58515,45.01803],[92.584,45.01785],[92.5823,45.01758],[92.58075,45.01731],[92.57997,45.01717],[92.57852,45.01697],[92.57789,45.01694],[92.57762,45.01695],[92.57703,45.01697],[92.57676,45.01698],[92.5766,45.01707],[92.57644,45.01724],[92.57639,45.0173],[92.57624,45.01746],[92.57593,45.01779],[92.5754,45.01816],[92.57464,45.01852],[92.5737,45.01884],[92.57267,45.01908],[92.57158,45.01932],[92.57075,45.01945],[92.57022,45.01952],[92.56962,45.01956],[92.56924,45.01951],[92.56862,45.01932],[92.56764,45.01899],[92.56747,45.01891],[92.56732,45.01892],[92.5671,45.01902],[92.56694,45.01906],[92.56675,45.01907],[92.5664,45.01911],[92.56601,45.01911],[92.56561,45.01912],[92.56509,45.01923],[92.56439,45.01923],[92.56385,45.01907],[92.56342,45.01885],[92.56275,45.01863],[92.56186,45.01845],[92.56099,45.01832],[92.56023,45.01827],[92.55951,45.0184],[92.55846,45.01871],[92.55816,45.01879],[92.55787,45.01879],[92.55737,45.01888],[92.55678,45.01903],[92.55635,45.01911],[92.55608,45.01905],[92.5558,45.01873],[92.55564,45.01845],[92.55537,45.01831],[92.55509,45.0182],[92.55459,45.01803],[92.55421,45.01801],[92.55371,45.01807],[92.55335,45.01816],[92.55305,45.01818],[92.55221,45.01814],[92.55111,45.01813],[92.5491,45.01823],[92.54749,45.01833],[92.54572,45.01844],[92.54444,45.01847],[92.54377,45.01857],[92.54318,45.01871],[92.54272,45.01894],[92.54256,45.01905],[92.54236,45.01907],[92.54183,45.01908],[92.52411,45.01033],[92.51983,45.00822],[92.49372,45.00216],[92.4899,45.00128],[92.4885,45.001],[92.48769,45.00078],[92.48671,45.00034],[92.48553,44.99995],[92.48455,44.99981],[92.48378,44.99983],[92.48347,44.99998],[92.48315,45.00013],[92.48297,45.00034],[92.48279,45.00056],[92.48261,45.00087],[92.48241,45.00111],[92.48187,45.00152],[92.48125,45.00187],[92.48059,45.00212],[92.47983,45.00226],[92.47843,45.00255],[92.47719,45.00278],[92.47647,45.00282],[92.47547,45.00273],[92.47474,45.00248],[92.47433,45.00237],[92.4736,45.00234],[92.47264,45.00232],[92.47162,45.00225],[92.47088,45.00232],[92.47041,45.00241],[92.46997,45.00252],[92.46965,45.00256],[92.46865,45.00262],[92.46771,45.0027],[92.46693,45.00287],[92.46621,45.00289],[92.4658,45.00282],[92.46539,45.00275],[92.46435,45.00266],[92.46369,45.00272],[92.46336,45.00266],[92.46262,45.00285],[92.46163,45.00333],[92.46094,45.0039],[92.46082,45.00413],[92.46067,45.00439],[92.46055,45.00481],[92.46046,45.00513],[92.46015,45.00534],[92.45964,45.00549],[92.45887,45.00564],[92.45763,45.00571],[92.45679,45.00573],[92.45665,45.00601],[92.45637,45.00673],[92.45603,45.00739],[92.45576,45.00763],[92.4552,45.00781],[92.4544,45.00798],[92.45356,45.00814],[92.45279,45.00822],[92.45216,45.00817],[92.45139,45.00796],[92.45072,45.00798],[92.44968,45.00818],[92.44869,45.00854],[92.44794,45.00884],[92.44744,45.00893],[92.44654,45.00904],[92.44593,45.0091],[92.44506,45.00936],[92.44393,45.00973],[92.44275,45.01029],[92.44196,45.01071],[92.44137,45.01088],[92.44101,45.01091],[92.44014,45.01084],[92.43969,45.01072],[92.4394,45.01074],[92.43856,45.01096],[92.43758,45.01108],[92.43638,45.01133],[92.43557,45.01162],[92.43466,45.01202],[92.4337,45.01242],[92.43257,45.01292],[92.43125,45.0134],[92.43065,45.0136],[92.43009,45.01374],[92.4298,45.01378],[92.42948,45.01387],[92.42913,45.01401],[92.42868,45.01408],[92.42823,45.01404],[92.4277,45.01408],[92.42735,45.01419],[92.42693,45.01436],[92.4264,45.0146],[92.42583,45.01472],[92.42506,45.01474],[92.42482,45.01472],[92.42462,45.01476],[92.42437,45.01487],[92.4239,45.01515],[92.4231,45.01553],[92.42215,45.01586],[92.42129,45.01614],[92.42057,45.01629],[92.41994,45.01633],[92.41954,45.01632],[92.41898,45.0163],[92.41865,45.01634],[92.41812,45.01648],[92.41741,45.01678],[92.41673,45.01698],[92.41636,45.01703],[92.41553,45.01703],[92.41481,45.01709],[92.41435,45.01718],[92.41391,45.01734],[92.41324,45.01757],[92.41267,45.0177],[92.41208,45.01792],[92.38967,45.01614],[92.34314,45.01239],[92.31236,45.027],[92.26506,45.01864],[92.24825,45.0217],[92.24177,45.01765],[92.23933,45.01613],[92.23458,45.01317],[92.23386,45.01356],[92.21917,45.02158],[92.19567,45.03442],[92.17706,45.04219],[92.12492,45.06394],[92.12186,45.06533],[92.11097,45.07022],[92.09511,45.07739],[92.06967,45.08047],[92.05194,45.08264],[92.02982,45.08205],[92.02799,45.082],[91.98461,45.08083],[91.96375,45.08031],[91.93769,45.07967],[91.91337,45.07903],[91.90961,45.07893],[91.891,45.07844],[91.8725,45.07931],[91.86415,45.0797],[91.86126,45.07984],[91.84139,45.08078],[91.80114,45.08264],[91.79061,45.08097],[91.75406,45.07519],[91.71233,45.06858],[91.704,45.06569],[91.68384,45.06414],[91.68089,45.06392],[91.6802,45.06405],[91.66997,45.06603],[91.63611,45.06786],[91.62671,45.06781],[91.61586,45.06775],[91.61106,45.07059],[91.60897,45.07183],[91.58139,45.07997],[91.56803,45.08253],[91.56495,45.07799],[91.56008,45.0708],[91.55969,45.07022],[91.53975,45.08448],[91.53555,45.08748],[91.53397,45.08861],[91.5164,45.09232],[91.51622,45.09236],[91.51606,45.09244],[91.51488,45.09299],[91.49947,45.10022],[91.49269,45.10608],[91.49194,45.11358],[91.49161,45.11689],[91.49117,45.11748],[91.48754,45.12233],[91.48639,45.12386],[91.48338,45.12671],[91.4797,45.13018],[91.47767,45.13211],[91.46986,45.13645],[91.46883,45.13703],[91.46608,45.13856],[91.46551,45.13942],[91.46535,45.13965],[91.46178,45.145],[91.45968,45.14816],[91.459,45.14917],[91.45489,45.15303],[91.45192,45.15362],[91.43883,45.15625],[91.43502,45.15674],[91.43409,45.15686],[91.43261,45.15706],[91.42755,45.15639],[91.406,45.13999],[91.40061,45.13589],[91.39507,45.13147],[91.38675,45.12483],[91.38658,45.12374],[91.38556,45.11725],[91.3853,45.11569],[91.38509,45.11436],[91.38472,45.11206],[91.37931,45.11036],[91.37444,45.11047],[91.37344,45.11079],[91.357,45.116],[91.35462,45.11688],[91.33967,45.12242],[91.33824,45.12325],[91.33525,45.125],[91.33422,45.1256],[91.32783,45.12933],[91.32338,45.12929],[91.31704,45.12922],[91.31243,45.12917],[91.31196,45.12917],[91.31172,45.12917],[91.29711,45.12872],[91.27242,45.13192],[91.24942,45.13489],[91.24635,45.13405],[91.24569,45.13387],[91.24292,45.13311],[91.23769,45.13681],[91.23682,45.13789],[91.23334,45.14219],[91.23234,45.14342],[91.22787,45.14895],[91.22664,45.15047],[91.22064,45.15276],[91.21886,45.15344],[91.20975,45.15335],[91.20792,45.15333],[91.2016,45.155],[91.19178,45.15758],[91.18598,45.16621],[91.18487,45.16786],[91.18473,45.16806],[91.18469,45.16811],[91.18465,45.16811],[91.17903,45.16831],[91.17551,45.1712],[91.17064,45.17522],[91.17041,45.1759],[91.16722,45.18533],[91.16716,45.18887],[91.16703,45.19625],[91.16515,45.19786],[91.16197,45.20058],[91.14767,45.20353],[91.12372,45.2142],[91.11481,45.21229],[91.11006,45.21128],[91.10524,45.21237],[91.1002,45.21351],[91.09743,45.21414],[91.09375,45.21497],[91.08792,45.21482],[91.08635,45.21477],[91.0856,45.21475],[91.08547,45.21475],[91.08314,45.21483],[91.07978,45.21495],[91.06957,45.21213],[91.0685,45.21183],[91.0539,45.2078],[91.04919,45.2065],[91.0105,45.21342],[91.00324,45.21409],[91.00249,45.21416],[90.99653,45.21472],[90.99619,45.21458],[90.98428,45.2095],[90.97732,45.20653],[90.97242,45.20444],[90.95906,45.19875],[90.93411,45.19339],[90.90778,45.19147],[90.87953,45.18939],[90.88006,45.18991],[90.88175,45.19158],[90.88077,45.1923],[90.86539,45.2035],[90.86556,45.20373],[90.88061,45.22433],[90.89183,45.2428],[90.89272,45.24428],[90.89669,45.25083],[90.88439,45.26506],[90.87294,45.27828],[90.87288,45.27846],[90.87294,45.27864],[90.87309,45.27885],[90.87333,45.27931],[90.87335,45.27958],[90.8733,45.28015],[90.87325,45.28059],[90.87361,45.281],[90.87331,45.28083],[90.87096,45.28137],[90.86831,45.28197],[90.86054,45.28584],[90.85333,45.28942],[90.85201,45.29007],[90.84762,45.29224],[90.8471,45.2925],[90.83794,45.29703],[90.83784,45.29709],[90.8345,45.29914],[90.83369,45.29889],[90.8336,45.29886],[90.80403,45.28978],[90.80413,45.29029],[90.80413,45.29029],[90.80706,45.30453],[90.81111,45.32447],[90.80799,45.32985],[90.80798,45.32986],[90.78969,45.36136],[90.78519,45.37213],[90.78694,45.37202],[90.95693,45.34328],[91.17401,45.26555],[91.19585,45.21595],[91.31927,45.16537],[91.33294,45.16526],[91.33434,45.26101],[91.14422,45.41503],[91.15285,45.61909],[91.37718,45.83842],[92.00014,45.78654],[92.29955,45.6733],[93.10541,45.67133],[93.10496,45.62646],[93.27984,45.62573],[93.28035,45.58914],[93.58873,45.5888],[93.63583,45.53227],[93.85484,45.52854]]]}},{"type":"Feature","properties":{"name":"Лхачинвандад уул","type":"Байгалийн нөөц газар"},"geometry":{"type":"Polygon","coordinates":[[[116.15549,45.68445],[116.14605,45.68265],[116.14534,45.68251],[116.1367,45.6827],[116.13327,45.68306],[116.13098,45.68316],[116.13098,45.68316],[116.13098,45.68316],[116.13098,45.68316],[116.12859,45.68226],[116.12832,45.68189],[116.12742,45.68069],[116.12729,45.6805],[116.1248,45.6786],[116.12178,45.67712],[116.1215,45.6771],[116.11831,45.67686],[116.1076,45.67633],[116.09902,45.67712],[116.0908,45.6785],[116.08578,45.68055],[116.08247,45.6821],[116.07935,45.68265],[116.0759,45.6826],[116.07242,45.68255],[116.06752,45.68257],[116.06152,45.68303],[116.06152,45.68303],[116.05602,45.68288],[116.04038,45.68357],[116.03146,45.68376],[116.03146,45.68376],[116.03145,45.68376],[116.02816,45.68229],[116.02273,45.67647],[116.02086,45.66847],[116.02075,45.66403],[116.02072,45.66367],[116.02055,45.6617],[116.02043,45.66021],[116.01782,45.65689],[116.0124,45.6543],[116.00538,45.65319],[115.99717,45.65154],[115.99464,45.6507],[115.94211,45.63326],[115.94211,45.63326],[115.94124,45.63297],[115.93897,45.63209],[115.92977,45.62852],[115.92812,45.62788],[115.89507,45.60365],[115.81989,45.54747],[115.81875,45.54664],[115.75967,45.50409],[115.75894,45.50357],[115.75334,45.49985],[115.72728,45.48257],[115.72727,45.48256],[115.72168,45.47885],[115.71756,45.4763],[115.6896,45.45897],[115.67798,45.45722],[115.64374,45.45095],[115.60744,45.44575],[115.55567,45.43733],[115.55556,45.4373],[115.55531,45.43724],[115.55505,45.43718],[115.52193,45.49033],[115.69907,45.57576],[115.76657,45.64252],[115.81837,45.70073],[115.8629,45.71439],[115.99209,45.74471],[116.02953,45.77315],[116.02953,45.77315],[116.14021,45.74577],[116.14021,45.74577],[116.2163,45.74406],[116.2163,45.74406],[116.21406,45.74139],[116.21245,45.73946],[116.21209,45.73829],[116.21121,45.73548],[116.2137,45.72809],[116.21458,45.72522],[116.21364,45.72408],[116.21329,45.72366],[116.20929,45.72102],[116.20812,45.71983],[116.20627,45.71794],[116.19623,45.70768],[116.18541,45.69666],[116.17678,45.6922],[116.17049,45.68918],[116.16833,45.68814],[116.1556,45.68447],[116.15549,45.68445]]]}},{"type":"Feature","properties":{"name":"Богд хан уул","type":"Дархан цаазат газар"},"geometry":{"type":"Polygon","coordinates":[[[107.06549,47.89255],[107.07669,47.88154],[107.07995,47.87979],[107.08178,47.87922],[107.08395,47.8786],[107.08583,47.87776],[107.08763,47.8765],[107.08655,47.87529],[107.08337,47.87221],[107.08888,47.86888],[107.09309,47.87259],[107.09408,47.87349],[107.09817,47.87213],[107.10102,47.87104],[107.10326,47.86977],[107.10468,47.86842],[107.10576,47.86678],[107.10648,47.86558],[107.1074,47.86451],[107.10777,47.86407],[107.10818,47.86376],[107.10854,47.86349],[107.10902,47.86317],[107.10954,47.86288],[107.11016,47.86261],[107.11091,47.86234],[107.11156,47.86216],[107.11239,47.86197],[107.11317,47.86185],[107.11381,47.86178],[107.11476,47.86178],[107.11669,47.86176],[107.11835,47.86178],[107.1197,47.86167],[107.12107,47.86134],[107.12229,47.86082],[107.12375,47.86003],[107.12479,47.8591],[107.12591,47.85802],[107.12709,47.85729],[107.12855,47.85654],[107.12981,47.85553],[107.13067,47.85429],[107.1312,47.8531],[107.13176,47.85196],[107.13231,47.85124],[107.13341,47.85039],[107.13522,47.8494],[107.13731,47.84855],[107.13893,47.84757],[107.13999,47.84636],[107.14036,47.84546],[107.14093,47.84444],[107.14139,47.84367],[107.14232,47.84273],[107.14375,47.84188],[107.1452,47.84139],[107.14758,47.84107],[107.14975,47.84073],[107.15127,47.83997],[107.15236,47.83891],[107.15316,47.83771],[107.1545,47.83599],[107.15578,47.83431],[107.15725,47.83237],[107.15872,47.83046],[107.16058,47.82812],[107.16186,47.82644],[107.16281,47.82529],[107.16304,47.82419],[107.16208,47.82307],[107.16073,47.82239],[107.15912,47.82224],[107.15769,47.82232],[107.15634,47.82238],[107.15489,47.82217],[107.15361,47.82171],[107.15306,47.82093],[107.15244,47.81963],[107.15245,47.81853],[107.15319,47.81763],[107.15407,47.81696],[107.15544,47.81668],[107.15674,47.80443],[107.1549,47.80365],[107.15114,47.80216],[107.14791,47.8009],[107.14609,47.80082],[107.14449,47.80139],[107.14316,47.80216],[107.14142,47.80347],[107.13916,47.80405],[107.13657,47.80362],[107.13403,47.80187],[107.13379,47.8004],[107.13467,47.79887],[107.13623,47.79784],[107.13845,47.79767],[107.14208,47.79783],[107.14614,47.79857],[107.14799,47.7993],[107.14972,47.79926],[107.15143,47.79858],[107.15259,47.79705],[107.15343,47.79542],[107.15472,47.79389],[107.15671,47.79207],[107.15866,47.79052],[107.16098,47.78975],[107.16207,47.78955],[107.16377,47.78933],[107.16539,47.78899],[107.16843,47.78856],[107.17181,47.78784],[107.17497,47.78681],[107.17726,47.78598],[107.17893,47.78489],[107.17963,47.78375],[107.17948,47.78231],[107.17919,47.78077],[107.17932,47.77974],[107.17987,47.77859],[107.18036,47.77758],[107.18083,47.7766],[107.18191,47.77533],[107.18306,47.77398],[107.18457,47.7725],[107.18534,47.77112],[107.18548,47.76967],[107.18486,47.7682],[107.14416,47.72498],[107.08542,47.71542],[107.06729,47.71608],[107.0403,47.72142],[106.99029,47.72619],[106.96355,47.74374],[106.93776,47.7415],[106.93385,47.73889],[106.86152,47.76227],[106.80455,47.79073],[106.77747,47.82133],[106.79113,47.8447],[106.8202,47.86617],[106.82273,47.86877],[106.83128,47.87136],[106.83897,47.87348],[106.8466,47.87556],[106.84791,47.87599],[106.84842,47.87621],[106.8501,47.877],[106.85651,47.8803],[106.85977,47.88199],[106.86203,47.88378],[106.86403,47.88548],[106.86425,47.88604],[106.86627,47.88647],[106.86696,47.88655],[106.86742,47.88662],[106.86817,47.88673],[106.86858,47.88672],[106.86899,47.88671],[106.86931,47.88667],[106.86964,47.88656],[106.8699,47.88658],[106.87024,47.88656],[106.87077,47.88664],[106.87117,47.88674],[106.87167,47.88693],[106.8721,47.88701],[106.87236,47.88699],[106.87301,47.88685],[106.87321,47.88681],[106.87386,47.8868],[106.87426,47.88693],[106.87451,47.88713],[106.87492,47.88726],[106.87527,47.88732],[106.87599,47.88729],[106.87633,47.88722],[106.87669,47.88721],[106.87708,47.88719],[106.8775,47.88714],[106.87798,47.88709],[106.87837,47.88708],[106.87886,47.88709],[106.8792,47.88714],[106.87951,47.88716],[106.8802,47.88724],[106.88071,47.88736],[106.88117,47.88744],[106.88149,47.88748],[106.88175,47.88745],[106.88213,47.88731],[106.88248,47.88714],[106.88273,47.88696],[106.88335,47.88652],[106.88359,47.88644],[106.884,47.88635],[106.88469,47.88628],[106.88524,47.88625],[106.88582,47.88634],[106.88652,47.88652],[106.88764,47.8866],[106.88821,47.88659],[106.88913,47.88655],[106.88979,47.88644],[106.89061,47.88638],[106.89116,47.88635],[106.89168,47.88626],[106.89205,47.88618],[106.89216,47.88608],[106.89221,47.88604],[106.89247,47.88604],[106.89271,47.88605],[106.89299,47.88603],[106.8931,47.88603],[106.89322,47.88601],[106.89334,47.886],[106.8935,47.88597],[106.89378,47.88592],[106.8939,47.8859],[106.89411,47.88588],[106.8943,47.88585],[106.89466,47.88579],[106.89489,47.88577],[106.8952,47.88576],[106.89544,47.88581],[106.89563,47.88584],[106.89577,47.88586],[106.89594,47.88591],[106.89615,47.88597],[106.89633,47.88603],[106.8964,47.88605],[106.89652,47.88612],[106.89664,47.8862],[106.89676,47.88638],[106.89694,47.88652],[106.89756,47.88671],[106.89815,47.88686],[106.89893,47.88714],[106.90012,47.88741],[106.90074,47.8875],[106.90148,47.8875],[106.9019,47.88756],[106.90241,47.88772],[106.90296,47.88791],[106.90352,47.88812],[106.90394,47.88825],[106.90454,47.88838],[106.90543,47.88862],[106.90599,47.8888],[106.90649,47.88899],[106.90718,47.8892],[106.90775,47.8892],[106.90882,47.88911],[106.90927,47.88899],[106.90987,47.8889],[106.91052,47.8889],[106.91142,47.88889],[106.91223,47.88896],[106.91284,47.88902],[106.9135,47.88901],[106.91409,47.88901],[106.91476,47.88894],[106.91542,47.88883],[106.91609,47.88863],[106.91664,47.88843],[106.91731,47.88826],[106.91784,47.8881],[106.91874,47.88784],[106.91966,47.88767],[106.92025,47.88753],[106.92094,47.88744],[106.92248,47.88735],[106.92347,47.8873],[106.92502,47.88712],[106.92654,47.88687],[106.92726,47.8867],[106.9278,47.88659],[106.9285,47.88649],[106.92861,47.88644],[106.92896,47.88637],[106.92935,47.88628],[106.92984,47.88619],[106.93048,47.88609],[106.93096,47.88603],[106.93132,47.88602],[106.93199,47.88604],[106.9328,47.88611],[106.93346,47.88614],[106.93383,47.88615],[106.93432,47.88615],[106.93498,47.88614],[106.93588,47.88624],[106.93657,47.88638],[106.93695,47.88644],[106.93784,47.88644],[106.9385,47.88629],[106.93899,47.88615],[106.9393,47.88604],[106.93967,47.88587],[106.94006,47.88592],[106.94049,47.88596],[106.94107,47.88609],[106.94167,47.88617],[106.94205,47.88621],[106.94244,47.88624],[106.94285,47.88631],[106.9434,47.88639],[106.94382,47.88643],[106.94448,47.88644],[106.94495,47.88643],[106.94532,47.88644],[106.94565,47.88644],[106.94598,47.88644],[106.94626,47.88645],[106.94661,47.88642],[106.94702,47.88635],[106.94736,47.88626],[106.94755,47.8861],[106.94788,47.88566],[106.94838,47.88533],[106.94867,47.88524],[106.94887,47.88518],[106.94926,47.88517],[106.94947,47.88525],[106.94989,47.88544],[106.95028,47.88554],[106.95071,47.88557],[106.95149,47.88557],[106.95217,47.88544],[106.95269,47.88526],[106.95311,47.88501],[106.95319,47.88483],[106.95334,47.88466],[106.95364,47.88452],[106.95417,47.88445],[106.95459,47.88443],[106.95517,47.8844],[106.9557,47.88432],[106.95656,47.88415],[106.95697,47.88413],[106.9576,47.88407],[106.9585,47.88406],[106.95907,47.88409],[106.95964,47.88419],[106.96087,47.88428],[106.9623,47.88428],[106.96321,47.88415],[106.96395,47.88389],[106.96495,47.8837],[106.96611,47.88349],[106.9668,47.88345],[106.96807,47.88339],[106.96862,47.8834],[106.96937,47.88337],[106.97005,47.88345],[106.97048,47.88351],[106.97143,47.88348],[106.97205,47.88338],[106.97259,47.88323],[106.97292,47.88304],[106.9733,47.88287],[106.97391,47.88259],[106.9744,47.88236],[106.9745,47.88225],[106.97474,47.88222],[106.97522,47.88227],[106.97574,47.88233],[106.97599,47.88248],[106.97641,47.88274],[106.97672,47.88309],[106.97689,47.88335],[106.97698,47.88378],[106.9769,47.88401],[106.97673,47.88426],[106.97677,47.88471],[106.97717,47.88519],[106.97756,47.88548],[106.97837,47.88591],[106.97882,47.88604],[106.97928,47.8861],[106.97953,47.88611],[106.97996,47.88593],[106.98069,47.88552],[106.98159,47.88509],[106.98213,47.88486],[106.9826,47.88468],[106.98279,47.88446],[106.98316,47.88399],[106.98347,47.88378],[106.98396,47.88365],[106.98461,47.8835],[106.98508,47.88343],[106.98552,47.88338],[106.98611,47.88334],[106.98656,47.8835],[106.98674,47.88379],[106.98704,47.88413],[106.98746,47.88442],[106.98814,47.88469],[106.9889,47.88481],[106.98998,47.88478],[106.99062,47.88474],[106.99121,47.8846],[106.9919,47.88448],[106.99299,47.88433],[106.99349,47.88433],[106.99429,47.88448],[106.99498,47.88494],[106.99556,47.88538],[106.99646,47.88583],[106.9973,47.88633],[106.99789,47.88668],[106.99827,47.88679],[106.99857,47.88688],[106.99927,47.88689],[107.00038,47.88691],[107.00083,47.88703],[107.00145,47.88714],[107.00239,47.88735],[107.00304,47.88745],[107.00413,47.88766],[107.00475,47.88777],[107.00537,47.88784],[107.00586,47.88778],[107.00626,47.88769],[107.00685,47.8875],[107.00757,47.88723],[107.00821,47.88709],[107.00885,47.88692],[107.00935,47.8867],[107.00962,47.88655],[107.0101,47.88646],[107.01087,47.88634],[107.01125,47.88633],[107.01169,47.88629],[107.01234,47.88617],[107.01284,47.88605],[107.01345,47.88591],[107.01399,47.88584],[107.01456,47.88578],[107.015,47.88574],[107.01588,47.88576],[107.01658,47.88581],[107.0171,47.88593],[107.01768,47.88614],[107.01827,47.88634],[107.01859,47.88646],[107.01884,47.88672],[107.0192,47.88693],[107.01989,47.8872],[107.02086,47.88758],[107.02222,47.88776],[107.02343,47.88787],[107.02435,47.88808],[107.02525,47.88832],[107.02598,47.88869],[107.02646,47.88896],[107.02719,47.88945],[107.02799,47.88998],[107.02876,47.89053],[107.02924,47.8909],[107.03019,47.89141],[107.03092,47.89173],[107.03195,47.89207],[107.03309,47.89239],[107.03484,47.89259],[107.03627,47.89258],[107.03748,47.89251],[107.03838,47.89258],[107.03949,47.89251],[107.04051,47.89259],[107.04112,47.89257],[107.04166,47.8925],[107.04251,47.89226],[107.04295,47.89215],[107.04345,47.89209],[107.04401,47.892],[107.04461,47.89203],[107.04538,47.89207],[107.04609,47.89212],[107.04689,47.89212],[107.04739,47.89211],[107.0481,47.892],[107.04887,47.89177],[107.04944,47.89152],[107.05,47.89122],[107.05056,47.89091],[107.05133,47.89054],[107.05206,47.89014],[107.05259,47.88976],[107.05284,47.88948],[107.05297,47.88923],[107.05324,47.88903],[107.05371,47.88883],[107.05404,47.8887],[107.05433,47.88856],[107.05481,47.88842],[107.05547,47.88838],[107.05707,47.88866],[107.05903,47.88937],[107.06035,47.89],[107.0621,47.89102],[107.06408,47.89201],[107.06463,47.8923],[107.06508,47.89245],[107.06549,47.89255]]]}},{"type":"Feature","properties":{"name":"Батхаан уул","type":"Байгалийн нөөц газар"},"geometry":{"type":"Polygon","coordinates":[[[104.32491,47.0886],[104.29166,47.06596],[104.21282,47.0736],[104.17567,47.09099],[104.12318,47.16214],[104.10542,47.17221],[104.09837,47.18247],[104.10744,47.28169],[104.13839,47.27725],[104.19551,47.22113],[104.22659,47.20286],[104.25417,47.18323],[104.28341,47.12964],[104.32491,47.0886]]]}},{"type":"Feature","properties":{"name":"Булган уул","type":"Дурсгалт газар"},"geometry":{"type":"Polygon","coordinates":[[[101.48081,47.50079],[101.46843,47.48558],[101.44441,47.48671],[101.43197,47.48425],[101.42353,47.48232],[101.41467,47.50222],[101.47715,47.55032],[101.47411,47.50579],[101.48081,47.50079]]]}},{"type":"Feature","properties":{"name":"Нагалхаан уул","type":"Байгалийн нөөц газар"},"geometry":{"type":"Polygon","coordinates":[[[107.73463,47.58001],[107.71326,47.56005],[107.66837,47.5815],[107.65221,47.59577],[107.64323,47.59979],[107.66115,47.60896],[107.6742,47.61351],[107.70096,47.59998],[107.73463,47.58001]]]}},{"type":"Feature","properties":{"name":"Урантогоо - Тулга уул","type":"Дурсгалт газар"},"geometry":{"type":"Polygon","coordinates":[[[102.79498,48.92692],[102.74377,48.91928],[102.72903,48.92729],[102.679,48.96645],[102.73066,49.01219],[102.74709,49.01714],[102.77011,48.99754],[102.78588,48.95313],[102.79498,48.92692]]]}},{"type":"Feature","properties":{"name":"Хасагт хайрхан уул","type":"Дархан цаазат газар"},"geometry":{"type":"Polygon","coordinates":[[[95.85349,46.82925],[95.85285,46.81705],[95.91695,46.81707],[95.91695,46.81707],[95.96326,46.78642],[95.97612,46.75784],[95.99952,46.75703],[96.02293,46.75926],[96.02293,46.75926],[96.01584,46.72061],[96.01434,46.69967],[96.01434,46.69967],[96.01429,46.69952],[96.01429,46.69952],[95.99838,46.6909],[95.94823,46.68137],[95.94823,46.68137],[95.80165,46.71616],[95.72375,46.75504],[95.68964,46.78864],[95.70998,46.80663],[95.70696,46.82765],[95.70696,46.82765],[95.76358,46.8156],[95.76358,46.8156],[95.775,46.82709],[95.85349,46.82925],[95.85349,46.82925]]]}},{"type":"Feature","properties":{"name":"Хорго-Тэрхийн цагаан нуур","type":"Байгалийн цогцолборт газар"},"geometry":{"type":"Polygon","coordinates":[[[99.99561,48.17275],[99.99109,48.15087],[99.94328,48.14457],[99.89962,48.15306],[99.87522,48.1393],[99.85019,48.09968],[99.79852,48.07614],[99.73802,48.06519],[99.68121,48.06315],[99.62503,48.06404],[99.55993,48.0775],[99.49568,48.12208],[99.45873,48.16473],[99.44075,48.20047],[99.43896,48.2421],[99.44547,48.2588],[99.47472,48.28751],[99.54913,48.31378],[99.6573,48.32656],[99.73231,48.31398],[99.81184,48.28801],[99.95831,48.22493],[99.99561,48.17275]]]}},{"type":"Feature","properties":{"name":"Goviin ikh /B/","type":"UNESCO-MAB Biosphere Reserve"},"geometry":{"type":"MultiPolygon","coordinates":[[[[96.88476,44.56719],[96.88476,44.56719],[97.00613,44.60579],[97.00613,44.60579],[97.06817,44.58601],[97.19733,44.54512],[97.25752,44.46018],[97.39195,44.43329],[97.41044,44.36645],[97.53412,44.31438],[97.55638,44.24484],[97.63386,44.1926],[97.7336,44.15268],[97.78993,44.09367],[97.85991,44.0494],[97.89588,44.02802],[97.94144,43.9978],[97.96656,43.98228],[98.01759,43.95404],[98.14581,43.92704],[98.28539,43.90232],[98.35511,43.83025],[98.49313,43.77619],[98.50848,43.73801],[98.57076,43.43727],[98.69462,43.45463],[98.89581,43.46264],[99.07807,43.34208],[99.12095,43.29242],[99.23708,43.22329],[99.35641,43.17811],[99.43516,43.12502],[99.49381,43.09379],[99.5761,42.91482],[99.59081,42.75502],[99.59792,42.66528],[99.63142,42.58852],[99.63152,42.58854],[99.63165,42.58825],[99.58194,42.58008],[99.56982,42.57775],[99.56554,42.57677],[99.54356,42.57284],[99.52932,42.57027],[99.5104,42.5667],[99.50443,42.5656],[99.50169,42.56524],[99.49574,42.56648],[99.49249,42.56675],[99.47033,42.56821],[99.46542,42.56843],[99.42326,42.57183],[99.40857,42.57296],[99.37885,42.57531],[99.37183,42.57592],[99.36427,42.57634],[99.35356,42.57705],[99.34191,42.57798],[99.33375,42.57858],[99.32183,42.5792],[99.28945,42.58174],[99.28097,42.58235],[99.24329,42.58527],[99.23071,42.58628],[99.199,42.58839],[99.19674,42.58859],[99.18482,42.58969],[99.15295,42.59189],[99.1413,42.59259],[99.12421,42.59379],[99.10889,42.59468],[99.09235,42.59587],[99.0622,42.59805],[99.05517,42.59844],[99.04179,42.59933],[99.02854,42.60051],[99.01728,42.60139],[99.01464,42.60149],[99,42.60245],[98.99976,42.60249],[98.99796,42.60261],[98.99004,42.60297],[98.98102,42.60383],[98.96124,42.60522],[98.94951,42.60593],[98.93981,42.60665],[98.92742,42.60757],[98.91851,42.60824],[98.90968,42.60888],[98.89999,42.6098],[98.89214,42.61008],[98.87567,42.61139],[98.87091,42.61167],[98.86404,42.61216],[98.85345,42.61279],[98.84601,42.6135],[98.83224,42.61445],[98.82458,42.61508],[98.81411,42.61571],[98.81013,42.61606],[98.80605,42.61663],[98.79006,42.61792],[98.77551,42.61897],[98.74818,42.62088],[98.74226,42.62122],[98.72713,42.62241],[98.70483,42.62403],[98.693,42.62479],[98.67748,42.62596],[98.66169,42.62695],[98.65547,42.62722],[98.64877,42.62814],[98.64204,42.62843],[98.63976,42.62854],[98.61919,42.63001],[98.61145,42.63041],[98.59853,42.63116],[98.58388,42.63239],[98.57671,42.6329],[98.5675,42.63351],[98.55614,42.63404],[98.54655,42.63486],[98.53558,42.6354],[98.52299,42.63605],[98.50679,42.63663],[98.49935,42.63737],[98.49521,42.63741],[98.48772,42.63786],[98.48061,42.6379],[98.45963,42.63895],[98.44953,42.63932],[98.43798,42.64016],[98.42123,42.641],[98.41637,42.64126],[98.40784,42.64177],[98.39867,42.642],[98.38872,42.64256],[98.36972,42.64354],[98.35669,42.64436],[98.33833,42.64539],[98.33344,42.64565],[98.32043,42.64633],[98.31107,42.64655],[98.29665,42.64739],[98.28953,42.64783],[98.27473,42.64857],[98.26713,42.64901],[98.25515,42.64952],[98.24624,42.65008],[98.23162,42.65067],[98.21402,42.65156],[98.20726,42.65185],[98.1994,42.65221],[98.19613,42.65205],[98.19209,42.65258],[98.18712,42.65331],[98.18027,42.65429],[98.17295,42.65551],[98.16553,42.65671],[98.15371,42.65828],[98.13815,42.66058],[98.11908,42.66362],[98.10191,42.66611],[98.09823,42.66651],[98.0926,42.66738],[98.08807,42.66819],[98.07577,42.67006],[98.05603,42.67278],[98.01856,42.67833],[97.99934,42.68163],[97.99858,42.68165],[97.97232,42.68546],[97.94009,42.68983],[97.91191,42.69359],[97.87034,42.69915],[97.85201,42.70156],[97.84381,42.70266],[97.84378,42.70266],[97.84376,42.70266],[97.84375,42.70266],[97.84371,42.70267],[97.81826,42.70608],[97.79182,42.70982],[97.77348,42.71222],[97.74061,42.71646],[97.71592,42.71995],[97.69546,42.72296],[97.63877,42.73079],[97.59704,42.73645],[97.56441,42.74071],[97.55946,42.74104],[97.55946,42.74104],[97.54058,42.74377],[97.54058,42.74377],[97.50485,42.74857],[97.50485,42.74857],[97.50417,42.74872],[97.50417,42.74872],[97.50199,42.74916],[97.50199,42.74916],[97.49883,42.75036],[97.49883,42.75036],[97.49767,42.75066],[97.49767,42.75066],[97.495,42.75124],[97.495,42.75124],[97.4817,42.75306],[97.4817,42.75306],[97.47363,42.75411],[97.47363,42.75411],[97.46669,42.75481],[97.46669,42.75481],[97.44956,42.75689],[97.44956,42.75689],[97.44267,42.75775],[97.44267,42.75775],[97.42651,42.75998],[97.42651,42.75998],[97.42233,42.76058],[97.42233,42.76058],[97.40227,42.76331],[97.40227,42.76331],[97.39687,42.76408],[97.39687,42.76408],[97.37796,42.76672],[97.37796,42.76672],[97.37408,42.76712],[97.37408,42.76712],[97.36787,42.76793],[97.36787,42.76793],[97.35387,42.76994],[97.35387,42.76994],[97.35032,42.77029],[97.35032,42.77029],[97.3308,42.77306],[97.3308,42.77306],[97.32226,42.77404],[97.32226,42.77404],[97.30671,42.77612],[97.30671,42.77612],[97.30198,42.77685],[97.30198,42.77685],[97.28307,42.77942],[97.28307,42.77942],[97.27583,42.78047],[97.27583,42.78047],[97.2591,42.78262],[97.2591,42.78262],[97.24817,42.7841],[97.24817,42.7841],[97.23512,42.78611],[97.23512,42.78611],[97.23028,42.78674],[97.23028,42.78674],[97.21143,42.7892],[97.21143,42.7892],[97.20377,42.79043],[97.20377,42.79043],[97.18722,42.79303],[97.18722,42.79303],[97.17521,42.79454],[97.17521,42.79454],[97.17166,42.79494],[97.17166,42.79494],[97.17166,42.79494],[97.17064,42.79492],[97.16273,42.79329],[97.14581,42.78957],[97.14111,42.78857],[97.12954,42.78618],[97.12017,42.78418],[97.10709,42.7812],[97.08789,42.77723],[97.06855,42.77326],[97.0495,42.76905],[97.04221,42.76764],[97.0303,42.76515],[97.02567,42.76417],[97.01534,42.76194],[97.01116,42.76112],[97.00239,42.75951],[97.00172,42.75943],[97.00112,42.75933],[97.00014,42.75916],[96.99973,42.75909],[96.99638,42.75835],[96.98464,42.75592],[96.97742,42.75452],[96.97522,42.75461],[96.95491,42.75457],[96.92994,42.75457],[96.92657,42.7545],[96.90547,42.75462],[96.90108,42.75461],[96.88033,42.75455],[96.87663,42.75448],[96.85501,42.75458],[96.8506,42.75456],[96.83037,42.75469],[96.80713,42.75469],[96.78309,42.7548],[96.77963,42.75473],[96.75967,42.75492],[96.74818,42.75501],[96.73799,42.75417],[96.73447,42.75385],[96.71344,42.75191],[96.69,42.74997],[96.68621,42.74964],[96.66573,42.7477],[96.64211,42.74588],[96.64014,42.74571],[96.63549,42.7453],[96.61884,42.74394],[96.61481,42.7436],[96.59559,42.74186],[96.58794,42.74119],[96.57106,42.73975],[96.56683,42.73941],[96.54764,42.73773],[96.53449,42.73662],[96.51798,42.73525],[96.5037,42.73407],[96.50024,42.73366],[96.49577,42.73336],[96.45928,42.73022],[96.42444,42.72739],[96.40522,42.72559],[96.38794,42.72424],[96.38712,42.73155],[96.38441,42.75057],[96.3815,42.77007],[96.37841,42.78916],[96.37534,42.80838],[96.37283,42.82659],[96.36994,42.84547],[96.36704,42.86456],[96.36493,42.88271],[96.36277,42.89864],[96.36274,42.8988],[96.35808,42.90239],[96.33475,42.91998],[96.31249,42.93663],[96.29269,42.95162],[96.27825,42.96217],[96.25797,42.9769],[96.24458,42.98627],[96.22743,42.99943],[96.22519,43.00125],[96.2234,43.00278],[96.21718,43.0075],[96.21288,43.01065],[96.20622,43.01541],[96.19957,43.02033],[96.19389,43.0247],[96.19006,43.0275],[96.18114,43.03445],[96.17923,43.03593],[96.17372,43.03994],[96.1702,43.04258],[96.16693,43.04498],[96.15854,43.05111],[96.15544,43.05352],[96.15279,43.05546],[96.14993,43.0577],[96.14642,43.06021],[96.1376,43.0668],[96.13201,43.07081],[96.12624,43.07504],[96.11877,43.08054],[96.11414,43.08379],[96.10954,43.0874],[96.09679,43.09655],[96.0932,43.0993],[96.08742,43.1036],[96.08199,43.1073],[96.07584,43.11176],[96.06956,43.1164],[96.06487,43.11989],[96.05518,43.12721],[96.04998,43.13116],[96.04479,43.13488],[96.03595,43.14169],[96.0297,43.1464],[96.02184,43.15189],[96.017,43.15541],[96.01379,43.15783],[96.00722,43.16239],[95.99966,43.16762],[95.99599,43.17055],[95.99132,43.17416],[95.98673,43.17749],[95.98359,43.17953],[95.97617,43.18498],[95.96513,43.19295],[95.95857,43.1979],[95.95334,43.20195],[95.94491,43.20819],[95.93881,43.21259],[95.93266,43.21703],[95.92857,43.22027],[95.92361,43.22383],[95.91502,43.23005],[95.91003,43.2342],[95.90736,43.23682],[95.90426,43.24097],[95.89548,43.25242],[95.8941,43.25417],[95.89188,43.25675],[95.88838,43.26182],[95.88374,43.26791],[95.88044,43.2724],[95.87641,43.27706],[95.8761,43.27845],[95.87505,43.28408],[95.87443,43.28806],[95.87301,43.29799],[95.87225,43.30208],[95.87148,43.3083],[95.87097,43.31246],[95.87042,43.31665],[95.8698,43.3212],[95.86927,43.32452],[95.86906,43.32789],[95.86887,43.32968],[95.86868,43.33111],[95.86813,43.33337],[95.86811,43.33401],[95.86771,43.33698],[95.86675,43.34414],[95.86553,43.3532],[95.86394,43.36274],[95.86314,43.3714],[95.86185,43.38094],[95.86106,43.38516],[95.8607,43.38897],[95.85911,43.39884],[95.85832,43.4052],[95.8579,43.40767],[95.85723,43.41188],[95.85596,43.41492],[95.85375,43.41886],[95.84562,43.43079],[95.84136,43.43755],[95.83495,43.44722],[95.83059,43.45351],[95.82622,43.46043],[95.82155,43.46744],[95.81778,43.47301],[95.81471,43.47728],[95.80719,43.48848],[95.80128,43.49726],[95.79434,43.50718],[95.78893,43.51523],[95.78537,43.52071],[95.78001,43.52908],[95.77356,43.53867],[95.7701,43.5435],[95.76563,43.55082],[95.75846,43.5609],[95.75234,43.57024],[95.74829,43.5766],[95.74336,43.58353],[95.73955,43.58853],[95.73702,43.59256],[95.73573,43.59576],[95.73089,43.60641],[95.72842,43.61193],[95.72578,43.61889],[95.72268,43.62531],[95.71822,43.6354],[95.71534,43.64164],[95.71238,43.64825],[95.71068,43.65314],[95.7047,43.6643],[95.70309,43.6677],[95.70221,43.66966],[95.70013,43.67406],[95.69862,43.67708],[95.69672,43.68023],[95.69542,43.6827],[95.69138,43.69075],[95.68738,43.69879],[95.68484,43.70381],[95.68335,43.70713],[95.68017,43.71335],[95.67704,43.7191],[95.67604,43.72134],[95.67291,43.72696],[95.66966,43.73343],[95.66728,43.73845],[95.66476,43.7431],[95.66074,43.7506],[95.65881,43.75453],[95.65685,43.75834],[95.6538,43.76426],[95.65122,43.76947],[95.65012,43.77175],[95.64778,43.77665],[95.64688,43.78002],[95.64512,43.78508],[95.64464,43.7867],[95.63944,43.80223],[95.63847,43.80441],[95.63403,43.8192],[95.6325,43.82354],[95.63067,43.82883],[95.62825,43.8366],[95.62673,43.84147],[95.62465,43.84695],[95.6236,43.85092],[95.62115,43.85432],[95.61759,43.85996],[95.61433,43.86457],[95.61096,43.86997],[95.60894,43.8727],[95.60579,43.87797],[95.60245,43.88259],[95.60008,43.8864],[95.59792,43.8898],[95.59318,43.89648],[95.58855,43.90351],[95.58617,43.90751],[95.58205,43.91381],[95.57821,43.91951],[95.57674,43.92176],[95.57356,43.92637],[95.56622,43.93728],[95.56297,43.9425],[95.55943,43.94765],[95.55764,43.95014],[95.5547,43.95469],[95.54797,43.96487],[95.54354,43.97166],[95.54053,43.97663],[95.53706,43.98148],[95.53262,43.98785],[95.52941,43.99246],[95.52387,44.00029],[95.5238,44.00101],[95.52267,44.00237],[95.52222,44.0033],[95.52034,44.00425],[95.52034,44.00425],[95.5186,44.00437],[95.5186,44.00437],[95.51585,44.0043],[95.51248,44.00429],[95.50895,44.00441],[95.50696,44.00424],[95.50515,44.00418],[95.50342,44.00422],[95.50107,44.00415],[95.4995,44.00412],[95.49665,44.00418],[95.49212,44.00428],[95.48724,44.00427],[95.48313,44.00436],[95.47882,44.0042],[95.47548,44.00422],[95.47067,44.00432],[95.46513,44.00396],[95.45914,44.00366],[95.45376,44.00365],[95.44831,44.00389],[95.4433,44.00467],[95.43594,44.0055],[95.43269,44.00617],[95.42944,44.00697],[95.42519,44.00754],[95.42158,44.00811],[95.42158,44.00811],[95.41731,44.00856],[95.41381,44.00912],[95.41023,44.01011],[95.40704,44.01053],[95.40243,44.01227],[95.397,44.01372],[95.39352,44.01464],[95.38861,44.01626],[95.38466,44.01774],[95.38117,44.01897],[95.37661,44.02058],[95.37293,44.02144],[95.36845,44.02263],[95.36511,44.02318],[95.36511,44.02318],[95.36084,44.02357],[95.35664,44.0242],[95.35664,44.0242],[95.35055,44.02476],[95.35055,44.02476],[95.34708,44.0247],[95.34146,44.02494],[95.34146,44.02494],[95.33802,44.02525],[95.33802,44.02525],[95.33418,44.0254],[95.33082,44.0254],[95.32718,44.02536],[95.32237,44.02536],[95.3219,44.02549],[95.32218,44.02618],[95.32253,44.02666],[95.32391,44.02991],[95.32573,44.03285],[95.32713,44.03658],[95.32837,44.03862],[95.32949,44.04108],[95.33087,44.04421],[95.33225,44.04703],[95.33334,44.04919],[95.33447,44.0522],[95.33539,44.05437],[95.33597,44.056],[95.3364,44.05841],[95.33699,44.06089],[95.33781,44.06427],[95.33824,44.06693],[95.33888,44.07031],[95.33929,44.07206],[95.33977,44.07345],[95.34216,44.07668],[95.34353,44.07926],[95.34431,44.08167],[95.34509,44.08468],[95.34655,44.08775],[95.34718,44.09077],[95.34726,44.09289],[95.34758,44.0964],[95.34789,44.09816],[95.3484,44.10051],[95.34853,44.10342],[95.34827,44.10555],[95.34805,44.10829],[95.34795,44.11041],[95.34802,44.11211],[95.34791,44.11356],[95.34786,44.11642],[95.34787,44.11866],[95.34795,44.12091],[95.34787,44.12333],[95.34813,44.12557],[95.3486,44.12878],[95.34851,44.13084],[95.34883,44.13423],[95.34889,44.13641],[95.34937,44.1398],[95.34947,44.14247],[95.34962,44.14598],[95.35009,44.14907],[95.3504,44.15252],[95.35047,44.15494],[95.35072,44.15676],[95.35134,44.15997],[95.35137,44.16239],[95.35158,44.16417],[95.35118,44.1661],[95.35118,44.16625],[95.35118,44.16625],[95.36015,44.16439],[95.51194,44.13283],[95.51194,44.13283],[95.61477,44.17097],[95.70881,44.23837],[95.84872,44.40275],[95.90964,44.47549],[95.95328,44.54944],[96.03436,44.56619],[96.07082,44.63035],[96.17638,44.68094],[96.17638,44.68094],[96.51666,44.61007],[96.88476,44.56719]]],[[[93.55185,45.09021],[93.53337,45.06084],[93.48965,44.95969],[93.48965,44.95969],[93.48892,44.96012],[93.48809,44.96064],[93.48667,44.96151],[93.48516,44.96252],[93.48423,44.9634],[93.48301,44.96387],[93.48301,44.96387],[93.48301,44.96387],[93.48301,44.96387],[93.48055,44.96348],[93.47838,44.96296],[93.47564,44.9621],[93.47079,44.96004],[93.46317,44.95832],[93.46072,44.95807],[93.45817,44.95801],[93.45553,44.95903],[93.45272,44.95964],[93.44961,44.96019],[93.44612,44.96054],[93.44612,44.96054],[93.44611,44.96054],[93.44374,44.96014],[93.44157,44.95982],[93.43843,44.95795],[93.43694,44.95709],[93.43444,44.9573],[93.43444,44.9573],[93.43443,44.9573],[93.4329,44.95637],[93.43016,44.95625],[93.42781,44.95692],[93.42527,44.95807],[93.42066,44.96043],[93.41766,44.96212],[93.4155,44.96374],[93.41288,44.96643],[93.41091,44.96845],[93.40968,44.96939],[93.40818,44.9698],[93.40549,44.96994],[93.40312,44.97049],[93.40207,44.97076],[93.40132,44.97156],[93.40021,44.97378],[93.39976,44.97499],[93.39881,44.9762],[93.39721,44.97728],[93.39646,44.97775],[93.39384,44.9783],[93.39071,44.97857],[93.38864,44.97865],[93.38619,44.97926],[93.38259,44.98034],[93.37832,44.98076],[93.37766,44.98164],[93.37738,44.98398],[93.37663,44.98506],[93.37486,44.98567],[93.37193,44.98621],[93.36815,44.9873],[93.36608,44.98764],[93.36608,44.98764],[93.36608,44.98764],[93.36607,44.98764],[93.36437,44.98731],[93.36285,44.98657],[93.36208,44.98537],[93.36104,44.98437],[93.35926,44.98431],[93.35549,44.9862],[93.35162,44.98715],[93.34845,44.98729],[93.34655,44.9875],[93.34655,44.9875],[93.34655,44.9875],[93.34655,44.9875],[93.34429,44.98737],[93.34231,44.98678],[93.34061,44.98644],[93.339,44.98712],[93.33683,44.98914],[93.33486,44.99068],[93.33242,44.9915],[93.32949,44.99237],[93.32524,44.99353],[93.32365,44.99427],[93.32365,44.99427],[93.32365,44.99427],[93.32365,44.99427],[93.32345,44.99387],[93.32346,44.99286],[93.32286,44.99119],[93.32201,44.99012],[93.32053,44.98845],[93.31901,44.98637],[93.31749,44.98289],[93.31568,44.98109],[93.31446,44.98075],[93.31304,44.98076],[93.30993,44.98157],[93.3069,44.98272],[93.30324,44.98387],[93.3002,44.98481],[93.3002,44.98481],[93.3002,44.98481],[93.29878,44.98482],[93.29708,44.98422],[93.29455,44.98335],[93.29156,44.98296],[93.28777,44.98264],[93.28467,44.98278],[93.28344,44.98298],[93.2806,44.98386],[93.27854,44.9852],[93.2742,44.98649],[93.27053,44.98703],[93.26348,44.98846],[93.2565,44.99001],[93.25226,44.99036],[93.24839,44.99144],[93.23997,44.99287],[93.23196,44.99456],[93.22583,44.99625],[93.22045,44.99747],[93.21572,44.99875],[93.21252,44.99936],[93.21041,45.00011],[93.20661,45.00071],[93.20623,45.00172],[93.18933,45.00517],[93.18298,45.0073],[93.17401,45.00928],[93.13434,45.01019],[93.13434,45.01019],[93.13434,45.01019],[93.11918,45.00663],[93.09166,45.00546],[93.07254,45.00869],[93.05896,45.01234],[93.05346,45.01334],[93.04261,45.01401],[93.04261,45.01401],[93.04261,45.01401],[93.03472,45.01376],[93.02539,45.01325],[93.01311,45.01176],[93.00369,45.00895],[93.00302,45.00874],[93.00011,45.00819],[92.99461,45.00628],[92.98853,45.00289],[92.98537,45.00091],[92.98288,45.00057],[92.98039,45.00157],[92.97874,45.00323],[92.97759,45.00604],[92.97741,45.00819],[92.97543,45.01168],[92.9726,45.01399],[92.96913,45.01565],[92.96318,45.01665],[92.95555,45.01698],[92.95555,45.01698],[92.95554,45.01698],[92.92878,45.01657],[92.9258,45.01855],[92.92364,45.02237],[92.92265,45.02617],[92.92283,45.02916],[92.92332,45.03098],[92.92331,45.03247],[92.92232,45.03364],[92.91983,45.03379],[92.91819,45.03413],[92.9162,45.03546],[92.91189,45.03578],[92.90891,45.03629],[92.90891,45.03629],[92.90891,45.03629],[92.90891,45.03629],[92.90517,45.03587],[92.9027,45.03603],[92.90086,45.03703],[92.8992,45.03952],[92.89688,45.04117],[92.89425,45.04183],[92.89158,45.04316],[92.88876,45.04432],[92.8848,45.04515],[92.8848,45.04515],[92.8848,45.04515],[92.8848,45.04515],[92.88065,45.04482],[92.87667,45.04382],[92.87335,45.0425],[92.86928,45.04126],[92.86714,45.04142],[92.86448,45.04208],[92.86202,45.04292],[92.85986,45.04341],[92.85986,45.04341],[92.85986,45.04341],[92.85986,45.04341],[92.85671,45.04325],[92.85304,45.04225],[92.84792,45.04126],[92.84194,45.04109],[92.83533,45.04043],[92.8262,45.04026],[92.81304,45.04068],[92.80808,45.04167],[92.80276,45.043],[92.79632,45.04382],[92.78869,45.04482],[92.78272,45.04598],[92.77857,45.04614],[92.77857,45.04614],[92.77856,45.04614],[92.77483,45.04557],[92.77254,45.04457],[92.76922,45.04324],[92.76374,45.04192],[92.75712,45.04142],[92.7495,45.04109],[92.74437,45.04159],[92.74436,45.04159],[92.74436,45.04159],[92.74436,45.04159],[92.7407,45.04126],[92.73749,45.04051],[92.73532,45.03935],[92.73233,45.03769],[92.72422,45.03471],[92.71461,45.03139],[92.70633,45.02874],[92.70408,45.028],[92.69929,45.0275],[92.69349,45.02684],[92.68886,45.02667],[92.68272,45.02617],[92.67693,45.02469],[92.67127,45.02385],[92.66673,45.02311],[92.66175,45.02245],[92.65562,45.02179],[92.65182,45.02179],[92.65182,45.02179],[92.64751,45.02096],[92.64271,45.02063],[92.63656,45.01963],[92.62746,45.01946],[92.61345,45.02087],[92.61344,45.02087],[92.61344,45.02087],[92.61344,45.02087],[92.60947,45.02054],[92.60551,45.01955],[92.60052,45.01806],[92.59258,45.01707],[92.58528,45.01573],[92.58157,45.01483],[92.57891,45.01599],[92.57426,45.01715],[92.57012,45.01765],[92.57012,45.01765],[92.57012,45.01765],[92.57011,45.01765],[92.56448,45.01682],[92.55769,45.01548],[92.55039,45.01532],[92.54395,45.01499],[92.53739,45.01375],[92.53175,45.01242],[92.52695,45.0101],[92.51868,45.00645],[92.5117,45.00447],[92.50259,45.00182],[92.49173,44.99875],[92.48644,44.99809],[92.47269,44.99859],[92.46409,44.99975],[92.4553,45.0029],[92.44693,45.00812],[92.44429,45.00895],[92.42471,45.01242],[92.41463,45.01474],[92.40822,45.01532],[92.40822,45.01532],[92.40822,45.01532],[92.40822,45.01532],[92.39846,45.01483],[92.38338,45.013],[92.38338,45.013],[92.37028,45.01168],[92.37028,45.01168],[92.34965,45.0101],[92.34965,45.0101],[92.34056,45.00911],[92.32316,45.01657],[92.3055,45.02377],[92.30549,45.02377],[92.30549,45.02377],[92.30549,45.02377],[92.28444,45.01996],[92.26351,45.01624],[92.24677,45.01922],[92.24677,45.01922],[92.24677,45.01922],[92.24677,45.01922],[92.23168,45.01143],[92.19216,45.02858],[92.16374,45.04059],[92.12323,45.05742],[92.08486,45.0739],[92.04254,45.07697],[92.03681,45.07782],[92.0368,45.07782],[92.0368,45.07782],[92.0368,45.07782],[92.03533,45.07777],[91.90721,45.07743],[91.83023,45.07934],[91.814,45.07972],[91.80358,45.07996],[91.80055,45.08241],[91.75688,45.11569],[91.7596,45.16116],[91.69813,45.25036],[91.65306,45.34973],[91.74955,45.43061],[91.79779,45.47964],[92.09855,45.55418],[92.57843,45.60643],[92.57843,45.60643],[92.72971,45.58751],[93.13731,45.56476],[93.42542,45.5278],[93.83515,45.51995],[93.76705,45.4198],[93.69177,45.32831],[93.70149,45.17303],[93.55185,45.09021]]]]}},{"type":"Feature","properties":{"name":"Дорнод Монгол","type":"Дархан цаазат газар"},"geometry":{"type":"Polygon","coordinates":[[[118.29878,46.84793],[118.40678,46.78278],[118.4448,46.74702],[118.37564,46.75058],[118.24522,46.74971],[118.13673,46.70815],[117.95696,46.62197],[117.80544,46.55621],[117.70305,46.56513],[117.67835,46.59558],[117.57327,46.63389],[117.47666,46.62645],[117.39084,46.59191],[117.36624,46.5124],[117.32114,46.41985],[117.25505,46.39324],[117.02132,46.40137],[116.82734,46.40968],[116.71935,46.37209],[116.5927,46.3279],[116.47395,46.24161],[116.35496,46.14156],[116.30488,46.11617],[116.23669,46.17494],[116.17377,46.24679],[116.13557,46.29711],[116.1274,46.3271],[116.14582,46.3765],[116.14436,46.41433],[116.11197,46.44688],[116.11346,46.47583],[116.17615,46.55649],[116.22399,46.59248],[116.30285,46.61142],[116.45815,46.59459],[116.58009,46.59494],[116.7216,46.62554],[117.06572,46.72049],[117.32837,46.82406],[117.4042,46.82723],[117.47623,46.80505],[117.61386,46.78534],[117.86899,46.80453],[118.12866,46.83981],[118.24669,46.85958],[118.29878,46.84793]]]}},{"type":"Feature","properties":{"name":"Нөмрөг","type":"Дархан цаазат газар"},"geometry":{"type":"Polygon","coordinates":[[[118.96545,47.29052],[119.07044,47.23257],[119.17851,47.23282],[119.4311,47.27536],[119.4801,47.32681],[119.48022,47.32638],[119.48044,47.32606],[119.48072,47.32599],[119.4811,47.32608],[119.48202,47.32617],[119.48236,47.32608],[119.48261,47.32587],[119.48268,47.32544],[119.48259,47.32478],[119.48282,47.32394],[119.48275,47.32346],[119.48247,47.32291],[119.48247,47.32268],[119.48266,47.32247],[119.48316,47.32245],[119.48368,47.32259],[119.48419,47.32284],[119.48446,47.32316],[119.48462,47.32362],[119.4846,47.32409],[119.4848,47.32437],[119.48528,47.32473],[119.48581,47.32489],[119.48624,47.32485],[119.48663,47.32464],[119.48701,47.32432],[119.48704,47.32409],[119.48695,47.32387],[119.48617,47.32341],[119.48601,47.32323],[119.48601,47.32298],[119.48633,47.32277],[119.4872,47.32252],[119.48811,47.32227],[119.48888,47.322],[119.48936,47.32195],[119.48975,47.32206],[119.49,47.32225],[119.49014,47.32254],[119.49005,47.32298],[119.48998,47.32384],[119.49019,47.32416],[119.49046,47.3243],[119.49085,47.32435],[119.4916,47.32407],[119.49215,47.32366],[119.49247,47.32316],[119.49285,47.32277],[119.49329,47.3225],[119.49384,47.3225],[119.49459,47.32277],[119.49474,47.3229],[119.49509,47.3232],[119.49546,47.32371],[119.49575,47.32423],[119.49609,47.32451],[119.4963,47.3248],[119.49637,47.3251],[119.49625,47.3254],[119.4963,47.3256],[119.49657,47.32581],[119.49705,47.32603],[119.49751,47.32619],[119.49826,47.32624],[119.49913,47.32581],[119.49952,47.3254],[119.49952,47.32517],[119.4992,47.32457],[119.49901,47.32398],[119.49892,47.32327],[119.49901,47.32275],[119.49913,47.32241],[119.49945,47.3222],[119.49991,47.32216],[119.50052,47.32232],[119.50082,47.32261],[119.50082,47.32284],[119.50059,47.32325],[119.50063,47.32346],[119.50109,47.32373],[119.50164,47.32389],[119.50253,47.32396],[119.50344,47.32409],[119.50394,47.32416],[119.50419,47.32416],[119.50495,47.32387],[119.50568,47.32352],[119.50584,47.32332],[119.50595,47.32302],[119.50581,47.32273],[119.50568,47.32245],[119.50529,47.32222],[119.5046,47.322],[119.50399,47.32191],[119.50326,47.32179],[119.50269,47.32159],[119.50257,47.32138],[119.50264,47.3212],[119.50298,47.32095],[119.50353,47.32067],[119.50422,47.32047],[119.50511,47.32019],[119.50563,47.3199],[119.50584,47.31985],[119.50602,47.31994],[119.50631,47.32035],[119.50654,47.32083],[119.50682,47.32097],[119.50739,47.32108],[119.50793,47.32117],[119.50855,47.32115],[119.50944,47.32081],[119.51031,47.32029],[119.51083,47.3201],[119.5112,47.32001],[119.51202,47.31994],[119.51261,47.31983],[119.5135,47.31944],[119.51391,47.31903],[119.51419,47.31867],[119.51457,47.31803],[119.51462,47.31764],[119.5148,47.31736],[119.51482,47.31718],[119.51469,47.31652],[119.51464,47.31622],[119.51405,47.31467],[119.51405,47.31444],[119.51423,47.31433],[119.51451,47.31422],[119.51476,47.31426],[119.51499,47.31442],[119.5153,47.31481],[119.51555,47.31504],[119.51583,47.31538],[119.51656,47.3159],[119.51681,47.31618],[119.51702,47.31652],[119.51727,47.31668],[119.518,47.31686],[119.51873,47.31736],[119.51934,47.31775],[119.51957,47.31782],[119.51991,47.31782],[119.52021,47.31759],[119.52041,47.31716],[119.52039,47.31691],[119.52009,47.31638],[119.51955,47.31611],[119.51914,47.31595],[119.51857,47.316],[119.51795,47.31593],[119.51752,47.31572],[119.51729,47.31552],[119.51724,47.31531],[119.51738,47.31474],[119.51747,47.31426],[119.51772,47.31351],[119.51786,47.31333],[119.51823,47.31312],[119.51852,47.31305],[119.51886,47.31312],[119.51909,47.31326],[119.51934,47.31351],[119.51953,47.3139],[119.51966,47.31422],[119.51994,47.31438],[119.52028,47.3146],[119.52098,47.31463],[119.52135,47.31476],[119.52181,47.31504],[119.52201,47.31513],[119.52249,47.31502],[119.52267,47.31492],[119.52279,47.31469],[119.52274,47.31435],[119.52263,47.31412],[119.52217,47.31376],[119.52174,47.31353],[119.52112,47.31333],[119.52092,47.31319],[119.52073,47.31294],[119.52064,47.3126],[119.52073,47.31203],[119.52096,47.31166],[119.52124,47.31146],[119.52171,47.31134],[119.52219,47.31141],[119.52274,47.31157],[119.5232,47.31159],[119.52336,47.31155],[119.52359,47.31136],[119.52359,47.31118],[119.5234,47.31075],[119.52343,47.31059],[119.52391,47.30995],[119.52395,47.30981],[119.52386,47.30942],[119.52352,47.30924],[119.52286,47.30895],[119.52265,47.30892],[119.52224,47.30885],[119.52162,47.30874],[119.52128,47.30874],[119.52076,47.30899],[119.52062,47.30922],[119.52069,47.30947],[119.52103,47.30972],[119.52153,47.30988],[119.52181,47.3099],[119.52217,47.31004],[119.52235,47.31029],[119.52226,47.31057],[119.52188,47.31084],[119.52126,47.31104],[119.52037,47.31098],[119.51991,47.31066],[119.51978,47.31038],[119.51978,47.31036],[119.51978,47.31004],[119.51975,47.30986],[119.51943,47.30965],[119.51886,47.30959],[119.51829,47.30968],[119.51806,47.3099],[119.51797,47.31006],[119.51813,47.31043],[119.51813,47.31066],[119.51793,47.31084],[119.51749,47.31095],[119.51708,47.31091],[119.51676,47.31075],[119.51649,47.31041],[119.51629,47.30997],[119.51638,47.30952],[119.51654,47.30926],[119.51674,47.30874],[119.51683,47.30815],[119.51702,47.30792],[119.51734,47.30776],[119.51765,47.30778],[119.5182,47.30778],[119.519,47.3079],[119.51941,47.30792],[119.51975,47.30774],[119.51994,47.30739],[119.52012,47.30707],[119.52023,47.3068],[119.52026,47.306],[119.52037,47.30545],[119.52062,47.30463],[119.52062,47.30441],[119.52048,47.30415],[119.52016,47.3039],[119.51953,47.30354],[119.51941,47.30333],[119.51941,47.30308],[119.51962,47.30283],[119.52003,47.3026],[119.52039,47.30258],[119.52057,47.30286],[119.52041,47.30324],[119.52051,47.30356],[119.52073,47.3037],[119.52103,47.30374],[119.52133,47.30349],[119.52126,47.30315],[119.52156,47.30288],[119.52213,47.30267],[119.52256,47.30272],[119.52277,47.30288],[119.5226,47.30361],[119.52265,47.30374],[119.52302,47.30397],[119.5234,47.30399],[119.52452,47.30374],[119.5253,47.30386],[119.526,47.30399],[119.52696,47.30452],[119.52769,47.30484],[119.5277,47.30484],[119.5279,47.305],[119.52787,47.30521],[119.52765,47.30545],[119.52712,47.30573],[119.52694,47.30587],[119.52689,47.30609],[119.52701,47.30628],[119.52783,47.30623],[119.52817,47.30648],[119.52831,47.30673],[119.52847,47.30705],[119.52872,47.30728],[119.52911,47.30742],[119.5294,47.30746],[119.52959,47.30739],[119.52979,47.30701],[119.53016,47.30669],[119.5313,47.30632],[119.53166,47.30614],[119.53187,47.30582],[119.53182,47.30541],[119.53189,47.30502],[119.53155,47.30418],[119.53095,47.30374],[119.53009,47.30333],[119.52947,47.30315],[119.52914,47.30303],[119.52842,47.30276],[119.52826,47.3026],[119.52822,47.30228],[119.5284,47.30203],[119.52892,47.30167],[119.52959,47.30134],[119.53012,47.3012],[119.5308,47.30095],[119.53088,47.30093],[119.53144,47.30069],[119.5319,47.30043],[119.5325,47.30004],[119.53283,47.2999],[119.53337,47.29987],[119.53378,47.29983],[119.53414,47.29989],[119.53506,47.30032],[119.53555,47.30051],[119.53605,47.30086],[119.53611,47.30113],[119.536,47.30141],[119.536,47.30169],[119.53585,47.3019],[119.53579,47.30223],[119.53598,47.30246],[119.53643,47.3027],[119.53694,47.3027],[119.53761,47.30272],[119.53804,47.30282],[119.53836,47.30284],[119.53921,47.30265],[119.53973,47.30246],[119.54033,47.30199],[119.54048,47.30173],[119.54035,47.30152],[119.539,47.30098],[119.53881,47.30081],[119.53885,47.3006],[119.53924,47.30025],[119.53964,47.30019],[119.54035,47.30053],[119.54084,47.30064],[119.54153,47.30055],[119.54191,47.3006],[119.54253,47.3006],[119.54298,47.30047],[119.54354,47.29998],[119.54401,47.2997],[119.54431,47.29978],[119.54433,47.30004],[119.54407,47.30055],[119.54412,47.30094],[119.54433,47.30105],[119.54465,47.30096],[119.54502,47.30053],[119.54534,47.30028],[119.54583,47.30023],[119.54621,47.30045],[119.5466,47.3009],[119.54698,47.30111],[119.54756,47.30115],[119.54801,47.30105],[119.54883,47.30079],[119.54923,47.3007],[119.54949,47.30051],[119.54953,47.3003],[119.54927,47.30013],[119.54891,47.29974],[119.54887,47.29955],[119.54908,47.29933],[119.54945,47.29916],[119.54998,47.29899],[119.5506,47.29901],[119.55099,47.29925],[119.55157,47.29978],[119.55159,47.30008],[119.55137,47.30066],[119.55139,47.30096],[119.55148,47.30115],[119.55182,47.30126],[119.55219,47.30126],[119.55266,47.30107],[119.55377,47.30032],[119.55407,47.3],[119.55416,47.29974],[119.55409,47.29942],[119.55384,47.29908],[119.55336,47.29869],[119.55294,47.29818],[119.55238,47.29784],[119.55182,47.29766],[119.55127,47.29741],[119.5509,47.29717],[119.55052,47.2966],[119.55009,47.29606],[119.55009,47.29591],[119.5502,47.29563],[119.55047,47.29544],[119.55086,47.29537],[119.55122,47.29557],[119.55172,47.29576],[119.55222,47.29578],[119.55269,47.29568],[119.55313,47.29546],[119.55331,47.2952],[119.5533,47.29495],[119.55303,47.29475],[119.55257,47.29464],[119.55218,47.29459],[119.55172,47.29435],[119.55147,47.29404],[119.55135,47.29374],[119.55132,47.29331],[119.55136,47.2929],[119.55151,47.29251],[119.55189,47.29201],[119.55218,47.29175],[119.55261,47.29155],[119.55316,47.29144],[119.55345,47.29132],[119.55371,47.29105],[119.5538,47.29082],[119.55375,47.29054],[119.55352,47.29026],[119.55327,47.29013],[119.55296,47.29012],[119.55211,47.29045],[119.55163,47.29052],[119.55092,47.29038],[119.55051,47.29008],[119.55023,47.28978],[119.55006,47.2895],[119.54999,47.28925],[119.55016,47.28902],[119.55058,47.28865],[119.55083,47.28818],[119.55112,47.28784],[119.55125,47.28757],[119.55123,47.28693],[119.55113,47.28652],[119.5509,47.28599],[119.5509,47.2858],[119.55107,47.2855],[119.55137,47.28531],[119.55179,47.28531],[119.55211,47.2856],[119.5524,47.28595],[119.55264,47.28611],[119.55297,47.28613],[119.55317,47.28609],[119.55376,47.28567],[119.55426,47.28541],[119.55466,47.28537],[119.55492,47.28543],[119.55506,47.28565],[119.55512,47.28622],[119.55506,47.28647],[119.55508,47.28666],[119.55528,47.28678],[119.55557,47.28687],[119.55589,47.28687],[119.55608,47.28679],[119.55624,47.2866],[119.55638,47.28631],[119.55655,47.28603],[119.55684,47.28583],[119.55728,47.28557],[119.55777,47.28539],[119.55808,47.28536],[119.55834,47.28542],[119.55883,47.28566],[119.55907,47.2857],[119.55929,47.28569],[119.55951,47.28553],[119.55962,47.28531],[119.55962,47.28506],[119.55967,47.2848],[119.55962,47.28466],[119.55917,47.28435],[119.5589,47.28428],[119.5577,47.28413],[119.55744,47.28406],[119.55723,47.28397],[119.55675,47.28349],[119.55642,47.28332],[119.55617,47.28328],[119.55593,47.28332],[119.55518,47.28364],[119.5545,47.28387],[119.55403,47.28393],[119.55318,47.28389],[119.55264,47.28373],[119.55236,47.28355],[119.55232,47.28338],[119.55239,47.28317],[119.55256,47.28301],[119.55282,47.28291],[119.55337,47.28292],[119.5538,47.283],[119.55418,47.28295],[119.55444,47.2828],[119.55464,47.2825],[119.55472,47.28206],[119.5549,47.2815],[119.55492,47.28095],[119.55507,47.28067],[119.55534,47.2805],[119.55556,47.28051],[119.55592,47.28044],[119.55647,47.28043],[119.55678,47.28054],[119.55699,47.28071],[119.55716,47.28107],[119.55725,47.28132],[119.55742,47.28144],[119.558,47.28164],[119.55842,47.28189],[119.55857,47.28213],[119.55857,47.28236],[119.55847,47.28265],[119.55835,47.28292],[119.55836,47.28308],[119.55852,47.28325],[119.55874,47.28338],[119.55894,47.28341],[119.55918,47.28338],[119.55936,47.28327],[119.55965,47.28272],[119.55983,47.2826],[119.56016,47.28251],[119.5608,47.28233],[119.56117,47.28216],[119.56126,47.28203],[119.56123,47.28188],[119.56097,47.28168],[119.5607,47.28145],[119.56059,47.28127],[119.56057,47.28104],[119.56065,47.2809],[119.561,47.28065],[119.56116,47.28046],[119.56122,47.28023],[119.56123,47.27999],[119.56112,47.27959],[119.56087,47.2792],[119.56057,47.27883],[119.5603,47.27857],[119.55988,47.27841],[119.55959,47.27824],[119.55947,47.27801],[119.55947,47.27785],[119.55957,47.27772],[119.55991,47.27756],[119.56049,47.2774],[119.5607,47.27725],[119.5607,47.27706],[119.56067,47.27685],[119.56048,47.27669],[119.56026,47.27657],[119.55989,47.2765],[119.55948,47.27657],[119.55893,47.27681],[119.55864,47.27701],[119.5585,47.27726],[119.55855,47.2775],[119.5586,47.27785],[119.55857,47.278],[119.55846,47.27815],[119.55829,47.27826],[119.55776,47.27842],[119.55742,47.27844],[119.55704,47.27827],[119.55674,47.27806],[119.55655,47.27775],[119.55647,47.27735],[119.55636,47.27713],[119.55563,47.27661],[119.55494,47.27618],[119.55449,47.27603],[119.55424,47.27595],[119.55396,47.27597],[119.55362,47.27614],[119.55342,47.27637],[119.55333,47.27656],[119.5534,47.2767],[119.55399,47.2772],[119.55441,47.27766],[119.55462,47.27785],[119.55469,47.27812],[119.55457,47.2783],[119.55425,47.27853],[119.55397,47.27856],[119.5537,47.27864],[119.55349,47.27861],[119.55287,47.27834],[119.5526,47.27819],[119.55243,47.27817],[119.55222,47.27825],[119.55209,47.27842],[119.55207,47.2786],[119.5522,47.27876],[119.55225,47.27897],[119.5522,47.27912],[119.55204,47.27927],[119.55167,47.2794],[119.55124,47.27953],[119.55093,47.27961],[119.55053,47.27961],[119.55019,47.27948],[119.55006,47.27933],[119.54999,47.27916],[119.54995,47.27891],[119.54983,47.27876],[119.54964,47.27866],[119.54936,47.27859],[119.54896,47.27862],[119.54857,47.27868],[119.54855,47.27868],[119.54808,47.27854],[119.54788,47.27837],[119.54781,47.27824],[119.54781,47.27797],[119.54791,47.27775],[119.54815,47.27761],[119.5486,47.2774],[119.54907,47.27729],[119.54944,47.27707],[119.54964,47.27691],[119.54974,47.27673],[119.54976,47.27638],[119.54983,47.27592],[119.54993,47.2757],[119.55013,47.27546],[119.55039,47.27521],[119.55081,47.27497],[119.55119,47.27486],[119.55165,47.27481],[119.55264,47.2747],[119.55295,47.27469],[119.55388,47.27459],[119.55428,47.27447],[119.55459,47.27444],[119.55475,47.27441],[119.55554,47.27405],[119.55574,47.27391],[119.55582,47.27371],[119.55572,47.2736],[119.55543,47.27349],[119.55494,47.27335],[119.55468,47.27315],[119.55458,47.27289],[119.55471,47.27261],[119.55508,47.27238],[119.55557,47.27222],[119.55612,47.27219],[119.55657,47.2723],[119.55678,47.27246],[119.55682,47.27271],[119.55671,47.27285],[119.5566,47.27319],[119.55654,47.27357],[119.55646,47.27391],[119.5561,47.2742],[119.55585,47.2745],[119.55577,47.2747],[119.55584,47.27483],[119.556,47.27504],[119.55624,47.27517],[119.55664,47.27525],[119.55708,47.27526],[119.55755,47.27512],[119.55788,47.27493],[119.55821,47.27452],[119.55851,47.27415],[119.55883,47.27393],[119.55914,47.27382],[119.55974,47.27368],[119.56007,47.27359],[119.56036,47.27343],[119.56071,47.27321],[119.56089,47.27288],[119.56104,47.27261],[119.56117,47.27233],[119.56113,47.27202],[119.56081,47.27162],[119.56081,47.27145],[119.56084,47.27135],[119.56109,47.2712],[119.56152,47.27096],[119.56172,47.27075],[119.56173,47.27061],[119.56156,47.27034],[119.56128,47.27016],[119.56108,47.27009],[119.56071,47.27011],[119.56007,47.27022],[119.55991,47.27017],[119.55977,47.27005],[119.55973,47.26986],[119.55973,47.26966],[119.55982,47.26939],[119.56011,47.26894],[119.56037,47.2682],[119.56052,47.26787],[119.5605,47.26764],[119.56041,47.26746],[119.56016,47.26714],[119.55989,47.26697],[119.55973,47.26688],[119.55965,47.26689],[119.5594,47.2669],[119.55905,47.26696],[119.55872,47.26688],[119.55826,47.26666],[119.55746,47.26623],[119.55699,47.26582],[119.55667,47.26543],[119.55654,47.26513],[119.55652,47.26487],[119.55655,47.26469],[119.55704,47.26421],[119.5572,47.26396],[119.55721,47.26379],[119.5571,47.26366],[119.55695,47.26358],[119.55677,47.26359],[119.55628,47.26367],[119.55597,47.26366],[119.5556,47.26354],[119.55535,47.26335],[119.55516,47.26307],[119.55515,47.26289],[119.5553,47.26265],[119.55554,47.26258],[119.55577,47.26267],[119.55603,47.26292],[119.55618,47.26298],[119.55641,47.26295],[119.55679,47.2627],[119.55687,47.26253],[119.55682,47.26193],[119.55693,47.26176],[119.55731,47.26157],[119.55755,47.26139],[119.55764,47.26122],[119.5576,47.26101],[119.5574,47.26091],[119.55716,47.26083],[119.55638,47.26085],[119.55603,47.26071],[119.55564,47.26036],[119.5554,47.26],[119.55531,47.25973],[119.55537,47.25942],[119.55555,47.25922],[119.55585,47.25901],[119.55619,47.259],[119.55674,47.25898],[119.55728,47.25891],[119.55767,47.25877],[119.55792,47.25845],[119.55814,47.25822],[119.55839,47.25776],[119.55838,47.25713],[119.55818,47.25669],[119.55789,47.25639],[119.55759,47.25627],[119.55717,47.2563],[119.55667,47.25645],[119.55635,47.25655],[119.55595,47.25654],[119.55568,47.25649],[119.55507,47.25628],[119.55479,47.25623],[119.55444,47.2563],[119.55426,47.25638],[119.55401,47.2566],[119.55371,47.25692],[119.55343,47.25704],[119.5532,47.25707],[119.55284,47.25703],[119.55239,47.25704],[119.55157,47.25673],[119.55136,47.25669],[119.55081,47.25681],[119.55059,47.25684],[119.55012,47.25675],[119.54983,47.25658],[119.54974,47.25644],[119.54969,47.25623],[119.54977,47.25601],[119.54993,47.25583],[119.55041,47.25544],[119.55062,47.25513],[119.55071,47.25491],[119.55085,47.25444],[119.55087,47.25407],[119.55099,47.25377],[119.55125,47.25344],[119.55153,47.25317],[119.5518,47.25299],[119.55209,47.25288],[119.5525,47.25283],[119.55271,47.25286],[119.55294,47.25302],[119.553,47.25329],[119.5531,47.25353],[119.55329,47.25369],[119.55348,47.25379],[119.55378,47.25377],[119.55434,47.25357],[119.55481,47.25332],[119.55504,47.25322],[119.55539,47.25299],[119.55599,47.25253],[119.55622,47.25227],[119.5563,47.25188],[119.55637,47.25169],[119.55663,47.25149],[119.557,47.25121],[119.55722,47.25099],[119.55733,47.25072],[119.55742,47.25036],[119.55736,47.25003],[119.55723,47.24951],[119.55727,47.24896],[119.55742,47.24866],[119.5577,47.24836],[119.55782,47.24817],[119.55783,47.2479],[119.55768,47.24759],[119.55767,47.24723],[119.55776,47.24709],[119.5579,47.24702],[119.55813,47.24684],[119.55851,47.2466],[119.5588,47.24654],[119.55897,47.24645],[119.55938,47.24642],[119.55968,47.24637],[119.56015,47.24635],[119.56088,47.24639],[119.56177,47.24647],[119.56244,47.24653],[119.56301,47.24661],[119.56335,47.24671],[119.56349,47.24672],[119.5639,47.24672],[119.56436,47.24671],[119.56487,47.24658],[119.56529,47.24649],[119.56556,47.24651],[119.5663,47.24669],[119.56653,47.24675],[119.56676,47.24671],[119.56709,47.24645],[119.56736,47.24627],[119.56762,47.24616],[119.56782,47.24619],[119.56818,47.24635],[119.56849,47.24639],[119.56882,47.24632],[119.56909,47.24608],[119.56925,47.24583],[119.56923,47.24543],[119.56925,47.24519],[119.56961,47.24526],[119.5698,47.24542],[119.56994,47.24545],[119.57015,47.24541],[119.57038,47.24549],[119.57064,47.24558],[119.57085,47.24558],[119.57095,47.24552],[119.57094,47.2454],[119.57105,47.24531],[119.57125,47.24531],[119.57132,47.24526],[119.57131,47.24518],[119.57124,47.24503],[119.57129,47.24498],[119.57143,47.245],[119.57152,47.24494],[119.57155,47.24487],[119.57147,47.24477],[119.57151,47.24466],[119.57165,47.2446],[119.57199,47.24455],[119.57223,47.24461],[119.57247,47.24465],[119.57262,47.24458],[119.57295,47.2442],[119.57295,47.24406],[119.57283,47.24394],[119.57261,47.24381],[119.57257,47.2437],[119.57263,47.2436],[119.57278,47.24355],[119.57296,47.24355],[119.57314,47.24364],[119.57382,47.2438],[119.57393,47.24387],[119.57393,47.24409],[119.57403,47.24413],[119.57416,47.24413],[119.57436,47.24403],[119.57459,47.24404],[119.57482,47.24398],[119.5751,47.24397],[119.57553,47.24409],[119.57565,47.24425],[119.57566,47.24437],[119.57566,47.24486],[119.57584,47.24503],[119.57598,47.24511],[119.57614,47.24511],[119.57626,47.24498],[119.57642,47.24494],[119.57668,47.24501],[119.57691,47.24501],[119.57707,47.24495],[119.57722,47.24481],[119.57724,47.24457],[119.5774,47.24451],[119.57755,47.24451],[119.57765,47.24458],[119.5778,47.24458],[119.57781,47.24466],[119.57774,47.24478],[119.57775,47.24494],[119.57786,47.24507],[119.57804,47.24514],[119.57841,47.24515],[119.57857,47.24526],[119.57875,47.24533],[119.57889,47.24533],[119.57939,47.24503],[119.57955,47.24503],[119.57984,47.24525],[119.58005,47.24538],[119.58025,47.24545],[119.58044,47.24546],[119.58058,47.24533],[119.58061,47.24498],[119.58055,47.24453],[119.58057,47.24444],[119.5807,47.24433],[119.58088,47.2442],[119.58103,47.24418],[119.58117,47.24423],[119.58135,47.24435],[119.58152,47.24464],[119.58165,47.24485],[119.58178,47.24491],[119.58194,47.24489],[119.58205,47.24481],[119.58211,47.24466],[119.58219,47.24456],[119.58236,47.24456],[119.58254,47.24466],[119.58261,47.24479],[119.58257,47.24498],[119.58261,47.2452],[119.5827,47.24551],[119.58291,47.24588],[119.58324,47.24625],[119.58372,47.24665],[119.58403,47.24682],[119.58426,47.24682],[119.58441,47.24678],[119.58449,47.24669],[119.58453,47.24652],[119.58444,47.24641],[119.58444,47.24628],[119.58456,47.24622],[119.58479,47.2462],[119.58533,47.24646],[119.58556,47.24654],[119.58571,47.24653],[119.58601,47.24622],[119.58616,47.24622],[119.58643,47.24633],[119.58665,47.24649],[119.58683,47.24661],[119.58692,47.24662],[119.5871,47.24663],[119.5873,47.24653],[119.58745,47.24637],[119.58748,47.24633],[119.58753,47.24617],[119.58771,47.24592],[119.58788,47.2458],[119.58824,47.24582],[119.58841,47.24588],[119.58853,47.24586],[119.58867,47.24586],[119.58891,47.24598],[119.58903,47.24598],[119.58916,47.2459],[119.58929,47.2459],[119.58934,47.24599],[119.58941,47.24605],[119.58955,47.24607],[119.58981,47.2461],[119.59011,47.24615],[119.59029,47.24626],[119.59057,47.24627],[119.59073,47.24638],[119.59075,47.24657],[119.59088,47.24685],[119.59109,47.24722],[119.59142,47.24755],[119.59161,47.24764],[119.59184,47.24765],[119.59208,47.24758],[119.59244,47.24737],[119.59267,47.24705],[119.5929,47.24687],[119.59313,47.24674],[119.59335,47.2466],[119.59363,47.24658],[119.5941,47.24674],[119.59443,47.24675],[119.59465,47.24671],[119.59492,47.24653],[119.59508,47.24646],[119.59558,47.24644],[119.59588,47.24649],[119.59624,47.2467],[119.59655,47.24673],[119.59704,47.24688],[119.59727,47.24689],[119.59748,47.24683],[119.59767,47.24679],[119.59822,47.24643],[119.59841,47.24639],[119.59866,47.24657],[119.59868,47.24673],[119.59855,47.24686],[119.5986,47.24692],[119.59878,47.24693],[119.59887,47.24702],[119.59896,47.24706],[119.59914,47.24706],[119.59941,47.24677],[119.59957,47.2467],[119.59979,47.24675],[119.59993,47.24702],[119.60005,47.24717],[119.60027,47.24731],[119.60053,47.24733],[119.60075,47.24752],[119.60094,47.24756],[119.60121,47.24739],[119.60156,47.24707],[119.60171,47.24696],[119.60194,47.24696],[119.60217,47.24709],[119.60224,47.2473],[119.60237,47.24739],[119.60254,47.24742],[119.60273,47.24736],[119.60322,47.24709],[119.60341,47.24706],[119.60356,47.24711],[119.60378,47.24736],[119.60387,47.24747],[119.60403,47.24747],[119.60432,47.24732],[119.60448,47.24726],[119.60465,47.24726],[119.60495,47.24743],[119.60507,47.24748],[119.60541,47.24746],[119.60556,47.24737],[119.60565,47.24727],[119.60576,47.24706],[119.60595,47.24696],[119.60627,47.24696],[119.60645,47.24689],[119.60665,47.24669],[119.60675,47.24662],[119.60688,47.24663],[119.60704,47.24671],[119.60713,47.24668],[119.60725,47.24651],[119.60732,47.24645],[119.60745,47.24647],[119.60753,47.24657],[119.60768,47.2467],[119.60789,47.24687],[119.60822,47.24717],[119.60845,47.24728],[119.60865,47.24734],[119.60895,47.24732],[119.60959,47.2472],[119.6098,47.24707],[119.60992,47.24702],[119.61021,47.24714],[119.61041,47.24714],[119.61069,47.24694],[119.61079,47.24694],[119.61103,47.24699],[119.61129,47.24699],[119.6116,47.24692],[119.61179,47.24691],[119.61208,47.24678],[119.61257,47.24642],[119.61283,47.24633],[119.61303,47.24631],[119.61333,47.24642],[119.61373,47.24657],[119.6139,47.24661],[119.61415,47.24661],[119.61442,47.24649],[119.61456,47.24653],[119.61465,47.24667],[119.61477,47.24672],[119.61497,47.24674],[119.61519,47.2467],[119.6154,47.24674],[119.6155,47.24675],[119.61564,47.24668],[119.61569,47.24655],[119.61569,47.24638],[119.61563,47.24617],[119.61567,47.24607],[119.6158,47.24598],[119.61605,47.24599],[119.61616,47.24597],[119.61643,47.24578],[119.61691,47.24574],[119.61702,47.2458],[119.61713,47.24587],[119.61725,47.24583],[119.61731,47.24572],[119.61733,47.24545],[119.61741,47.24536],[119.61766,47.24533],[119.61776,47.24525],[119.61777,47.24509],[119.6179,47.24501],[119.61804,47.24508],[119.61814,47.24518],[119.61836,47.24516],[119.61864,47.24535],[119.61895,47.24551],[119.61906,47.24573],[119.61924,47.24582],[119.61941,47.24576],[119.61955,47.24578],[119.61982,47.24577],[119.62005,47.24574],[119.62061,47.24544],[119.6209,47.2454],[119.62112,47.24543],[119.62139,47.24544],[119.62152,47.24535],[119.62153,47.24521],[119.62157,47.24514],[119.62183,47.24505],[119.62199,47.24497],[119.62203,47.24478],[119.62204,47.24467],[119.62185,47.2445],[119.62182,47.24445],[119.62193,47.24432],[119.62208,47.24426],[119.62232,47.24427],[119.62261,47.24442],[119.62285,47.24459],[119.62301,47.24467],[119.6231,47.24475],[119.62313,47.245],[119.62323,47.24509],[119.62335,47.24509],[119.62344,47.24502],[119.62349,47.24491],[119.62347,47.24475],[119.62356,47.24471],[119.62379,47.24482],[119.6239,47.24481],[119.62396,47.24475],[119.62396,47.24445],[119.62394,47.24415],[119.62381,47.24399],[119.62359,47.24387],[119.62352,47.24379],[119.62357,47.24369],[119.62383,47.24356],[119.62397,47.24344],[119.6241,47.24344],[119.62426,47.24358],[119.62447,47.24373],[119.62468,47.2438],[119.62487,47.24381],[119.625,47.24371],[119.62496,47.24361],[119.62456,47.24328],[119.62444,47.24302],[119.62429,47.24287],[119.62396,47.24276],[119.62392,47.2427],[119.62403,47.24257],[119.62429,47.24246],[119.62454,47.24248],[119.62462,47.24252],[119.62454,47.24263],[119.62454,47.24271],[119.62476,47.24282],[119.62498,47.24287],[119.62507,47.24284],[119.6251,47.24275],[119.62493,47.2426],[119.62491,47.24246],[119.62505,47.24217],[119.6252,47.24205],[119.62547,47.24194],[119.62572,47.24185],[119.62581,47.24178],[119.62576,47.24169],[119.62537,47.24144],[119.62537,47.24133],[119.62551,47.24126],[119.6257,47.24124],[119.62585,47.24115],[119.62601,47.24112],[119.62612,47.24118],[119.62634,47.24135],[119.62648,47.24144],[119.62671,47.24146],[119.62706,47.24148],[119.62724,47.2414],[119.6273,47.24126],[119.62742,47.24115],[119.62767,47.24115],[119.62788,47.24121],[119.62812,47.24136],[119.62852,47.24142],[119.62863,47.2415],[119.62864,47.24165],[119.62869,47.24176],[119.62881,47.24177],[119.62899,47.24168],[119.62907,47.24156],[119.62916,47.24136],[119.62916,47.24116],[119.62928,47.24102],[119.62927,47.24089],[119.62919,47.24086],[119.62901,47.24093],[119.62889,47.24094],[119.62881,47.24087],[119.62881,47.24077],[119.6289,47.24069],[119.62922,47.24066],[119.62936,47.24062],[119.62941,47.24051],[119.62936,47.24033],[119.62941,47.24027],[119.62941,47.24027],[119.62954,47.24023],[119.62999,47.24018],[119.63003,47.24018],[119.63018,47.24021],[119.63029,47.24039],[119.63037,47.2405],[119.63047,47.2405],[119.6306,47.24048],[119.63066,47.24036],[119.63064,47.24015],[119.63067,47.24009],[119.63068,47.24005],[119.63079,47.24002],[119.63083,47.24003],[119.63104,47.24012],[119.63114,47.2403],[119.6312,47.24052],[119.63135,47.24061],[119.63157,47.24066],[119.63181,47.24059],[119.632,47.2405],[119.63202,47.24038],[119.632,47.24027],[119.63181,47.24012],[119.63166,47.24001],[119.63162,47.23992],[119.63163,47.23986],[119.63188,47.23975],[119.63196,47.23962],[119.63193,47.23951],[119.63183,47.23943],[119.63177,47.23939],[119.63176,47.23928],[119.63184,47.23922],[119.63203,47.23919],[119.63212,47.23913],[119.63216,47.23897],[119.63243,47.23882],[119.63256,47.23875],[119.63257,47.23866],[119.63247,47.23855],[119.63228,47.23842],[119.63204,47.23833],[119.63186,47.23826],[119.63178,47.23815],[119.63173,47.2377],[119.63184,47.23763],[119.63204,47.23763],[119.63216,47.2376],[119.63224,47.23749],[119.63224,47.23744],[119.63216,47.23737],[119.63198,47.23735],[119.63184,47.23732],[119.6318,47.23726],[119.63184,47.23716],[119.63204,47.23704],[119.63215,47.23694],[119.63228,47.23687],[119.63247,47.23692],[119.63255,47.2369],[119.63258,47.23679],[119.63267,47.23676],[119.63282,47.23683],[119.63306,47.23692],[119.63319,47.23697],[119.63336,47.23688],[119.63333,47.23672],[119.63342,47.23662],[119.63353,47.2366],[119.63376,47.23671],[119.63403,47.23682],[119.63418,47.23682],[119.63434,47.23675],[119.63461,47.23671],[119.63475,47.2366],[119.63488,47.23657],[119.63512,47.23669],[119.63543,47.23667],[119.63569,47.23654],[119.63584,47.23653],[119.63598,47.23667],[119.63609,47.23675],[119.63622,47.23677],[119.63625,47.23678],[119.63635,47.2367],[119.63635,47.23669],[119.63639,47.23658],[119.63639,47.23639],[119.63656,47.2362],[119.6367,47.23617],[119.63682,47.23619],[119.63684,47.23635],[119.63685,47.23638],[119.63688,47.23645],[119.63705,47.23647],[119.63717,47.23664],[119.63726,47.23668],[119.63746,47.23668],[119.63757,47.23653],[119.63757,47.23639],[119.63762,47.23622],[119.63762,47.23615],[119.63746,47.23614],[119.63736,47.23608],[119.63735,47.23607],[119.63735,47.23601],[119.63745,47.23592],[119.63769,47.23584],[119.63779,47.23582],[119.63803,47.23577],[119.63814,47.23569],[119.63822,47.23556],[119.6384,47.23555],[119.63866,47.2355],[119.6388,47.23551],[119.63908,47.23573],[119.6391,47.23588],[119.63905,47.23601],[119.63905,47.23613],[119.63921,47.23633],[119.63935,47.2364],[119.63966,47.23639],[119.63982,47.23625],[119.63991,47.23622],[119.64001,47.23625],[119.64009,47.23625],[119.64018,47.23617],[119.64017,47.23607],[119.64005,47.23593],[119.63995,47.23584],[119.63986,47.23585],[119.63968,47.236],[119.63958,47.23595],[119.63956,47.23589],[119.63959,47.23581],[119.63987,47.23556],[119.64005,47.23551],[119.64021,47.23559],[119.6403,47.23559],[119.64043,47.23555],[119.64055,47.23545],[119.64057,47.23535],[119.64049,47.23516],[119.64053,47.23508],[119.64064,47.23506],[119.64073,47.23501],[119.64075,47.23494],[119.64068,47.23482],[119.64067,47.23473],[119.64071,47.23462],[119.64087,47.2345],[119.6411,47.23442],[119.64125,47.23432],[119.64121,47.23426],[119.6412,47.23414],[119.64135,47.23401],[119.64156,47.23395],[119.64182,47.23396],[119.642,47.23406],[119.64222,47.23413],[119.64226,47.2343],[119.64215,47.23446],[119.6422,47.23459],[119.64234,47.23469],[119.64248,47.23469],[119.64256,47.23478],[119.64268,47.23488],[119.64277,47.23488],[119.64322,47.23459],[119.64339,47.23438],[119.64355,47.23428],[119.64357,47.2342],[119.64352,47.23412],[119.64335,47.23407],[119.64321,47.23409],[119.64309,47.23415],[119.64294,47.23411],[119.64285,47.23401],[119.64288,47.23392],[119.64304,47.2338],[119.64302,47.23369],[119.64285,47.23364],[119.64285,47.23355],[119.64294,47.23347],[119.64308,47.2334],[119.64325,47.23344],[119.64339,47.23345],[119.64353,47.2335],[119.64361,47.23366],[119.64372,47.23371],[119.64386,47.23366],[119.644,47.23366],[119.64407,47.23363],[119.64412,47.23349],[119.64411,47.23328],[119.64421,47.23314],[119.64428,47.23298],[119.64441,47.23287],[119.6446,47.23281],[119.64475,47.23273],[119.6448,47.23268],[119.64475,47.2326],[119.64462,47.23258],[119.64446,47.23262],[119.6443,47.23262],[119.644,47.23249],[119.64386,47.2324],[119.64382,47.2323],[119.64385,47.23221],[119.64404,47.23217],[119.64413,47.23203],[119.64434,47.23187],[119.64435,47.23185],[119.64436,47.23179],[119.64433,47.23169],[119.64415,47.23148],[119.644,47.23142],[119.64391,47.2313],[119.64392,47.23121],[119.64411,47.23104],[119.64428,47.23094],[119.64445,47.23092],[119.6446,47.23097],[119.64477,47.23097],[119.64486,47.2309],[119.64497,47.23085],[119.64498,47.23081],[119.64495,47.23069],[119.6445,47.23036],[119.64439,47.23026],[119.64441,47.23018],[119.64452,47.2301],[119.64455,47.22999],[119.64463,47.22992],[119.64476,47.22995],[119.64486,47.23],[119.64499,47.23],[119.64511,47.22994],[119.64523,47.2298],[119.64538,47.2297],[119.6456,47.22967],[119.64575,47.22967],[119.64591,47.22958],[119.64603,47.22956],[119.64614,47.22965],[119.64616,47.22977],[119.64621,47.22986],[119.64629,47.22993],[119.64643,47.22992],[119.64648,47.2298],[119.64658,47.22976],[119.64685,47.22972],[119.64692,47.22973],[119.64693,47.22986],[119.64699,47.2299],[119.64721,47.22993],[119.64736,47.22996],[119.64747,47.2299],[119.64755,47.22991],[119.64763,47.22992],[119.64777,47.22998],[119.64789,47.23007],[119.64805,47.23009],[119.64823,47.23004],[119.64853,47.22982],[119.64866,47.22979],[119.64878,47.22986],[119.64893,47.22996],[119.649,47.22997],[119.64909,47.22994],[119.64909,47.22984],[119.649,47.22964],[119.64902,47.22948],[119.6491,47.22933],[119.64925,47.22918],[119.64942,47.22916],[119.64956,47.2292],[119.64978,47.22911],[119.64993,47.22907],[119.65018,47.22911],[119.65036,47.22911],[119.65056,47.22902],[119.65076,47.22902],[119.65088,47.22892],[119.65106,47.22883],[119.65123,47.22875],[119.65123,47.22867],[119.65099,47.22854],[119.65098,47.22848],[119.65103,47.22842],[119.65154,47.22828],[119.65184,47.2282],[119.65206,47.22808],[119.65226,47.22809],[119.65238,47.22818],[119.65252,47.22822],[119.65263,47.2282],[119.65277,47.228],[119.65293,47.22798],[119.65294,47.22788],[119.65283,47.22773],[119.65272,47.22763],[119.65246,47.2276],[119.65235,47.22744],[119.65213,47.22726],[119.65201,47.22721],[119.65188,47.22716],[119.65176,47.22697],[119.65181,47.22688],[119.65201,47.22688],[119.65224,47.22704],[119.65225,47.22706],[119.65245,47.22729],[119.65257,47.22731],[119.65269,47.22722],[119.65268,47.22716],[119.65249,47.22709],[119.65246,47.22702],[119.65251,47.22696],[119.65269,47.22693],[119.65281,47.22688],[119.65291,47.2268],[119.6529,47.22667],[119.65277,47.22656],[119.65261,47.2265],[119.65236,47.22649],[119.65236,47.22643],[119.65247,47.22632],[119.65282,47.22625],[119.65316,47.22628],[119.65332,47.22632],[119.65336,47.22639],[119.65342,47.22648],[119.65347,47.22653],[119.6537,47.22658],[119.65383,47.22667],[119.65391,47.22667],[119.65402,47.22665],[119.65406,47.22656],[119.65402,47.22649],[119.65389,47.22645],[119.65387,47.22638],[119.65394,47.22632],[119.65418,47.2263],[119.65435,47.22622],[119.65435,47.22609],[119.65439,47.226],[119.65451,47.22602],[119.65458,47.22612],[119.65467,47.22622],[119.65479,47.22629],[119.65489,47.22619],[119.65498,47.22603],[119.65498,47.22577],[119.65489,47.22562],[119.65477,47.22554],[119.65471,47.2255],[119.65464,47.22544],[119.65466,47.22534],[119.65475,47.22531],[119.65496,47.22531],[119.65506,47.22536],[119.65511,47.22538],[119.65528,47.22535],[119.65531,47.22528],[119.65539,47.22519],[119.65553,47.2251],[119.65553,47.22507],[119.65553,47.22495],[119.65536,47.22477],[119.65536,47.22471],[119.65546,47.22466],[119.65559,47.22468],[119.65571,47.22467],[119.65584,47.22463],[119.65597,47.22446],[119.65612,47.2243],[119.65612,47.22423],[119.65606,47.22411],[119.65604,47.22404],[119.65612,47.22397],[119.65626,47.22398],[119.6564,47.22407],[119.65644,47.22427],[119.65651,47.2244],[119.65657,47.22445],[119.65661,47.22447],[119.65678,47.22446],[119.65696,47.22449],[119.65709,47.22449],[119.65716,47.22442],[119.65715,47.22433],[119.65703,47.22424],[119.657,47.22418],[119.65699,47.22418],[119.65706,47.2241],[119.65717,47.22407],[119.65729,47.22409],[119.65739,47.22409],[119.65754,47.22405],[119.65767,47.22406],[119.65777,47.22406],[119.65796,47.22393],[119.65809,47.2238],[119.65821,47.2238],[119.6583,47.22393],[119.65834,47.22417],[119.6584,47.22423],[119.65851,47.22423],[119.65857,47.22411],[119.65863,47.22387],[119.65874,47.22373],[119.65874,47.22357],[119.65868,47.2235],[119.65853,47.22343],[119.65846,47.22332],[119.65847,47.22323],[119.65848,47.22319],[119.65855,47.22305],[119.65854,47.22292],[119.65837,47.2228],[119.65837,47.22272],[119.65851,47.22266],[119.65853,47.22261],[119.65847,47.22254],[119.65831,47.22245],[119.65831,47.22236],[119.65841,47.2223],[119.65846,47.22222],[119.65838,47.22185],[119.65844,47.22176],[119.65853,47.22177],[119.65866,47.22179],[119.65872,47.22169],[119.6587,47.22156],[119.65871,47.22145],[119.6588,47.2214],[119.65893,47.22145],[119.65903,47.2215],[119.65913,47.22147],[119.6592,47.22135],[119.65927,47.2213],[119.65946,47.22136],[119.65963,47.22144],[119.65976,47.22142],[119.6598,47.22136],[119.65979,47.22114],[119.65985,47.22101],[119.66,47.22085],[119.66026,47.22062],[119.66044,47.22044],[119.66062,47.22029],[119.66101,47.22021],[119.66147,47.22031],[119.66162,47.22028],[119.66162,47.22019],[119.66149,47.22004],[119.66135,47.21989],[119.66135,47.21977],[119.66144,47.2197],[119.66158,47.21968],[119.66183,47.21976],[119.66209,47.21979],[119.66228,47.21988],[119.66256,47.21987],[119.66269,47.2198],[119.66269,47.21973],[119.66264,47.21959],[119.66264,47.21948],[119.66273,47.21938],[119.66294,47.21935],[119.66323,47.21952],[119.66333,47.21954],[119.66346,47.21951],[119.66349,47.21942],[119.66337,47.21931],[119.6634,47.21916],[119.66359,47.2191],[119.66384,47.21909],[119.66398,47.21924],[119.6641,47.21942],[119.66416,47.21942],[119.66424,47.21943],[119.66432,47.21937],[119.66432,47.21931],[119.6643,47.21903],[119.66431,47.21861],[119.66436,47.21853],[119.66446,47.21852],[119.66479,47.21851],[119.66489,47.21843],[119.66498,47.21831],[119.66492,47.2181],[119.66492,47.21805],[119.66512,47.21791],[119.66516,47.21784],[119.66508,47.21771],[119.66457,47.21752],[119.66443,47.21742],[119.66446,47.21733],[119.66474,47.21724],[119.66509,47.2171],[119.66522,47.21693],[119.66517,47.21672],[119.66519,47.21638],[119.66537,47.21623],[119.66555,47.21622],[119.66571,47.21616],[119.66593,47.21586],[119.66611,47.21579],[119.66634,47.21576],[119.66653,47.21578],[119.66678,47.21591],[119.66693,47.21592],[119.66709,47.21574],[119.66732,47.21555],[119.6676,47.21533],[119.6676,47.21521],[119.66746,47.21504],[119.66727,47.21489],[119.66726,47.21476],[119.66733,47.21469],[119.66752,47.21471],[119.66766,47.21468],[119.66776,47.21453],[119.66776,47.21423],[119.66802,47.21394],[119.66829,47.21369],[119.66831,47.21351],[119.66842,47.21329],[119.66877,47.21307],[119.66902,47.21303],[119.66921,47.21305],[119.66938,47.21317],[119.6694,47.21343],[119.66947,47.21348],[119.66964,47.21344],[119.6697,47.21344],[119.66982,47.21346],[119.66996,47.21341],[119.67019,47.21321],[119.67019,47.21297],[119.67028,47.21285],[119.6706,47.21278],[119.67089,47.21279],[119.67117,47.21295],[119.6713,47.21298],[119.67142,47.21294],[119.67143,47.21285],[119.67137,47.21271],[119.67142,47.21257],[119.67169,47.21244],[119.6719,47.21251],[119.67192,47.21269],[119.67204,47.21283],[119.67205,47.21295],[119.67194,47.21308],[119.67198,47.21317],[119.67215,47.21315],[119.67225,47.21317],[119.67242,47.21313],[119.67265,47.21313],[119.67276,47.21296],[119.67297,47.21292],[119.67328,47.21271],[119.67338,47.21261],[119.67339,47.21238],[119.67348,47.21225],[119.67366,47.21219],[119.67403,47.21226],[119.67417,47.21225],[119.67429,47.21211],[119.67429,47.21199],[119.67413,47.21188],[119.67403,47.21156],[119.6741,47.21148],[119.67429,47.21147],[119.67447,47.21162],[119.67462,47.21172],[119.67476,47.21173],[119.67491,47.21165],[119.67499,47.21144],[119.67511,47.21132],[119.67528,47.21129],[119.67544,47.21133],[119.67571,47.21135],[119.6759,47.21133],[119.67618,47.21123],[119.67653,47.21123],[119.67659,47.2112],[119.6767,47.21102],[119.67702,47.21087],[119.67724,47.21062],[119.67738,47.21025],[119.67738,47.21011],[119.67721,47.20999],[119.67714,47.20987],[119.67689,47.20979],[119.67684,47.20968],[119.67686,47.20955],[119.67687,47.20934],[119.67664,47.2092],[119.67652,47.20913],[119.67625,47.20907],[119.67621,47.20895],[119.67626,47.20885],[119.67648,47.20874],[119.67668,47.20873],[119.67685,47.20887],[119.67695,47.20891],[119.67702,47.20883],[119.67702,47.20861],[119.67712,47.20845],[119.67718,47.20829],[119.67732,47.20824],[119.67747,47.20819],[119.6779,47.20785],[119.67826,47.20763],[119.67866,47.20749],[119.67887,47.2074],[119.67913,47.20739],[119.6793,47.20735],[119.67943,47.20722],[119.67951,47.20703],[119.67966,47.20698],[119.67976,47.20687],[119.67976,47.20672],[119.68024,47.20645],[119.68065,47.20621],[119.68088,47.20616],[119.68109,47.20625],[119.68121,47.2064],[119.68135,47.20642],[119.68145,47.20635],[119.68153,47.20625],[119.68148,47.20613],[119.68137,47.20604],[119.68146,47.20592],[119.68164,47.20586],[119.6819,47.20586],[119.68219,47.20588],[119.6824,47.20579],[119.68253,47.2058],[119.6826,47.20593],[119.68263,47.20626],[119.68269,47.20635],[119.68285,47.2063],[119.68301,47.20607],[119.68337,47.20585],[119.68361,47.20578],[119.68383,47.20582],[119.68407,47.20583],[119.6842,47.20576],[119.68435,47.20577],[119.68453,47.20581],[119.6848,47.20567],[119.68492,47.20557],[119.68492,47.20544],[119.685,47.20538],[119.68515,47.20534],[119.68536,47.20537],[119.68562,47.20538],[119.68593,47.20531],[119.68607,47.2052],[119.68623,47.20515],[119.68656,47.20504],[119.68676,47.20491],[119.68679,47.20483],[119.68672,47.20469],[119.68671,47.20463],[119.68687,47.20452],[119.68721,47.20435],[119.68744,47.20435],[119.68764,47.20431],[119.68788,47.20412],[119.68795,47.20397],[119.68811,47.20391],[119.68829,47.20393],[119.68846,47.20405],[119.68857,47.20405],[119.68865,47.204],[119.68867,47.20381],[119.68881,47.20367],[119.68899,47.20351],[119.68903,47.20341],[119.68896,47.2033],[119.68895,47.2032],[119.68904,47.2031],[119.68931,47.20301],[119.68942,47.20283],[119.68951,47.20274],[119.68977,47.20266],[119.68987,47.20252],[119.68984,47.20232],[119.68975,47.20222],[119.68947,47.20211],[119.68941,47.202],[119.68941,47.20177],[119.6895,47.20161],[119.68971,47.20148],[119.68989,47.20149],[119.69007,47.20149],[119.69014,47.20137],[119.69023,47.20128],[119.69042,47.20121],[119.69048,47.20107],[119.69048,47.20087],[119.6906,47.20074],[119.69083,47.2007],[119.69109,47.20074],[119.69123,47.20075],[119.6915,47.20069],[119.69173,47.20067],[119.69189,47.20074],[119.69205,47.20076],[119.69212,47.20068],[119.69212,47.20058],[119.69195,47.20047],[119.6919,47.20036],[119.69196,47.20029],[119.69217,47.20026],[119.69263,47.2003],[119.69293,47.2004],[119.69296,47.20059],[119.69287,47.20083],[119.69291,47.20091],[119.693,47.20091],[119.6931,47.20075],[119.69321,47.20069],[119.69335,47.20075],[119.69343,47.20072],[119.69345,47.20061],[119.69357,47.20054],[119.69374,47.20061],[119.69433,47.20055],[119.69471,47.20037],[119.69491,47.20037],[119.69513,47.20052],[119.69519,47.20056],[119.69547,47.20056],[119.69566,47.20047],[119.69585,47.20028],[119.69585,47.20009],[119.69585,47.20007],[119.69592,47.2],[119.696,47.20001],[119.69606,47.20002],[119.69622,47.20012],[119.69634,47.20008],[119.69651,47.19982],[119.69675,47.19957],[119.69677,47.19946],[119.69667,47.1993],[119.69666,47.1992],[119.69678,47.19903],[119.69693,47.19882],[119.69707,47.19879],[119.69731,47.19886],[119.69748,47.19882],[119.69767,47.19857],[119.69778,47.19847],[119.69794,47.19845],[119.69822,47.19857],[119.69842,47.19857],[119.69857,47.19841],[119.69867,47.19837],[119.69879,47.19837],[119.69883,47.19837],[119.69893,47.19845],[119.69901,47.19849],[119.69911,47.19843],[119.6992,47.19823],[119.69934,47.19808],[119.69953,47.198],[119.7,47.19801],[119.70051,47.19812],[119.70061,47.19822],[119.70071,47.19844],[119.70076,47.19854],[119.70091,47.19854],[119.70113,47.19837],[119.70122,47.19819],[119.70142,47.19799],[119.70168,47.19784],[119.70181,47.19774],[119.70181,47.19745],[119.70194,47.19719],[119.70219,47.19697],[119.70231,47.19697],[119.70254,47.19719],[119.70267,47.19728],[119.70281,47.19727],[119.70286,47.19712],[119.70281,47.19689],[119.70265,47.19672],[119.70271,47.19663],[119.70288,47.1966],[119.70314,47.19662],[119.70337,47.1968],[119.70349,47.1968],[119.70374,47.19667],[119.70392,47.19648],[119.70392,47.19639],[119.70369,47.19621],[119.70369,47.1961],[119.7039,47.19592],[119.70441,47.19553],[119.70462,47.19543],[119.70489,47.19543],[119.7055,47.19556],[119.70569,47.19557],[119.70581,47.19551],[119.70592,47.19531],[119.70593,47.19523],[119.70589,47.19513],[119.70557,47.19493],[119.70559,47.19485],[119.70573,47.19477],[119.70605,47.19477],[119.70624,47.19477],[119.70661,47.19452],[119.70737,47.19407],[119.70763,47.19401],[119.70774,47.1941],[119.7079,47.19423],[119.70811,47.19423],[119.70847,47.19408],[119.7089,47.19394],[119.70958,47.19158],[119.71366,47.17791],[119.71714,47.16622],[119.73161,47.15286],[119.75603,47.13028],[119.7835,47.0872],[119.78627,47.08285],[119.79625,47.0672],[119.80147,47.05758],[119.79699,47.05443],[119.79661,47.05417],[119.79128,47.04889],[119.7909,47.04811],[119.79009,47.04743],[119.7892,47.04658],[119.78851,47.04589],[119.78797,47.04578],[119.78826,47.04504],[119.78903,47.04393],[119.79035,47.04205],[119.7921,47.03975],[119.79278,47.03902],[119.79304,47.03902],[119.79342,47.03887],[119.79361,47.03872],[119.79366,47.0384],[119.79361,47.03778],[119.794,47.03721],[119.79447,47.03659],[119.79487,47.03584],[119.79492,47.03546],[119.79475,47.03494],[119.79464,47.03441],[119.79438,47.03411],[119.7937,47.03369],[119.79259,47.03315],[119.79244,47.03305],[119.79157,47.0326],[119.79103,47.03243],[119.7908,47.03226],[119.79048,47.032],[119.79005,47.03162],[119.78956,47.0313],[119.78896,47.03098],[119.78824,47.0304],[119.78775,47.02997],[119.78704,47.02948],[119.78659,47.02916],[119.78632,47.02869],[119.78625,47.02842],[119.78632,47.02803],[119.78647,47.02731],[119.78647,47.02701],[119.78636,47.02669],[119.78621,47.0265],[119.78559,47.02628],[119.78517,47.02617],[119.78503,47.02544],[119.78518,47.02507],[119.7853,47.02458],[119.78555,47.02405],[119.78602,47.0234],[119.78636,47.02272],[119.78685,47.02219],[119.78769,47.02154],[119.78855,47.02067],[119.78982,47.01962],[119.79125,47.01842],[119.7927,47.01715],[119.79331,47.017],[119.79338,47.01653],[119.79357,47.01616],[119.79382,47.01557],[119.79388,47.01511],[119.79378,47.01461],[119.79351,47.01393],[119.79345,47.01356],[119.79357,47.01303],[119.79388,47.01235],[119.7944,47.0113],[119.79546,47.01009],[119.79648,47.00925],[119.79769,47.00833],[119.79911,47.0074],[119.80103,47.00616],[119.80189,47.00542],[119.80239,47.00489],[119.8031,47.00393],[119.80369,47.00328],[119.80421,47.00241],[119.8049,47.00105],[119.80613,46.99848],[119.80756,46.99579],[119.80783,46.99511],[119.81808,46.98294],[119.82578,46.97817],[119.82742,46.97769],[119.83178,46.97645],[119.83224,46.976],[119.83244,46.97564],[119.83268,46.97512],[119.83303,46.97438],[119.83377,46.9728],[119.83402,46.97232],[119.83441,46.97177],[119.83452,46.97156],[119.83447,46.97136],[119.83448,46.97114],[119.83459,46.97099],[119.83475,46.9708],[119.83481,46.97051],[119.83503,46.96993],[119.83571,46.9691],[119.83625,46.96843],[119.83648,46.96812],[119.83688,46.96792],[119.8377,46.96761],[119.83821,46.96736],[119.83885,46.96685],[119.83907,46.96656],[119.83962,46.96613],[119.84016,46.96597],[119.84097,46.96569],[119.84168,46.96538],[119.84211,46.96521],[119.84272,46.96509],[119.84321,46.96504],[119.84403,46.96494],[119.84456,46.9649],[119.84487,46.96487],[119.84549,46.96463],[119.84637,46.96458],[119.84705,46.9645],[119.84753,46.96452],[119.8483,46.96472],[119.84942,46.965],[119.85098,46.9652],[119.85127,46.96523],[119.85189,46.96507],[119.85237,46.96504],[119.85299,46.96504],[119.8534,46.96513],[119.85408,46.96528],[119.85466,46.96532],[119.85573,46.96529],[119.85708,46.96517],[119.85754,46.96509],[119.85825,46.9649],[119.85862,46.96494],[119.85962,46.96507],[119.86037,46.96503],[119.86084,46.96489],[119.86143,46.9647],[119.86214,46.96464],[119.86334,46.96439],[119.86396,46.96415],[119.86477,46.96377],[119.86539,46.96374],[119.86581,46.96392],[119.86486,46.96019],[119.86525,46.95839],[119.86794,46.95542],[119.85623,46.9456],[119.84847,46.93911],[119.85517,46.92008],[119.8762,46.91433],[119.87706,46.91408],[119.88485,46.91196],[119.91114,46.90481],[119.91636,46.90344],[119.92006,46.90247],[119.92075,46.90256],[119.92086,46.90256],[119.92083,46.90233],[119.91219,46.89775],[119.90897,46.89236],[119.90097,46.879],[119.90283,46.87311],[119.89903,46.86553],[119.90339,46.85931],[119.909,46.85158],[119.91482,46.84984],[119.91967,46.84839],[119.92594,46.84964],[119.93153,46.84761],[119.92161,46.8422],[119.91975,46.83856],[119.91971,46.83543],[119.91964,46.8302],[119.92211,46.82481],[119.92158,46.82144],[119.92547,46.81844],[119.92586,46.81814],[119.92894,46.80725],[119.93153,46.79875],[119.93033,46.787],[119.92633,46.78428],[119.92617,46.78606],[119.92503,46.78639],[119.92463,46.78561],[119.92361,46.78361],[119.92437,46.78284],[119.92592,46.78128],[119.92542,46.77945],[119.92026,46.77695],[119.91847,46.77608],[119.91406,46.77175],[119.90975,46.76789],[119.90389,46.76533],[119.90384,46.76398],[119.904,46.76353],[119.9043,46.76337],[119.90462,46.76312],[119.90475,46.76288],[119.90503,46.76245],[119.90537,46.76223],[119.90586,46.7618],[119.90622,46.76132],[119.90673,46.76058],[119.90708,46.76028],[119.90719,46.75999],[119.9063,46.75982],[119.90595,46.75969],[119.9048,46.75942],[119.90464,46.75932],[119.90462,46.75918],[119.90449,46.75899],[119.90429,46.75893],[119.90378,46.75893],[119.90349,46.75882],[119.90337,46.75864],[119.90322,46.75847],[119.90268,46.75794],[119.90259,46.7578],[119.90254,46.75742],[119.90235,46.75702],[119.90218,46.75675],[119.90178,46.75653],[119.90167,46.75631],[119.90167,46.75613],[119.90178,46.75591],[119.90168,46.75561],[119.90156,46.75537],[119.90165,46.75515],[119.90186,46.75491],[119.90229,46.75468],[119.90284,46.75444],[119.9033,46.75409],[119.90365,46.75374],[119.90399,46.75356],[119.90416,46.75347],[119.90445,46.75313],[119.90484,46.75288],[119.90553,46.75261],[119.90573,46.75244],[119.90584,46.75218],[119.90594,46.75206],[119.90626,46.75185],[119.90665,46.7518],[119.90708,46.75164],[119.90718,46.75153],[119.90729,46.75118],[119.90743,46.75082],[119.9076,46.75061],[119.90794,46.75031],[119.90845,46.74999],[119.90864,46.74977],[119.90864,46.74956],[119.9087,46.74941],[119.90865,46.74882],[119.9087,46.74858],[119.90886,46.74842],[119.90921,46.74813],[119.90937,46.74795],[119.90949,46.74775],[119.90949,46.7475],[119.90968,46.74699],[119.90989,46.74652],[119.91007,46.74623],[119.91061,46.74572],[119.91073,46.74552],[119.91081,46.74523],[119.91086,46.74487],[119.91083,46.74453],[119.91092,46.74437],[119.91138,46.74398],[119.9117,46.74374],[119.91184,46.74352],[119.91197,46.74325],[119.91189,46.74274],[119.91194,46.74248],[119.91211,46.74217],[119.91235,46.74179],[119.9127,46.74136],[119.91295,46.74099],[119.91304,46.74058],[119.91329,46.74028],[119.91372,46.7398],[119.91426,46.73907],[119.91467,46.73841],[119.91486,46.7379],[119.91495,46.73733],[119.91499,46.73685],[119.91499,46.73615],[119.91505,46.73555],[119.91786,46.72814],[119.92348,46.72514],[119.92989,46.72172],[119.92992,46.71956],[119.92678,46.71458],[119.92544,46.71175],[119.92395,46.70781],[119.92233,46.70486],[119.91895,46.70136],[119.91554,46.69752],[119.91547,46.69745],[119.91108,46.69272],[119.90906,46.69233],[119.9065,46.689],[119.90672,46.68211],[119.90661,46.68178],[119.90358,46.67233],[119.90367,46.66658],[119.90397,46.66611],[119.9033,46.66599],[119.90226,46.66608],[119.90156,46.66608],[119.89941,46.66595],[119.8982,46.66571],[119.89731,46.66513],[119.89663,46.66465],[119.89621,46.66452],[119.89413,46.6642],[119.89232,46.66381],[119.89179,46.66374],[119.89046,46.6635],[119.89011,46.66361],[119.87406,46.66447],[119.87369,46.66467],[119.87314,46.66524],[119.87256,46.66564],[119.87166,46.66613],[119.87051,46.66677],[119.86894,46.66741],[119.86806,46.66773],[119.86742,46.66796],[119.86706,46.66822],[119.86649,46.66823],[119.86494,46.66862],[119.86373,46.66882],[119.86247,46.66896],[119.86171,46.66889],[119.86047,46.66857],[119.86023,46.66851],[119.85926,46.66827],[119.85875,46.66825],[119.85831,46.668],[119.85789,46.66781],[119.85743,46.66781],[119.85656,46.66798],[119.8555,46.66847],[119.85466,46.66902],[119.8542,46.66952],[119.85413,46.6696],[119.85308,46.67057],[119.85029,46.67053],[119.84973,46.67075],[119.84882,46.67093],[119.84802,46.67106],[119.84678,46.67119],[119.84561,46.67129],[119.8447,46.67142],[119.84338,46.6716],[119.84252,46.6715],[119.84169,46.67156],[119.84112,46.6716],[119.84045,46.67181],[119.83967,46.67215],[119.83858,46.67233],[119.83801,46.67228],[119.8376,46.6721],[119.83756,46.67205],[119.83729,46.67171],[119.83695,46.67088],[119.83651,46.67],[119.8363,46.66971],[119.83607,46.66953],[119.83511,46.66951],[119.83412,46.66969],[119.83364,46.66989],[119.83301,46.66958],[119.83241,46.66948],[119.83156,46.6693],[119.83091,46.6693],[119.83008,46.66956],[119.82917,46.66995],[119.82845,46.67039],[119.82681,46.67145],[119.82487,46.67267],[119.82381,46.67324],[119.8231,46.67365],[119.8223,46.67412],[119.8208,46.67503],[119.81896,46.67573],[119.81753,46.67614],[119.81536,46.67656],[119.81432,46.67682],[119.81271,46.67723],[119.81079,46.67798],[119.80934,46.67858],[119.80843,46.67904],[119.80753,46.67949],[119.80633,46.68032],[119.80506,46.68112],[119.80385,46.68166],[119.80265,46.68208],[119.80141,46.68249],[119.80086,46.68252],[119.8005,46.68275],[119.80037,46.68223],[119.80045,46.68205],[119.80071,46.68138],[119.80258,46.67697],[119.80283,46.67635],[119.80307,46.67557],[119.80307,46.6744],[119.80327,46.67389],[119.8035,46.67371],[119.80356,46.67367],[119.80372,46.67277],[119.80426,46.67184],[119.80545,46.67023],[119.80574,46.66987],[119.80595,46.66932],[119.80639,46.66821],[119.80652,46.66759],[119.80678,46.66733],[119.80631,46.66686],[119.80587,46.66639],[119.80553,46.6659],[119.80478,46.66538],[119.80449,46.66494],[119.80408,46.66448],[119.80372,46.66383],[119.80354,46.6631],[119.80361,46.66251],[119.80361,46.66183],[119.80325,46.66066],[119.80299,46.66028],[119.80185,46.65844],[119.80079,46.65652],[119.80053,46.65618],[119.80016,46.65571],[119.79954,46.65551],[119.79914,46.65544],[119.7979,46.65416],[119.79664,46.65286],[119.79627,46.65204],[119.79422,46.64753],[119.79147,46.646],[119.78967,46.645],[119.78597,46.64164],[119.78539,46.6412],[119.78451,46.64063],[119.78425,46.64011],[119.78425,46.63977],[119.7843,46.63697],[119.78435,46.63438],[119.7843,46.63396],[119.78396,46.63332],[119.78311,46.63228],[119.78077,46.63002],[119.78053,46.62989],[119.77994,46.62945],[119.77935,46.62917],[119.77839,46.62886],[119.77782,46.62849],[119.77681,46.62777],[119.776,46.62696],[119.77504,46.6258],[119.77458,46.62525],[119.77403,46.62484],[119.77349,46.62458],[119.7725,46.62427],[119.7711,46.62383],[119.7703,46.62344],[119.75949,46.61644],[119.75887,46.61613],[119.75832,46.6159],[119.75762,46.61577],[119.75677,46.61582],[119.75612,46.61584],[119.75511,46.616],[119.75456,46.6159],[119.75422,46.61611],[119.75345,46.61566],[119.75257,46.61532],[119.75166,46.61501],[119.75083,46.6146],[119.75034,46.61429],[119.74951,46.61374],[119.74925,46.61335],[119.74865,46.61276],[119.74808,46.61232],[119.74767,46.61214],[119.74705,46.61175],[119.74609,46.61159],[119.74492,46.61154],[119.74241,46.61159],[119.7402,46.61169],[119.73932,46.6118],[119.73892,46.61211],[119.73836,46.61214],[119.73825,46.6122],[119.73787,46.61242],[119.73704,46.61289],[119.73603,46.61343],[119.73543,46.61359],[119.73455,46.6139],[119.73318,46.61424],[119.73219,46.61434],[119.73153,46.61467],[119.71922,46.60875],[119.71887,46.60799],[119.71825,46.60729],[119.71741,46.60591],[119.71713,46.60548],[119.71659,46.60464],[119.7163,46.60392],[119.71576,46.60262],[119.71553,46.60247],[119.71516,46.60197],[119.71451,46.60164],[119.71285,46.60081],[119.71169,46.60021],[119.71104,46.59985],[119.71044,46.59961],[119.70772,46.59801],[119.70731,46.59794],[119.70681,46.59751],[119.70632,46.59728],[119.7058,46.59713],[119.70464,46.59684],[119.70355,46.59684],[119.70093,46.59679],[119.69916,46.59671],[119.69647,46.5964],[119.69517,46.59632],[119.69408,46.59627],[119.69325,46.59643],[119.69266,46.59661],[119.69231,46.597],[119.69086,46.5947],[119.69128,46.59347],[119.69074,46.59298],[119.69022,46.59274],[119.68931,46.5923],[119.68859,46.59176],[119.68804,46.59142],[119.68747,46.59098],[119.68644,46.59015],[119.68589,46.58979],[119.68508,46.58936],[119.68441,46.58899],[119.68392,46.58886],[119.6825,46.58834],[119.68117,46.58759],[119.6799,46.58665],[119.67907,46.58606],[119.67814,46.58569],[119.67767,46.58541],[119.67736,46.58547],[119.67964,46.58819],[119.68067,46.59064],[119.68053,46.59085],[119.68058,46.59121],[119.68055,46.59171],[119.68032,46.59207],[119.68003,46.59233],[119.67923,46.59254],[119.67887,46.59282],[119.67832,46.59339],[119.67806,46.59383],[119.67788,46.59446],[119.67741,46.59534],[119.67674,46.59635],[119.67633,46.59694],[119.67583,46.59757],[119.67542,46.59806],[119.67513,46.5984],[119.67454,46.59925],[119.67438,46.59977],[119.67447,46.60039],[119.67417,46.60057],[119.67412,46.60148],[119.67412,46.60288],[119.67399,46.60369],[119.67394,46.60402],[119.67379,46.60477],[119.67329,46.60586],[119.67278,46.60713],[119.67231,46.60856],[119.67195,46.60926],[119.67109,46.61076],[119.67029,46.6119],[119.66972,46.61278],[119.66927,46.61315],[119.6679,46.61447],[119.66684,46.61556],[119.66653,46.61592],[119.66661,46.61653],[119.66619,46.61657],[119.66601,46.61711],[119.66585,46.61758],[119.66557,46.61794],[119.66502,46.61823],[119.66419,46.61849],[119.66204,46.61916],[119.65945,46.61991],[119.65777,46.62056],[119.65696,46.62086],[119.65533,46.62147],[119.65401,46.62193],[119.65372,46.62204],[119.65248,46.6225],[119.65162,46.62295],[119.65076,46.62333],[119.64913,46.62372],[119.64807,46.62403],[119.64615,46.62419],[119.64488,46.62437],[119.64294,46.62463],[119.64261,46.62489],[119.6419,46.62476],[119.64125,46.62484],[119.63928,46.62494],[119.63679,46.6251],[119.63454,46.62518],[119.6329,46.62507],[119.63253,46.6252],[119.62783,46.62318],[119.62733,46.62297],[119.62666,46.62287],[119.62624,46.62284],[119.62342,46.623],[119.62051,46.6231],[119.61795,46.6232],[119.61767,46.62333],[119.61753,46.62339],[119.61744,46.62332],[119.61701,46.623],[119.61548,46.62214],[119.61323,46.62085],[119.61128,46.61973],[119.61045,46.61934],[119.61003,46.61928],[119.60955,46.61903],[119.60918,46.61898],[119.6082,46.6188],[119.60711,46.61867],[119.60491,46.61846],[119.60382,46.61836],[119.60224,46.61829],[119.60077,46.61836],[119.59999,46.61841],[119.5984,46.61849],[119.59614,46.61856],[119.59505,46.61846],[119.59223,46.61789],[119.59169,46.61795],[119.59092,46.61735],[119.59032,46.61699],[119.58945,46.61629],[119.58883,46.61598],[119.58796,46.61576],[119.58641,46.61525],[119.5854,46.61496],[119.58354,46.61431],[119.58205,46.61383],[119.5815,46.61372],[119.58096,46.61378],[119.58036,46.61398],[119.57954,46.61441],[119.57889,46.61472],[119.57826,46.61528],[119.57785,46.61562],[119.57761,46.6161],[119.57756,46.61649],[119.57763,46.61714],[119.57814,46.61856],[119.57821,46.61899],[119.57809,46.61928],[119.57751,46.61984],[119.57693,46.62042],[119.57618,46.62104],[119.57568,46.62136],[119.57507,46.62158],[119.57404,46.62172],[119.57225,46.62165],[119.57085,46.62158],[119.56902,46.62114],[119.56866,46.62104],[119.56837,46.62117],[119.56791,46.62148],[119.56726,46.62191],[119.56627,46.62249],[119.56557,46.62293],[119.56525,46.62329],[119.56492,46.62384],[119.56468,46.62474],[119.56458,46.62515],[119.56436,46.62536],[119.56385,46.62577],[119.56277,46.62616],[119.56166,46.6264],[119.56043,46.62659],[119.56003,46.62686],[119.55954,46.62691],[119.5593,46.62722],[119.55891,46.62787],[119.55852,46.62867],[119.55809,46.62968],[119.55773,46.63041],[119.557,46.63125],[119.55611,46.63214],[119.55568,46.63243],[119.55531,46.63287],[119.55522,46.6332],[119.55519,46.63398],[119.55531,46.63456],[119.52139,46.63606],[119.51958,46.63572],[119.47956,46.62822],[119.45393,46.63459],[119.43397,46.63956],[119.43309,46.63967],[119.43231,46.63911],[119.39877,46.61831],[119.38111,46.60736],[119.3806,46.60685],[119.37945,46.6061],[119.37851,46.60555],[119.37782,46.60539],[119.37716,46.60521],[119.37613,46.60521],[119.37509,46.60532],[119.37416,46.60541],[119.37359,46.6055],[119.3726,46.60554],[119.37187,46.60543],[119.37123,46.6053],[119.37041,46.60512],[119.3698,46.60484],[119.369,46.60457],[119.36843,46.60429],[119.36814,46.60433],[119.36762,46.60444],[119.36713,46.60535],[119.36662,46.60621],[119.3661,46.607],[119.36556,46.60771],[119.36554,46.60773],[119.3651,46.60814],[119.36426,46.60865],[119.36367,46.60898],[119.3631,46.60927],[119.36232,46.60978],[119.3614,46.61031],[119.3606,46.61084],[119.35961,46.61147],[119.35877,46.61209],[119.35818,46.61238],[119.35772,46.61271],[119.35744,46.61317],[119.35695,46.61322],[119.35635,46.61361],[119.35578,46.61383],[119.3549,46.61421],[119.35415,46.61441],[119.35311,46.61465],[119.35231,46.61493],[119.35148,46.61519],[119.3512,46.61541],[119.35094,46.61573],[119.35063,46.61602],[119.35012,46.61638],[119.34964,46.61671],[119.34864,46.61699],[119.34821,46.61706],[119.34723,46.61727],[119.34642,46.61738],[119.34581,46.61758],[119.34545,46.61768],[119.34493,46.6178],[119.34432,46.61788],[119.34367,46.61784],[119.34296,46.6177],[119.34245,46.6175],[119.34129,46.61679],[119.34082,46.61643],[119.34023,46.61589],[119.33984,46.61541],[119.33955,46.61473],[119.33939,46.61421],[119.33892,46.61314],[119.33853,46.61241],[119.33843,46.61228],[119.3381,46.61186],[119.33774,46.61161],[119.33728,46.6115],[119.33684,46.61136],[119.33511,46.61124],[119.33377,46.61121],[119.33245,46.61116],[119.33072,46.61125],[119.32933,46.6114],[119.32814,46.61145],[119.32733,46.61133],[119.32678,46.6111],[119.32581,46.6105],[119.3255,46.61029],[119.32539,46.61009],[119.32545,46.60985],[119.32581,46.60949],[119.32558,46.60927],[119.32508,46.60933],[119.32444,46.60919],[119.32336,46.60924],[119.32235,46.6094],[119.32137,46.60959],[119.32054,46.60968],[119.31956,46.60989],[119.3186,46.61001],[119.31803,46.60999],[119.3166,46.60959],[119.31576,46.60928],[119.31497,46.60911],[119.31467,46.60908],[119.31396,46.60922],[119.31286,46.60953],[119.31141,46.61004],[119.31031,46.61034],[119.30918,46.61062],[119.30765,46.61094],[119.30659,46.61114],[119.30567,46.61126],[119.30479,46.61136],[119.30429,46.61133],[119.30353,46.61118],[119.30245,46.61076],[119.30162,46.6105],[119.30118,46.61039],[119.3005,46.61032],[119.2997,46.61024],[119.29869,46.61025],[119.29817,46.61047],[119.29778,46.61046],[119.29723,46.61066],[119.29637,46.61098],[119.29556,46.61134],[119.29514,46.61157],[119.29473,46.61197],[119.29427,46.61259],[119.29384,46.61338],[119.29326,46.61437],[119.29267,46.61543],[119.29229,46.61615],[119.29205,46.61662],[119.29171,46.61711],[119.29126,46.61736],[119.29073,46.61751],[119.28975,46.6177],[119.28964,46.61771],[119.28871,46.61787],[119.28747,46.61811],[119.28655,46.61827],[119.28616,46.61841],[119.28572,46.61881],[119.28524,46.61863],[119.28476,46.6187],[119.28427,46.6188],[119.28393,46.61896],[119.28351,46.6193],[119.28292,46.61978],[119.28215,46.62034],[119.28169,46.62061],[119.28128,46.62081],[119.28078,46.62096],[119.2803,46.62102],[119.27961,46.62115],[119.27908,46.62143],[119.27833,46.62201],[119.2776,46.62269],[119.27679,46.62326],[119.27601,46.62389],[119.27529,46.62455],[119.27469,46.62508],[119.27413,46.6256],[119.27361,46.62608],[119.27287,46.62661],[119.27239,46.62678],[119.2715,46.62701],[119.2703,46.62722],[119.2694,46.6274],[119.26824,46.62744],[119.26692,46.62724],[119.26642,46.6272],[119.26588,46.62726],[119.2654,46.62742],[119.26404,46.62785],[119.26303,46.62827],[119.26278,46.62845],[119.26267,46.62865],[119.26262,46.62896],[119.26261,46.62971],[119.26265,46.63013],[119.26283,46.63077],[119.26297,46.63136],[119.26271,46.63145],[119.26252,46.63178],[119.26229,46.63209],[119.26192,46.63251],[119.26156,46.63282],[119.26113,46.63299],[119.26037,46.63329],[119.2598,46.63348],[119.25911,46.63358],[119.25875,46.63375],[119.25853,46.63406],[119.25825,46.63447],[119.25822,46.63469],[119.25818,46.63493],[119.25808,46.63516],[119.25757,46.63573],[119.25751,46.63601],[119.25756,46.63634],[119.25804,46.63693],[119.25818,46.63732],[119.25805,46.63799],[119.25786,46.63863],[119.25792,46.63899],[119.25826,46.63948],[119.25857,46.64001],[119.25891,46.64057],[119.25902,46.64134],[119.25906,46.64197],[119.2585,46.64182],[119.25778,46.64194],[119.25751,46.64199],[119.25631,46.64207],[119.25491,46.64207],[119.25368,46.6421],[119.25232,46.64208],[119.25143,46.64207],[119.25026,46.64218],[119.24914,46.6423],[119.24802,46.64231],[119.2473,46.64239],[119.24682,46.64244],[119.24623,46.64267],[119.24558,46.64303],[119.2452,46.64319],[119.24488,46.64331],[119.24448,46.64355],[119.24399,46.64373],[119.24342,46.64392],[119.24284,46.64397],[119.24225,46.64393],[119.24195,46.64397],[119.24156,46.64428],[119.2412,46.64437],[119.24067,46.64506],[119.24017,46.64551],[119.23938,46.64599],[119.23847,46.64631],[119.23773,46.64644],[119.23677,46.6467],[119.23567,46.64691],[119.23475,46.64711],[119.23383,46.64733],[119.23258,46.64755],[119.23185,46.64763],[119.23104,46.64757],[119.22981,46.64723],[119.22938,46.6472],[119.22886,46.64728],[119.2283,46.64758],[119.22756,46.64809],[119.22699,46.64838],[119.22594,46.64899],[119.22513,46.64933],[119.22372,46.64975],[119.22223,46.65012],[119.22138,46.65027],[119.22064,46.6505],[119.22072,46.64994],[119.22064,46.64923],[119.22053,46.64829],[119.22042,46.64782],[119.22029,46.64725],[119.22008,46.64689],[119.21981,46.64667],[119.21913,46.64632],[119.21834,46.64595],[119.2177,46.64578],[119.21689,46.64566],[119.2161,46.64573],[119.21488,46.64573],[119.21444,46.64556],[119.21383,46.6451],[119.21302,46.6445],[119.21269,46.64413],[119.21238,46.64397],[119.21213,46.64388],[119.21168,46.64382],[119.21111,46.64389],[119.21032,46.64416],[119.20969,46.64434],[119.20824,46.64474],[119.20739,46.64491],[119.20673,46.64497],[119.20576,46.64505],[119.20461,46.64502],[119.20417,46.64495],[119.20378,46.64474],[119.20336,46.64447],[119.20263,46.64394],[119.20227,46.64362],[119.20195,46.64358],[119.20139,46.64341],[119.20028,46.64345],[119.19972,46.64356],[119.19924,46.64385],[119.19893,46.6442],[119.19864,46.64463],[119.19824,46.64523],[119.19767,46.64608],[119.19758,46.64621],[119.19719,46.64679],[119.19679,46.64719],[119.19623,46.64756],[119.19574,46.64792],[119.19542,46.64836],[119.19489,46.64802],[119.19439,46.64781],[119.19356,46.64751],[119.1927,46.64712],[119.1925,46.64697],[119.19225,46.64677],[119.19179,46.64624],[119.19095,46.64533],[119.19007,46.64424],[119.18981,46.64396],[119.1894,46.64371],[119.18887,46.64355],[119.18825,46.64345],[119.18753,46.64342],[119.18711,46.64367],[119.18673,46.64374],[119.18615,46.64436],[119.18563,46.6449],[119.18491,46.64555],[119.18455,46.64571],[119.18423,46.646],[119.18321,46.64672],[119.18295,46.64714],[119.18236,46.64695],[119.18091,46.64704],[119.18003,46.64709],[119.17931,46.6472],[119.17881,46.64729],[119.17841,46.64745],[119.17741,46.64821],[119.17639,46.64882],[119.17574,46.64907],[119.1748,46.64915],[119.17416,46.64909],[119.17359,46.64899],[119.17268,46.64901],[119.17195,46.64909],[119.17113,46.6493],[119.17056,46.64949],[119.16988,46.6499],[119.16921,46.65035],[119.1687,46.65078],[119.16806,46.65119],[119.1673,46.65173],[119.16658,46.65206],[119.1656,46.6524],[119.16519,46.65268],[119.16503,46.65289],[119.16471,46.65331],[119.16468,46.65335],[119.16435,46.65366],[119.16394,46.65391],[119.16341,46.65409],[119.16295,46.65436],[119.16214,46.65386],[119.16173,46.65361],[119.16137,46.65342],[119.16097,46.65335],[119.16036,46.65343],[119.15974,46.65369],[119.15902,46.65406],[119.15813,46.65454],[119.15744,46.65471],[119.15603,46.65476],[119.15517,46.65476],[119.15467,46.65483],[119.15421,46.655],[119.15349,46.65549],[119.15304,46.6558],[119.15267,46.656],[119.15232,46.65611],[119.15192,46.65608],[119.15152,46.65597],[119.15033,46.65555],[119.14941,46.6552],[119.14825,46.6549],[119.14724,46.65472],[119.1465,46.65462],[119.14538,46.65458],[119.14473,46.65456],[119.14396,46.6546],[119.14324,46.65466],[119.14275,46.65464],[119.1423,46.6545],[119.14181,46.65428],[119.14109,46.65391],[119.14045,46.65358],[119.13987,46.65334],[119.1392,46.65305],[119.13863,46.65293],[119.13801,46.6528],[119.13702,46.65278],[119.13629,46.6527],[119.13581,46.65283],[119.13526,46.65248],[119.13495,46.6523],[119.13456,46.65208],[119.13456,46.65207],[119.13405,46.65172],[119.13356,46.65127],[119.13322,46.65088],[119.13302,46.65059],[119.13296,46.65027],[119.13292,46.64995],[119.13273,46.64968],[119.13247,46.64947],[119.13212,46.64937],[119.13156,46.64923],[119.13092,46.64913],[119.1305,46.6491],[119.1299,46.64907],[119.12947,46.64899],[119.12894,46.64891],[119.12858,46.6489],[119.12819,46.64895],[119.12777,46.64911],[119.12728,46.64942],[119.1268,46.64979],[119.12629,46.65023],[119.12574,46.6508],[119.12545,46.65112],[119.12518,46.65145],[119.12493,46.65167],[119.12481,46.65178],[119.12479,46.65166],[119.12473,46.651],[119.12472,46.65068],[119.12449,46.65031],[119.12407,46.64974],[119.12365,46.64925],[119.12317,46.64889],[119.12295,46.64862],[119.12259,46.64833],[119.12193,46.64769],[119.12142,46.64727],[119.12088,46.64676],[119.12016,46.64612],[119.11972,46.64562],[119.11945,46.64536],[119.11891,46.64539],[119.11848,46.64567],[119.1181,46.64594],[119.11771,46.64628],[119.11729,46.64671],[119.11699,46.64692],[119.11669,46.64711],[119.11636,46.64716],[119.11603,46.64719],[119.11551,46.64712],[119.11499,46.64709],[119.11438,46.64711],[119.11366,46.64711],[119.11196,46.64713],[119.1105,46.64715],[119.10942,46.6472],[119.1089,46.64716],[119.10846,46.64723],[119.10781,46.64761],[119.10715,46.64793],[119.10668,46.64809],[119.10636,46.64813],[119.10604,46.64806],[119.10525,46.64778],[119.10436,46.64743],[119.10355,46.64715],[119.10311,46.64692],[119.10264,46.64689],[119.10263,46.64735],[119.10271,46.64813],[119.10273,46.64881],[119.10277,46.6495],[119.10276,46.65024],[119.10267,46.65062],[119.10245,46.65108],[119.10211,46.65165],[119.10163,46.65224],[119.10119,46.65275],[119.08028,46.66239],[119.06983,46.672],[119.0552,46.68545],[119.03819,46.70264],[119.02869,46.71525],[119.02751,46.71663],[119.027,46.71711],[119.02619,46.71788],[119.02565,46.71848],[119.02528,46.71898],[119.02455,46.71994],[119.02405,46.72061],[119.02399,46.7207],[119.02357,46.72123],[119.02318,46.72195],[119.02299,46.72253],[119.02292,46.72305],[119.02299,46.72334],[119.02319,46.72376],[119.02343,46.72424],[119.02364,46.72505],[119.02366,46.72538],[119.02318,46.72629],[119.02266,46.72685],[119.02212,46.72731],[119.02148,46.72762],[119.02077,46.72798],[119.02006,46.72827],[119.01925,46.72858],[119.01764,46.72921],[119.01598,46.7301],[119.01529,46.73052],[119.01494,46.73076],[119.01459,46.73113],[119.01364,46.73155],[119.01293,46.73174],[119.01231,46.73211],[119.01294,46.73211],[119.01393,46.73246],[119.01437,46.73264],[119.01563,46.73364],[119.01613,46.73408],[119.01636,46.73456],[119.01653,46.73489],[119.01652,46.73557],[119.01645,46.73592],[119.0161,46.73646],[119.01582,46.73693],[119.01543,46.73765],[119.01513,46.73807],[119.01477,46.73865],[119.01413,46.73947],[119.01373,46.74002],[119.01312,46.74109],[119.0127,46.74155],[119.01243,46.74193],[119.01212,46.74252],[119.01202,46.74304],[119.01207,46.74325],[119.01215,46.74359],[119.01213,46.74435],[119.0119,46.74466],[119.0115,46.7452],[119.01113,46.74544],[119.01036,46.74598],[119.00953,46.7463],[119.00888,46.74663],[119.00787,46.74675],[119.00656,46.74694],[119.00577,46.74718],[119.00517,46.74745],[119.00192,46.74592],[119.00179,46.74617],[119.00168,46.74638],[119.00141,46.74668],[119.0011,46.74692],[119.00064,46.7471],[118.9994,46.7475],[118.99819,46.74788],[118.99686,46.74831],[118.99605,46.74864],[118.99547,46.74897],[118.98502,46.74265],[118.98358,46.74178],[118.97478,46.73892],[118.97305,46.73879],[118.96117,46.73795],[118.95483,46.73308],[118.94878,46.72845],[118.94862,46.72809],[118.94864,46.72782],[118.94856,46.7276],[118.94817,46.7272],[118.94779,46.72675],[118.94725,46.72617],[118.9469,46.72589],[118.94638,46.72559],[118.94591,46.72543],[118.94488,46.72515],[118.94387,46.7249],[118.94362,46.72477],[118.94343,46.72457],[118.94324,46.72419],[118.9431,46.72376],[118.94302,46.72311],[118.94294,46.72238],[118.94283,46.72203],[118.94251,46.72149],[118.94202,46.72095],[118.94169,46.72058],[118.93231,46.72067],[118.93218,46.72097],[118.93217,46.72188],[118.93199,46.72216],[118.93107,46.72278],[118.93042,46.72331],[118.92995,46.72385],[118.92967,46.72434],[118.92964,46.72472],[118.92897,46.72459],[118.92863,46.7245],[118.92816,46.72432],[118.92752,46.72403],[118.92664,46.72362],[118.92579,46.72332],[118.92509,46.72311],[118.92457,46.72299],[118.92403,46.72299],[118.92355,46.72303],[118.92258,46.72318],[118.92211,46.7232],[118.92158,46.72319],[118.9206,46.72307],[118.91911,46.72288],[118.91773,46.7226],[118.91719,46.7225],[118.9166,46.72269],[118.91637,46.72282],[118.91595,46.72316],[118.91586,46.72336],[118.91576,46.72365],[118.91564,46.72444],[118.91551,46.72478],[118.9153,46.72509],[118.91511,46.72527],[118.91487,46.72536],[118.91397,46.72551],[118.91306,46.72569],[118.91208,46.72587],[118.91127,46.726],[118.91089,46.72613],[118.91015,46.72631],[118.90996,46.72646],[118.90996,46.7266],[118.90998,46.72679],[118.91015,46.72719],[118.91021,46.72752],[118.91013,46.72782],[118.90993,46.72808],[118.90948,46.72851],[118.90897,46.72886],[118.9084,46.72933],[118.90795,46.72971],[118.90747,46.73006],[118.90699,46.73029],[118.90623,46.73051],[118.90558,46.73064],[118.90473,46.73076],[118.90387,46.7309],[118.903,46.73107],[118.90226,46.73133],[118.9018,46.73155],[118.90149,46.73169],[118.90133,46.73197],[118.90136,46.73213],[118.90148,46.73233],[118.9019,46.73269],[118.90242,46.73315],[118.90315,46.73379],[118.90354,46.7341],[118.90394,46.73435],[118.90425,46.73448],[118.90479,46.73464],[118.90522,46.73468],[118.90654,46.73475],[118.9071,46.7348],[118.90762,46.73492],[118.90796,46.73506],[118.9082,46.73526],[118.90839,46.73556],[118.9087,46.736],[118.90893,46.73633],[118.90913,46.73664],[118.90938,46.73678],[118.90988,46.73692],[118.91061,46.73701],[118.91147,46.73712],[118.91197,46.73722],[118.91256,46.73737],[118.91324,46.73762],[118.91363,46.73781],[118.9139,46.73803],[118.91422,46.73835],[118.9144,46.73866],[118.91448,46.73908],[118.91472,46.73953],[118.91439,46.73986],[118.91424,46.74021],[118.91418,46.74058],[118.91421,46.74097],[118.91428,46.74128],[118.91441,46.74165],[118.91475,46.74204],[118.91495,46.74232],[118.91499,46.74255],[118.91493,46.74271],[118.91471,46.74302],[118.91452,46.74339],[118.9142,46.74397],[118.91402,46.74445],[118.91372,46.74498],[118.91344,46.74565],[118.91314,46.74622],[118.91309,46.74665],[118.91319,46.74708],[118.91328,46.74741],[118.9137,46.74794],[118.91397,46.74845],[118.91399,46.74884],[118.91391,46.74945],[118.91386,46.74977],[118.91378,46.75043],[118.91367,46.75108],[118.91356,46.75138],[118.91331,46.75173],[118.91305,46.75205],[118.91271,46.7523],[118.91264,46.75235],[118.91224,46.7527],[118.91177,46.75315],[118.91154,46.75344],[118.91151,46.75363],[118.91173,46.75392],[118.91192,46.75417],[118.91201,46.75428],[118.91241,46.75463],[118.91268,46.75493],[118.91294,46.75534],[118.91324,46.75578],[118.91341,46.7561],[118.91344,46.75646],[118.91339,46.75681],[118.91324,46.75714],[118.91302,46.75754],[118.91266,46.7579],[118.91223,46.75821],[118.91169,46.75848],[118.91105,46.75867],[118.91077,46.75882],[118.91066,46.75914],[118.91069,46.75944],[118.91101,46.75983],[118.91113,46.76014],[118.91112,46.76033],[118.91056,46.76133],[118.91016,46.76218],[118.91001,46.76273],[118.90986,46.76345],[118.90969,46.76394],[118.90965,46.76422],[118.90981,46.76465],[118.91011,46.76526],[118.91032,46.76547],[118.9107,46.7656],[118.9114,46.76554],[118.912,46.76567],[118.91127,46.76596],[118.91094,46.7663],[118.91065,46.76697],[118.91043,46.76746],[118.91009,46.7679],[118.90966,46.76838],[118.90947,46.76878],[118.9092,46.76905],[118.9088,46.76943],[118.90845,46.77002],[118.90831,46.77048],[118.90809,46.77092],[118.90769,46.7714],[118.90747,46.77178],[118.90715,46.77216],[118.90674,46.77251],[118.90564,46.77308],[118.90526,46.77343],[118.90499,46.77389],[118.90478,46.77458],[118.89757,46.77495],[118.855,46.8126],[118.8358,46.84427],[118.80127,46.87871],[118.75694,46.93005],[118.73385,46.97541],[118.73358,47.00563],[118.71724,47.07374],[118.73099,47.12263],[118.60699,47.19538],[118.57633,47.23914],[118.62451,47.3126],[118.71287,47.35513],[118.85396,47.3424],[118.96545,47.29052]]]}},{"type":"Feature","properties":{"name":"Ээж хайрхан уул","type":"Дурсгалт газар"},"geometry":{"type":"Polygon","coordinates":[[[96.30205,44.87811],[96.20564,44.85611],[96.20564,44.85611],[96.11865,44.91196],[96.0777,44.94213],[96.09753,44.97614],[96.21983,45.01339],[96.21983,45.01339],[96.26994,44.99002],[96.33482,44.93329],[96.34296,44.89114],[96.30205,44.87811]]]}},{"type":"Feature","properties":{"name":"Хан Хэнтий","type":"Дархан цаазат газар"},"geometry":{"type":"Polygon","coordinates":[[[108.01654,49.65553],[108.01498,49.65125],[108.01291,49.64787],[108.0097,49.64447],[108.00806,49.63889],[108.00726,49.63343],[108.0083,49.63023],[108.0117,49.6257],[108.01529,49.62413],[108.01726,49.62326],[108.02101,49.62217],[108.02814,49.62161],[108.03005,49.62064],[108.03202,49.61839],[108.03494,49.61736],[108.03735,49.61742],[108.04009,49.61555],[108.04201,49.61394],[108.04432,49.61326],[108.04693,49.6125],[108.05022,49.61203],[108.05347,49.60999],[108.05524,49.60893],[108.05711,49.60612],[108.06187,49.60495],[108.06412,49.60316],[108.0663,49.60183],[108.06979,49.60053],[108.07271,49.59941],[108.07539,49.59718],[108.0781,49.59678],[108.08012,49.59637],[108.08319,49.59488],[108.08556,49.59337],[108.0871,49.5912],[108.08939,49.58959],[108.09383,49.58897],[108.09711,49.58628],[108.10129,49.58538],[108.10536,49.58584],[108.1084,49.58491],[108.11276,49.58308],[108.11668,49.58161],[108.11967,49.58122],[108.12233,49.57954],[108.12508,49.57877],[108.12631,49.57696],[108.12913,49.57509],[108.13433,49.57347],[108.13953,49.57138],[108.14389,49.56983],[108.14661,49.56953],[108.14912,49.57024],[108.15164,49.56947],[108.15205,49.56727],[108.15401,49.56519],[108.1554,49.56339],[108.16006,49.56119],[108.16263,49.56107],[108.16498,49.56233],[108.16771,49.55925],[108.171,49.55878],[108.17574,49.55954],[108.17789,49.55969],[108.17976,49.55882],[108.18196,49.55776],[108.18452,49.55791],[108.18835,49.55745],[108.19118,49.55789],[108.19386,49.55823],[108.19729,49.5574],[108.19855,49.55558],[108.19923,49.55329],[108.20088,49.55149],[108.20353,49.55017],[108.20676,49.55043],[108.21121,49.54971],[108.21413,49.54941],[108.2163,49.54845],[108.21914,49.5487],[108.22073,49.5503],[108.22376,49.54964],[108.22554,49.54811],[108.22918,49.54636],[108.23151,49.54549],[108.23378,49.54518],[108.23592,49.54246],[108.23867,49.54142],[108.2428,49.54364],[108.24442,49.54515],[108.24678,49.54577],[108.24977,49.54583],[108.25303,49.54582],[108.25611,49.54636],[108.2577,49.5486],[108.25996,49.54857],[108.26292,49.549],[108.26708,49.55049],[108.26852,49.55255],[108.27035,49.55056],[108.27216,49.54867],[108.27457,49.54707],[108.2733,49.54464],[108.27287,49.54205],[108.27285,49.54002],[108.27269,49.53762],[108.27509,49.53546],[108.27785,49.53137],[108.28174,49.52787],[108.28326,49.52578],[108.28519,49.52444],[108.28849,49.52351],[108.29065,49.52273],[108.29426,49.52171],[108.2994,49.51851],[108.30047,49.51585],[108.30079,49.51281],[108.30234,49.50999],[108.30331,49.50771],[108.30061,49.50562],[108.30814,49.49704],[108.31536,49.49185],[108.32108,49.48867],[108.32436,49.48819],[108.33228,49.48837],[108.34216,49.48888],[108.34445,49.48717],[108.34487,49.48479],[108.34615,49.48205],[108.34768,49.47987],[108.35126,49.47654],[108.35181,49.47369],[108.35018,49.47245],[108.34792,49.47001],[108.34849,49.46744],[108.35007,49.46185],[108.35065,49.459],[108.35159,49.4558],[108.35298,49.45361],[108.35478,49.45135],[108.35496,49.44822],[108.35827,49.44497],[108.35938,49.4426],[108.36195,49.43916],[108.36412,49.43736],[108.36578,49.43537],[108.36659,49.43327],[108.36852,49.43155],[108.3723,49.42952],[108.37531,49.42913],[108.37819,49.42781],[108.38258,49.42514],[108.38491,49.42363],[108.38833,49.42324],[108.39074,49.42339],[108.39703,49.42501],[108.39957,49.42469],[108.40269,49.422],[108.40601,49.42051],[108.41085,49.41997],[108.41817,49.42059],[108.42239,49.42096],[108.42682,49.42125],[108.43123,49.4208],[108.43482,49.4194],[108.43745,49.41835],[108.43755,49.41614],[108.43851,49.41404],[108.43805,49.4119],[108.43886,49.40999],[108.4385,49.40647],[108.43809,49.40333],[108.44654,49.39808],[108.45052,49.39539],[108.45394,49.39159],[108.45987,49.38499],[108.4642,49.38075],[108.47186,49.37483],[108.48156,49.3672],[108.48837,49.36108],[108.49639,49.35452],[108.49934,49.35219],[108.50177,49.35159],[108.50664,49.35114],[108.51169,49.35091],[108.51674,49.35067],[108.52077,49.34974],[108.52998,49.34676],[108.53512,49.34471],[108.54037,49.3438],[108.54436,49.34354],[108.55167,49.34018],[108.55389,49.33773],[108.55484,49.33571],[108.55664,49.33472],[108.5603,49.33457],[108.56432,49.33386],[108.56684,49.33573],[108.56743,49.33768],[108.57281,49.3379],[108.57613,49.33706],[108.57823,49.33711],[108.5799,49.33509],[108.58234,49.33492],[108.58441,49.33508],[108.58799,49.335],[108.58962,49.3336],[108.5904,49.33298],[108.59155,49.33241],[108.593,49.33204],[108.59521,49.33183],[108.59687,49.33116],[108.59905,49.33009],[108.60146,49.32946],[108.60355,49.32955],[108.60561,49.32952],[108.60699,49.32877],[108.61058,49.32928],[108.61211,49.32953],[108.61694,49.33121],[108.61884,49.33154],[108.621,49.33031],[108.62125,49.32987],[108.62457,49.3298],[108.62794,49.33079],[108.63064,49.33215],[108.63342,49.33287],[108.63417,49.33422],[108.63664,49.33519],[108.6403,49.33635],[108.64342,49.33753],[108.64624,49.33812],[108.64857,49.33868],[108.65075,49.34023],[108.65186,49.34137],[108.65503,49.34223],[108.65838,49.3432],[108.66089,49.34406],[108.66484,49.34533],[108.66808,49.34665],[108.67014,49.34735],[108.69691,49.33206],[108.71423,49.33882],[108.71635,49.33432],[108.73352,49.34085],[108.75584,49.34317],[108.78654,49.33547],[108.8194,49.33877],[108.8362,49.34592],[108.8384,49.34391],[108.84101,49.34278],[108.84404,49.34021],[108.84662,49.33766],[108.84894,49.33596],[108.84969,49.33359],[108.85045,49.33349],[108.85407,49.33511],[108.85727,49.33587],[108.86124,49.33662],[108.86497,49.33645],[108.86816,49.33582],[108.8715,49.33442],[108.87388,49.33282],[108.87673,49.33235],[108.88136,49.33248],[108.88656,49.33347],[108.88956,49.33447],[108.89319,49.3362],[108.89645,49.33838],[108.89797,49.341],[108.89869,49.34274],[108.89916,49.34351],[108.91023,49.34389],[108.91524,49.3441],[108.92136,49.34487],[108.92512,49.3458],[108.92791,49.34661],[108.92867,49.34688],[108.93439,49.34573],[108.94038,49.34489],[108.94631,49.34465],[108.95011,49.34432],[108.95605,49.34294],[108.96173,49.34157],[108.96973,49.34085],[108.97652,49.34063],[108.98515,49.33944],[108.99174,49.33815],[108.99715,49.33624],[108.99924,49.33523],[108.99966,49.33509],[109.00166,49.33431],[109.00577,49.33295],[109.00805,49.33122],[109.01006,49.32979],[109.01263,49.32895],[109.01588,49.32875],[109.02182,49.32897],[109.02683,49.32866],[109.06888,49.32486],[109.06899,49.32489],[109.13243,49.34032],[109.18237,49.35344],[109.31584,49.33358],[109.33631,49.3277],[109.35439,49.31901],[109.35554,49.31832],[109.3561,49.31819],[109.44698,49.27442],[109.53655,49.19308],[109.39996,49.06617],[109.51341,48.90523],[109.50648,48.89823],[109.50671,48.86652],[109.48885,48.85086],[109.47161,48.83258],[109.51559,48.81181],[109.5455,48.7913],[109.56738,48.7786],[109.5558,48.72333],[109.53705,48.69415],[109.52835,48.68454],[109.42658,48.61652],[109.35718,48.57647],[109.30752,48.56393],[109.24491,48.52158],[109.21226,48.49008],[109.08424,48.49644],[109.0352,48.51259],[109.00607,48.52755],[108.9451,48.5687],[108.87961,48.54886],[108.81775,48.53342],[108.76588,48.52523],[108.73143,48.51038],[108.60825,48.49703],[108.53937,48.51961],[108.51952,48.55915],[108.48379,48.54789],[108.44273,48.5341],[108.40186,48.53166],[108.36085,48.50896],[108.36541,48.47909],[108.32402,48.43599],[108.28251,48.39897],[108.22117,48.35624],[108.11711,48.32414],[108.05288,48.31498],[108.01384,48.31602],[107.98298,48.31938],[107.92544,48.30466],[107.82864,48.32722],[107.77623,48.3364],[107.73442,48.36028],[107.63734,48.4213],[107.58105,48.40525],[107.51164,48.40158],[107.45807,48.40976],[107.40031,48.38601],[107.32788,48.38269],[107.32745,48.38284],[107.28509,48.39801],[107.27926,48.42914],[107.27046,48.46347],[107.28244,48.48356],[107.41237,48.62672],[107.26107,48.59237],[107.20838,48.60275],[107.15565,48.6134],[107.07894,48.70378],[107.14405,48.92278],[107.07047,48.9618],[107.15921,49.11008],[107.33642,49.19895],[107.7435,49.31042],[107.75834,49.5044],[107.85805,49.60115],[107.91346,49.65201],[107.94288,49.66182],[107.94484,49.66308],[107.9458,49.66221],[107.94799,49.66134],[107.95002,49.65958],[107.95322,49.65799],[107.95656,49.65545],[107.95829,49.65351],[107.96056,49.65239],[107.96313,49.65207],[107.96647,49.65267],[107.96991,49.65454],[107.97397,49.6562],[107.97806,49.65647],[107.98271,49.65774],[107.98581,49.65904],[107.99052,49.66],[107.99303,49.66106],[107.99481,49.66177],[107.99679,49.66235],[107.99854,49.66413],[108.00151,49.66703],[108.00637,49.66764],[108.01292,49.66829],[108.01695,49.66888],[108.02034,49.66994],[108.0226,49.67195],[108.02469,49.6721],[108.02647,49.67001],[108.02402,49.66763],[108.02193,49.66526],[108.01862,49.6613],[108.01654,49.65553]]]}},{"type":"Feature","properties":{"name":"Хөх Сэрхийн нуруу","type":"Дархан цаазат газар"},"geometry":{"type":"Polygon","coordinates":[[[91.17752,47.74046],[91.16321,47.60866],[91.1632,47.60867],[91.13113,47.6519],[91.08796,47.68641],[91.07878,47.70882],[91.02189,47.75442],[90.99086,47.77839],[90.99553,47.79904],[90.97246,47.81428],[90.96374,47.85911],[90.93098,47.88538],[90.87479,47.91587],[90.87351,47.92851],[90.87574,47.98327],[90.88302,48.02957],[90.88342,48.04965],[90.98291,48.05691],[90.98292,48.05691],[90.99929,48.05647],[91.02472,48.04776],[91.06392,48.03915],[91.09018,48.0253],[91.13313,48.00836],[91.24814,47.88627],[91.17752,47.74046]]]}},{"type":"Feature","properties":{"name":"Монгол дагуур /Б/","type":"Дархан цаазат газар"},"geometry":{"type":"Polygon","coordinates":[[[115.06707,50.09374],[115.06753,50.09171],[115.06965,50.08963],[115.07634,50.08525],[115.08417,50.0819],[115.09968,50.07359],[115.11175,50.06648],[115.12427,50.05854],[115.13719,50.04924],[115.15118,50.03817],[115.16462,50.02766],[115.19019,50.00546],[115.19542,50.00112],[115.19636,50.00097],[115.19953,49.99851],[115.20801,49.99301],[115.2133,49.98965],[115.21699,49.98782],[115.22716,49.98372],[115.23515,49.98095],[115.24192,49.97833],[115.25319,49.97509],[115.26124,49.97299],[115.26657,49.97177],[115.27064,49.97038],[115.27869,49.96624],[115.28884,49.96237],[115.29936,49.95866],[115.31167,49.95377],[115.31494,49.95274],[115.31524,49.95271],[115.31808,49.95245],[115.31808,49.95245],[115.31814,49.95244],[115.31815,49.95244],[115.3182,49.95244],[115.32413,49.95222],[115.32428,49.95222],[115.328,49.95163],[115.34714,49.9463],[115.40278,49.93073],[115.45896,49.91539],[115.46503,49.9138],[115.47197,49.91308],[115.47807,49.91239],[115.48497,49.91122],[115.48909,49.91052],[115.4931,49.9101],[115.4931,49.9101],[115.49914,49.91013],[115.49914,49.91013],[115.49914,49.91013],[115.50043,49.9103],[115.50097,49.9101],[115.50841,49.90927],[115.50841,49.90927],[115.53757,49.90775],[115.53757,49.90775],[115.5425,49.90794],[115.5425,49.90794],[115.54668,49.9076],[115.54668,49.9076],[115.5518,49.90719],[115.55218,49.90716],[115.55307,49.90709],[115.55518,49.90692],[115.56149,49.90642],[115.56522,49.90612],[115.56522,49.90612],[115.56522,49.90612],[115.57461,49.90652],[115.5855,49.90663],[115.59157,49.90654],[115.59157,49.90654],[115.59756,49.90584],[115.60704,49.90377],[115.61484,49.90168],[115.62181,49.89947],[115.62797,49.89868],[115.63327,49.89801],[115.6387,49.89671],[115.64824,49.89378],[115.666,49.88704],[115.67818,49.88191],[115.68183,49.88091],[115.68548,49.88023],[115.68548,49.88023],[115.68893,49.88009],[115.68893,49.88009],[115.68893,49.88009],[115.68947,49.88024],[115.69169,49.88086],[115.69416,49.88155],[115.69416,49.88155],[115.69494,49.88155],[115.69494,49.88155],[115.69471,49.88148],[115.693,49.88069],[115.68985,49.87945],[115.68773,49.87891],[115.68538,49.87893],[115.68538,49.87893],[115.68506,49.879],[115.68506,49.879],[115.63926,49.86835],[115.53306,49.83968],[115.53306,49.83968],[115.47904,49.86866],[115.48218,49.88053],[115.48234,49.88115],[115.48234,49.88115],[115.47834,49.88073],[115.46777,49.87963],[115.38691,49.87391],[115.38691,49.87391],[115.31869,49.90188],[115.27099,49.94059],[115.22556,49.97364],[115.16759,49.99831],[115.10489,50.0455],[115.07461,50.07431],[115.02397,50.09592],[115.02397,50.09592],[114.9946,50.07728],[114.93172,50.0634],[114.90275,50.01257],[114.85119,49.94591],[114.74503,49.91449],[114.74503,49.91449],[114.64972,49.93705],[114.61021,49.94864],[114.58421,49.96488],[114.54183,49.98386],[114.50588,50.01618],[114.58478,50.07205],[114.73351,50.14712],[114.75783,50.23421],[114.75836,50.23418],[114.75845,50.23417],[114.75861,50.23415],[114.7637,50.23335],[114.79582,50.22853],[114.81913,50.22612],[114.83518,50.22465],[114.842,50.223],[114.85807,50.21729],[114.85898,50.21667],[114.85899,50.21667],[114.86174,50.21481],[114.87535,50.21082],[114.90787,50.19984],[114.94017,50.19098],[114.97414,50.18039],[114.98905,50.17423],[115.00172,50.16335],[115.00329,50.16095],[115.00764,50.15776],[115.03027,50.14213],[115.03753,50.13679],[115.04392,50.12853],[115.0535,50.11643],[115.06868,50.10385],[115.06967,50.10208],[115.06966,50.10151],[115.06961,50.09961],[115.06959,50.09874],[115.06813,50.09624],[115.06707,50.09374]]]}},{"type":"Feature","properties":{"name":"Монгол дагуур /Б/","type":"Дархан цаазат газар"},"geometry":{"type":"Polygon","coordinates":[[[115.59022,49.69967],[115.51767,49.69009],[115.4858,49.66422],[115.49714,49.63019],[115.487,49.56061],[115.43947,49.51375],[115.40897,49.51469],[115.40894,49.62529],[115.28256,49.62529],[115.28258,49.49223],[115.14344,49.45456],[115.02533,49.45256],[114.94594,49.42997],[114.8354,49.45559],[114.83331,49.55756],[114.85556,49.57833],[114.85556,49.63608],[114.93575,49.63225],[114.97194,49.66035],[115.0793,49.68279],[115.1155,49.69854],[115.20232,49.71356],[115.22536,49.70064],[115.34086,49.71654],[115.43858,49.70455],[115.46062,49.70493],[115.56927,49.73307],[115.59261,49.72522],[115.59022,49.69967]]]}},{"type":"Feature","properties":{"name":"Отгонтэнгэр","type":"Дархан цаазат газар"},"geometry":{"type":"Polygon","coordinates":[[[98.18863,47.91014],[98.1878,47.90639],[98.18841,47.9026],[98.1909,47.89948],[98.1937,47.89816],[98.19704,47.8931],[98.20218,47.89007],[98.21429,47.88572],[98.21691,47.88337],[98.21909,47.88129],[98.22027,47.87967],[98.2193,47.87685],[98.21793,47.8738],[98.21725,47.87151],[98.21885,47.86631],[98.21925,47.86482],[98.21944,47.86228],[98.2182,47.85984],[98.21671,47.85754],[98.21442,47.85598],[98.21207,47.85462],[98.21037,47.8544],[98.19894,47.85627],[98.20088,47.85401],[98.20212,47.85267],[98.20373,47.84978],[98.20462,47.8472],[98.20454,47.84603],[98.20291,47.84483],[98.20142,47.84395],[98.20049,47.84239],[98.19774,47.83549],[98.19547,47.82922],[98.19495,47.82311],[98.19452,47.82067],[98.19437,47.81857],[98.19044,47.81308],[98.19153,47.80671],[98.19309,47.80352],[98.19419,47.80105],[98.19454,47.79836],[98.19427,47.79581],[98.19198,47.79181],[98.19011,47.78945],[98.18859,47.78798],[98.18432,47.78671],[98.18044,47.78597],[98.17802,47.78529],[98.17757,47.78482],[98.17736,47.78397],[98.17795,47.78315],[98.18056,47.78097],[98.18431,47.77771],[98.18614,47.77611],[98.18954,47.77356],[98.18945,47.77124],[98.18881,47.76973],[98.18844,47.76857],[98.18822,47.76776],[98.18858,47.76585],[98.18902,47.76372],[98.18852,47.76266],[98.18537,47.76103],[98.17985,47.75949],[98.17601,47.75824],[98.17258,47.75713],[98.17227,47.75648],[98.17271,47.75599],[98.17737,47.75438],[98.17935,47.75356],[98.17971,47.75251],[98.17939,47.75165],[98.17687,47.74905],[98.17432,47.74694],[98.17444,47.74609],[98.17578,47.7438],[98.17897,47.74205],[98.18089,47.74065],[98.18401,47.73913],[98.18545,47.73827],[98.18644,47.73705],[98.18685,47.73583],[98.18593,47.73296],[98.18345,47.73089],[98.18108,47.72861],[98.17892,47.72576],[98.17742,47.72296],[98.17695,47.71797],[98.17378,47.71173],[98.17122,47.70803],[98.16805,47.70704],[98.16429,47.70658],[98.15841,47.70686],[98.15297,47.70705],[98.14904,47.70727],[98.14444,47.70751],[98.14099,47.7073],[98.13477,47.70693],[98.1322,47.70717],[98.12245,47.70847],[98.11916,47.70965],[98.11554,47.7108],[98.10967,47.71222],[98.1047,47.71266],[98.09655,47.7128],[98.08557,47.71259],[98.07176,47.71193],[98.06595,47.71106],[98.06109,47.70934],[98.05691,47.70828],[98.05287,47.70752],[98.0481,47.70574],[98.04543,47.70484],[98.04169,47.70364],[98.03973,47.70312],[98.03756,47.70287],[98.03351,47.70343],[98.03005,47.70459],[98.02645,47.70614],[98.02358,47.70734],[98.01998,47.70952],[98.01591,47.71081],[98.01159,47.71209],[98.00893,47.71233],[98.00537,47.71177],[98.00248,47.70993],[97.99815,47.70744],[97.99391,47.70563],[97.98719,47.70328],[97.98066,47.70271],[97.97759,47.70229],[97.97268,47.70038],[97.96898,47.6989],[97.96591,47.69717],[97.96347,47.69581],[97.95994,47.69377],[97.95822,47.69206],[97.95577,47.68951],[97.95421,47.68787],[97.95361,47.68606],[97.95215,47.685],[97.95026,47.68454],[97.94864,47.68335],[97.9486,47.68282],[97.94405,47.67999],[97.94039,47.67804],[97.93296,47.67507],[97.92731,47.67194],[97.92456,47.67057],[97.92182,47.66908],[97.91596,47.66607],[97.91293,47.6639],[97.90892,47.66166],[97.90268,47.65717],[97.90066,47.65612],[97.89873,47.65309],[97.89734,47.65036],[97.89475,47.64636],[97.89294,47.64241],[97.88797,47.6372],[97.88335,47.63228],[97.87929,47.62766],[97.87326,47.62305],[97.86826,47.61956],[97.86328,47.61727],[97.85752,47.61505],[97.85421,47.61352],[97.85066,47.61224],[97.84241,47.60961],[97.8376,47.60758],[97.83475,47.60555],[97.83328,47.60202],[97.8316,47.5986],[97.83063,47.59563],[97.82878,47.59208],[97.8256,47.58671],[97.82374,47.58461],[97.82043,47.58308],[97.81602,47.58241],[97.81194,47.58102],[97.80923,47.58028],[97.80663,47.57763],[97.80551,47.57556],[97.80424,47.57358],[97.80304,47.57207],[97.79996,47.56883],[97.79632,47.5646],[97.78822,47.5586],[97.81455,47.51171],[97.75308,47.478],[97.65156,47.52241],[97.60772,47.54154],[97.52253,47.50905],[97.50863,47.5241],[97.47732,47.5537],[97.40796,47.54727],[97.30572,47.57636],[97.30514,47.57653],[97.30514,47.57653],[97.25719,47.60198],[97.26073,47.62851],[97.26458,47.63619],[97.26749,47.64329],[97.2662,47.65273],[97.26361,47.66097],[97.25777,47.663],[97.27614,47.67424],[97.28016,47.6865],[97.31761,47.78843],[97.37667,47.81175],[97.4314,47.81457],[97.4314,47.81457],[97.45864,47.81343],[97.45864,47.81343],[97.55527,47.79608],[97.59229,47.80099],[97.60112,47.78684],[97.6433,47.75764],[97.65176,47.71659],[97.69656,47.71286],[97.69991,47.72549],[97.74226,47.80089],[97.76458,47.84057],[97.79541,47.84883],[97.80904,47.86066],[97.81735,47.8919],[97.88895,47.90653],[97.94037,47.89381],[98.04389,47.93664],[98.17494,47.95037],[98.17577,47.95051],[98.18591,47.9398],[98.19115,47.93259],[98.1918,47.93004],[98.19167,47.92551],[98.19111,47.92391],[98.1891,47.92125],[98.18883,47.9182],[98.18874,47.91143],[98.18863,47.91014]]]}},{"type":"Feature","properties":{"name":"Алтан элс","type":"Дархан цаазат газар"},"geometry":{"type":"Polygon","coordinates":[[[94.95665,50.04494],[94.96784,50.04391],[94.96784,50.04391],[94.96784,50.04391],[94.97235,50.04403],[94.97235,50.04403],[94.97269,50.04408],[94.97691,50.04468],[94.97717,50.04472],[94.98032,50.04583],[94.98477,50.04729],[94.98649,50.04778],[94.99049,50.0479],[94.99239,50.04755],[94.9934,50.04716],[94.99352,50.04711],[94.99444,50.04675],[94.99483,50.0466],[94.99679,50.04554],[94.99842,50.04403],[94.99907,50.04242],[94.99892,50.04029],[94.9998,50.0397],[94.99824,50.0369],[94.99732,50.03446],[94.99808,50.03072],[94.99732,50.02938],[94.99765,50.02783],[94.99697,50.02598],[94.99627,50.02361],[94.99582,50.0224],[94.99651,50.02084],[94.99545,50.01777],[94.9953,50.01649],[94.99532,50.01507],[94.99685,50.01337],[94.99851,50.01225],[95.00024,50.01042],[95.00205,50.00767],[95.00414,50.00451],[95.00415,50.00448],[95.0074,49.99956],[95.00832,49.99817],[95.00917,49.9954],[95.01037,49.99313],[95.01215,49.98974],[95.01219,49.98968],[95.01598,49.9825],[95.01715,49.98027],[95.04041,49.97388],[95.06246,49.96796],[95.08247,49.96271],[95.08247,49.96271],[95.08247,49.96271],[95.1065,49.96331],[95.1065,49.96331],[95.12365,49.96376],[95.12365,49.96376],[95.14719,49.9643],[95.14719,49.9643],[95.16582,49.96447],[95.16582,49.96447],[95.19213,49.96498],[95.19213,49.96498],[95.19218,49.96498],[95.19218,49.96498],[95.19933,49.96512],[95.19933,49.96512],[95.20828,49.96444],[95.20828,49.96444],[95.23933,49.96211],[95.23933,49.96211],[95.25097,49.96137],[95.25097,49.96137],[95.27975,49.95919],[95.27975,49.95919],[95.27975,49.95919],[95.29527,49.95857],[95.30247,49.95791],[95.30248,49.95791],[95.30248,49.95791],[95.32793,49.95862],[95.32793,49.95862],[95.33851,49.95867],[95.34541,49.9584],[95.37532,49.95792],[95.38218,49.95771],[95.38454,49.95779],[95.38454,49.95779],[95.42661,49.95769],[95.45193,49.94069],[95.4706,49.92846],[95.48014,49.92233],[95.49187,49.91468],[95.49752,49.91097],[95.50002,49.90933],[95.50233,49.90782],[95.50233,49.90782],[95.50034,49.90891],[95.49546,49.91173],[95.49546,49.91173],[95.49555,49.90856],[95.49238,49.90657],[95.49147,49.9041],[95.48326,49.90343],[95.48145,49.89848],[95.48145,49.89848],[95.47286,49.89807],[95.46331,49.89473],[95.45049,49.88581],[95.4489,49.87168],[95.44872,49.8674],[95.45745,49.86191],[95.46474,49.86073],[95.4647,49.85743],[95.47458,49.85133],[95.47356,49.8475],[95.47769,49.84477],[95.48535,49.83804],[95.47324,49.83041],[95.43753,49.78957],[95.43391,49.77401],[95.43391,49.77401],[95.30445,49.77639],[95.30445,49.77639],[95.28068,49.77063],[95.28068,49.77063],[95.24883,49.77205],[95.24883,49.77205],[95.22133,49.76971],[95.22133,49.76971],[95.13825,49.77525],[95.08239,49.78166],[95.05525,49.79219],[94.9945,49.79126],[94.84603,49.79915],[94.68603,49.81819],[94.61945,49.82476],[94.56767,49.82994],[94.58772,49.86315],[94.56546,49.92894],[94.56893,49.95622],[94.61897,50.03522],[94.61945,50.03542],[94.62004,50.03567],[94.67509,50.03763],[94.67509,50.03763],[94.67527,50.03763],[94.67527,50.03763],[94.67744,50.03804],[94.67829,50.0382],[94.68835,50.04008],[94.70032,50.04287],[94.7614,50.05495],[94.7614,50.05495],[94.78587,50.05483],[94.80641,50.05458],[94.82928,50.05409],[94.84726,50.0529],[94.84726,50.0529],[94.84726,50.0529],[94.87203,50.05219],[94.9007,50.05114],[94.95665,50.04494]]]}},{"type":"Feature","properties":{"name":"Цагаан шувуут уул","type":"Дархан цаазат газар"},"geometry":{"type":"Polygon","coordinates":[[[91.10519,50.43119],[91.10632,50.43044],[91.10936,50.43004],[91.11078,50.43013],[91.11239,50.42983],[91.11431,50.42947],[91.11623,50.42938],[91.11623,50.42938],[91.11886,50.42904],[91.12027,50.42925],[91.12198,50.42941],[91.12569,50.42928],[91.12733,50.42872],[91.12859,50.42784],[91.12957,50.42586],[91.13105,50.42415],[91.13174,50.4241],[91.13316,50.42418],[91.13607,50.4248],[91.13768,50.42514],[91.14035,50.42571],[91.14379,50.42538],[91.14673,50.42492],[91.15227,50.42449],[91.15552,50.42403],[91.15868,50.42311],[91.16071,50.42256],[91.16404,50.42249],[91.1639,50.42167],[91.17057,50.39333],[91.19723,50.34528],[91.19619,50.34493],[91.17698,50.31885],[91.25686,50.30427],[91.29645,50.27295],[91.34733,50.24814],[91.3498,50.21989],[91.34979,50.2199],[91.30467,50.2462],[91.27108,50.24746],[91.23104,50.26506],[91.21205,50.26836],[91.18596,50.27827],[91.18596,50.27827],[91.18529,50.27852],[91.1538,50.28184],[91.15379,50.28184],[91.08909,50.28598],[91.08908,50.28598],[91.04288,50.27982],[91.04288,50.27982],[91.02005,50.29667],[90.99628,50.30599],[90.94206,50.31113],[90.91335,50.35049],[90.91345,50.35105],[90.91373,50.35123],[90.91509,50.35254],[90.91526,50.35544],[90.91476,50.35756],[90.91398,50.35921],[90.91272,50.36028],[90.91129,50.36129],[90.91033,50.36269],[90.91025,50.36397],[90.91349,50.36821],[90.91611,50.37012],[90.91714,50.37233],[90.91738,50.37461],[90.91743,50.37504],[90.91863,50.37705],[90.91949,50.37862],[90.91939,50.3792],[90.9195,50.37929],[90.91932,50.37945],[90.9193,50.3796],[90.91918,50.38028],[90.91679,50.38184],[90.91464,50.38296],[90.9139,50.38391],[90.91373,50.38533],[90.91496,50.38947],[90.91492,50.39033],[90.91488,50.39107],[90.91315,50.39368],[90.90994,50.39793],[90.9093,50.39886],[90.90758,50.40136],[90.90655,50.40456],[90.90649,50.40553],[90.9061,50.40887],[90.90654,50.41029],[90.9081,50.41161],[90.91158,50.41224],[90.91158,50.41224],[90.92112,50.41273],[90.92112,50.41273],[90.92685,50.41297],[90.92685,50.41297],[90.92971,50.41438],[90.93448,50.41594],[90.93448,50.41594],[90.93958,50.41706],[90.94775,50.41887],[90.94775,50.41887],[90.95993,50.4223],[90.96291,50.42313],[90.96721,50.42372],[90.97108,50.42527],[90.97482,50.42759],[90.97689,50.42852],[90.98109,50.42885],[90.98109,50.42885],[90.98917,50.42873],[90.98917,50.42873],[90.99196,50.42897],[90.99196,50.42897],[91.00137,50.42903],[91.00137,50.42903],[91.00177,50.42921],[91.00329,50.42936],[91.00329,50.42936],[91.00632,50.42896],[91.00632,50.42896],[91.01199,50.42829],[91.01199,50.42829],[91.015,50.42817],[91.01589,50.42813],[91.01755,50.42806],[91.01755,50.42806],[91.02296,50.42893],[91.02296,50.42893],[91.02489,50.43057],[91.02615,50.43168],[91.02834,50.43223],[91.03228,50.43172],[91.03228,50.43172],[91.03896,50.43119],[91.04515,50.42988],[91.04515,50.42988],[91.05021,50.42964],[91.05021,50.42964],[91.05383,50.42944],[91.05383,50.42944],[91.06509,50.42976],[91.06509,50.42976],[91.07256,50.42969],[91.07256,50.42969],[91.07771,50.42933],[91.07771,50.42933],[91.08002,50.42917],[91.08154,50.42939],[91.08372,50.43007],[91.08544,50.43113],[91.08645,50.43147],[91.08938,50.43132],[91.09171,50.43065],[91.09492,50.43058],[91.09843,50.43108],[91.09983,50.43188],[91.10142,50.43235],[91.10323,50.43219],[91.10519,50.43119]]]}},{"type":"Feature","properties":{"name":"Түргэн уул","type":"Дархан цаазат газар"},"geometry":{"type":"Polygon","coordinates":[[[91.40716,49.91129],[91.47362,49.87209],[91.46873,49.85626],[91.47453,49.81798],[91.49715,49.7844],[91.51198,49.76798],[91.50514,49.72486],[91.52118,49.69113],[91.5067,49.65004],[91.50244,49.60922],[91.5176,49.57674],[91.4732,49.53746],[91.3925,49.50186],[91.42529,49.43222],[91.33445,49.42639],[91.20918,49.43],[91.23278,49.48305],[91.23279,49.48306],[91.23279,49.48306],[91.23615,49.53992],[91.21841,49.57465],[91.26016,49.57853],[91.27811,49.61634],[91.2555,49.65755],[91.23011,49.7134],[91.21069,49.7181],[91.10961,49.77963],[91.07673,49.78685],[91.07672,49.78685],[91.03178,49.7819],[91.03178,49.7819],[91.0451,49.82274],[91.03454,49.84258],[91.0412,49.86747],[91.03993,49.89082],[91.04686,49.90772],[91.04686,49.90772],[91.11898,49.90965],[91.23799,49.90897],[91.30644,49.90119],[91.30645,49.90119],[91.34043,49.92166],[91.37827,49.95806],[91.46399,50.00924],[91.45832,50.07512],[91.53125,50.08766],[91.53126,50.08766],[91.5705,50.02885],[91.60937,50.00496],[91.46616,49.97684],[91.40716,49.91129]]]}},{"type":"Feature","properties":{"name":"Увс нуур","type":"Дархан цаазат газар"},"geometry":{"type":"Polygon","coordinates":[[[92.9073,50.69603],[92.90951,50.6932],[92.95296,50.69527],[92.98263,50.68785],[92.99144,50.68207],[92.96757,50.666],[93.01234,50.61275],[93.02919,50.61726],[93.05071,50.60638],[93.05847,50.60415],[93.08309,50.60622],[93.10732,50.59704],[93.13618,50.59582],[93.1536,50.60195],[93.16264,50.60137],[93.16292,50.60152],[93.1889,50.54208],[93.20626,50.52042],[93.22098,50.49693],[93.19808,50.4677],[93.18317,50.44659],[93.19468,50.42901],[93.22202,50.419],[93.26305,50.41761],[93.3041,50.39762],[93.35693,50.36749],[93.41249,50.34253],[93.4391,50.32623],[93.45644,50.28932],[93.4316,50.25996],[93.40463,50.25023],[93.32304,50.22463],[93.2808,50.22345],[93.25737,50.2338],[93.21408,50.23747],[93.16605,50.22707],[93.13684,50.20097],[93.12222,50.16995],[93.08308,50.14542],[93.01273,50.09579],[92.9408,50.02737],[92.8846,50.00247],[92.88075,49.98476],[92.83329,49.97302],[92.72015,49.97137],[92.58573,49.97012],[92.48872,49.98216],[92.45032,50.01579],[92.39451,50.06637],[92.31128,50.16026],[92.25588,50.258],[92.22385,50.32941],[92.19632,50.3727],[92.19447,50.39734],[92.21485,50.42657],[92.2757,50.46584],[92.33682,50.47903],[92.39713,50.49585],[92.46967,50.52741],[92.48972,50.55902],[92.48274,50.60672],[92.48621,50.62564],[92.51234,50.64788],[92.56143,50.67223],[92.60049,50.67209],[92.62399,50.65441],[92.64639,50.62423],[92.6843,50.59422],[92.70719,50.57895],[92.73663,50.5779],[92.77348,50.5961],[92.79755,50.628],[92.83947,50.67636],[92.9073,50.69603]]]}},{"type":"Feature","properties":{"name":"Хөвсгөл нуур","type":"Байгалийн цогцолборт газар"},"geometry":{"type":"Polygon","coordinates":[[[100.15717,51.7579],[100.15894,51.75488],[100.16443,51.75183],[100.16888,51.75086],[100.1733,51.74966],[100.18042,51.75144],[100.18595,51.74954],[100.18594,51.74938],[100.19315,51.74785],[100.19685,51.74712],[100.20013,51.74432],[100.20267,51.74221],[100.20657,51.74183],[100.21158,51.74213],[100.21985,51.74527],[100.22395,51.74592],[100.23405,51.74835],[100.2389,51.74853],[100.24609,51.7473],[100.26218,51.75117],[100.26762,51.74522],[100.27562,51.73937],[100.2791,51.73795],[100.28449,51.73789],[100.28941,51.74049],[100.29253,51.74259],[100.29582,51.74151],[100.30611,51.73713],[100.30945,51.73674],[100.32008,51.73836],[100.33105,51.73858],[100.34322,51.74133],[100.34624,51.74245],[100.3502,51.74223],[100.3537,51.74092],[100.3557,51.73894],[100.35694,51.73753],[100.36011,51.73773],[100.36892,51.73994],[100.3719,51.74082],[100.37966,51.73866],[100.38409,51.73837],[100.38879,51.74005],[100.39922,51.74627],[100.40163,51.74735],[100.40221,51.74762],[100.40773,51.74784],[100.41348,51.748],[100.4104,51.74412],[100.41005,51.73928],[100.40952,51.73444],[100.40957,51.73028],[100.41445,51.73127],[100.42529,51.73333],[100.43484,51.72997],[100.4418,51.72667],[100.44501,51.73424],[100.44921,51.73742],[100.45241,51.73876],[100.45742,51.7387],[100.46255,51.73985],[100.47048,51.74344],[100.48131,51.74469],[100.49183,51.74236],[100.49426,51.74245],[100.49997,51.74675],[100.50101,51.74853],[100.505,51.75001],[100.52015,51.75012],[100.52808,51.75002],[100.53015,51.74836],[100.53151,51.74486],[100.53246,51.74322],[100.53139,51.74109],[100.53033,51.73915],[100.53175,51.73689],[100.5342,51.73665],[100.56697,51.73724],[100.57166,51.73942],[100.58225,51.74072],[100.58694,51.74019],[100.59045,51.73749],[100.592,51.7344],[100.59206,51.72683],[100.5929,51.72294],[100.5948,51.72046],[100.59695,51.71853],[100.60188,51.71877],[100.60588,51.71995],[100.60932,51.72388],[100.61284,51.72558],[100.61762,51.72612],[100.62157,51.72576],[100.62679,51.72477],[100.63836,51.72553],[100.64244,51.72496],[100.64544,51.72574],[100.65098,51.72684],[100.65361,51.7266],[100.65614,51.72349],[100.65852,51.71701],[100.65807,51.71355],[100.66094,51.71085],[100.66884,51.70665],[100.672,51.70752],[100.68069,51.71057],[100.68567,51.71172],[100.69021,51.71002],[100.69595,51.70565],[100.70107,51.69929],[100.70717,51.69511],[100.71286,51.68909],[100.72506,51.68524],[100.73185,51.68018],[100.73849,51.67783],[100.74849,51.67645],[100.75919,51.67221],[100.77021,51.66877],[100.77878,51.66685],[100.78478,51.66634],[100.80785,51.66153],[100.81283,51.6596],[100.82002,51.65178],[100.82379,51.64605],[100.84037,51.64845],[100.8616,51.64236],[100.85796,51.63694],[100.85809,51.62498],[100.8612,51.6017],[100.86716,51.60603],[100.87932,51.61053],[100.89705,51.61536],[100.9118,51.61747],[100.92645,51.61709],[100.9418,51.6161],[100.95131,51.61732],[100.95744,51.61826],[100.96655,51.61707],[100.98262,51.61645],[100.98977,51.61494],[101.00004,51.60233],[101.00002,51.6023],[101.00005,51.60229],[101.00639,51.59916],[101.01238,51.59731],[101.01642,51.5944],[101.01918,51.59126],[101.02003,51.58642],[101.01741,51.56888],[101.06732,51.56976],[101.07786,51.56174],[101.07968,51.56264],[101.08671,51.57891],[101.09047,51.58219],[101.09571,51.58567],[101.10081,51.59082],[101.10346,51.59159],[101.10394,51.59007],[101.10305,51.58228],[101.10435,51.57853],[101.11553,51.56995],[101.12299,51.56144],[101.1255,51.55465],[101.12875,51.54411],[101.12865,51.54355],[101.12685,51.53367],[101.1273,51.53039],[101.13612,51.5247],[101.14562,51.52034],[101.14571,51.5203],[101.1478,51.52012],[101.15276,51.52149],[101.15753,51.52373],[101.16093,51.52657],[101.16757,51.52878],[101.17113,51.52493],[101.17473,51.52253],[101.18589,51.52146],[101.19614,51.52156],[101.2029,51.52325],[101.21212,51.52808],[101.21629,51.53027],[101.22059,51.53238],[101.23047,51.54368],[101.23864,51.54847],[101.24825,51.5445],[101.25613,51.54348],[101.25916,51.54313],[101.26617,51.53426],[101.26942,51.52911],[101.27375,51.52473],[101.28083,51.51361],[101.2828,51.51205],[101.30185,51.50504],[101.31371,51.4998],[101.31996,51.49662],[101.33008,51.49264],[101.33997,51.48859],[101.3419,51.48633],[101.34333,51.48474],[101.34853,51.48175],[101.35159,51.47977],[101.35571,51.47539],[101.36067,51.47279],[101.3642,51.47216],[101.36411,51.47154],[101.35824,51.46541],[101.36066,51.46362],[101.36334,51.46201],[101.3672,51.46141],[101.36829,51.46069],[101.36855,51.45773],[101.37038,51.45561],[101.37341,51.45521],[101.38372,51.45812],[101.38738,51.45909],[101.38959,51.45887],[101.39465,51.4546],[101.39755,51.45169],[101.41216,51.45844],[101.41514,51.45871],[101.42769,51.45649],[101.43047,51.45601],[101.43688,51.45305],[101.43933,51.453],[101.44269,51.4558],[101.45085,51.46551],[101.45837,51.47599],[101.45885,51.48309],[101.45875,51.48808],[101.46339,51.48994],[101.48033,51.49479],[101.48427,51.49709],[101.48563,51.4981],[101.49194,51.49894],[101.50011,51.50169],[101.5002,51.50163],[101.50026,51.50167],[101.5098,51.5004],[101.5136,51.49938],[101.52259,51.49558],[101.53197,51.49885],[101.53838,51.49858],[101.54787,51.49624],[101.55429,51.49276],[101.56451,51.47651],[101.56844,51.4775],[101.57494,51.47949],[101.58979,51.48076],[101.59444,51.48013],[101.59686,51.47546],[101.60439,51.47263],[101.60985,51.4709],[101.62133,51.46984],[101.62852,51.46835],[101.62978,51.46778],[101.62633,51.4676],[101.62166,51.4677],[101.62027,51.46587],[101.62135,51.46264],[101.62296,51.46073],[101.62547,51.45987],[101.62584,51.45906],[101.62003,51.45826],[101.61275,51.45455],[101.61961,51.44551],[101.62379,51.44355],[101.62936,51.44369],[101.63362,51.44373],[101.63844,51.44162],[101.6412,51.44156],[101.64768,51.44301],[101.65092,51.44361],[101.65472,51.44272],[101.65991,51.44381],[101.66586,51.44674],[101.66946,51.44625],[101.67317,51.44751],[101.67802,51.45007],[101.68306,51.45042],[101.6907,51.44944],[101.69357,51.44751],[101.69765,51.44769],[101.70752,51.45173],[101.714,51.45291],[101.71783,51.45309],[101.72618,51.45317],[101.7328,51.45274],[101.73798,51.45396],[101.74488,51.45486],[101.74841,51.45498],[101.75978,51.44857],[101.76883,51.44596],[101.77733,51.44174],[101.78412,51.44092],[101.78773,51.4407],[101.79288,51.43737],[101.79709,51.43647],[101.80435,51.43629],[101.80856,51.43205],[101.80982,51.42635],[101.81524,51.42048],[101.82191,51.41765],[101.82608,51.41634],[101.82852,51.41428],[101.83291,51.41618],[101.83954,51.41962],[101.85452,51.41338],[101.85848,51.41515],[101.8624,51.41666],[101.86615,51.41496],[101.86591,51.41096],[101.86275,51.40864],[101.86313,51.40783],[101.87145,51.40762],[101.87817,51.40739],[101.88066,51.40627],[101.88715,51.40076],[101.89144,51.40119],[101.89728,51.40238],[101.9031,51.40651],[101.91015,51.41328],[101.91648,51.41232],[101.9208,51.41301],[101.92637,51.41662],[101.92829,51.4163],[101.9328,51.41338],[101.93658,51.41235],[101.94476,51.40861],[101.94655,51.4099],[101.94819,51.41199],[101.95116,51.41191],[101.95566,51.41208],[101.96008,51.40756],[101.96449,51.39983],[101.96828,51.39599],[101.97123,51.39191],[101.97355,51.39159],[101.97971,51.3941],[101.9878,51.3939],[101.99401,51.3908],[101.99433,51.38625],[101.99534,51.38362],[102.00005,51.38112],[102.0008,51.38498],[102.00101,51.38614],[102.00719,51.38959],[102.01289,51.39309],[102.0163,51.39577],[102.02419,51.39383],[102.0278,51.39228],[102.03429,51.39057],[102.03773,51.38812],[102.03985,51.38687],[102.04767,51.38717],[102.0567,51.38079],[102.05984,51.3794],[102.0709,51.37811],[102.07941,51.37661],[102.08808,51.37354],[102.09602,51.37212],[102.1054,51.36823],[102.10894,51.36805],[102.1163,51.3634],[102.12601,51.36012],[102.12558,51.35746],[102.12543,51.35257],[102.12531,51.34813],[102.12907,51.34625],[102.1341,51.347],[102.13863,51.34577],[102.14701,51.33843],[102.14713,51.3337],[102.1468,51.33357],[102.15128,51.3297],[102.15675,51.32666],[102.15798,51.32396],[102.16024,51.32079],[102.16689,51.3195],[102.16982,51.31575],[102.17023,51.31279],[102.16841,51.30929],[102.1708,51.30544],[102.17383,51.30291],[102.17836,51.3019],[102.18322,51.29522],[102.18027,51.29362],[102.17664,51.29122],[102.17349,51.28642],[102.17268,51.28511],[102.15852,51.28282],[102.15218,51.28321],[102.1482,51.28221],[102.12998,51.28559],[102.12365,51.28598],[102.11914,51.28616],[102.11656,51.28467],[102.11766,51.27998],[102.11833,51.27707],[102.11526,51.2707],[102.11633,51.26823],[102.1199,51.26613],[102.11761,51.26374],[102.1146,51.25977],[102.1151,51.25642],[102.11336,51.25446],[102.10695,51.25152],[102.10352,51.24784],[102.10323,51.24606],[102.10641,51.24331],[102.11128,51.2409],[102.11367,51.23706],[102.12652,51.23038],[102.14249,51.22084],[102.1423,51.21923],[102.13477,51.21276],[102.1288,51.20804],[102.13173,51.20418],[102.13193,51.20195],[102.13813,51.19934],[102.14111,51.19754],[102.14475,51.1941],[102.14645,51.19295],[102.15074,51.1935],[102.15697,51.19166],[102.16034,51.18912],[102.16717,51.18038],[102.16668,51.17862],[102.16079,51.17661],[102.15607,51.17474],[102.14769,51.17619],[102.13921,51.1763],[102.13644,51.17482],[102.13597,51.16772],[102.13417,51.16443],[102.13573,51.15905],[102.1324,51.15564],[102.1247,51.15118],[102.12382,51.14876],[102.12517,51.14272],[102.12426,51.13941],[102.12623,51.13758],[102.13518,51.1325],[102.1351,51.13139],[102.13206,51.12825],[102.13355,51.1241],[102.13253,51.11946],[102.13302,51.11655],[102.13421,51.11447],[102.13293,51.11116],[102.13354,51.1096],[102.1375,51.10549],[102.13825,51.10124],[102.14264,51.09823],[102.15231,51.09508],[102.1608,51.09402],[102.16658,51.09297],[102.16767,51.09094],[102.16673,51.08763],[102.16367,51.08438],[102.15903,51.08339],[102.15389,51.08331],[102.14965,51.08031],[102.14861,51.07545],[102.14703,51.07177],[102.14707,51.06988],[102.14967,51.06414],[102.15131,51.05698],[102.15143,51.05696],[102.15121,51.05687],[102.1123,51.05785],[101.98514,51.07492],[101.88745,51.0736],[101.8176,51.07956],[101.76942,51.08327],[101.7244,51.08234],[101.64773,51.09985],[101.5945,51.12664],[101.56989,51.12364],[101.53205,51.10295],[101.45949,51.05093],[101.4017,51.02495],[101.36644,51.00541],[101.25621,50.98619],[101.23358,50.94403],[101.16659,50.91712],[101.12238,50.89914],[101.06984,50.86188],[101.06276,50.84734],[101.02716,50.82633],[100.98785,50.82306],[100.92037,50.8134],[100.88741,50.80951],[100.78875,50.78907],[100.70264,50.76432],[100.60838,50.71471],[100.57106,50.68804],[100.57486,50.67435],[100.57819,50.66399],[100.5827,50.62093],[100.59576,50.60688],[100.61014,50.5729],[100.61398,50.54602],[100.5783,50.50989],[100.57341,50.47645],[100.57639,50.45703],[100.57793,50.44381],[100.51434,50.4109],[100.5098,50.36839],[100.50869,50.35494],[100.48003,50.34058],[100.45663,50.31872],[100.41292,50.31122],[100.35159,50.34089],[100.30766,50.3585],[100.23634,50.4035],[100.13968,50.38999],[100.10593,50.42206],[100.12646,50.44791],[100.13533,50.43287],[100.15031,50.41645],[100.18158,50.43822],[100.1765,50.45161],[100.17536,50.46008],[100.17281,50.46572],[100.17069,50.47267],[100.1615,50.48213],[100.15189,50.46589],[100.14283,50.46208],[100.13788,50.46256],[100.15009,50.48651],[100.12938,50.51635],[100.13499,50.53132],[100.11288,50.57901],[100.12173,50.60789],[100.11523,50.62926],[100.10062,50.65996],[100.08909,50.70229],[100.10621,50.70766],[100.13457,50.7161],[100.14295,50.74894],[100.14369,50.74981],[100.18913,50.80235],[100.18877,50.80252],[100.18908,50.80288],[100.14194,50.82479],[100.1442,50.84907],[100.16665,50.88264],[100.18131,50.90852],[100.20332,50.92925],[100.22395,50.96119],[100.20992,50.97298],[100.20972,50.97313],[100.18223,50.98877],[100.18201,50.98889],[100.18175,50.98905],[100.18143,50.98922],[100.16164,51.02066],[100.16855,51.04014],[100.16604,51.05479],[100.16596,51.07587],[100.13754,51.09814],[100.14134,51.14632],[100.14552,51.16148],[100.14643,51.17743],[100.16293,51.19186],[100.18804,51.22292],[100.18232,51.25944],[100.16716,51.28615],[100.13548,51.31999],[100.12817,51.34147],[100.09692,51.34645],[100.05831,51.35665],[100.04874,51.38018],[100.03339,51.39814],[100.06065,51.4207],[100.08487,51.43964],[100.11428,51.45968],[100.06805,51.50898],[100.07093,51.53843],[100.06699,51.56565],[100.01456,51.58175],[99.99442,51.57833],[99.98728,51.5961],[99.98197,51.61492],[99.97097,51.63727],[99.94421,51.65924],[99.9149,51.68559],[99.91837,51.70739],[99.9097,51.73745],[99.95066,51.74171],[99.99072,51.74741],[99.99136,51.74763],[99.99371,51.74525],[99.99769,51.74254],[100.00067,51.74226],[100.00098,51.74235],[100.00397,51.74073],[100.01174,51.73836],[100.01509,51.73821],[100.02032,51.73944],[100.02327,51.73942],[100.02769,51.73718],[100.03207,51.73403],[100.03799,51.73306],[100.04323,51.73393],[100.04772,51.73528],[100.05231,51.73408],[100.0573,51.73219],[100.06325,51.73214],[100.06698,51.73303],[100.07,51.73508],[100.0738,51.73873],[100.08431,51.74302],[100.09147,51.74757],[100.09609,51.75012],[100.10661,51.75372],[100.11255,51.75366],[100.11559,51.75616],[100.12782,51.75536],[100.13417,51.75691],[100.14848,51.757],[100.15268,51.75656],[100.15717,51.7579]],[[100.62366,51.52188],[100.69767,51.45872],[100.72175,51.48817],[100.77109,51.50147],[100.78033,51.52739],[100.75148,51.53496],[100.72897,51.54827],[100.64205,51.5493],[100.63049,51.52295],[100.62361,51.52192],[100.62366,51.52188]]]}},{"type":"Feature","properties":{"name":"Говь гурван сайхан","type":"Байгалийн цогцолборт газар"},"geometry":{"type":"Polygon","coordinates":[[[101.3426,44.16567],[101.42818,44.06458],[101.74236,44.04193],[102.05825,44.14264],[102.24309,44.15853],[102.39264,44.18254],[102.96524,44.17195],[103.19407,44.03448],[103.425,43.98683],[103.53516,43.94496],[103.72787,43.90091],[103.92866,43.77913],[103.99026,43.6568],[104.0182,43.58893],[104.04706,43.56637],[104.09239,43.57213],[104.36842,43.50626],[104.40321,43.46964],[104.42476,43.36199],[104.42476,43.36199],[104.42475,43.36199],[104.28995,43.24783],[104.2884,43.248],[104.22545,43.32204],[104.13361,43.37188],[104.04514,43.41662],[103.6992,43.5349],[103.45041,43.63853],[103.26617,43.64833],[103.23664,43.6499],[103.16553,43.65369],[103.16483,43.65369],[103.16483,43.65369],[103.16129,43.65369],[103.15848,43.65338],[103.15697,43.65321],[103.15302,43.65248],[103.15066,43.65128],[103.1488,43.65033],[103.14771,43.64969],[103.14543,43.64834],[103.14236,43.64379],[103.14233,43.64356],[103.13842,43.6148],[103.12956,43.54965],[103.1195,43.4756],[103.1195,43.4756],[103.1195,43.47559],[103.24654,43.39402],[103.24653,43.39402],[103.2465,43.39401],[102.97699,43.35877],[102.52905,43.54835],[102.46021,43.54099],[102.22287,43.63886],[102.04649,43.50543],[101.93308,43.36929],[101.78209,43.33872],[101.67686,43.40332],[101.62971,43.44472],[101.5208,43.41784],[101.4135,43.40216],[101.3165,43.36736],[101.26798,43.36234],[100.94811,43.35392],[100.78996,43.35002],[100.71308,43.4555],[100.67291,43.55772],[100.66808,43.66253],[100.57207,43.70878],[100.19897,43.77012],[100.18858,43.63629],[99.98434,43.36083],[99.72468,43.39853],[99.53573,43.37865],[99.48391,43.37736],[99.46071,43.66795],[99.44862,43.81935],[99.43437,44.00005],[99.42556,44.1184],[99.42556,44.11843],[99.42556,44.11843],[99.50041,44.12718],[99.76131,44.16215],[99.79446,44.14845],[99.93326,44.21902],[99.9333,44.21904],[99.93609,44.22046],[100.07681,44.26254],[100.32671,44.34381],[100.7275,44.30223],[101.02055,44.16644],[101.3426,44.16567]]]}},{"type":"Feature","properties":{"name":"Горхи-Тэрэлж","type":"Байгалийн цогцолборт газар"},"geometry":{"type":"Polygon","coordinates":[[[107.63734,48.4213],[107.73442,48.36028],[107.77623,48.3364],[107.82864,48.32722],[107.92544,48.30466],[107.98298,48.31938],[108.01384,48.31602],[108.05288,48.31498],[108.10916,48.29664],[108.11032,48.29625],[108.05892,48.25306],[108.0217,48.21844],[107.99083,48.16169],[107.9926,48.14228],[107.95689,48.08593],[107.95129,48.06306],[107.94715,48.03844],[107.94304,48.02466],[107.91129,47.98915],[107.89545,47.97837],[107.824,47.9579],[107.7937,47.95179],[107.76902,47.96057],[107.72519,47.95509],[107.70729,47.93709],[107.70415,47.92917],[107.67226,47.90821],[107.66693,47.90445],[107.65041,47.89383],[107.61816,47.8823],[107.43066,47.79852],[107.37785,47.79727],[107.35138,47.81663],[107.34976,47.85821],[107.36416,47.87851],[107.37165,47.90182],[107.38417,47.91362],[107.41114,47.94338],[107.36573,47.96248],[107.37272,47.98906],[107.34402,48.03586],[107.32037,48.06053],[107.31269,48.07178],[107.25269,48.10956],[107.22367,48.13475],[107.19747,48.14163],[107.17505,48.15734],[107.16173,48.16344],[107.11401,48.17472],[107.09008,48.19927],[107.08179,48.2079],[107.08156,48.20815],[107.10999,48.22274],[107.10502,48.26117],[107.13013,48.28263],[107.1871,48.33928],[107.22599,48.35764],[107.2264,48.35783],[107.32745,48.38284],[107.32788,48.38269],[107.40031,48.38601],[107.45807,48.40976],[107.51164,48.40158],[107.58105,48.40525],[107.63734,48.4213]],[[107.42734,47.98305],[107.42831,47.98168],[107.44909,47.98233],[107.4631,47.98377],[107.46463,47.98597],[107.46485,47.98835],[107.46389,47.98831],[107.46316,47.98893],[107.46342,47.98953],[107.46307,47.99029],[107.46023,47.9914],[107.45895,47.99231],[107.45732,47.99249],[107.45567,47.99455],[107.45414,47.99443],[107.45279,47.99374],[107.45043,47.9905],[107.43879,47.98799],[107.42563,47.98566],[107.42734,47.98305]],[[107.47063,47.98146],[107.46779,47.98082],[107.46717,47.97896],[107.46837,47.97737],[107.47058,47.9768],[107.47184,47.97633],[107.47571,47.97556],[107.47785,47.97585],[107.47893,47.97707],[107.47867,47.97798],[107.47829,47.97882],[107.47652,47.97992],[107.47369,47.98118],[107.47063,47.98146]]]}},{"type":"Feature","properties":{"name":"Хустайн нуруу","type":"Байгалийн цогцолборт газар"},"geometry":{"type":"Polygon","coordinates":[[[105.94178,47.53914],[105.91638,47.53388],[105.89584,47.54537],[105.86103,47.57734],[105.8159,47.61555],[105.76547,47.63153],[105.72303,47.66357],[105.71803,47.69405],[105.7352,47.71405],[105.77027,47.72973],[105.85525,47.75374],[105.94969,47.78765],[105.99775,47.82534],[106.04941,47.83761],[106.10174,47.82858],[106.13067,47.79968],[106.14109,47.75997],[106.13694,47.73168],[106.0634,47.69552],[106.03115,47.67683],[106.02264,47.65064],[106.03015,47.612],[106.02875,47.57554],[105.97522,47.54607],[105.94178,47.53914]]]}},{"type":"Feature","properties":{"name":"Угтам уул","type":"Байгалийн нөөц газар"},"geometry":{"type":"Polygon","coordinates":[[[113.93461,49.25697],[113.89332,49.23267],[113.81578,49.23382],[113.81578,49.23382],[113.72134,49.24157],[113.72134,49.24157],[113.66026,49.25255],[113.61914,49.25375],[113.61914,49.25375],[113.62103,49.28752],[113.57983,49.32488],[113.59574,49.38396],[113.57687,49.4169],[113.67727,49.42371],[113.67727,49.42371],[113.73164,49.42224],[113.86999,49.39005],[113.95924,49.34134],[113.95826,49.30394],[113.92425,49.27916],[113.93461,49.25697]]]}},{"type":"Feature","properties":{"name":"Шарга, Манхан","type":"Байгалийн нөөц газар"},"geometry":{"type":"Polygon","coordinates":[[[94.7192,46.09665],[94.75664,46.075],[94.88506,46.08445],[94.95264,46.08968],[94.95265,46.08968],[94.97559,46.05891],[94.98529,46.01084],[95.03819,45.98234],[95.03819,45.98234],[95.26399,46.02841],[95.26399,46.02841],[95.35758,46.02159],[95.42316,45.98934],[95.40977,45.9555],[95.44069,45.90881],[95.40998,45.86581],[95.40991,45.86576],[95.31973,45.85428],[95.26608,45.82812],[95.26608,45.82812],[95.12912,45.85792],[95.09358,45.86541],[95.09358,45.86541],[94.93317,45.77017],[94.93317,45.77017],[94.81154,45.85958],[94.81154,45.85958],[94.6635,45.84571],[94.6635,45.84571],[94.50832,45.89761],[94.42097,45.91726],[94.33675,45.97403],[94.21562,46.02662],[94.1703,46.07347],[94.13458,46.09835],[94.07951,46.13624],[94.06104,46.17474],[94.05204,46.20495],[94.0495,46.26177],[94.03449,46.2876],[94.10018,46.34462],[94.20095,46.39481],[94.20095,46.39481],[94.36926,46.37664],[94.37705,46.30811],[94.52987,46.28298],[94.54514,46.24773],[94.57962,46.172],[94.64272,46.12081],[94.7192,46.09665]]]}},{"type":"Feature","properties":{"name":"Шарга, Манхан (Манхан)","type":"Байгалийн нөөц газар"},"geometry":{"type":"Polygon","coordinates":[[[92.35381,47.53147],[92.35741,47.46701],[92.35741,47.46701],[92.23729,47.45944],[92.13053,47.42104],[92.20188,47.37206],[92.28053,47.32767],[92.26565,47.24232],[92.26564,47.24233],[92.16342,47.24654],[92.13417,47.29152],[92.02921,47.34427],[92.02648,47.42463],[92.04955,47.47753],[92.07416,47.51866],[92.01152,47.5333],[92.04934,47.56631],[91.97283,47.60833],[91.86237,47.6117],[91.83827,47.66164],[91.79857,47.68908],[91.79857,47.68908],[91.93102,47.68882],[91.98365,47.64607],[92.16565,47.64685],[92.20611,47.64628],[92.20612,47.64628],[92.35381,47.53147]]]}},{"type":"Feature","properties":{"name":"Хүйсийн найман нуур","type":"Дурсгалт газар"},"geometry":{"type":"Polygon","coordinates":[[[101.82908,46.48298],[101.82168,46.47499],[101.79478,46.47896],[101.76829,46.50177],[101.76344,46.51236],[101.73224,46.55673],[101.74628,46.58007],[101.76057,46.62259],[101.75503,46.64722],[101.7747,46.65372],[101.77489,46.65378],[101.7756,46.65352],[101.77565,46.6535],[101.7757,46.65348],[101.79427,46.64668],[101.80481,46.628],[101.82178,46.60233],[101.84058,46.56133],[101.8549,46.532],[101.85744,46.511],[101.83122,46.4962],[101.82908,46.48298]]]}},{"type":"Feature","properties":{"name":"Сүйхэнт","type":"Дурсгалт газар"},"geometry":{"type":"Polygon","coordinates":[[[108.03381,43.63868],[108.06677,43.61969],[108.1289,43.62179],[108.12022,43.57623],[108.07114,43.56147],[108.01498,43.57447],[108.03378,43.60312],[108.03381,43.63868]]]}},{"type":"Feature","properties":{"name":"Хангайн нуруу","type":"Байгалийн цогцолборт газар"},"geometry":{"type":"Polygon","coordinates":[[[100.94022,46.88797],[101.05834,46.88302],[101.14992,46.9451],[101.16135,46.97321],[101.24258,47.05188],[101.24551,47.10445],[101.24553,47.10463],[101.29464,47.15637],[101.39088,47.20383],[101.45013,47.1986],[101.45626,47.17322],[101.53214,47.14463],[101.58768,47.12468],[101.5413,47.03343],[101.57227,47.00229],[101.5746,46.98025],[101.5985,46.95041],[101.67213,46.9058],[101.75069,46.85683],[101.77623,46.83258],[101.83681,46.81617],[101.89539,46.81644],[101.97482,46.8194],[102.06454,46.87175],[102.13183,46.88973],[102.19548,46.99049],[102.21312,47.00879],[102.29234,47.03994],[102.4215,46.97187],[102.51733,46.98141],[102.59112,47.00919],[102.59145,47.00927],[102.58738,47.04485],[102.51061,47.07693],[102.53394,47.11123],[102.60934,47.13391],[102.62753,47.15465],[102.63167,47.17676],[102.67204,47.22746],[102.7325,47.22223],[102.73759,47.21119],[102.74431,47.19661],[102.75206,47.19426],[102.76028,47.19177],[102.77004,47.18881],[102.77546,47.18717],[102.7818,47.18525],[102.78468,47.18438],[102.79636,47.18084],[102.79768,47.18044],[102.799,47.18003],[102.79998,47.17974],[102.80248,47.17898],[102.808,47.17731],[102.84743,47.1508],[102.83012,47.12971],[102.83317,47.11522],[102.8176,47.08852],[102.72818,47.02204],[102.64256,46.97299],[102.62508,46.96563],[102.52328,46.90327],[102.48442,46.88612],[102.45094,46.86286],[102.29171,46.84838],[102.2057,46.81557],[102.23193,46.74627],[102.28312,46.74572],[102.23203,46.7053],[102.20072,46.69832],[102.18819,46.67583],[102.16511,46.67031],[102.11284,46.65646],[102.11263,46.65644],[102.09,46.64175],[102.06893,46.63385],[102.00281,46.60283],[101.9103,46.53066],[101.88306,46.5229],[101.86731,46.53108],[101.8549,46.532],[101.84058,46.56133],[101.82178,46.60233],[101.80481,46.628],[101.79427,46.64668],[101.7757,46.65348],[101.77565,46.6535],[101.7756,46.65352],[101.77489,46.65378],[101.7747,46.65372],[101.75503,46.64722],[101.76057,46.62259],[101.74628,46.58007],[101.7101,46.5376],[101.70113,46.54886],[101.68594,46.5703],[101.65711,46.61913],[101.59843,46.59794],[101.54229,46.613],[101.50416,46.59655],[101.49061,46.582],[101.48973,46.54596],[101.45117,46.55173],[101.41904,46.5455],[101.31977,46.54022],[101.29137,46.53262],[101.25484,46.52359],[101.18157,46.4803],[101.15091,46.442],[100.94143,46.51331],[100.93291,46.53702],[100.98737,46.54734],[101.07879,46.56458],[101.06766,46.60021],[101.11145,46.66154],[101.11087,46.66159],[101.01486,46.66887],[101.0209,46.6898],[101.05944,46.71505],[100.98088,46.75715],[100.82681,46.73653],[100.72246,46.75403],[100.66117,46.82689],[100.61665,46.82185],[100.58669,46.80314],[100.5602,46.72876],[100.48325,46.76308],[100.41235,46.77362],[100.32547,46.78189],[100.20557,46.79066],[100.10737,46.85942],[100.04377,46.95408],[99.9736,47.02655],[99.89027,47.06679],[99.92372,47.10194],[99.8912,47.14532],[99.89101,47.14539],[99.91066,47.21593],[100.01523,47.2383],[100.10681,47.282],[100.2133,47.34162],[100.25693,47.37285],[100.32014,47.3897],[100.35738,47.40501],[100.40531,47.42977],[100.46147,47.4461],[100.50034,47.45377],[100.54353,47.45055],[100.57137,47.43661],[100.57184,47.43633],[100.63718,47.42965],[100.726,47.37254],[100.75062,47.35067],[100.71561,47.29844],[100.66634,47.25504],[100.69769,47.22274],[100.72408,47.19553],[100.74279,47.15364],[100.78257,47.13199],[100.80087,47.08442],[100.81116,47.03224],[100.80113,47.00779],[100.9012,46.97482],[100.86491,46.9068],[100.94022,46.88797]]]}},{"type":"Feature","properties":{"name":"Алтай таван богд","type":"Байгалийн цогцолборт газар"},"geometry":{"type":"Polygon","coordinates":[[[88.06525,49.26061],[88.06657,49.2604],[88.06877,49.26046],[88.06877,49.26046],[88.07064,49.26033],[88.07064,49.26033],[88.07291,49.26028],[88.07291,49.26028],[88.07461,49.26031],[88.07461,49.26031],[88.077,49.26027],[88.077,49.26027],[88.07897,49.26027],[88.07897,49.26027],[88.08121,49.26017],[88.08121,49.26017],[88.08206,49.26006],[88.08275,49.25952],[88.08331,49.25809],[88.08378,49.25707],[88.08431,49.25626],[88.08504,49.25554],[88.08675,49.25508],[88.08821,49.25477],[88.08976,49.25463],[88.08976,49.25463],[88.09154,49.2546],[88.09154,49.2546],[88.09318,49.25466],[88.09288,49.25451],[88.12479,49.23155],[88.1191,49.20434],[88.13599,49.1711],[88.17143,49.14315],[88.2252,49.10548],[88.29636,49.0579],[88.44116,48.98867],[88.49606,48.95782],[88.54433,48.93781],[88.54952,48.90122],[88.59637,48.80352],[88.66214,48.76231],[88.76657,48.68252],[88.82801,48.65444],[88.83014,48.63132],[88.87782,48.58289],[88.94736,48.5452],[88.98112,48.51533],[88.99273,48.4802],[88.97056,48.45883],[88.95113,48.43063],[88.98771,48.39604],[88.97591,48.37015],[88.96807,48.35295],[89.00847,48.32839],[89.02646,48.32516],[89.09342,48.31105],[89.15478,48.29361],[89.1996,48.2841],[89.24559,48.28673],[89.30581,48.28116],[89.35099,48.28174],[89.38057,48.26141],[89.39834,48.24272],[89.43524,48.20625],[89.47069,48.17625],[89.46347,48.15994],[89.46315,48.14667],[89.47537,48.12626],[89.46159,48.1038],[89.52862,48.084],[89.54991,48.03534],[89.54988,48.03535],[89.5481,48.03539],[89.5481,48.03539],[89.54809,48.03539],[89.54805,48.03539],[89.54485,48.0341],[89.54188,48.03425],[89.54186,48.03424],[89.54186,48.03424],[89.54182,48.03424],[89.53928,48.0338],[89.53737,48.0343],[89.53411,48.03499],[89.53279,48.03534],[89.5296,48.03554],[89.52958,48.03554],[89.52957,48.03554],[89.52955,48.03554],[89.52955,48.03554],[89.52436,48.03499],[89.52064,48.0335],[89.51839,48.0329],[89.51839,48.0329],[89.51614,48.03276],[89.51422,48.03325],[89.51183,48.03385],[89.51182,48.03384],[89.51181,48.03384],[89.51178,48.03385],[89.51068,48.0332],[89.50938,48.03165],[89.50828,48.03086],[89.50581,48.02962],[89.50256,48.02902],[89.50122,48.02858],[89.49941,48.02753],[89.49815,48.02673],[89.4948,48.02511],[89.49467,48.02464],[89.49166,48.02384],[89.48913,48.02417],[89.48294,48.02565],[89.47602,48.02598],[89.47138,48.02619],[89.46632,48.02619],[89.46316,48.02727],[89.45596,48.02928],[89.45226,48.02976],[89.4474,48.02995],[89.44277,48.03056],[89.43599,48.03063],[89.43595,48.03063],[89.43594,48.03063],[89.43594,48.03063],[89.4345,48.03056],[89.4345,48.03056],[89.42905,48.03022],[89.42905,48.03022],[89.42506,48.02975],[89.4213,48.03002],[89.41821,48.03036],[89.41551,48.0309],[89.41549,48.03089],[89.41547,48.03089],[89.41546,48.0309],[89.41546,48.0309],[89.41285,48.03063],[89.41285,48.03063],[89.40799,48.03023],[89.40799,48.03023],[89.40363,48.02935],[89.4009,48.02928],[89.39823,48.02955],[89.39608,48.03137],[89.39291,48.03527],[89.38948,48.03877],[89.38565,48.04045],[89.38445,48.04214],[89.38289,48.04429],[89.38286,48.04429],[89.38284,48.04428],[89.38284,48.04429],[89.38284,48.04429],[89.38253,48.04424],[89.38253,48.04424],[89.38122,48.04402],[89.37891,48.04267],[89.37588,48.0416],[89.37394,48.04038],[89.37286,48.03864],[89.37286,48.03595],[89.37327,48.03439],[89.37407,48.03231],[89.37393,48.03137],[89.37315,48.03043],[89.37112,48.02881],[89.3703,48.0278],[89.36896,48.02552],[89.36891,48.02498],[89.36781,48.02296],[89.36749,48.02201],[89.36668,48.02114],[89.36594,48.02067],[89.36404,48.02],[89.36015,48.01832],[89.35799,48.01677],[89.35456,48.01515],[89.35456,48.01515],[89.35165,48.01489],[89.3479,48.01596],[89.34459,48.01777],[89.34285,48.02033],[89.34096,48.02121],[89.3409,48.02121],[89.3409,48.02121],[89.3409,48.02121],[89.33729,48.02108],[89.33729,48.02108],[89.33255,48.02046],[89.33255,48.02046],[89.32819,48.02],[89.32597,48.01945],[89.32139,48.01677],[89.31693,48.01488],[89.31131,48.01307],[89.30659,48.01213],[89.30659,48.01213],[89.30293,48.01173],[89.30031,48.01206],[89.2973,48.0124],[89.29398,48.01293],[89.29396,48.01293],[89.29395,48.01293],[89.29392,48.01293],[89.29392,48.01293],[89.29166,48.01253],[89.28949,48.01091],[89.28849,48.00849],[89.288,48.00566],[89.2872,48.00304],[89.28606,48.00077],[89.28593,47.99996],[89.28603,47.9997],[89.28649,47.99823],[89.28615,47.99743],[89.28537,47.9963],[89.28422,47.99388],[89.28316,47.99179],[89.28196,47.98979],[89.28047,47.98774],[89.27913,47.98601],[89.27752,47.98574],[89.27752,47.98574],[89.27554,47.98559],[89.27392,47.98574],[89.27168,47.98567],[89.2702,47.98574],[89.26809,47.98605],[89.26651,47.98627],[89.26514,47.98677],[89.26349,47.98707],[89.26141,47.98737],[89.25967,47.98828],[89.25796,47.98994],[89.25735,47.99055],[89.25732,47.99054],[89.2573,47.99053],[89.25729,47.99054],[89.25729,47.99054],[89.25679,47.99039],[89.25586,47.9901],[89.25478,47.98949],[89.25403,47.98888],[89.25316,47.98798],[89.25169,47.98665],[89.25031,47.98544],[89.24871,47.9848],[89.24681,47.98442],[89.24609,47.98408],[89.24594,47.98366],[89.24483,47.98127],[89.24384,47.98014],[89.24355,47.97882],[89.24251,47.97761],[89.24046,47.97674],[89.23846,47.97625],[89.2365,47.97557],[89.23318,47.97545],[89.23005,47.97565],[89.22841,47.97598],[89.22666,47.97613],[89.22356,47.97624],[89.22352,47.97624],[89.2235,47.97624],[89.2235,47.97624],[89.22024,47.97606],[89.21836,47.97618],[89.21619,47.97621],[89.21382,47.97625],[89.21176,47.97628],[89.21027,47.97632],[89.20886,47.97629],[89.20651,47.97648],[89.20515,47.97712],[89.20333,47.97769],[89.20151,47.9781],[89.19965,47.97833],[89.19718,47.97859],[89.19521,47.97892],[89.19173,47.9795],[89.18942,47.98007],[89.1876,47.9809],[89.18598,47.98196],[89.18509,47.98238],[89.18447,47.98337],[89.18362,47.98476],[89.18196,47.98567],[89.17959,47.98696],[89.17893,47.98763],[89.1769,47.98903],[89.17493,47.9893],[89.17365,47.98934],[89.17105,47.98972],[89.16744,47.99104],[89.16672,47.99127],[89.16397,47.99172],[89.16242,47.99176],[89.16097,47.99217],[89.15894,47.9929],[89.15766,47.99343],[89.15707,47.99361],[89.15585,47.99406],[89.15476,47.99429],[89.15473,47.99429],[89.1547,47.99429],[89.15469,47.99429],[89.15469,47.99429],[89.15327,47.99418],[89.15165,47.99353],[89.15099,47.99316],[89.14922,47.9927],[89.14769,47.99232],[89.1463,47.99161],[89.14434,47.99039],[89.14314,47.98968],[89.14169,47.98934],[89.14169,47.98934],[89.14123,47.98931],[89.14048,47.98927],[89.13906,47.98919],[89.13832,47.98915],[89.13621,47.98877],[89.13511,47.98816],[89.13357,47.98741],[89.13205,47.98676],[89.12963,47.98612],[89.12583,47.9862],[89.12281,47.9862],[89.12279,47.9862],[89.12279,47.9862],[89.12275,47.9862],[89.12275,47.9862],[89.12044,47.98601],[89.11835,47.9854],[89.11585,47.98468],[89.11585,47.98468],[89.11384,47.98453],[89.11149,47.98457],[89.10976,47.98484],[89.1068,47.98559],[89.10419,47.98593],[89.10244,47.98616],[89.09989,47.98643],[89.09737,47.9868],[89.0953,47.98696],[89.09202,47.98703],[89.08896,47.98703],[89.08596,47.98715],[89.08052,47.98733],[89.07753,47.98733],[89.07548,47.98745],[89.073,47.98752],[89.06916,47.98775],[89.06694,47.98786],[89.06454,47.9882],[89.06246,47.98858],[89.06013,47.98949],[89.05861,47.99047],[89.05817,47.99237],[89.05705,47.99437],[89.0565,47.99509],[89.05482,47.99671],[89.05405,47.99774],[89.05375,47.99859],[89.05341,47.99935],[89.05163,48.00138],[89.05057,48.00414],[89.04954,48.00524],[89.04259,48.00848],[89.03779,48.01116],[89.03431,48.01448],[89.03336,48.01755],[89.03273,48.02039],[89.03069,48.02537],[89.02683,48.02923],[89.01845,48.03365],[89.01467,48.03562],[89.00829,48.04138],[89.00615,48.04454],[89.00623,48.04801],[89.00632,48.04951],[89.00599,48.05046],[89.00237,48.05236],[89.00025,48.05391],[88.99987,48.05513],[88.9988,48.05722],[88.99494,48.05876],[88.99117,48.06092],[88.98985,48.0629],[88.98925,48.06595],[88.98809,48.06784],[88.98601,48.06859],[88.98597,48.06859],[88.98594,48.06859],[88.98594,48.06859],[88.98594,48.06859],[88.98348,48.06842],[88.97901,48.06846],[88.97421,48.06949],[88.97283,48.06999],[88.97071,48.07259],[88.96821,48.07604],[88.9655,48.07869],[88.9639,48.07923],[88.9622,48.07991],[88.96009,48.08062],[88.95887,48.08224],[88.95842,48.08341],[88.95713,48.08439],[88.95533,48.08538],[88.95389,48.08726],[88.95312,48.08857],[88.95182,48.0913],[88.95107,48.09238],[88.95076,48.09269],[88.94888,48.09265],[88.94888,48.09265],[88.94881,48.09265],[88.94808,48.09238],[88.94629,48.09202],[88.94479,48.09202],[88.94173,48.09323],[88.93805,48.09615],[88.93702,48.09732],[88.93688,48.09844],[88.93712,48.09911],[88.93792,48.10068],[88.93797,48.10145],[88.93744,48.10181],[88.93725,48.10194],[88.93644,48.10414],[88.93561,48.10602],[88.93519,48.10701],[88.93425,48.10777],[88.93361,48.10782],[88.9336,48.10781],[88.93359,48.10781],[88.93353,48.10781],[88.93314,48.10764],[88.93172,48.10714],[88.92944,48.10642],[88.92753,48.10508],[88.92436,48.10423],[88.92263,48.10427],[88.92248,48.10431],[88.92245,48.10432],[88.92051,48.10481],[88.918,48.10624],[88.9145,48.10791],[88.91282,48.1084],[88.91224,48.10845],[88.91219,48.10845],[88.91114,48.10853],[88.91111,48.10853],[88.91109,48.10853],[88.91106,48.10853],[88.91106,48.10853],[88.90913,48.10831],[88.90594,48.10827],[88.9025,48.10853],[88.90018,48.10863],[88.90015,48.10862],[88.90014,48.10862],[88.9001,48.10862],[88.9001,48.10862],[88.89831,48.1084],[88.89831,48.1084],[88.8932,48.10741],[88.88966,48.10669],[88.88487,48.10593],[88.88038,48.10598],[88.87724,48.10683],[88.87446,48.1071],[88.87227,48.10719],[88.87223,48.10719],[88.87222,48.10718],[88.87219,48.10719],[88.87219,48.10719],[88.86977,48.10701],[88.86977,48.10701],[88.86694,48.10683],[88.86456,48.10602],[88.86456,48.10602],[88.86059,48.10571],[88.85826,48.10593],[88.85276,48.10827],[88.8496,48.10961],[88.8461,48.11042],[88.84368,48.11046],[88.84361,48.11046],[88.84361,48.11046],[88.8436,48.11046],[88.84276,48.11042],[88.8418,48.11002],[88.83982,48.10898],[88.838,48.10777],[88.83643,48.10575],[88.83476,48.10382],[88.83369,48.10279],[88.83068,48.10189],[88.82955,48.10139],[88.82915,48.10063],[88.82872,48.09969],[88.82872,48.09969],[88.82683,48.09947],[88.82538,48.09943],[88.82187,48.09983],[88.81926,48.1014],[88.81766,48.10301],[88.81666,48.10486],[88.81574,48.10589],[88.81533,48.10606],[88.81326,48.10611],[88.81319,48.10611],[88.81318,48.10611],[88.81318,48.10611],[88.81047,48.10598],[88.80687,48.10651],[88.80481,48.10746],[88.8041,48.10817],[88.80365,48.11038],[88.80339,48.11195],[88.80357,48.11397],[88.80357,48.11666],[88.80353,48.1172],[88.80317,48.11764],[88.80221,48.11818],[88.80106,48.11841],[88.80005,48.11885],[88.79814,48.12025],[88.79731,48.12163],[88.79705,48.12222],[88.7966,48.12258],[88.79539,48.12258],[88.79537,48.12258],[88.79537,48.12258],[88.79531,48.12258],[88.79531,48.12258],[88.7943,48.12245],[88.79354,48.12245],[88.79175,48.12348],[88.79042,48.12442],[88.78958,48.12478],[88.78661,48.12527],[88.78513,48.12626],[88.78224,48.12877],[88.78028,48.13057],[88.7795,48.13088],[88.77946,48.13088],[88.77943,48.13087],[88.77942,48.13088],[88.77942,48.13088],[88.77803,48.13074],[88.77677,48.13029],[88.77361,48.12922],[88.77023,48.12878],[88.76687,48.12896],[88.76429,48.12971],[88.76075,48.13124],[88.75895,48.13156],[88.75677,48.13268],[88.75622,48.13331],[88.75533,48.1347],[88.75506,48.13578],[88.75534,48.13694],[88.75564,48.13784],[88.75515,48.1386],[88.75455,48.13977],[88.75313,48.14148],[88.74891,48.14399],[88.74623,48.14637],[88.74445,48.14852],[88.74367,48.1491],[88.74335,48.14924],[88.74087,48.14915],[88.74086,48.14915],[88.74078,48.14914],[88.74078,48.14914],[88.7397,48.14906],[88.73869,48.14987],[88.73579,48.15247],[88.73356,48.15467],[88.73145,48.15593],[88.72983,48.15628],[88.72979,48.15628],[88.72977,48.15627],[88.72974,48.15628],[88.72974,48.15628],[88.72836,48.1561],[88.72737,48.15574],[88.72566,48.15493],[88.72427,48.15399],[88.72222,48.15283],[88.71813,48.15292],[88.7131,48.15417],[88.70959,48.15561],[88.70812,48.15736],[88.70772,48.15893],[88.70749,48.16082],[88.70811,48.16239],[88.70907,48.16351],[88.71107,48.16459],[88.71233,48.16593],[88.71293,48.16818],[88.71458,48.17091],[88.71507,48.1728],[88.71454,48.1732],[88.71377,48.17324],[88.71134,48.17329],[88.71127,48.17329],[88.71126,48.17329],[88.71126,48.17329],[88.70786,48.17312],[88.70185,48.17464],[88.69815,48.17594],[88.6954,48.17742],[88.69421,48.17769],[88.69418,48.17769],[88.69416,48.17768],[88.69412,48.17769],[88.69412,48.17769],[88.69283,48.17742],[88.69111,48.17697],[88.6885,48.17643],[88.68744,48.17531],[88.68484,48.17275],[88.6829,48.17189],[88.67959,48.17118],[88.6755,48.16988],[88.67124,48.16736],[88.66894,48.16657],[88.6663,48.1671],[88.66249,48.16818],[88.65467,48.17127],[88.64905,48.17432],[88.64601,48.17527],[88.64067,48.17688],[88.63819,48.178],[88.63781,48.17926],[88.63631,48.18245],[88.6326,48.1855],[88.62829,48.1886],[88.62772,48.18936],[88.62779,48.18989],[88.62868,48.19088],[88.6295,48.192],[88.62996,48.19327],[88.62896,48.19596],[88.6272,48.19936],[88.62693,48.20107],[88.62707,48.20255],[88.62689,48.20295],[88.62398,48.20439],[88.62172,48.20681],[88.61948,48.21004],[88.61864,48.21094],[88.61792,48.21117],[88.61482,48.21112],[88.61133,48.21197],[88.60679,48.21381],[88.60158,48.21637],[88.59817,48.21695],[88.59813,48.21695],[88.5981,48.21695],[88.59808,48.21695],[88.59808,48.21695],[88.59396,48.21646],[88.58983,48.21561],[88.58983,48.21561],[88.58754,48.21543],[88.58681,48.21633],[88.58661,48.21727],[88.58672,48.21808],[88.58746,48.22028],[88.58768,48.22261],[88.58804,48.22477],[88.58917,48.22703],[88.58945,48.22763],[88.59212,48.23244],[88.59491,48.23657],[88.59511,48.23751],[88.595,48.23819],[88.59472,48.23989],[88.59485,48.24137],[88.59642,48.24393],[88.5966,48.2451],[88.59613,48.24563],[88.59494,48.24612],[88.59378,48.24684],[88.59063,48.24828],[88.58853,48.25071],[88.58751,48.2525],[88.58749,48.25443],[88.58817,48.25649],[88.58839,48.25739],[88.58812,48.25779],[88.58557,48.25936],[88.58198,48.26067],[88.57992,48.26247],[88.57893,48.26398],[88.57647,48.26588],[88.57241,48.26856],[88.57009,48.27018],[88.56737,48.27372],[88.56654,48.27512],[88.56673,48.27579],[88.57368,48.28575],[88.576,48.28849],[88.58242,48.29805],[88.58539,48.3011],[88.59454,48.31102],[88.59768,48.31443],[88.60199,48.32026],[88.60441,48.32534],[88.6055,48.3283],[88.60545,48.32862],[88.60544,48.32872],[88.60519,48.33038],[88.6037,48.33299],[88.60288,48.33419],[88.60242,48.33599],[88.60142,48.33769],[88.60039,48.33844],[88.59891,48.33876],[88.5979,48.33876],[88.59532,48.33942],[88.59391,48.34058],[88.59141,48.34299],[88.58955,48.34334],[88.58951,48.34334],[88.58949,48.34333],[88.58946,48.34334],[88.58946,48.34334],[88.58519,48.34283],[88.58172,48.34291],[88.57811,48.34332],[88.57617,48.34434],[88.5754,48.3451],[88.57473,48.34657],[88.57394,48.34938],[88.57352,48.34955],[88.57153,48.34969],[88.56792,48.34959],[88.56626,48.35017],[88.56481,48.35218],[88.5645,48.35329],[88.56462,48.35547],[88.56627,48.35846],[88.56814,48.36224],[88.56963,48.36436],[88.57021,48.36518],[88.57037,48.36558],[88.57032,48.36557],[88.57027,48.36556],[88.57027,48.36558],[88.57027,48.36558],[88.56935,48.36542],[88.56935,48.36542],[88.56576,48.365],[88.56003,48.36518],[88.55807,48.36559],[88.55422,48.36622],[88.5516,48.36775],[88.547,48.37067],[88.54695,48.37067],[88.54691,48.37066],[88.54691,48.37067],[88.54691,48.37067],[88.54482,48.37046],[88.54379,48.36949],[88.54015,48.36538],[88.53831,48.36414],[88.5376,48.36422],[88.53636,48.36434],[88.53287,48.36455],[88.53035,48.36584],[88.52771,48.3698],[88.52498,48.37189],[88.52179,48.37308],[88.51824,48.37411],[88.51468,48.37641],[88.51224,48.37926],[88.51032,48.38254],[88.50968,48.38462],[88.50981,48.38518],[88.51071,48.38573],[88.51414,48.38671],[88.51976,48.38803],[88.52045,48.38873],[88.52053,48.39012],[88.51887,48.39234],[88.5172,48.39436],[88.51546,48.39861],[88.51469,48.39937],[88.51114,48.39999],[88.50801,48.40083],[88.50689,48.40118],[88.50397,48.40292],[88.50265,48.40305],[88.50262,48.40305],[88.50259,48.40305],[88.50256,48.40305],[88.49917,48.40261],[88.49917,48.40261],[88.49866,48.40256],[88.49775,48.40253],[88.49704,48.40284],[88.49344,48.40461],[88.49054,48.40555],[88.48864,48.40589],[88.48597,48.40597],[88.48594,48.40597],[88.48593,48.40597],[88.48588,48.40597],[88.48588,48.40597],[88.48452,48.40582],[88.48296,48.4052],[88.47971,48.40392],[88.4781,48.40299],[88.47787,48.40235],[88.47792,48.40141],[88.47828,48.39999],[88.47826,48.39866],[88.47783,48.39727],[88.47668,48.3959],[88.4753,48.39507],[88.47308,48.3944],[88.4706,48.39396],[88.46897,48.39337],[88.46618,48.39172],[88.46225,48.39022],[88.45976,48.38953],[88.45467,48.38875],[88.45255,48.38813],[88.44717,48.38656],[88.44414,48.38606],[88.44063,48.38543],[88.43779,48.38543],[88.43605,48.38609],[88.43423,48.38738],[88.43375,48.38842],[88.43306,48.39033],[88.43201,48.39144],[88.4296,48.39361],[88.42701,48.39632],[88.4264,48.39718],[88.42505,48.39935],[88.42374,48.40057],[88.42229,48.40137],[88.42043,48.40198],[88.41827,48.40255],[88.41326,48.40298],[88.41218,48.40314],[88.40974,48.40363],[88.40817,48.40431],[88.4054,48.40627],[88.40462,48.40682],[88.40238,48.40824],[88.40055,48.40899],[88.39812,48.40943],[88.3963,48.40983],[88.3947,48.41015],[88.39253,48.41137],[88.39053,48.41272],[88.38787,48.41415],[88.3851,48.41584],[88.38334,48.41744],[88.38241,48.41853],[88.38095,48.42052],[88.38024,48.42143],[88.3789,48.42218],[88.37596,48.42363],[88.37491,48.42411],[88.37404,48.42507],[88.37361,48.42573],[88.37278,48.42666],[88.37194,48.42731],[88.36962,48.42851],[88.36689,48.42968],[88.36535,48.43006],[88.36378,48.43028],[88.36214,48.43023],[88.35852,48.43031],[88.35534,48.43092],[88.35315,48.43168],[88.35105,48.43274],[88.3499,48.4334],[88.34952,48.43422],[88.34953,48.43508],[88.34997,48.43687],[88.35038,48.43861],[88.35028,48.43972],[88.34974,48.44067],[88.34923,48.44204],[88.3467,48.44423],[88.34572,48.44513],[88.34568,48.44589],[88.34604,48.44684],[88.34656,48.44755],[88.34829,48.44829],[88.34997,48.44948],[88.35063,48.45024],[88.35172,48.4517],[88.35295,48.4541],[88.35467,48.45585],[88.35598,48.45762],[88.35612,48.45802],[88.3552,48.45897],[88.35311,48.46042],[88.35081,48.46232],[88.34874,48.46368],[88.34688,48.4642],[88.34361,48.46431],[88.33976,48.46469],[88.33829,48.46516],[88.33627,48.46534],[88.33523,48.46611],[88.33273,48.46873],[88.33137,48.46997],[88.33016,48.47104],[88.32881,48.47142],[88.32541,48.47189],[88.32217,48.47253],[88.31776,48.47312],[88.3158,48.47328],[88.31376,48.47345],[88.31247,48.4738],[88.3106,48.47505],[88.30924,48.47643],[88.30732,48.47784],[88.30589,48.47869],[88.30372,48.47941],[88.30231,48.47969],[88.30086,48.48005],[88.29931,48.48014],[88.29926,48.48013],[88.29922,48.48013],[88.2992,48.48013],[88.2992,48.48013],[88.29794,48.48005],[88.29644,48.48032],[88.29528,48.48053],[88.29414,48.48123],[88.29353,48.48247],[88.29292,48.48325],[88.29188,48.48391],[88.29092,48.48409],[88.28897,48.48415],[88.28491,48.48432],[88.28237,48.48473],[88.28034,48.4848],[88.27469,48.48547],[88.2722,48.48594],[88.26769,48.48717],[88.2667,48.48739],[88.26456,48.48871],[88.26269,48.4902],[88.26068,48.49107],[88.26027,48.49116],[88.25881,48.49116],[88.25872,48.49115],[88.2587,48.49115],[88.2587,48.49115],[88.25669,48.49105],[88.25546,48.49114],[88.25496,48.49156],[88.25341,48.49279],[88.25286,48.49321],[88.25234,48.4941],[88.25232,48.49527],[88.25269,48.49706],[88.25272,48.4981],[88.25246,48.49855],[88.25215,48.49868],[88.25152,48.49875],[88.25004,48.49878],[88.24845,48.49896],[88.24639,48.4992],[88.24349,48.49931],[88.24344,48.49931],[88.24342,48.4993],[88.24338,48.49931],[88.24338,48.49931],[88.24216,48.4992],[88.24112,48.49883],[88.23862,48.49783],[88.23594,48.49684],[88.23342,48.49656],[88.23124,48.4969],[88.22936,48.49778],[88.22743,48.49841],[88.22642,48.4985],[88.22389,48.49857],[88.22187,48.49892],[88.21993,48.4999],[88.21858,48.50075],[88.21625,48.50141],[88.21267,48.50251],[88.21261,48.5025],[88.21257,48.5025],[88.21255,48.5025],[88.21255,48.5025],[88.21065,48.50235],[88.20859,48.50177],[88.20509,48.50043],[88.20315,48.49982],[88.20003,48.4989],[88.20003,48.4989],[88.19754,48.49878],[88.19593,48.49814],[88.19549,48.49761],[88.195,48.49663],[88.19305,48.49508],[88.19253,48.49456],[88.19205,48.49467],[88.19003,48.49517],[88.18763,48.49519],[88.18316,48.49608],[88.18073,48.49684],[88.17743,48.49796],[88.17588,48.49836],[88.17432,48.49876],[88.17368,48.49922],[88.17294,48.50037],[88.1722,48.50154],[88.17178,48.50192],[88.17094,48.50208],[88.16937,48.5025],[88.16732,48.50366],[88.16614,48.50457],[88.16272,48.50604],[88.16122,48.50677],[88.15981,48.50825],[88.15624,48.51172],[88.15428,48.51362],[88.15338,48.51482],[88.15217,48.51677],[88.15131,48.51721],[88.1503,48.51746],[88.14778,48.51755],[88.14688,48.51784],[88.14601,48.5187],[88.14311,48.52184],[88.1425,48.52332],[88.14214,48.52531],[88.14167,48.52653],[88.14151,48.52699],[88.14141,48.52752],[88.14115,48.52775],[88.14066,48.52788],[88.13992,48.5279],[88.1386,48.52801],[88.13849,48.528],[88.13848,48.528],[88.13848,48.528],[88.13696,48.52793],[88.13696,48.52793],[88.13464,48.5277],[88.13464,48.5277],[88.13168,48.52751],[88.13168,48.52751],[88.12938,48.52723],[88.12759,48.5267],[88.1256,48.52615],[88.12274,48.52488],[88.12086,48.52386],[88.119,48.52277],[88.11722,48.52175],[88.11642,48.52174],[88.11559,48.52184],[88.11435,48.52243],[88.11303,48.52321],[88.11261,48.52385],[88.11177,48.52467],[88.11094,48.52527],[88.10964,48.52578],[88.10846,48.52666],[88.10772,48.52826],[88.10775,48.52897],[88.10687,48.53084],[88.10617,48.5328],[88.10621,48.5339],[88.10633,48.53472],[88.1065,48.53581],[88.10628,48.53662],[88.10604,48.53733],[88.1054,48.53817],[88.10466,48.53864],[88.10333,48.53927],[88.10122,48.54031],[88.10017,48.54069],[88.09958,48.54123],[88.09842,48.54246],[88.0969,48.54386],[88.09571,48.54439],[88.09461,48.5445],[88.0945,48.5445],[88.09449,48.5445],[88.09449,48.5445],[88.09283,48.54441],[88.09146,48.5441],[88.08979,48.54343],[88.0869,48.54137],[88.0853,48.54059],[88.0853,48.54059],[88.08431,48.54049],[88.08339,48.54089],[88.08184,48.54192],[88.08057,48.54267],[88.07991,48.54428],[88.07912,48.54572],[88.07799,48.54639],[88.07645,48.54688],[88.07282,48.54722],[88.07037,48.54748],[88.07033,48.54747],[88.0703,48.54747],[88.07024,48.54747],[88.07024,48.54747],[88.06898,48.54725],[88.0665,48.546],[88.06403,48.54421],[88.06403,48.54421],[88.06187,48.54409],[88.06187,48.54409],[88.06052,48.54393],[88.0584,48.54356],[88.05663,48.54305],[88.05427,48.54224],[88.05248,48.54164],[88.05011,48.54103],[88.04875,48.54123],[88.04734,48.54197],[88.04534,48.54313],[88.04296,48.54418],[88.04034,48.54554],[88.03822,48.54718],[88.0363,48.54841],[88.03374,48.54925],[88.03192,48.5501],[88.03067,48.55041],[88.02944,48.55043],[88.02942,48.55042],[88.02941,48.55042],[88.02931,48.55042],[88.02706,48.54977],[88.02405,48.54871],[88.02405,48.54871],[88.02108,48.54854],[88.01841,48.54872],[88.01699,48.54923],[88.01565,48.5501],[88.01427,48.55141],[88.01376,48.55234],[88.01358,48.55307],[88.01361,48.55374],[88.01365,48.55464],[88.01387,48.55733],[88.01397,48.55908],[88.01387,48.56061],[88.01346,48.56119],[88.01262,48.56205],[88.01177,48.5626],[88.00996,48.56367],[88.00692,48.56537],[88.00567,48.56598],[88.00255,48.56746],[88.00068,48.56837],[87.99978,48.56861],[87.99871,48.56886],[87.99765,48.5693],[87.99584,48.56941],[87.99582,48.56941],[87.99581,48.5694],[87.99571,48.56941],[87.99101,48.56723],[87.98733,48.56625],[87.98569,48.56635],[87.98265,48.56757],[87.98027,48.56886],[87.97761,48.5703],[87.97532,48.57133],[87.97346,48.57145],[87.97221,48.57174],[87.97039,48.57266],[87.9698,48.57388],[87.96892,48.57532],[87.967,48.57968],[87.96447,48.58462],[87.96356,48.58718],[87.96293,48.58758],[87.96155,48.58802],[87.95869,48.58942],[87.95631,48.59086],[87.95408,48.59234],[87.95406,48.59293],[87.95504,48.59397],[87.95703,48.59562],[87.96009,48.59703],[87.96331,48.59869],[87.96386,48.59934],[87.9655,48.60128],[87.96642,48.60223],[87.969,48.60386],[87.9695,48.60469],[87.96965,48.60599],[87.97108,48.60708],[87.97288,48.60815],[87.97832,48.61082],[87.98475,48.61277],[87.99109,48.61414],[87.99681,48.61523],[87.99782,48.61579],[87.99946,48.61625],[88.00102,48.61688],[88.00293,48.6179],[88.00435,48.61834],[88.00578,48.61936],[88.0098,48.62226],[88.01159,48.62372],[88.01461,48.62697],[88.01566,48.6275],[88.01609,48.62756],[88.01752,48.62746],[88.01752,48.62746],[88.01949,48.62714],[88.01949,48.62714],[88.01958,48.62715],[88.0196,48.62715],[88.01961,48.62715],[88.02082,48.62728],[88.02292,48.6276],[88.02385,48.6279],[88.02538,48.6283],[88.02684,48.62897],[88.02761,48.62975],[88.02832,48.63109],[88.02911,48.63348],[88.0291,48.63422],[88.02892,48.63457],[88.02701,48.63527],[88.02475,48.63669],[88.02322,48.63828],[88.02244,48.63996],[88.02182,48.64174],[88.01983,48.64348],[88.01816,48.64476],[88.01657,48.64533],[88.0144,48.64623],[88.01141,48.64729],[88.01065,48.64784],[88.01111,48.64807],[88.01194,48.64829],[88.01469,48.6487],[88.01612,48.6494],[88.01726,48.64997],[88.01889,48.65148],[88.02119,48.65377],[88.02221,48.65523],[88.02457,48.65718],[88.02803,48.65889],[88.03044,48.66092],[88.03213,48.66219],[88.03403,48.66342],[88.03646,48.66443],[88.03879,48.66514],[88.04166,48.66602],[88.04293,48.66651],[88.04312,48.66659],[88.04338,48.66672],[88.04473,48.66742],[88.04607,48.66787],[88.04695,48.66819],[88.04867,48.6689],[88.04978,48.66947],[88.05026,48.66983],[88.05043,48.67012],[88.05047,48.67026],[88.05046,48.67066],[88.05043,48.67108],[88.04997,48.67185],[88.04988,48.67236],[88.05007,48.67262],[88.05047,48.67287],[88.05105,48.67316],[88.053,48.67402],[88.05453,48.67465],[88.05646,48.67578],[88.05803,48.6766],[88.05992,48.67726],[88.06247,48.67847],[88.06419,48.67881],[88.0658,48.67944],[88.06732,48.67986],[88.06866,48.68043],[88.06997,48.68114],[88.0707,48.68196],[88.07111,48.68315],[88.07114,48.68434],[88.07124,48.68507],[88.07256,48.68688],[88.07336,48.68811],[88.07423,48.69066],[88.07488,48.69163],[88.07587,48.69278],[88.07676,48.69354],[88.0768,48.69357],[88.07687,48.69364],[88.07932,48.69574],[88.08167,48.69792],[88.08408,48.70038],[88.08494,48.70106],[88.08529,48.7026],[88.08542,48.70388],[88.08612,48.70509],[88.08681,48.7062],[88.08795,48.70772],[88.08965,48.7088],[88.09075,48.71013],[88.09083,48.71158],[88.09042,48.71255],[88.09011,48.71303],[88.08911,48.71346],[88.08716,48.71422],[88.08485,48.71464],[88.08062,48.71555],[88.07792,48.71584],[88.07655,48.71584],[88.07597,48.71586],[88.07587,48.71586],[88.07581,48.71587],[88.07572,48.71587],[88.07494,48.7159],[88.07318,48.71618],[88.07313,48.71618],[88.07309,48.71617],[88.07306,48.71618],[88.07306,48.71618],[88.07203,48.71607],[88.07028,48.71567],[88.06853,48.7154],[88.06674,48.71515],[88.06451,48.71449],[88.06219,48.71372],[88.05957,48.71277],[88.05776,48.71215],[88.05515,48.71144],[88.05404,48.71142],[88.05336,48.71178],[88.05274,48.71233],[88.05269,48.71238],[88.05206,48.71326],[88.05138,48.71397],[88.05036,48.71625],[88.04992,48.71793],[88.04923,48.72023],[88.04768,48.72386],[88.04631,48.7257],[88.04435,48.72817],[88.04296,48.7302],[88.04189,48.73117],[88.04037,48.73233],[88.03794,48.73418],[88.03491,48.73687],[88.03329,48.73774],[88.03129,48.73916],[88.02976,48.74035],[88.02622,48.74321],[88.02534,48.7444],[88.02472,48.74557],[88.02453,48.74784],[88.02433,48.74963],[88.02395,48.75017],[88.02319,48.75037],[88.02171,48.75037],[88.02169,48.75036],[88.02168,48.75036],[88.02158,48.75036],[88.02079,48.7502],[88.01885,48.75017],[88.01682,48.75018],[88.01354,48.75041],[88.01047,48.75137],[88.00845,48.75228],[88.00658,48.75348],[88.00513,48.75453],[88.00426,48.75592],[88.00356,48.75706],[88.0026,48.75802],[88.00124,48.75924],[88.00014,48.75981],[87.99966,48.75994],[87.99916,48.76012],[87.99631,48.76066],[87.99189,48.76157],[87.98812,48.76343],[87.9853,48.76444],[87.9835,48.76444],[87.98157,48.76444],[87.97836,48.76513],[87.97588,48.76578],[87.97416,48.76717],[87.97157,48.7698],[87.96815,48.77106],[87.96599,48.77106],[87.96596,48.77106],[87.96596,48.77106],[87.96586,48.77106],[87.96371,48.7707],[87.96018,48.76989],[87.95759,48.76869],[87.95273,48.76683],[87.94622,48.76453],[87.94507,48.76326],[87.9437,48.76039],[87.94009,48.75769],[87.93625,48.75589],[87.93625,48.75589],[87.93408,48.75569],[87.93251,48.75617],[87.92842,48.75755],[87.92531,48.75929],[87.92464,48.7609],[87.92325,48.76228],[87.91967,48.76417],[87.91596,48.76639],[87.91312,48.76729],[87.91104,48.7683],[87.90955,48.76921],[87.90816,48.77034],[87.90266,48.77362],[87.90074,48.77427],[87.89733,48.77571],[87.89162,48.77817],[87.8891,48.77996],[87.88798,48.78105],[87.88749,48.78314],[87.88665,48.78398],[87.88432,48.78539],[87.88245,48.78629],[87.87964,48.78725],[87.87753,48.78755],[87.87592,48.78809],[87.87496,48.78934],[87.87401,48.79222],[87.87323,48.79474],[87.87261,48.7954],[87.86729,48.7959],[87.86437,48.79633],[87.86213,48.79716],[87.86022,48.7986],[87.85764,48.8013],[87.85542,48.80184],[87.85535,48.80183],[87.8553,48.80183],[87.85528,48.80183],[87.85528,48.80183],[87.85464,48.80178],[87.85248,48.80106],[87.84888,48.79953],[87.84733,48.79863],[87.84611,48.79617],[87.84469,48.79555],[87.84309,48.79636],[87.84008,48.79767],[87.83799,48.79786],[87.83606,48.79786],[87.83348,48.7978],[87.82983,48.7986],[87.82593,48.80016],[87.82215,48.8025],[87.81845,48.80436],[87.81654,48.8052],[87.8163,48.80736],[87.81612,48.80958],[87.81478,48.81104],[87.81234,48.81439],[87.8113,48.81655],[87.81019,48.8174],[87.80868,48.81776],[87.80652,48.81799],[87.80316,48.81943],[87.79938,48.82105],[87.79452,48.82213],[87.79203,48.82261],[87.79202,48.82285],[87.79309,48.82363],[87.79524,48.82399],[87.7979,48.82477],[87.79889,48.825],[87.80075,48.825],[87.80075,48.825],[87.80254,48.82488],[87.80254,48.82488],[87.80476,48.82389],[87.80955,48.82323],[87.8138,48.82299],[87.8138,48.82299],[87.8138,48.82299],[87.81388,48.823],[87.81392,48.823],[87.81394,48.823],[87.81843,48.82348],[87.82192,48.8251],[87.82377,48.8271],[87.82461,48.82812],[87.82414,48.82854],[87.82103,48.82956],[87.81742,48.8325],[87.81372,48.83645],[87.81193,48.83951],[87.8121,48.84059],[87.81274,48.84202],[87.81006,48.8423],[87.80999,48.8423],[87.80994,48.84229],[87.80992,48.8423],[87.80992,48.8423],[87.80992,48.8423],[87.80829,48.84218],[87.80472,48.84236],[87.80095,48.8435],[87.79825,48.84421],[87.79819,48.84421],[87.79814,48.8442],[87.79811,48.84421],[87.79811,48.84421],[87.79582,48.84392],[87.79273,48.84439],[87.79119,48.84542],[87.79057,48.84763],[87.79118,48.84841],[87.79203,48.85009],[87.79287,48.85153],[87.79287,48.85255],[87.7922,48.85336],[87.79005,48.85749],[87.78404,48.86594],[87.78201,48.86906],[87.78053,48.8696],[87.78047,48.86959],[87.78042,48.86958],[87.78038,48.86959],[87.78038,48.86959],[87.7787,48.86929],[87.7787,48.86929],[87.77707,48.86917],[87.77509,48.86803],[87.77335,48.86705],[87.76898,48.86627],[87.76401,48.86573],[87.75969,48.86525],[87.75413,48.86505],[87.75006,48.86546],[87.7461,48.866],[87.74282,48.86762],[87.74041,48.86936],[87.73899,48.87128],[87.73838,48.87308],[87.73832,48.87487],[87.73832,48.87703],[87.73785,48.87805],[87.7358,48.87982],[87.73574,48.88108],[87.73635,48.88282],[87.7382,48.88767],[87.74305,48.89543],[87.7451,48.89711],[87.74667,48.89795],[87.74756,48.89867],[87.74778,48.89938],[87.74778,48.90106],[87.74893,48.90226],[87.75054,48.90358],[87.75228,48.90514],[87.75395,48.90652],[87.75461,48.90729],[87.7545,48.90868],[87.75433,48.91018],[87.7536,48.91177],[87.75313,48.91248],[87.75282,48.91374],[87.7539,48.9144],[87.75553,48.91464],[87.75839,48.91506],[87.76013,48.9159],[87.76129,48.91692],[87.76177,48.91842],[87.76175,48.92063],[87.7614,48.92231],[87.76015,48.92399],[87.75679,48.92711],[87.75486,48.92861],[87.75463,48.92999],[87.75502,48.93034],[87.75584,48.93034],[87.75584,48.93034],[87.7576,48.93004],[87.76412,48.92902],[87.77083,48.92809],[87.77594,48.92701],[87.77609,48.92702],[87.77609,48.92702],[87.78133,48.92725],[87.7814,48.92725],[87.78147,48.92726],[87.78526,48.92822],[87.78951,48.93035],[87.79149,48.93226],[87.79425,48.93496],[87.79597,48.93676],[87.79813,48.93783],[87.79993,48.93854],[87.80288,48.9397],[87.80503,48.94054],[87.80672,48.94168],[87.80765,48.94251],[87.80903,48.94506],[87.81042,48.94782],[87.81176,48.95058],[87.81284,48.95015],[87.81759,48.94745],[87.82346,48.94547],[87.82838,48.94538],[87.82838,48.94538],[87.83125,48.94514],[87.83125,48.94514],[87.83138,48.94515],[87.83139,48.94515],[87.83676,48.94544],[87.846,48.94572],[87.846,48.94572],[87.84603,48.94572],[87.84611,48.94572],[87.84614,48.94572],[87.85022,48.94608],[87.85519,48.94644],[87.85712,48.94679],[87.85995,48.94679],[87.85995,48.94679],[87.85998,48.94679],[87.86004,48.94679],[87.86009,48.94679],[87.86381,48.94763],[87.8676,48.94866],[87.8692,48.94967],[87.86974,48.95045],[87.86986,48.95231],[87.86886,48.95381],[87.86842,48.95452],[87.86711,48.95627],[87.86527,48.95933],[87.86519,48.96047],[87.86561,48.96115],[87.86664,48.96307],[87.86718,48.96379],[87.86699,48.96511],[87.86657,48.96709],[87.86688,48.96793],[87.86754,48.96871],[87.86826,48.96924],[87.86891,48.96943],[87.87004,48.96972],[87.87209,48.97045],[87.87538,48.97212],[87.87743,48.9735],[87.87861,48.97466],[87.88145,48.97526],[87.88309,48.97514],[87.88309,48.97514],[87.88323,48.97515],[87.88323,48.97515],[87.88594,48.97527],[87.88599,48.97527],[87.88898,48.97563],[87.889,48.97563],[87.89323,48.9758],[87.89323,48.9758],[87.89513,48.97556],[87.89513,48.97556],[87.89518,48.97558],[87.89523,48.97557],[87.89527,48.97557],[87.89587,48.97581],[87.89617,48.97605],[87.89695,48.97767],[87.89894,48.9803],[87.90031,48.9824],[87.89937,48.98408],[87.89784,48.98551],[87.89631,48.98666],[87.8954,48.98666],[87.89311,48.98659],[87.89113,48.98659],[87.88936,48.98672],[87.88539,48.98804],[87.8807,48.98971],[87.87609,48.99115],[87.87202,48.99294],[87.86991,48.99438],[87.86856,48.99589],[87.8679,48.99721],[87.86824,48.99756],[87.86938,48.99822],[87.87137,48.99937],[87.87308,49.00015],[87.87469,49.00067],[87.8755,49.00093],[87.87403,49.00244],[87.87198,49.00388],[87.87007,49.00531],[87.8698,49.00584],[87.86955,49.00662],[87.86991,49.00731],[87.87039,49.00753],[87.87167,49.00849],[87.873,49.00987],[87.87386,49.01077],[87.87477,49.01127],[87.87589,49.01246],[87.87737,49.01331],[87.87854,49.01398],[87.88078,49.0151],[87.88158,49.01607],[87.88139,49.0172],[87.88045,49.01841],[87.87933,49.01907],[87.87812,49.01969],[87.87699,49.02016],[87.87677,49.02109],[87.87677,49.02194],[87.87637,49.02275],[87.87551,49.02387],[87.87448,49.0244],[87.87297,49.02474],[87.87087,49.02468],[87.86944,49.02468],[87.8674,49.02477],[87.86524,49.02481],[87.86413,49.02521],[87.8635,49.02646],[87.8635,49.0273],[87.86309,49.02949],[87.86272,49.03052],[87.86247,49.03186],[87.8619,49.03329],[87.86148,49.03473],[87.8611,49.0361],[87.85978,49.03678],[87.8581,49.03697],[87.85627,49.03728],[87.85485,49.03735],[87.85483,49.03734],[87.85481,49.03734],[87.85471,49.03734],[87.85286,49.03672],[87.85124,49.03632],[87.84828,49.03572],[87.84753,49.03537],[87.84682,49.03551],[87.84548,49.03572],[87.84379,49.03604],[87.84087,49.03713],[87.83926,49.03741],[87.83669,49.03828],[87.835,49.03925],[87.83319,49.04037],[87.83154,49.04168],[87.83094,49.04231],[87.83039,49.04299],[87.82947,49.04418],[87.82918,49.04468],[87.82923,49.04586],[87.82909,49.04679],[87.82891,49.04738],[87.82754,49.04886],[87.82658,49.04936],[87.82636,49.04998],[87.82688,49.05054],[87.82832,49.05145],[87.8304,49.05266],[87.83194,49.05335],[87.8324,49.05416],[87.83252,49.055],[87.83246,49.05678],[87.83249,49.05771],[87.83318,49.05865],[87.83433,49.05945],[87.83522,49.06005],[87.83703,49.06077],[87.83791,49.06124],[87.83937,49.06156],[87.84037,49.06193],[87.8418,49.0624],[87.84247,49.06245],[87.84373,49.06245],[87.84373,49.06245],[87.84564,49.06251],[87.84564,49.06251],[87.84565,49.06251],[87.84573,49.06252],[87.84578,49.06252],[87.84802,49.0629],[87.84956,49.06377],[87.85041,49.06464],[87.85099,49.0662],[87.85123,49.06713],[87.85166,49.06748],[87.85258,49.06901],[87.85329,49.07019],[87.85321,49.07141],[87.8528,49.07265],[87.85244,49.07431],[87.85187,49.07559],[87.85078,49.07655],[87.84918,49.07765],[87.84846,49.07789],[87.84696,49.07855],[87.84574,49.07864],[87.84569,49.07864],[87.84565,49.07863],[87.8456,49.07864],[87.84436,49.07848],[87.84436,49.07848],[87.84276,49.07837],[87.84099,49.07874],[87.83937,49.07958],[87.83791,49.08026],[87.83717,49.08142],[87.83613,49.08301],[87.83587,49.08423],[87.83574,49.0856],[87.83594,49.08682],[87.83626,49.08872],[87.83655,49.08947],[87.83722,49.09059],[87.83799,49.09237],[87.83864,49.09349],[87.83899,49.0954],[87.83909,49.09687],[87.83995,49.09679],[87.83995,49.09679],[87.84208,49.09676],[87.84208,49.09676],[87.84406,49.09657],[87.84406,49.09657],[87.8476,49.09645],[87.8476,49.09645],[87.84949,49.09648],[87.84949,49.09648],[87.84951,49.09649],[87.84957,49.09649],[87.84964,49.09649],[87.85173,49.09717],[87.85353,49.09817],[87.85466,49.09945],[87.85525,49.10041],[87.85538,49.10151],[87.85553,49.10288],[87.8561,49.10541],[87.85672,49.106],[87.8582,49.10709],[87.85961,49.10771],[87.86169,49.10862],[87.86302,49.10955],[87.86394,49.11052],[87.86556,49.11233],[87.86647,49.11427],[87.86656,49.11582],[87.86624,49.11763],[87.86538,49.11773],[87.86373,49.11779],[87.86219,49.11785],[87.8601,49.11801],[87.85832,49.1181],[87.85754,49.11835],[87.8575,49.11833],[87.85747,49.11832],[87.8574,49.11834],[87.8574,49.11834],[87.85686,49.11811],[87.85546,49.11823],[87.85454,49.11879],[87.85367,49.11954],[87.85189,49.12107],[87.85084,49.12222],[87.84961,49.12321],[87.84781,49.12453],[87.84549,49.12749],[87.84511,49.12908],[87.84404,49.12977],[87.84272,49.13008],[87.84131,49.13018],[87.8405,49.13117],[87.83938,49.13304],[87.83843,49.13397],[87.83666,49.13522],[87.83488,49.13557],[87.83378,49.13666],[87.83338,49.13756],[87.83255,49.13941],[87.83188,49.14143],[87.83217,49.14212],[87.83296,49.14358],[87.83318,49.14399],[87.83356,49.14474],[87.83323,49.14558],[87.83313,49.14575],[87.83312,49.14576],[87.83267,49.14652],[87.83163,49.14795],[87.83088,49.14913],[87.8294,49.14979],[87.82822,49.15001],[87.82816,49.15],[87.82811,49.15],[87.82808,49.15],[87.82808,49.15],[87.82748,49.14993],[87.82722,49.1499],[87.82668,49.14984],[87.82608,49.14979],[87.82462,49.14941],[87.82321,49.1487],[87.82171,49.14779],[87.82008,49.14639],[87.81895,49.1458],[87.81795,49.14627],[87.81604,49.14746],[87.81489,49.14845],[87.81392,49.15007],[87.81332,49.15098],[87.81325,49.15169],[87.8131,49.15298],[87.8131,49.1536],[87.81403,49.15481],[87.81505,49.1555],[87.8158,49.15618],[87.81633,49.1574],[87.8168,49.1584],[87.81708,49.15958],[87.81791,49.16049],[87.81888,49.16165],[87.81952,49.16326],[87.81979,49.16492],[87.81966,49.16626],[87.81898,49.16711],[87.81772,49.16817],[87.81749,49.16839],[87.81626,49.1696],[87.8153,49.17106],[87.81737,49.17247],[87.81885,49.17326],[87.82139,49.17475],[87.82272,49.17605],[87.82294,49.17682],[87.8234,49.17747],[87.82475,49.17803],[87.82618,49.17815],[87.82619,49.17815],[87.82893,49.17823],[87.82893,49.17823],[87.82895,49.17823],[87.82903,49.17824],[87.82907,49.17824],[87.8323,49.17855],[87.83499,49.17871],[87.83818,49.17871],[87.83818,49.17871],[87.83978,49.17871],[87.83978,49.17871],[87.83988,49.17872],[87.83992,49.17872],[87.83993,49.17872],[87.84322,49.17894],[87.84695,49.17885],[87.84695,49.17885],[87.84708,49.17886],[87.84709,49.17886],[87.84881,49.17894],[87.85175,49.17896],[87.85175,49.17896],[87.85539,49.17896],[87.85539,49.17896],[87.8577,49.17876],[87.8577,49.17876],[87.85985,49.17848],[87.8623,49.17781],[87.86384,49.17721],[87.86587,49.17633],[87.86787,49.17557],[87.86919,49.1749],[87.87242,49.17275],[87.87379,49.17179],[87.8756,49.17173],[87.8756,49.17173],[87.87563,49.17174],[87.87569,49.17174],[87.87574,49.17174],[87.87762,49.17236],[87.88014,49.17312],[87.88391,49.17411],[87.88715,49.17502],[87.89019,49.17563],[87.89341,49.17668],[87.89564,49.17724],[87.89854,49.17795],[87.89997,49.17812],[87.90191,49.17825],[87.90432,49.178],[87.90432,49.178],[87.90662,49.17761],[87.90931,49.17727],[87.91109,49.17701],[87.91293,49.17659],[87.91544,49.17651],[87.91544,49.17651],[87.9179,49.17642],[87.9179,49.17642],[87.92,49.17651],[87.92,49.17651],[87.92226,49.17645],[87.92226,49.17645],[87.92484,49.17603],[87.92802,49.17585],[87.92802,49.17585],[87.92805,49.17587],[87.92811,49.17586],[87.92816,49.17586],[87.93002,49.17668],[87.93149,49.17801],[87.93368,49.17979],[87.93531,49.18063],[87.93712,49.18163],[87.93912,49.18191],[87.93964,49.18196],[87.94279,49.18184],[87.94279,49.18184],[87.9444,49.18167],[87.9444,49.18167],[87.9461,49.18162],[87.9461,49.18162],[87.94854,49.18159],[87.94854,49.18159],[87.94856,49.1816],[87.94862,49.1816],[87.94867,49.1816],[87.95033,49.18225],[87.95282,49.1831],[87.95503,49.18371],[87.95672,49.18408],[87.959,49.18468],[87.96109,49.1851],[87.96366,49.18564],[87.96552,49.18592],[87.96553,49.18592],[87.96796,49.18605],[87.96802,49.18606],[87.9709,49.18649],[87.97421,49.18685],[87.97423,49.18685],[87.97688,49.18696],[87.97688,49.18696],[87.97935,49.18637],[87.98169,49.18563],[87.98458,49.18574],[87.98458,49.18574],[87.98458,49.18574],[87.98466,49.18574],[87.98471,49.18575],[87.98679,49.18612],[87.98837,49.18649],[87.98985,49.1873],[87.9913,49.1883],[87.99224,49.18962],[87.99378,49.19256],[87.99479,49.19406],[87.99599,49.1957],[87.99729,49.19686],[87.99855,49.1975],[87.99974,49.19789],[88.00079,49.19847],[88.00115,49.19874],[88.00198,49.19916],[88.00291,49.20037],[88.00364,49.20174],[88.00392,49.20257],[88.00368,49.20405],[88.00341,49.20535],[88.00253,49.20682],[88.00212,49.20744],[88.00161,49.2081],[88.00195,49.20957],[88.0024,49.21017],[88.00317,49.2109],[88.0043,49.2112],[88.00597,49.21167],[88.00662,49.21201],[88.00709,49.21295],[88.00738,49.21353],[88.00736,49.21407],[88.0074,49.21464],[88.00778,49.21545],[88.00845,49.21592],[88.00918,49.21636],[88.01005,49.21679],[88.01123,49.21704],[88.01236,49.2172],[88.01353,49.2174],[88.01466,49.21797],[88.01485,49.2186],[88.01504,49.21934],[88.01517,49.22091],[88.01636,49.22226],[88.01825,49.22412],[88.01951,49.22532],[88.02055,49.22667],[88.02174,49.2277],[88.02291,49.22893],[88.02407,49.22995],[88.02541,49.23124],[88.02687,49.23174],[88.02906,49.2325],[88.03091,49.23277],[88.03462,49.23383],[88.03651,49.23484],[88.0381,49.23518],[88.04062,49.23572],[88.04247,49.23596],[88.04462,49.23638],[88.04578,49.23663],[88.04584,49.23664],[88.04648,49.23677],[88.0505,49.2384],[88.05401,49.23972],[88.0553,49.24033],[88.05555,49.24116],[88.05511,49.24188],[88.05428,49.24384],[88.0532,49.24595],[88.05266,49.24716],[88.05253,49.24872],[88.0525,49.2492],[88.05263,49.24977],[88.0534,49.25121],[88.05359,49.25193],[88.05368,49.25253],[88.05367,49.25309],[88.05319,49.25422],[88.05279,49.25535],[88.05282,49.25685],[88.05312,49.25764],[88.05412,49.25778],[88.0561,49.25852],[88.05723,49.25871],[88.05811,49.25904],[88.06103,49.25993],[88.06199,49.2602],[88.06225,49.26026],[88.06235,49.26028],[88.06322,49.26047],[88.06525,49.26061]]]}},{"type":"Feature","properties":{"name":"Алаг хайрхан","type":"Байгалийн нөөц газар"},"geometry":{"type":"Polygon","coordinates":[[[94.30436,45.43467],[94.2137,45.42945],[94.16348,45.47552],[94.09944,45.48154],[94.02261,45.51264],[93.99821,45.58149],[93.9902,45.61676],[94.03182,45.62166],[94.09416,45.63363],[94.10742,45.65592],[94.15704,45.66093],[94.15705,45.66093],[94.17502,45.64459],[94.17402,45.62339],[94.22865,45.59718],[94.24635,45.57653],[94.26218,45.56201],[94.25548,45.54041],[94.27783,45.51822],[94.28255,45.48419],[94.30436,45.43467],[94.30436,45.43467]]]}},{"type":"Feature","properties":{"name":"Бурхан Буудай уул","type":"Байгалийн нөөц газар"},"geometry":{"type":"Polygon","coordinates":[[[96.80004,45.74377],[96.84235,45.71309],[96.91272,45.7232],[96.91272,45.7232],[96.92377,45.69286],[96.92243,45.67146],[96.91343,45.65318],[96.94248,45.62471],[96.96136,45.58874],[96.94396,45.55894],[96.93464,45.52884],[96.93464,45.52884],[96.90457,45.52533],[96.90457,45.52533],[96.85706,45.5175],[96.76517,45.55795],[96.73974,45.5785],[96.6813,45.599],[96.62643,45.6623],[96.61454,45.70087],[96.54394,45.72297],[96.52802,45.74171],[96.53406,45.75848],[96.59087,45.76681],[96.59087,45.76681],[96.65141,45.76046],[96.65141,45.76046],[96.69424,45.75619],[96.69424,45.75619],[96.80004,45.74377],[96.80004,45.74377]]]}},{"type":"Feature","properties":{"name":"Эргэлийн зоо","type":"Байгалийн нөөц газар"},"geometry":{"type":"Polygon","coordinates":[[[108.65578,43.36539],[108.74336,43.34494],[108.82661,43.34678],[108.85329,43.36388],[108.93616,43.35273],[109.01569,43.35998],[109.0491,43.35783],[109.2012,43.34769],[109.27595,43.29532],[109.1904,43.23267],[109.05029,43.2562],[109.0351,43.24638],[108.94955,43.25161],[108.86639,43.24025],[108.76015,43.24189],[108.6849,43.27268],[108.60148,43.27166],[108.59053,43.32492],[108.65578,43.36539]]]}},{"type":"Feature","properties":{"name":"Их нарт","type":"Байгалийн нөөц газар"},"geometry":{"type":"Polygon","coordinates":[[[108.85092,45.37093],[108.66758,45.33891],[108.63918,45.40285],[108.63625,45.43249],[108.66109,45.48531],[108.62801,45.52422],[108.60299,45.54696],[108.56252,45.59655],[108.59238,45.63916],[108.58035,45.67687],[108.5705,45.6992],[108.56489,45.73412],[108.5471,45.7603],[108.58861,45.8446],[108.64063,45.86695],[108.64989,45.85013],[108.68304,45.82531],[108.69851,45.80363],[108.72301,45.77243],[108.72239,45.7268],[108.73306,45.70383],[108.73254,45.68303],[108.71064,45.65619],[108.71941,45.6302],[108.73664,45.58416],[108.75462,45.52946],[108.81755,45.44093],[108.8689,45.40012],[108.85092,45.37093]]]}},{"type":"Feature","properties":{"name":"Загийн ус","type":"Байгалийн нөөц газар"},"geometry":{"type":"Polygon","coordinates":[[[107.94907,44.75898],[107.96967,44.646],[107.99388,44.59917],[107.94629,44.5302],[107.91882,44.5071],[107.89137,44.42895],[107.8604,44.42604],[107.75673,44.419],[107.70641,44.40565],[107.61549,44.41539],[107.53108,44.43091],[107.42651,44.46247],[107.25946,44.46152],[107.10175,44.49399],[106.97321,44.49902],[106.88514,44.50206],[106.75757,44.50906],[106.50746,44.55964],[106.53414,44.65398],[106.60926,44.67627],[106.72706,44.66779],[106.84844,44.68613],[106.89835,44.67465],[107.00495,44.71099],[107.12852,44.72617],[107.18628,44.68518],[107.27158,44.67645],[107.39124,44.67319],[107.51273,44.67084],[107.657,44.67811],[107.75433,44.67955],[107.78997,44.69481],[107.82608,44.73154],[107.87782,44.74144],[107.94907,44.75898]]]}},{"type":"Feature","properties":{"name":"Говийн бага /A/","type":"Дархан цаазат газар"},"geometry":{"type":"Polygon","coordinates":[[[106.56664,42.73589],[106.55942,42.66512],[106.56216,42.63849],[106.57041,42.54951],[106.57773,42.53553],[106.58973,42.49905],[106.60754,42.44964],[106.64388,42.32665],[106.66911,42.27217],[106.67763,42.25978],[106.6777,42.25968],[106.67625,42.25923],[106.672,42.2579],[106.6691,42.25703],[106.66094,42.25482],[106.65332,42.25241],[106.64731,42.25062],[106.64016,42.24867],[106.63549,42.24716],[106.6244,42.24388],[106.61525,42.24132],[106.61147,42.24022],[106.60755,42.23889],[106.60604,42.23837],[106.60465,42.23798],[106.60321,42.23758],[106.59683,42.23551],[106.59402,42.23461],[106.58765,42.23252],[106.57851,42.22957],[106.57045,42.2268],[106.56119,42.22356],[106.5524,42.2206],[106.54382,42.21779],[106.53533,42.21496],[106.52639,42.21196],[106.51807,42.20934],[106.51609,42.20869],[106.50909,42.20621],[106.50349,42.20415],[106.50242,42.20406],[106.49627,42.20197],[106.48901,42.19945],[106.48125,42.19693],[106.47294,42.19411],[106.46429,42.19119],[106.45544,42.18814],[106.44849,42.18591],[106.44064,42.18329],[106.43188,42.18046],[106.43107,42.1801],[106.42342,42.17775],[106.42239,42.1773],[106.41478,42.17474],[106.40642,42.17192],[106.39835,42.16922],[106.38983,42.16621],[106.38422,42.16429],[106.37312,42.16087],[106.37185,42.16047],[106.36442,42.15813],[106.35665,42.15514],[106.34785,42.15202],[106.33964,42.1492],[106.33739,42.14829],[106.3311,42.14598],[106.3293,42.14531],[106.32228,42.14281],[106.3203,42.1422],[106.31384,42.13979],[106.30529,42.13672],[106.30173,42.13535],[106.29927,42.13458],[106.29503,42.13281],[106.28806,42.13018],[106.27985,42.12737],[106.27648,42.12607],[106.27115,42.12415],[106.26995,42.12374],[106.26266,42.12096],[106.25397,42.1181],[106.24586,42.11507],[106.24314,42.11415],[106.23721,42.11177],[106.22926,42.10891],[106.22046,42.10564],[106.21228,42.10268],[106.20373,42.09941],[106.19534,42.09639],[106.18723,42.09355],[106.18487,42.09269],[106.17849,42.09031],[106.17002,42.08728],[106.16769,42.08637],[106.16158,42.08397],[106.15275,42.08091],[106.1442,42.07774],[106.13567,42.07469],[106.12754,42.07179],[106.11898,42.06855],[106.11052,42.06546],[106.10208,42.06237],[106.09386,42.05951],[106.08511,42.05638],[106.07668,42.05337],[106.06824,42.0504],[106.0602,42.04772],[106.05145,42.04475],[106.04295,42.04189],[106.0345,42.03898],[106.02603,42.03634],[106.01855,42.03373],[106.01524,42.03272],[106.00998,42.03091],[106.00636,42.02965],[106.00493,42.02951],[105.99798,42.02661],[105.99487,42.02546],[105.99096,42.02422],[105.98803,42.02338],[105.98358,42.02171],[105.97939,42.02023],[105.97548,42.01902],[105.97172,42.01791],[105.96909,42.01695],[105.96703,42.01628],[105.96383,42.01506],[105.95931,42.01358],[105.95446,42.01191],[105.95339,42.01158],[105.94665,42.00942],[105.94,42.00742],[105.93304,42.0051],[105.92606,42.00322],[105.91932,42.00097],[105.9183,42.00095],[105.85687,41.98191],[105.71642,41.93837],[105.5865,41.88568],[105.50233,41.84327],[105.50173,41.84313],[105.49944,41.84177],[105.499,41.84151],[105.48639,41.83589],[105.48206,41.83386],[105.47774,41.83204],[105.47372,41.83025],[105.46769,41.82773],[105.4618,41.8252],[105.45516,41.8226],[105.45007,41.82065],[105.44273,41.81764],[105.43768,41.81567],[105.43136,41.81318],[105.42559,41.81086],[105.42156,41.80915],[105.41855,41.80795],[105.4138,41.80609],[105.40807,41.80394],[105.40383,41.80237],[105.4012,41.80125],[105.3952,41.79908],[105.3883,41.79641],[105.38335,41.79458],[105.38081,41.79306],[105.37775,41.7908],[105.37381,41.78786],[105.36945,41.78442],[105.36547,41.78148],[105.36163,41.77858],[105.3616,41.77855],[105.35878,41.77741],[105.35358,41.77537],[105.3489,41.77367],[105.34466,41.77214],[105.33921,41.76994],[105.33154,41.76695],[105.32726,41.76534],[105.31838,41.76083],[105.31487,41.75903],[105.31232,41.75776],[105.31226,41.75773],[105.3097,41.75645],[105.30672,41.75502],[105.30273,41.75304],[105.29527,41.74955],[105.29031,41.74713],[105.28282,41.74713],[105.2772,41.74727],[105.26799,41.74743],[105.26436,41.74747],[105.25751,41.74766],[105.25198,41.74773],[105.24596,41.74792],[105.23952,41.74806],[105.23512,41.74821],[105.23022,41.74821],[105.22935,41.74811],[105.22649,41.74621],[105.22217,41.74273],[105.21865,41.74007],[105.21407,41.73652],[105.21075,41.73408],[105.20711,41.73122],[105.20549,41.73007],[105.20204,41.7275],[105.19749,41.72399],[105.1926,41.72037],[105.18901,41.71772],[105.18243,41.71289],[105.18201,41.7126],[105.18193,41.71255],[105.1801,41.7113],[105.17733,41.7092],[105.1746,41.70713],[105.17411,41.70677],[105.17402,41.7067],[105.17196,41.70528],[105.16753,41.70184],[105.16397,41.6992],[105.15949,41.69598],[105.15595,41.6934],[105.15222,41.69048],[105.14811,41.68728],[105.14563,41.68544],[105.1433,41.68372],[105.13954,41.68082],[105.1394,41.68072],[105.13937,41.68069],[105.13456,41.67723],[105.13143,41.67477],[105.12706,41.67149],[105.12335,41.66868],[105.12135,41.66708],[105.12119,41.66697],[105.1209,41.66628],[105.09313,41.64572],[105.00847,41.5821],[105.00723,41.58116],[105.00708,41.58105],[105.00179,41.58518],[105.00114,41.58616],[104.91753,41.65353],[104.7701,41.64815],[104.68093,41.64476],[104.60133,41.65231],[104.5188,41.65997],[104.51875,41.66615],[104.51942,41.66685],[104.52176,41.75271],[104.52226,41.76619],[104.52254,41.77594],[104.52348,41.81187],[104.52348,41.8119],[104.5251,41.87379],[104.52427,41.87369],[104.52428,41.87404],[104.56553,41.93756],[104.57395,41.96882],[104.63363,41.99767],[104.69195,42.01233],[104.76861,42.0368],[104.84261,42.06017],[104.8671,42.06393],[104.87844,42.07282],[104.90555,42.09555],[104.95672,42.10768],[104.93581,42.14871],[104.94736,42.18792],[105.05363,42.25677],[105.18245,42.37952],[105.13358,42.43487],[105.12364,42.52146],[105.19267,42.56256],[105.318,42.58083],[105.38705,42.59016],[105.47646,42.60403],[105.54871,42.58422],[105.6842,42.56163],[105.79219,42.60836],[105.84612,42.63781],[105.92809,42.688],[105.97315,42.70364],[106.07513,42.73391],[106.15437,42.69509],[106.24043,42.68678],[106.33955,42.69474],[106.41461,42.70291],[106.46886,42.69844],[106.53268,42.72167],[106.56311,42.74935],[106.56664,42.73589]]]}},{"type":"Feature","properties":{"name":"Говийн бага /Б/","type":"Дархан цаазат газар"},"geometry":{"type":"Polygon","coordinates":[[[108.62199,42.91351],[108.70427,42.87056],[108.80032,42.85094],[108.91869,42.82755],[109.09205,42.78959],[109.16075,42.83517],[109.26096,42.87889],[109.36723,42.85131],[109.43821,42.82795],[109.46275,42.81517],[109.44156,42.7508],[109.33366,42.69306],[109.3067,42.60954],[109.46742,42.55326],[109.47359,42.49454],[109.47939,42.45625],[109.47936,42.45612],[109.3728,42.44645],[109.33121,42.44229],[109.30494,42.44011],[109.28323,42.43544],[109.22296,42.43999],[109.1888,42.44291],[109.16253,42.44528],[109.1039,42.45023],[109.04482,42.45459],[109.01726,42.45691],[109.0024,42.44594],[108.99893,42.44896],[108.99402,42.45203],[108.9706,42.44445],[108.94764,42.43732],[108.94338,42.4357],[108.92493,42.42852],[108.89957,42.41901],[108.88387,42.4128],[108.86089,42.40387],[108.83952,42.39596],[108.8295,42.40328],[108.78758,42.41432],[108.69788,42.41318],[108.67518,42.41729],[108.66692,42.41864],[108.64576,42.42267],[108.62641,42.426],[108.62283,42.42662],[108.60909,42.42904],[108.5789,42.43433],[108.56097,42.43747],[108.55825,42.43794],[108.53558,42.44221],[108.53295,42.44261],[108.51543,42.44265],[108.49963,42.44324],[108.48703,42.44338],[108.45277,42.44391],[108.44813,42.44359],[108.41005,42.44102],[108.37681,42.43976],[108.2959,42.43895],[108.24551,42.46327],[108.18927,42.45211],[108.17259,42.4497],[108.14066,42.44555],[108.13787,42.44519],[108.10122,42.44034],[108.08958,42.43857],[108.08599,42.43802],[108.02777,42.43488],[108.01973,42.43445],[107.97897,42.4144],[107.96169,42.4147],[107.93005,42.40239],[107.83313,42.40788],[107.72778,42.4138],[107.56792,42.41077],[107.54902,42.42233],[107.50103,42.45299],[107.4994,42.45297],[107.49853,42.45357],[107.4959,42.45529],[107.49397,42.45608],[107.54304,42.52667],[107.55203,42.58618],[107.60469,42.63846],[107.66099,42.67843],[107.72318,42.74813],[107.76891,42.74883],[107.84221,42.73965],[107.89763,42.73353],[107.95129,42.73632],[108.02859,42.80216],[108.0752,42.78066],[108.17921,42.95298],[108.28696,42.92467],[108.36893,42.89665],[108.40961,42.91475],[108.4231,42.91434],[108.46631,42.91301],[108.50013,42.93471],[108.61232,42.95507],[108.62199,42.91351]]]}},{"type":"Feature","properties":{"name":"Хан хөхий - Хяргас нуур","type":"Байгалийн цогцолборт газар"},"geometry":{"type":"Polygon","coordinates":[[[94.7252,49.59671],[94.7252,49.59671],[94.83016,49.61675],[94.83016,49.61675],[94.98459,49.58897],[95.02247,49.57069],[95.02247,49.57069],[95.07138,49.58805],[95.162,49.59896],[95.20848,49.62257],[95.20848,49.62257],[95.23454,49.59409],[95.23663,49.57309],[95.2208,49.54111],[95.18605,49.52227],[95.18978,49.5001],[95.21856,49.47895],[95.24,49.45675],[95.25293,49.43333],[95.24297,49.41327],[95.24141,49.38984],[95.23731,49.35553],[95.23503,49.33131],[95.2086,49.30959],[95.21566,49.28617],[95.13463,49.27929],[95.05327,49.26426],[95.05327,49.26426],[95.01639,49.28035],[95.01639,49.28035],[94.96815,49.27882],[94.83167,49.31189],[94.83167,49.31189],[94.7562,49.28202],[94.75413,49.26636],[94.71008,49.25205],[94.67648,49.23786],[94.67648,49.23786],[94.53126,49.29683],[94.4854,49.30329],[94.4854,49.30329],[94.46502,49.30239],[94.34458,49.29138],[94.34458,49.29138],[94.3105,49.30588],[94.27661,49.30816],[94.18862,49.33132],[94.18862,49.33132],[94.13271,49.32479],[94.05399,49.30391],[94.05399,49.30391],[94.05892,49.33641],[94.00707,49.37502],[94.04919,49.39492],[94.04919,49.39492],[94.14874,49.38072],[94.19536,49.37625],[94.33022,49.38105],[94.33022,49.38105],[94.4793,49.37842],[94.4793,49.37842],[94.47698,49.44338],[94.37724,49.44524],[94.43971,49.52053],[94.49998,49.533],[94.53028,49.5533],[94.58965,49.59986],[94.58965,49.59986],[94.7252,49.59671]]]}},{"type":"Feature","properties":{"name":"Хан хөхий - Хяргас нуур","type":"Байгалийн цогцолборт газар"},"geometry":{"type":"Polygon","coordinates":[[[92.94529,49.32619],[92.98674,49.31198],[92.98674,49.31198],[92.99087,49.31681],[92.98969,49.32081],[92.99906,49.32684],[93.00756,49.33009],[93.00756,49.33009],[93.01628,49.32957],[93.02453,49.32299],[93.02534,49.32011],[93.02045,49.31663],[93.0222,49.31594],[93.02913,49.3157],[93.03491,49.31455],[93.03821,49.31313],[93.04457,49.3122],[93.04986,49.31011],[93.05746,49.30251],[93.05746,49.30251],[93.06212,49.31052],[93.07055,49.31653],[93.08509,49.32573],[93.09295,49.32912],[93.10982,49.33184],[93.12099,49.33574],[93.15608,49.34267],[93.15609,49.34267],[93.18389,49.32145],[93.26882,49.31221],[93.33818,49.31045],[93.33818,49.31045],[93.53355,49.32322],[93.53355,49.32322],[93.82288,49.28606],[93.9809,49.09408],[93.87994,49.06739],[93.74997,49.04711],[93.70908,48.99639],[93.66655,48.96032],[93.64771,48.92183],[93.63752,48.90462],[93.55752,48.80687],[93.55949,48.80591],[93.55809,48.80478],[93.56071,48.80274],[93.56081,48.8016],[93.55805,48.80116],[93.55805,48.80116],[93.55072,48.80236],[93.5485,48.80339],[93.54746,48.80481],[93.40199,48.81301],[93.31046,48.83345],[93.29095,48.86761],[93.29095,48.86761],[93.28369,48.86967],[93.28278,48.88005],[93.28278,48.88005],[93.21642,48.91443],[93.1802,48.91424],[93.15302,48.9222],[93.00821,48.99464],[92.97819,49.01012],[92.89041,49.06181],[92.87611,49.0812],[92.82776,49.11597],[92.72901,49.23075],[92.7828,49.31416],[92.7828,49.31416],[92.84143,49.31463],[92.84143,49.31463],[92.87473,49.33354],[92.8834,49.33961],[92.88341,49.33961],[92.90301,49.33345],[92.90207,49.33],[92.90735,49.33017],[92.91739,49.32633],[92.94529,49.32619]]]}},{"type":"Feature","properties":{"name":"Bogd Khan Uul","type":"UNESCO-MAB Biosphere Reserve"},"geometry":{"type":"Polygon","coordinates":[[[107.06549,47.89255],[107.07669,47.88154],[107.07995,47.87979],[107.08178,47.87922],[107.08395,47.8786],[107.08583,47.87776],[107.08763,47.8765],[107.08655,47.87529],[107.08337,47.87221],[107.08887,47.86888],[107.09309,47.87259],[107.09408,47.87349],[107.09817,47.87213],[107.10102,47.87104],[107.10326,47.86977],[107.10468,47.86842],[107.10576,47.86678],[107.10648,47.86558],[107.1074,47.86451],[107.10777,47.86407],[107.10818,47.86376],[107.10854,47.86349],[107.10902,47.86317],[107.10954,47.86288],[107.11016,47.86261],[107.11091,47.86234],[107.11156,47.86216],[107.11239,47.86197],[107.11317,47.86185],[107.11381,47.86178],[107.11476,47.86178],[107.11669,47.86176],[107.11835,47.86178],[107.1197,47.86167],[107.12107,47.86134],[107.12229,47.86082],[107.12375,47.86003],[107.12479,47.8591],[107.12591,47.85802],[107.12709,47.85729],[107.12855,47.85654],[107.12981,47.85553],[107.13067,47.85429],[107.1312,47.8531],[107.13176,47.85196],[107.13231,47.85124],[107.13341,47.85039],[107.13522,47.8494],[107.13731,47.84855],[107.13893,47.84757],[107.13999,47.84636],[107.14036,47.84546],[107.14093,47.84444],[107.14139,47.84367],[107.14232,47.84273],[107.14375,47.84188],[107.1452,47.84139],[107.14758,47.84107],[107.14975,47.84073],[107.15127,47.83997],[107.15236,47.83891],[107.15316,47.83771],[107.1545,47.83599],[107.15578,47.83431],[107.15725,47.83237],[107.15872,47.83046],[107.16058,47.82812],[107.16186,47.82644],[107.16281,47.82529],[107.16304,47.82419],[107.16208,47.82307],[107.16073,47.82239],[107.15912,47.82224],[107.15769,47.82232],[107.15634,47.82238],[107.15489,47.82217],[107.15361,47.82171],[107.15306,47.82093],[107.15244,47.81963],[107.15245,47.81853],[107.15319,47.81763],[107.15407,47.81696],[107.15544,47.81668],[107.15674,47.80443],[107.1549,47.80365],[107.15114,47.80216],[107.14791,47.8009],[107.14609,47.80082],[107.14449,47.80139],[107.14316,47.80216],[107.14142,47.80347],[107.13916,47.80405],[107.13657,47.80362],[107.13403,47.80187],[107.13379,47.8004],[107.13467,47.79887],[107.13623,47.79784],[107.13845,47.79767],[107.14208,47.79783],[107.14614,47.79857],[107.14799,47.7993],[107.14972,47.79926],[107.15143,47.79858],[107.15259,47.79705],[107.15343,47.79542],[107.15472,47.79389],[107.15671,47.79207],[107.15866,47.79052],[107.16098,47.78975],[107.16207,47.78955],[107.16377,47.78933],[107.16539,47.78899],[107.16843,47.78856],[107.17181,47.78784],[107.17497,47.78681],[107.17726,47.78598],[107.17893,47.78489],[107.17963,47.78375],[107.17948,47.78231],[107.17919,47.78077],[107.17932,47.77974],[107.17987,47.77859],[107.18036,47.77758],[107.18083,47.7766],[107.18191,47.77533],[107.18306,47.77398],[107.18457,47.7725],[107.18534,47.77112],[107.18548,47.76967],[107.18486,47.7682],[107.14416,47.72498],[107.08542,47.71542],[107.06729,47.71608],[107.0403,47.72142],[106.99029,47.72619],[106.96355,47.74374],[106.93776,47.7415],[106.93385,47.73889],[106.86152,47.76227],[106.80455,47.79073],[106.77747,47.82133],[106.79113,47.8447],[106.8202,47.86617],[106.82273,47.86877],[106.83128,47.87136],[106.83897,47.87348],[106.8466,47.87556],[106.84791,47.87599],[106.84842,47.87621],[106.8501,47.877],[106.85651,47.8803],[106.85977,47.88199],[106.86203,47.88378],[106.86403,47.88548],[106.86425,47.88604],[106.86627,47.88647],[106.86696,47.88655],[106.86742,47.88662],[106.86817,47.88673],[106.86858,47.88672],[106.86899,47.88671],[106.86931,47.88667],[106.86964,47.88656],[106.8699,47.88658],[106.87024,47.88656],[106.87077,47.88664],[106.87117,47.88674],[106.87167,47.88693],[106.8721,47.88701],[106.87236,47.88699],[106.87301,47.88685],[106.87321,47.88681],[106.87386,47.8868],[106.87426,47.88693],[106.87451,47.88713],[106.87492,47.88726],[106.87527,47.88732],[106.87599,47.88729],[106.87633,47.88722],[106.87669,47.88721],[106.87708,47.88719],[106.8775,47.88714],[106.87798,47.88709],[106.87837,47.88708],[106.87886,47.88709],[106.8792,47.88714],[106.87951,47.88716],[106.8802,47.88724],[106.88071,47.88736],[106.88117,47.88744],[106.88149,47.88748],[106.88175,47.88745],[106.88213,47.88731],[106.88248,47.88714],[106.88273,47.88696],[106.88335,47.88652],[106.88359,47.88644],[106.884,47.88635],[106.88469,47.88628],[106.88524,47.88625],[106.88582,47.88634],[106.88652,47.88652],[106.88764,47.8866],[106.88821,47.88659],[106.88913,47.88655],[106.88979,47.88644],[106.89061,47.88638],[106.89116,47.88635],[106.89168,47.88626],[106.89205,47.88618],[106.89216,47.88608],[106.89221,47.88604],[106.89247,47.88604],[106.89271,47.88605],[106.89299,47.88603],[106.8931,47.88603],[106.89322,47.88601],[106.89334,47.886],[106.8935,47.88597],[106.89378,47.88592],[106.8939,47.8859],[106.89411,47.88588],[106.8943,47.88585],[106.89466,47.88579],[106.89489,47.88577],[106.8952,47.88576],[106.89544,47.88581],[106.89563,47.88584],[106.89577,47.88586],[106.89594,47.88591],[106.89615,47.88597],[106.89633,47.88603],[106.8964,47.88605],[106.89652,47.88612],[106.89664,47.8862],[106.89676,47.88638],[106.89694,47.88652],[106.89756,47.88671],[106.89815,47.88686],[106.89893,47.88714],[106.90012,47.88741],[106.90074,47.8875],[106.90148,47.8875],[106.9019,47.88756],[106.90241,47.88772],[106.90296,47.88791],[106.90352,47.88812],[106.90394,47.88825],[106.90454,47.88838],[106.90543,47.88862],[106.90599,47.8888],[106.90649,47.88899],[106.90718,47.8892],[106.90775,47.8892],[106.90882,47.88911],[106.90927,47.88899],[106.90987,47.8889],[106.91052,47.8889],[106.91142,47.88889],[106.91223,47.88896],[106.91284,47.88902],[106.9135,47.88901],[106.91409,47.88901],[106.91476,47.88894],[106.91542,47.88883],[106.91609,47.88863],[106.91664,47.88843],[106.91731,47.88826],[106.91784,47.8881],[106.91874,47.88784],[106.91966,47.88767],[106.92025,47.88753],[106.92094,47.88744],[106.92248,47.88735],[106.92347,47.8873],[106.92502,47.88712],[106.92654,47.88687],[106.92726,47.8867],[106.9278,47.88659],[106.9285,47.88649],[106.92861,47.88644],[106.92896,47.88637],[106.92935,47.88628],[106.92984,47.88619],[106.93048,47.88609],[106.93096,47.88603],[106.93132,47.88602],[106.93199,47.88604],[106.9328,47.88611],[106.93346,47.88614],[106.93383,47.88615],[106.93432,47.88615],[106.93498,47.88614],[106.93588,47.88624],[106.93657,47.88638],[106.93695,47.88644],[106.93784,47.88644],[106.9385,47.88629],[106.93899,47.88615],[106.9393,47.88604],[106.93967,47.88587],[106.94006,47.88592],[106.94049,47.88596],[106.94107,47.88609],[106.94167,47.88617],[106.94205,47.88621],[106.94244,47.88624],[106.94285,47.88631],[106.9434,47.88639],[106.94382,47.88643],[106.94448,47.88644],[106.94495,47.88643],[106.94532,47.88644],[106.94565,47.88644],[106.94598,47.88644],[106.94626,47.88645],[106.94661,47.88642],[106.94702,47.88635],[106.94736,47.88626],[106.94755,47.8861],[106.94788,47.88566],[106.94838,47.88533],[106.94867,47.88524],[106.94887,47.88518],[106.94926,47.88517],[106.94947,47.88525],[106.94989,47.88544],[106.95028,47.88554],[106.95071,47.88557],[106.95149,47.88557],[106.95217,47.88544],[106.95269,47.88526],[106.95311,47.88501],[106.95319,47.88483],[106.95334,47.88466],[106.95364,47.88452],[106.95417,47.88445],[106.95459,47.88443],[106.95517,47.8844],[106.9557,47.88432],[106.95656,47.88415],[106.95697,47.88413],[106.9576,47.88407],[106.9585,47.88406],[106.95907,47.88409],[106.95964,47.88419],[106.96087,47.88428],[106.9623,47.88428],[106.96321,47.88415],[106.96395,47.88389],[106.96495,47.8837],[106.96611,47.88349],[106.9668,47.88345],[106.96807,47.88339],[106.96862,47.8834],[106.96937,47.88337],[106.97005,47.88345],[106.97048,47.88351],[106.97143,47.88348],[106.97205,47.88338],[106.97259,47.88323],[106.97292,47.88304],[106.9733,47.88287],[106.97391,47.88259],[106.9744,47.88236],[106.9745,47.88225],[106.97474,47.88222],[106.97522,47.88227],[106.97574,47.88233],[106.97599,47.88248],[106.97641,47.88274],[106.97672,47.88309],[106.97689,47.88335],[106.97698,47.88378],[106.9769,47.88401],[106.97673,47.88426],[106.97677,47.88471],[106.97717,47.88519],[106.97756,47.88548],[106.97837,47.88591],[106.97882,47.88604],[106.97928,47.8861],[106.97953,47.88611],[106.97996,47.88593],[106.98069,47.88552],[106.98159,47.88509],[106.98213,47.88486],[106.9826,47.88468],[106.98279,47.88446],[106.98316,47.88399],[106.98347,47.88378],[106.98396,47.88365],[106.98461,47.8835],[106.98508,47.88343],[106.98552,47.88338],[106.98611,47.88334],[106.98656,47.8835],[106.98674,47.88379],[106.98704,47.88413],[106.98746,47.88442],[106.98814,47.88469],[106.9889,47.88481],[106.98998,47.88478],[106.99062,47.88474],[106.99121,47.8846],[106.9919,47.88448],[106.99299,47.88433],[106.99349,47.88433],[106.99429,47.88448],[106.99498,47.88494],[106.99556,47.88538],[106.99646,47.88583],[106.9973,47.88633],[106.99789,47.88668],[106.99827,47.88679],[106.99857,47.88688],[106.99927,47.88689],[107.00038,47.88691],[107.00083,47.88703],[107.00145,47.88714],[107.00239,47.88735],[107.00304,47.88745],[107.00413,47.88766],[107.00475,47.88777],[107.00537,47.88784],[107.00586,47.88778],[107.00626,47.88769],[107.00685,47.8875],[107.00757,47.88723],[107.00821,47.88709],[107.00885,47.88692],[107.00935,47.8867],[107.00962,47.88655],[107.0101,47.88646],[107.01087,47.88634],[107.01125,47.88633],[107.01169,47.88629],[107.01234,47.88617],[107.01284,47.88605],[107.01345,47.88591],[107.01399,47.88584],[107.01456,47.88578],[107.015,47.88574],[107.01588,47.88576],[107.01658,47.88581],[107.0171,47.88593],[107.01768,47.88614],[107.01827,47.88634],[107.01859,47.88646],[107.01884,47.88672],[107.0192,47.88693],[107.01989,47.8872],[107.02086,47.88758],[107.02222,47.88776],[107.02343,47.88787],[107.02435,47.88808],[107.02525,47.88832],[107.02598,47.88869],[107.02646,47.88896],[107.02719,47.88945],[107.02799,47.88998],[107.02876,47.89053],[107.02924,47.8909],[107.03019,47.89141],[107.03092,47.89173],[107.03195,47.89207],[107.03309,47.89239],[107.03484,47.89259],[107.03627,47.89258],[107.03748,47.89251],[107.03838,47.89258],[107.03949,47.89251],[107.04051,47.89259],[107.04112,47.89257],[107.04166,47.8925],[107.04251,47.89226],[107.04295,47.89215],[107.04345,47.89209],[107.04401,47.892],[107.04461,47.89203],[107.04538,47.89207],[107.04609,47.89212],[107.04689,47.89212],[107.04739,47.89211],[107.0481,47.892],[107.04887,47.89177],[107.04944,47.89152],[107.05,47.89122],[107.05056,47.89091],[107.05133,47.89054],[107.05206,47.89014],[107.05259,47.88976],[107.05284,47.88948],[107.05297,47.88923],[107.05324,47.88903],[107.05371,47.88883],[107.05404,47.8887],[107.05433,47.88856],[107.05481,47.88842],[107.05547,47.88838],[107.05707,47.88866],[107.05903,47.88937],[107.06035,47.89],[107.0621,47.89102],[107.06408,47.89201],[107.06463,47.8923],[107.06508,47.89245],[107.06549,47.89255]]]}},{"type":"Feature","properties":{"name":"Uvs nuur","type":"UNESCO-MAB Biosphere Reserve"},"geometry":{"type":"Polygon","coordinates":[[[93.14193,50.59919],[93.14218,50.59665],[93.1426,50.59245],[93.14283,50.59008],[93.14355,50.58287],[93.14386,50.57978],[93.14409,50.57745],[93.14509,50.5675],[93.14961,50.56364],[93.15028,50.56306],[93.15173,50.56182],[93.16242,50.55268],[93.16749,50.54835],[93.16927,50.54683],[93.17487,50.54204],[93.17935,50.53821],[93.18075,50.53701],[93.18879,50.53014],[93.18944,50.52959],[93.18944,50.52959],[93.1905,50.52869],[93.19167,50.52696],[93.19919,50.51589],[93.19955,50.51537],[93.21253,50.49628],[93.16968,50.44928],[93.19812,50.42029],[93.22296,50.41848],[93.26931,50.4151],[93.26931,50.4151],[93.35273,50.36829],[93.45368,50.32111],[93.44709,50.28809],[93.44208,50.2757],[93.37012,50.25269],[93.32752,50.23273],[93.26069,50.22308],[93.26069,50.22308],[93.22553,50.24951],[93.22553,50.24951],[93.13849,50.21729],[93.11988,50.16632],[93.0105,50.1037],[92.97291,50.06049],[92.90449,50.01691],[92.89429,50.01111],[92.89429,50.01111],[92.87928,50.01233],[92.87928,50.01233],[92.86988,49.98053],[92.86988,49.98053],[92.65729,49.98492],[92.56313,49.98151],[92.47951,49.98608],[92.34071,50.12891],[92.30269,50.16711],[92.26473,50.26788],[92.23494,50.3045],[92.20992,50.35431],[92.19832,50.37708],[92.16915,50.38953],[92.2029,50.40588],[92.24892,50.47089],[92.3119,50.47772],[92.31191,50.47772],[92.34622,50.47829],[92.34631,50.47825],[92.34631,50.47824],[92.34667,50.4783],[92.34667,50.4783],[92.3468,50.47831],[92.34702,50.47831],[92.34725,50.47831],[92.34741,50.47832],[92.34757,50.47832],[92.35156,50.47839],[92.35738,50.47848],[92.35738,50.47848],[92.35749,50.47853],[92.39059,50.49263],[92.49945,50.53904],[92.49171,50.58356],[92.49171,50.58368],[92.49402,50.6086],[92.4941,50.6087],[92.53651,50.66131],[92.57287,50.67275],[92.57287,50.67275],[92.57289,50.67273],[92.57289,50.67273],[92.59273,50.6991],[92.6023,50.71512],[92.60448,50.71873],[92.61667,50.71036],[92.62776,50.70325],[92.62777,50.70326],[92.62777,50.70325],[92.62777,50.70325],[92.62793,50.70327],[92.62794,50.70327],[92.62767,50.70272],[92.62173,50.66504],[92.6326,50.634],[92.66241,50.60207],[92.69124,50.57638],[92.69125,50.57638],[92.82073,50.65527],[92.89262,50.68748],[92.89262,50.68748],[92.90692,50.68739],[92.93349,50.67979],[92.96993,50.66633],[92.97047,50.66617],[92.9705,50.66617],[92.97045,50.66611],[92.97106,50.66527],[92.99965,50.62584],[93.00173,50.62306],[93.00967,50.61098],[93.00972,50.61091],[93.0106,50.61077],[93.01061,50.61078],[93.01061,50.61078],[93.01061,50.61077],[93.01174,50.61123],[93.01231,50.6115],[93.01231,50.6115],[93.01367,50.61213],[93.0161,50.61329],[93.01903,50.6158],[93.02176,50.61721],[93.02309,50.61732],[93.027,50.61766],[93.027,50.61766],[93.03156,50.61746],[93.03611,50.61688],[93.03983,50.61623],[93.04226,50.61527],[93.04449,50.61353],[93.0465,50.61225],[93.05187,50.6109],[93.05188,50.6109],[93.05188,50.6109],[93.05529,50.61095],[93.0553,50.61095],[93.05682,50.61154],[93.05875,50.61276],[93.06057,50.61353],[93.06057,50.61353],[93.06401,50.61359],[93.06573,50.6132],[93.06863,50.61204],[93.06997,50.61082],[93.07075,50.60953],[93.07086,50.6078],[93.07077,50.60439],[93.07167,50.60297],[93.07257,50.60168],[93.0749,50.60046],[93.07751,50.59911],[93.08231,50.59846],[93.08231,50.59846],[93.08231,50.59846],[93.08231,50.59846],[93.08899,50.59884],[93.09143,50.59897],[93.09413,50.59871],[93.09537,50.59742],[93.09676,50.59543],[93.09675,50.59446],[93.09657,50.59305],[93.09716,50.59176],[93.09866,50.59053],[93.10131,50.58951],[93.10333,50.58925],[93.10418,50.58909],[93.10486,50.58896],[93.10525,50.58888],[93.10574,50.58879],[93.10837,50.58751],[93.10977,50.58648],[93.11181,50.58615],[93.11181,50.58615],[93.11181,50.58615],[93.11181,50.58615],[93.114,50.58638],[93.11483,50.58647],[93.11735,50.58678],[93.11735,50.58678],[93.11943,50.58679],[93.11943,50.58679],[93.12137,50.58775],[93.12532,50.59039],[93.12764,50.59386],[93.13432,50.59713],[93.13695,50.59848],[93.13997,50.59911],[93.13997,50.59911],[93.1415,50.59911],[93.1415,50.59911],[93.14166,50.59914],[93.14192,50.59919],[93.14193,50.59919]]]}},{"type":"Feature","properties":{"name":"Mongol Daguur (Mongolian Dauria)","type":"Wetland of International Importance (Ramsar Site)"},"geometry":{"type":"MultiPolygon","coordinates":[[[[115.59158,49.71434],[115.59022,49.69967],[115.51767,49.69009],[115.4858,49.66422],[115.41956,49.66235],[115.41956,49.66235],[115.39275,49.6848],[115.33689,49.69298],[115.33689,49.69298],[115.30048,49.67947],[115.25424,49.67974],[115.25424,49.67974],[115.16742,49.68864],[115.16742,49.68864],[115.10066,49.66737],[115.04287,49.64125],[114.93575,49.63225],[114.93575,49.63225],[114.93575,49.63225],[114.97194,49.66035],[115.07909,49.68269],[115.0793,49.68279],[115.1155,49.69854],[115.17017,49.70803],[115.20232,49.71356],[115.20232,49.71356],[115.22536,49.70064],[115.22536,49.70064],[115.32132,49.71386],[115.34086,49.71654],[115.34086,49.71654],[115.43858,49.70455],[115.43858,49.70455],[115.46062,49.70493],[115.52823,49.72303],[115.56927,49.73307],[115.56927,49.73307],[115.59261,49.72522],[115.59158,49.71434],[115.59158,49.71434]]],[[[115.06813,50.09624],[115.06707,50.09374],[115.06753,50.09171],[115.06965,50.08963],[115.07634,50.08525],[115.08417,50.0819],[115.09968,50.07359],[115.11175,50.06648],[115.12427,50.05854],[115.13719,50.04924],[115.15118,50.03817],[115.16462,50.02766],[115.19019,50.00546],[115.19542,50.00112],[115.19636,50.00097],[115.19953,49.99851],[115.20801,49.99301],[115.2133,49.98965],[115.21699,49.98782],[115.22716,49.98372],[115.23515,49.98095],[115.24192,49.97833],[115.25319,49.97509],[115.26124,49.97299],[115.26657,49.97177],[115.27064,49.97038],[115.27869,49.96624],[115.28884,49.96237],[115.29936,49.95866],[115.31167,49.95377],[115.31494,49.95274],[115.31524,49.95271],[115.31808,49.95245],[115.31808,49.95245],[115.31814,49.95244],[115.31815,49.95244],[115.3182,49.95244],[115.32413,49.95222],[115.32428,49.95222],[115.328,49.95163],[115.34714,49.9463],[115.40278,49.93073],[115.45896,49.91539],[115.46503,49.9138],[115.47197,49.91308],[115.47807,49.91239],[115.48497,49.91122],[115.48909,49.91052],[115.4931,49.9101],[115.4931,49.9101],[115.49914,49.91013],[115.49914,49.91013],[115.49914,49.91013],[115.50043,49.9103],[115.50097,49.9101],[115.50841,49.90927],[115.50841,49.90927],[115.53757,49.90775],[115.53757,49.90775],[115.5425,49.90794],[115.5425,49.90794],[115.54668,49.9076],[115.54668,49.9076],[115.5518,49.90719],[115.55218,49.90716],[115.55307,49.90709],[115.55518,49.90692],[115.56149,49.90642],[115.56522,49.90612],[115.56522,49.90612],[115.56522,49.90612],[115.57461,49.90652],[115.5855,49.90663],[115.59157,49.90654],[115.59157,49.90654],[115.59756,49.90584],[115.60704,49.90377],[115.61484,49.90168],[115.62181,49.89947],[115.62797,49.89868],[115.63327,49.89801],[115.6387,49.89671],[115.64824,49.89378],[115.666,49.88704],[115.67818,49.88191],[115.68183,49.88091],[115.68548,49.88023],[115.68548,49.88023],[115.68893,49.88009],[115.68893,49.88009],[115.68893,49.88009],[115.68947,49.88024],[115.69169,49.88086],[115.69416,49.88155],[115.69416,49.88155],[115.69494,49.88155],[115.69494,49.88155],[115.69471,49.88148],[115.693,49.88069],[115.68985,49.87945],[115.68773,49.87891],[115.68538,49.87893],[115.68538,49.87893],[115.68506,49.879],[115.68506,49.879],[115.63926,49.86835],[115.53306,49.83968],[115.53306,49.83968],[115.47904,49.86866],[115.48218,49.88053],[115.48234,49.88115],[115.48234,49.88115],[115.47834,49.88073],[115.46777,49.87963],[115.38691,49.87391],[115.38691,49.87391],[115.31869,49.90188],[115.27099,49.94059],[115.22556,49.97364],[115.16759,49.99831],[115.10489,50.0455],[115.07461,50.07431],[115.02397,50.09592],[115.02397,50.09592],[114.9946,50.07728],[114.93172,50.0634],[114.90275,50.01257],[114.85119,49.94591],[114.74503,49.91449],[114.74503,49.91449],[114.64972,49.93705],[114.61021,49.94864],[114.58421,49.96488],[114.54183,49.98386],[114.50588,50.01618],[114.58478,50.07205],[114.73351,50.14712],[114.75783,50.23421],[114.75836,50.23418],[114.75845,50.23417],[114.75861,50.23415],[114.7637,50.23335],[114.79582,50.22853],[114.81913,50.22612],[114.83518,50.22465],[114.842,50.223],[114.85807,50.21729],[114.85898,50.21667],[114.85899,50.21667],[114.86174,50.21481],[114.87535,50.21082],[114.90787,50.19984],[114.94017,50.19098],[114.97414,50.18039],[114.98905,50.17423],[115.00172,50.16335],[115.00329,50.16095],[115.00764,50.15776],[115.03027,50.14213],[115.03753,50.13679],[115.04392,50.12853],[115.0535,50.11643],[115.06868,50.10385],[115.06967,50.10208],[115.06966,50.10151],[115.06961,50.09961],[115.06959,50.09874],[115.06813,50.09624]]]]}},{"type":"Feature","properties":{"name":"Ogii Nuur","type":"Wetland of International Importance (Ramsar Site)"},"geometry":{"type":"Polygon","coordinates":[[[102.79754,46.78902],[102.77574,46.75839],[102.73184,46.77274],[102.75451,46.80148],[102.79754,46.78902]]]}},{"type":"Feature","properties":{"name":"Terhiyn Tsagaan Nuur","type":"Wetland of International Importance (Ramsar Site)"},"geometry":{"type":"Polygon","coordinates":[[[100.00244,48.17883],[100.00765,48.16201],[99.99971,48.15744],[99.97273,48.16321],[99.92088,48.17241],[99.89281,48.17015],[99.88747,48.16375],[99.86333,48.13488],[99.86285,48.13406],[99.84326,48.10104],[99.77787,48.0807],[99.7776,48.08062],[99.70685,48.08245],[99.70615,48.08247],[99.63455,48.06622],[99.59481,48.07551],[99.53166,48.0961],[99.48917,48.12933],[99.48653,48.14323],[99.48647,48.14354],[99.43708,48.20097],[99.44786,48.24731],[99.47693,48.28028],[99.56584,48.29242],[99.65959,48.31579],[99.72475,48.31523],[99.75777,48.3032],[99.81224,48.28919],[99.91071,48.24675],[99.95967,48.21018],[99.98447,48.19092],[100.00244,48.17883]]]}},{"type":"Feature","properties":{"name":"Valley of Lakes (Boon Tsagaan Nuur, Taatsiin Tsagaan Nuur, Adgiin Tasgaan Nuur, Orog Nuur)","type":"Wetland of International Importance (Ramsar Site)"},"geometry":{"type":"MultiPolygon","coordinates":[[[[100.89606,45.09449],[100.89916,45.03804],[100.88096,45.00404],[100.82216,45.01884],[100.79294,45.04133],[100.74756,45.03108],[100.69038,45.02089],[100.64513,45.0198],[100.60393,45.0318],[100.52933,45.05048],[100.52569,45.08461],[100.56713,45.09363],[100.60641,45.08296],[100.68324,45.08522],[100.74238,45.09016],[100.78175,45.08863],[100.84283,45.09089],[100.89606,45.09449]]],[[[101.34691,45.17607],[101.38326,45.1674],[101.41982,45.16762],[101.45913,45.17136],[101.51416,45.16186],[101.50172,45.12759],[101.45984,45.12686],[101.41872,45.12077],[101.38113,45.11285],[101.34181,45.10672],[101.28701,45.12622],[101.27528,45.16133],[101.29989,45.18661],[101.34691,45.17607]]],[[[100.01616,45.46615],[99.97495,45.4651],[99.97017,45.50498],[99.99079,45.54278],[99.96696,45.58056],[99.93358,45.60049],[99.87794,45.612],[99.91603,45.65192],[99.951,45.66558],[99.98441,45.65719],[100.00985,45.6173],[100.02732,45.58686],[100.04317,45.54697],[100.03997,45.50813],[100.01616,45.46615]]],[[[99.38293,45.50275],[99.28135,45.49126],[99.24183,45.49792],[99.20663,45.49085],[99.16305,45.49059],[99.11938,45.49582],[99.08184,45.50793],[99.04193,45.53651],[98.99384,45.5554],[98.95843,45.56063],[98.9122,45.58912],[98.92618,45.62083],[98.96558,45.628],[99.01964,45.62976],[99.07761,45.64802],[99.09774,45.69349],[99.15389,45.69934],[99.21473,45.66536],[99.24817,45.65455],[99.2612,45.61067],[99.29918,45.56416],[99.36387,45.53838],[99.38293,45.50275]]]]}},{"type":"Feature","properties":{"name":"Хорьдол-Сарьдаг","type":"Дархан цаазат газар"},"geometry":{"type":"Polygon","coordinates":[[[100.22395,50.96119],[100.20332,50.92925],[100.18131,50.90852],[100.16665,50.88264],[100.1442,50.84907],[100.14194,50.82479],[100.18908,50.80288],[100.18877,50.80252],[100.18913,50.80235],[100.14369,50.74981],[100.14295,50.74894],[100.13457,50.7161],[100.10621,50.70766],[100.08909,50.70229],[100.04674,50.67837],[100.02534,50.67285],[99.99004,50.64239],[99.98967,50.64211],[99.93501,50.59925],[99.87915,50.56514],[99.84999,50.53572],[99.8229,50.50632],[99.82265,50.50626],[99.76391,50.49274],[99.73425,50.46479],[99.68776,50.50469],[99.60988,50.54211],[99.54525,50.5791],[99.50494,50.57526],[99.44701,50.58539],[99.38292,50.56199],[99.38274,50.56191],[99.33855,50.54307],[99.28347,50.53225],[99.21101,50.52947],[99.18876,50.55568],[99.19695,50.57841],[99.20131,50.57933],[99.29333,50.6125],[99.31,50.62056],[99.30473,50.66028],[99.36278,50.68306],[99.36611,50.70694],[99.49477,50.79263],[99.4953,50.79397],[99.51864,50.80537],[99.54825,50.8349],[99.57811,50.89897],[99.61111,50.9105],[99.61111,50.91056],[99.70417,50.94833],[99.84389,50.92944],[99.92694,50.96167],[99.92912,50.97595],[99.93195,50.99445],[99.98928,51.03319],[99.99361,51.03611],[100.0725,51.035],[100.16055,51.00333],[100.18143,50.98922],[100.18175,50.98905],[100.18201,50.98889],[100.18223,50.98877],[100.20972,50.97313],[100.20992,50.97298],[100.22395,50.96119]]]}},{"type":"Feature","properties":{"name":"Хар ус нуур","type":"Байгалийн цогцолборт газар"},"geometry":{"type":"Polygon","coordinates":[[[92.63888,48.30245],[92.66943,48.29062],[92.74001,48.29832],[92.78725,48.29099],[92.83942,48.28116],[92.87057,48.28015],[92.8997,48.28878],[92.90745,48.31505],[92.93809,48.33068],[92.99843,48.33825],[93.04891,48.35076],[93.11745,48.36884],[93.16233,48.37294],[93.19945,48.36453],[93.23839,48.35431],[93.27865,48.35205],[93.31783,48.36244],[93.36319,48.37141],[93.41283,48.37387],[93.45947,48.36918],[93.49303,48.34858],[93.50842,48.31558],[93.50662,48.28008],[93.48894,48.2579],[93.44721,48.23849],[93.43024,48.22028],[93.42658,48.19443],[93.4256,48.15506],[93.40531,48.11691],[93.36871,48.08712],[93.30531,48.04506],[93.27033,48.02225],[93.27729,48.00225],[93.29812,47.99333],[93.32306,47.98576],[93.33295,47.9729],[93.31017,47.95513],[93.28438,47.92332],[93.28254,47.88877],[93.2944,47.85153],[93.31585,47.83186],[93.35515,47.81774],[93.38077,47.8063],[93.40838,47.77735],[93.44608,47.75618],[93.51085,47.73054],[93.62092,47.67353],[93.63535,47.65909],[93.61081,47.62059],[93.53346,47.56263],[93.47124,47.55412],[93.41951,47.56616],[93.31384,47.61552],[93.20414,47.66936],[93.12401,47.71995],[93.04452,47.76663],[92.98215,47.79324],[92.93008,47.80507],[92.87916,47.8042],[92.79894,47.77594],[92.75433,47.73824],[92.72243,47.70272],[92.66936,47.66417],[92.66508,47.63622],[92.68362,47.61735],[92.71172,47.60137],[92.73227,47.57974],[92.74645,47.53291],[92.75903,47.51445],[92.78013,47.48991],[92.78919,47.45341],[92.77168,47.43304],[92.69572,47.408],[92.605,47.3982],[92.51099,47.41751],[92.40447,47.44734],[92.35992,47.45866],[92.36487,47.48277],[92.3643,47.51225],[92.34539,47.5458],[92.31168,47.56704],[92.25203,47.59356],[92.21245,47.60139],[92.1805,47.62082],[92.15066,47.6503],[92.14591,47.67836],[92.12974,47.70528],[92.08113,47.72694],[92.04657,47.7313],[92.01785,47.74216],[92.00726,47.75684],[92.00579,47.77638],[92.01598,47.79613],[92.00928,47.82598],[91.99757,47.84546],[91.98608,47.86398],[91.97827,47.89864],[91.96285,47.93448],[91.94672,47.96041],[91.9224,47.98352],[91.90524,48.00737],[91.8979,48.03321],[91.90003,48.05608],[91.931,48.075],[91.9852,48.09529],[92.02485,48.11507],[92.05267,48.12871],[92.06776,48.14008],[92.06408,48.15645],[92.04578,48.17232],[92.02948,48.19233],[92.02016,48.21403],[92.02856,48.23555],[92.05714,48.25911],[92.10221,48.28824],[92.13497,48.31317],[92.16432,48.3535],[92.18113,48.39059],[92.21695,48.40891],[92.27728,48.41683],[92.34329,48.4125],[92.40338,48.38788],[92.46388,48.35442],[92.55277,48.32565],[92.60295,48.31868],[92.63888,48.30245]]]}},{"type":"Feature","properties":{"name":"Ноён хангай","type":"Байгалийн цогцолборт газар"},"geometry":{"type":"Polygon","coordinates":[[[99.69306,47.65694],[99.67393,47.64278],[99.66303,47.6347],[99.65556,47.62917],[99.63844,47.63047],[99.63063,47.62772],[99.62861,47.62978],[99.63263,47.63498],[99.63312,47.63949],[99.61226,47.63857],[99.59126,47.63495],[99.57932,47.62856],[99.56868,47.61803],[99.51476,47.61627],[99.47696,47.62384],[99.42133,47.6251],[99.42062,47.62917],[99.3556,47.66107],[99.2449,47.66394],[99.21424,47.68309],[99.24651,47.75724],[99.30843,47.78041],[99.34496,47.80095],[99.37476,47.80103],[99.39553,47.8038],[99.40997,47.80571],[99.42744,47.80499],[99.43962,47.80743],[99.45676,47.80448],[99.49976,47.79153],[99.51115,47.78977],[99.52407,47.78532],[99.5398,47.7799],[99.58214,47.78716],[99.63358,47.80019],[99.66616,47.76539],[99.69915,47.71401],[99.67751,47.67862],[99.69306,47.65694]]]}},{"type":"Feature","properties":{"name":"Тосон-Хулстай","type":"Байгалийн нөөц газар"},"geometry":{"type":"Polygon","coordinates":[[[112.96817,48.36399],[113.24084,48.30324],[113.24084,48.30324],[113.30357,48.30311],[113.30357,48.30311],[113.54901,48.32067],[113.54901,48.32067],[113.81139,48.29498],[113.94588,48.08153],[113.81891,48.05155],[113.7316,48.03083],[113.7316,48.03083],[113.70917,48.06117],[113.62946,48.06548],[113.62946,48.06548],[113.60327,48.06681],[113.60327,48.06681],[113.58586,48.07082],[113.54783,48.07625],[113.54783,48.07625],[113.52982,48.07834],[113.52982,48.07834],[113.51623,48.08416],[113.51623,48.08416],[113.463,48.07809],[113.463,48.07809],[113.43466,48.08533],[113.43466,48.08533],[113.42606,48.0837],[113.40682,48.06654],[113.37383,48.05893],[113.37383,48.05893],[113.33886,48.06625],[113.33886,48.06625],[113.30645,48.05344],[113.24233,48.04557],[113.17734,48.03677],[113.09119,48.01752],[113.03663,48.00023],[113.00009,47.98596],[112.96181,47.97207],[112.93719,47.95896],[112.92474,47.94726],[112.9008,47.93584],[112.84708,47.92223],[112.84708,47.92223],[112.80925,47.9192],[112.80925,47.9192],[112.79281,47.90916],[112.76293,47.88643],[112.74805,47.88068],[112.74648,47.87276],[112.69922,47.84522],[112.64042,47.83662],[112.64042,47.83662],[112.59831,47.83215],[112.59831,47.83215],[112.54936,47.82061],[112.54936,47.82061],[112.52229,47.8599],[112.29969,47.92327],[112.26858,48.01453],[112.22787,48.06525],[112.20738,48.19263],[112.29213,48.27535],[112.49515,48.29011],[112.55605,48.31144],[112.55605,48.31144],[112.66916,48.3189],[112.66916,48.3189],[112.96817,48.36399],[112.96817,48.36399]]]}},{"type":"Feature","properties":{"name":"Хар ямаат","type":"Байгалийн нөөц газар"},"geometry":{"type":"Polygon","coordinates":[[[112.12349,47.77578],[112.12365,47.77577],[112.12395,47.77577],[112.12463,47.77578],[112.1248,47.77578],[112.12495,47.77578],[112.1253,47.77578],[112.12614,47.77578],[112.12636,47.77578],[112.12655,47.77577],[112.12679,47.77576],[112.127,47.77575],[112.12721,47.77573],[112.1274,47.77571],[112.12758,47.77568],[112.12776,47.77565],[112.12794,47.77561],[112.12814,47.77556],[112.12832,47.77551],[112.12853,47.77545],[112.12873,47.77539],[112.12927,47.77522],[112.12957,47.77513],[112.12974,47.77508],[112.1299,47.77504],[112.13005,47.775],[112.13019,47.77497],[112.13032,47.77495],[112.13046,47.77493],[112.13061,47.7749],[112.13078,47.77488],[112.13108,47.77485],[112.13179,47.77477],[112.13198,47.77475],[112.13215,47.77473],[112.13232,47.7747],[112.13248,47.77468],[112.13263,47.77465],[112.13277,47.77462],[112.13327,47.7745],[112.1336,47.77442],[112.13376,47.77438],[112.1339,47.77434],[112.13403,47.7743],[112.13416,47.77426],[112.13429,47.77422],[112.13441,47.77417],[112.13452,47.77413],[112.13463,47.77408],[112.13473,47.77404],[112.13482,47.77399],[112.13492,47.77394],[112.135,47.77389],[112.13508,47.77384],[112.13516,47.77379],[112.13523,47.77373],[112.13531,47.77368],[112.13538,47.77362],[112.13545,47.77356],[112.13552,47.7735],[112.13559,47.77344],[112.13566,47.77338],[112.13572,47.77332],[112.13578,47.77325],[112.13584,47.77319],[112.13589,47.77312],[112.13594,47.77306],[112.13599,47.773],[112.13603,47.77293],[112.13607,47.77286],[112.13611,47.77279],[112.13615,47.77272],[112.13618,47.77264],[112.13621,47.77256],[112.13624,47.77248],[112.13626,47.77239],[112.13628,47.7723],[112.13629,47.77221],[112.13631,47.77211],[112.13632,47.77201],[112.13633,47.77191],[112.13634,47.77169],[112.13635,47.77128],[112.13635,47.77115],[112.13634,47.77103],[112.13632,47.77089],[112.13629,47.77075],[112.13626,47.77062],[112.13622,47.77048],[112.13609,47.77003],[112.13605,47.76986],[112.13601,47.76971],[112.13598,47.76957],[112.13596,47.76943],[112.13594,47.7693],[112.13594,47.76918],[112.13595,47.76906],[112.13597,47.76886],[112.13599,47.76869],[112.13601,47.76854],[112.13604,47.7684],[112.13607,47.76827],[112.13611,47.76815],[112.13615,47.76803],[112.1362,47.76792],[112.13624,47.76785],[112.13628,47.76778],[112.13633,47.76771],[112.13638,47.76763],[112.13643,47.76756],[112.13649,47.76749],[112.13655,47.76741],[112.13661,47.76733],[112.13668,47.76726],[112.13676,47.76718],[112.13683,47.7671],[112.13692,47.76702],[112.1371,47.76686],[112.1373,47.76668],[112.1374,47.7666],[112.1375,47.76652],[112.13761,47.76644],[112.13772,47.76636],[112.13784,47.76628],[112.13796,47.76621],[112.13808,47.76613],[112.13821,47.76605],[112.13835,47.76598],[112.13848,47.7659],[112.13862,47.76583],[112.13877,47.76576],[112.13891,47.76569],[112.13906,47.76562],[112.13922,47.76555],[112.13937,47.76548],[112.13967,47.76536],[112.13992,47.76526],[112.14015,47.76517],[112.14037,47.7651],[112.14058,47.76504],[112.14079,47.76498],[112.14089,47.76496],[112.14099,47.76493],[112.14109,47.76491],[112.14118,47.7649],[112.14131,47.76488],[112.14144,47.76486],[112.14158,47.76485],[112.14173,47.76485],[112.14187,47.76484],[112.14202,47.76484],[112.14255,47.76485],[112.14275,47.76484],[112.14296,47.76484],[112.14314,47.76483],[112.1437,47.76479],[112.14397,47.76477],[112.14423,47.76475],[112.14447,47.76472],[112.1447,47.76469],[112.14492,47.76465],[112.14512,47.76462],[112.14531,47.76457],[112.14541,47.76455],[112.14551,47.76452],[112.14561,47.76449],[112.14571,47.76445],[112.14582,47.76441],[112.14592,47.76437],[112.14603,47.76433],[112.14614,47.76428],[112.14634,47.7642],[112.14655,47.7641],[112.14676,47.764],[112.14723,47.76376],[112.14746,47.76365],[112.14756,47.76361],[112.14765,47.76356],[112.14775,47.7635],[112.14786,47.76344],[112.14806,47.76332],[112.14846,47.76307],[112.14862,47.76297],[112.1488,47.76287],[112.14895,47.76278],[112.14905,47.76273],[112.14914,47.76269],[112.14923,47.76265],[112.14932,47.76261],[112.14941,47.76258],[112.1495,47.76255],[112.14959,47.76252],[112.14968,47.7625],[112.14986,47.76245],[112.15006,47.76241],[112.15025,47.76238],[112.15045,47.76235],[112.15065,47.76233],[112.15084,47.76231],[112.15103,47.7623],[112.15121,47.76229],[112.15132,47.76229],[112.15143,47.7623],[112.15154,47.7623],[112.15165,47.76231],[112.15176,47.76233],[112.15188,47.76235],[112.152,47.76237],[112.15213,47.76239],[112.15233,47.76244],[112.15255,47.76249],[112.15278,47.76255],[112.15343,47.76274],[112.15364,47.76279],[112.15382,47.76283],[112.15392,47.76286],[112.15403,47.76289],[112.15451,47.76302],[112.15462,47.76305],[112.15472,47.76308],[112.15484,47.7631],[112.15495,47.76312],[112.15506,47.76314],[112.15516,47.76315],[112.15523,47.76316],[112.1553,47.76316],[112.15537,47.76316],[112.15544,47.76316],[112.15552,47.76315],[112.1556,47.76315],[112.15577,47.76313],[112.15592,47.76311],[112.15608,47.76308],[112.15662,47.76298],[112.15682,47.76294],[112.15701,47.76291],[112.15718,47.76289],[112.15793,47.76282],[112.15815,47.7628],[112.15834,47.76279],[112.15854,47.76278],[112.15873,47.76278],[112.1589,47.76278],[112.15907,47.76278],[112.15924,47.76279],[112.15942,47.76281],[112.15961,47.76283],[112.15981,47.76285],[112.16001,47.76288],[112.16023,47.76292],[112.1609,47.76305],[112.16117,47.7631],[112.16144,47.76315],[112.16171,47.76321],[112.16198,47.76327],[112.16225,47.76334],[112.16252,47.76341],[112.16278,47.76348],[112.16304,47.76355],[112.20699,47.72891],[112.21533,47.70829],[112.20832,47.6802],[112.22336,47.62262],[112.16382,47.58109],[112.08329,47.51746],[111.97863,47.52111],[111.95328,47.57863],[111.90413,47.61793],[111.91277,47.64963],[111.85444,47.69933],[111.85475,47.69942],[111.85505,47.69951],[111.85536,47.6996],[111.85566,47.69969],[111.85596,47.69979],[111.85625,47.69989],[111.85655,47.69999],[111.85684,47.70009],[111.85697,47.70014],[111.85711,47.7002],[111.85726,47.70026],[111.85741,47.70033],[111.85769,47.70045],[111.85834,47.70075],[111.85866,47.70089],[111.85881,47.70096],[111.85896,47.70101],[111.8591,47.70107],[111.85924,47.70112],[111.85961,47.70124],[111.85993,47.70135],[111.86022,47.70144],[111.86049,47.70152],[111.86075,47.70159],[111.861,47.70166],[111.86125,47.70171],[111.86149,47.70176],[111.86167,47.70179],[111.86186,47.70182],[111.86205,47.70185],[111.86224,47.70188],[111.86243,47.7019],[111.86262,47.70192],[111.86281,47.70194],[111.863,47.70196],[111.86318,47.70197],[111.86337,47.70198],[111.86355,47.70198],[111.86373,47.70199],[111.86391,47.70199],[111.86408,47.70199],[111.86426,47.70198],[111.86443,47.70197],[111.86461,47.70196],[111.86478,47.70195],[111.86495,47.70194],[111.86512,47.70192],[111.86529,47.7019],[111.86545,47.70188],[111.86561,47.70186],[111.86577,47.70184],[111.86592,47.70181],[111.86607,47.70178],[111.86621,47.70175],[111.86635,47.70172],[111.86649,47.70169],[111.86662,47.70165],[111.86675,47.70162],[111.86687,47.70158],[111.86695,47.70155],[111.86704,47.70152],[111.86712,47.70149],[111.8672,47.70145],[111.86728,47.70141],[111.86737,47.70137],[111.86745,47.70133],[111.86754,47.70128],[111.86769,47.70119],[111.86786,47.70108],[111.86802,47.70098],[111.86844,47.7007],[111.86856,47.70062],[111.86867,47.70055],[111.8688,47.70047],[111.86892,47.7004],[111.86904,47.70034],[111.86916,47.70028],[111.86982,47.69997],[111.87011,47.69984],[111.87026,47.69977],[111.87041,47.69971],[111.87054,47.69966],[111.87068,47.6996],[111.87082,47.69955],[111.87096,47.69951],[111.87109,47.69946],[111.87123,47.69943],[111.87135,47.69939],[111.87148,47.69937],[111.87161,47.69934],[111.87173,47.69932],[111.87189,47.6993],[111.87205,47.69928],[111.87222,47.69927],[111.87239,47.69926],[111.87256,47.69925],[111.87274,47.69925],[111.87292,47.69925],[111.87311,47.69926],[111.87329,47.69927],[111.87347,47.69928],[111.87366,47.6993],[111.87384,47.69932],[111.87402,47.69935],[111.87419,47.69937],[111.87437,47.69941],[111.87453,47.69944],[111.87472,47.69949],[111.87491,47.69954],[111.8751,47.69959],[111.87529,47.69965],[111.87548,47.69972],[111.87567,47.69979],[111.87585,47.69987],[111.87603,47.69995],[111.8762,47.70003],[111.87637,47.70012],[111.87653,47.70021],[111.87668,47.7003],[111.87683,47.7004],[111.87697,47.7005],[111.87709,47.7006],[111.87721,47.7007],[111.87729,47.70076],[111.87736,47.70083],[111.87743,47.7009],[111.87749,47.70097],[111.87756,47.70105],[111.87763,47.70112],[111.87769,47.7012],[111.87775,47.70128],[111.87781,47.70136],[111.87786,47.70145],[111.87792,47.70153],[111.87797,47.70162],[111.87802,47.7017],[111.87806,47.70179],[111.87811,47.70188],[111.87815,47.70196],[111.87817,47.70202],[111.87819,47.70207],[111.8782,47.70213],[111.87822,47.70219],[111.87823,47.70225],[111.87824,47.70231],[111.87825,47.70244],[111.87825,47.70257],[111.87825,47.70272],[111.87824,47.70287],[111.8782,47.70329],[111.87819,47.70341],[111.87819,47.70353],[111.87819,47.70366],[111.8782,47.70378],[111.87822,47.70389],[111.87825,47.704],[111.87834,47.70434],[111.87838,47.70446],[111.87843,47.7046],[111.87848,47.70472],[111.87851,47.70478],[111.87854,47.70484],[111.87857,47.70489],[111.8786,47.70494],[111.87864,47.70499],[111.87868,47.70504],[111.87872,47.70508],[111.87876,47.70513],[111.87885,47.70521],[111.87894,47.70529],[111.87903,47.70536],[111.87912,47.70542],[111.87921,47.70547],[111.8793,47.70552],[111.87938,47.70556],[111.87947,47.70559],[111.87953,47.70561],[111.87961,47.70563],[111.87968,47.70564],[111.87977,47.70565],[111.87985,47.70566],[111.87995,47.70566],[111.88004,47.70566],[111.88014,47.70565],[111.88025,47.70565],[111.88036,47.70563],[111.88047,47.70562],[111.88059,47.7056],[111.88072,47.70558],[111.88085,47.70555],[111.88099,47.70552],[111.88114,47.70548],[111.88124,47.70546],[111.88134,47.70542],[111.88145,47.70538],[111.88156,47.70534],[111.88165,47.70529],[111.88176,47.70523],[111.88216,47.705],[111.88232,47.70492],[111.88242,47.70487],[111.8825,47.70483],[111.88259,47.70479],[111.88267,47.70476],[111.8828,47.70472],[111.88293,47.70468],[111.88306,47.70464],[111.8832,47.7046],[111.88333,47.70457],[111.88346,47.70453],[111.8836,47.7045],[111.88373,47.70447],[111.88386,47.70445],[111.88399,47.70442],[111.88412,47.7044],[111.88425,47.70438],[111.88438,47.70436],[111.88451,47.70435],[111.88464,47.70433],[111.88476,47.70432],[111.88514,47.70429],[111.88537,47.70428],[111.88557,47.70427],[111.88567,47.70427],[111.88576,47.70427],[111.88585,47.70428],[111.88594,47.70428],[111.88602,47.70429],[111.8861,47.7043],[111.88617,47.70431],[111.88624,47.70432],[111.88631,47.70434],[111.88637,47.70436],[111.88645,47.70438],[111.88653,47.70441],[111.88661,47.70445],[111.88669,47.70448],[111.88677,47.70452],[111.88684,47.70456],[111.88691,47.7046],[111.88698,47.70465],[111.88705,47.70469],[111.88711,47.70474],[111.88716,47.70478],[111.88721,47.70483],[111.88726,47.70487],[111.8873,47.70492],[111.88734,47.70497],[111.88736,47.70501],[111.88739,47.70506],[111.88741,47.70512],[111.88743,47.70518],[111.88744,47.70525],[111.88744,47.70531],[111.88745,47.70538],[111.88745,47.70567],[111.88745,47.70577],[111.88744,47.70586],[111.88743,47.70596],[111.88742,47.70607],[111.88739,47.70628],[111.88729,47.70676],[111.88727,47.70688],[111.88726,47.707],[111.88724,47.70712],[111.88722,47.70725],[111.88713,47.7077],[111.8871,47.70786],[111.88708,47.70802],[111.88706,47.70815],[111.88706,47.70824],[111.88706,47.70832],[111.88706,47.7084],[111.88707,47.70847],[111.88709,47.70854],[111.8871,47.70861],[111.88712,47.70868],[111.88715,47.70875],[111.88718,47.70882],[111.88722,47.70889],[111.88726,47.70896],[111.8873,47.70903],[111.88735,47.70911],[111.88741,47.70918],[111.88747,47.70926],[111.88753,47.70933],[111.8876,47.70941],[111.88768,47.70949],[111.88776,47.70957],[111.88784,47.70964],[111.88793,47.70972],[111.88802,47.7098],[111.88812,47.70988],[111.88822,47.70997],[111.88835,47.71006],[111.88849,47.71016],[111.88864,47.71025],[111.88881,47.71035],[111.88898,47.71044],[111.88917,47.71054],[111.88991,47.7109],[111.89017,47.71102],[111.89043,47.71115],[111.8907,47.71127],[111.89098,47.71139],[111.89127,47.71152],[111.89158,47.71165],[111.8919,47.71178],[111.89224,47.71192],[111.89248,47.71201],[111.89275,47.71211],[111.89301,47.7122],[111.89365,47.71241],[111.89398,47.71252],[111.89414,47.71258],[111.89429,47.71264],[111.89443,47.7127],[111.89457,47.71275],[111.8947,47.71281],[111.89484,47.71287],[111.89498,47.71294],[111.89512,47.71301],[111.89526,47.71308],[111.8954,47.71316],[111.89571,47.71333],[111.89594,47.71346],[111.89619,47.71362],[111.89647,47.71378],[111.89726,47.71428],[111.89752,47.71443],[111.89775,47.71457],[111.89923,47.71542],[111.89989,47.71581],[111.90024,47.71602],[111.90056,47.71621],[111.90086,47.71639],[111.90114,47.71657],[111.90125,47.71665],[111.90138,47.71673],[111.90151,47.71683],[111.90188,47.71712],[111.902,47.71721],[111.90211,47.71728],[111.90225,47.71736],[111.90237,47.71744],[111.9025,47.7175],[111.90256,47.71753],[111.90263,47.71755],[111.9028,47.71762],[111.90299,47.71768],[111.90318,47.71774],[111.90338,47.71779],[111.90358,47.71783],[111.90378,47.71787],[111.90398,47.7179],[111.90417,47.71792],[111.90441,47.71794],[111.90461,47.71796],[111.90479,47.71796],[111.90495,47.71796],[111.90511,47.71796],[111.90525,47.71795],[111.90532,47.71794],[111.90538,47.71793],[111.90545,47.71792],[111.9055,47.71791],[111.90558,47.71789],[111.90565,47.71787],[111.90572,47.71784],[111.90579,47.71781],[111.90586,47.71778],[111.90593,47.71774],[111.906,47.7177],[111.90607,47.71766],[111.90614,47.71761],[111.90621,47.71756],[111.90635,47.71745],[111.90648,47.71734],[111.90682,47.71705],[111.90686,47.71701],[111.9069,47.71697],[111.90694,47.71693],[111.90699,47.71688],[111.90706,47.71678],[111.90725,47.71653],[111.90731,47.71646],[111.90736,47.7164],[111.90743,47.71634],[111.9075,47.71628],[111.90757,47.71623],[111.90761,47.71621],[111.90764,47.71619],[111.90776,47.71614],[111.90789,47.7161],[111.90802,47.71605],[111.90816,47.71602],[111.90829,47.71599],[111.90843,47.71597],[111.90856,47.71595],[111.90863,47.71595],[111.90869,47.71595],[111.90875,47.71595],[111.90881,47.71595],[111.90893,47.71596],[111.90906,47.71597],[111.90919,47.716],[111.90933,47.71603],[111.90948,47.71607],[111.90964,47.71612],[111.90981,47.71617],[111.90987,47.71619],[111.90992,47.71622],[111.90997,47.71624],[111.91003,47.71627],[111.91013,47.71632],[111.91036,47.71646],[111.91047,47.71651],[111.91057,47.71656],[111.91061,47.71658],[111.91066,47.71659],[111.91075,47.71662],[111.91084,47.71664],[111.91094,47.71666],[111.91104,47.71668],[111.91114,47.71669],[111.91125,47.7167],[111.91136,47.71671],[111.91148,47.71672],[111.9116,47.71672],[111.91173,47.71672],[111.91186,47.71672],[111.912,47.71672],[111.91231,47.7167],[111.91276,47.71667],[111.91327,47.71664],[111.91351,47.71662],[111.91364,47.71661],[111.91375,47.7166],[111.91385,47.71658],[111.91395,47.71657],[111.91405,47.71655],[111.91414,47.71653],[111.91423,47.71651],[111.91431,47.71649],[111.91439,47.71646],[111.91446,47.71643],[111.91452,47.71641],[111.91458,47.71637],[111.91463,47.71634],[111.91469,47.7163],[111.91474,47.71625],[111.91479,47.7162],[111.91484,47.71615],[111.91489,47.71609],[111.91493,47.71603],[111.91497,47.71596],[111.91501,47.71589],[111.91505,47.71581],[111.91509,47.71573],[111.91512,47.71565],[111.91516,47.71556],[111.91519,47.71546],[111.91526,47.71523],[111.91528,47.71516],[111.91529,47.71509],[111.91531,47.71501],[111.91532,47.71494],[111.91533,47.71486],[111.91533,47.71478],[111.91533,47.7147],[111.91533,47.71462],[111.91533,47.71455],[111.91533,47.71447],[111.91532,47.71439],[111.91531,47.71431],[111.91529,47.71423],[111.91528,47.71416],[111.91526,47.71408],[111.91524,47.71401],[111.9152,47.71389],[111.91514,47.71377],[111.91508,47.71364],[111.91501,47.71351],[111.91492,47.71338],[111.91483,47.71324],[111.91472,47.71309],[111.91459,47.71292],[111.91453,47.71285],[111.91446,47.71278],[111.91437,47.71271],[111.91428,47.71263],[111.91419,47.71257],[111.91409,47.71249],[111.91375,47.71225],[111.91362,47.71216],[111.9135,47.71207],[111.9134,47.71199],[111.91334,47.71194],[111.91329,47.71189],[111.91325,47.71184],[111.91321,47.7118],[111.91318,47.71175],[111.91315,47.71171],[111.91312,47.71166],[111.91309,47.71161],[111.91306,47.71153],[111.91303,47.71145],[111.91301,47.71136],[111.91299,47.71126],[111.91297,47.71116],[111.91296,47.71105],[111.91295,47.71093],[111.91294,47.71076],[111.91292,47.71043],[111.91292,47.71034],[111.91292,47.71026],[111.91293,47.71017],[111.91294,47.7101],[111.91297,47.71003],[111.913,47.70996],[111.91303,47.7099],[111.91307,47.70985],[111.91312,47.70979],[111.91317,47.70974],[111.91324,47.70968],[111.91331,47.70963],[111.91339,47.70957],[111.91347,47.70952],[111.91356,47.70946],[111.91366,47.70941],[111.91377,47.70935],[111.91388,47.7093],[111.914,47.70925],[111.91412,47.7092],[111.91425,47.70915],[111.91438,47.7091],[111.91447,47.70907],[111.91457,47.70904],[111.91467,47.70902],[111.91478,47.70899],[111.9149,47.70897],[111.91501,47.70896],[111.91514,47.70894],[111.91527,47.70893],[111.91539,47.70892],[111.91553,47.70891],[111.91567,47.7089],[111.91582,47.7089],[111.91612,47.70889],[111.91676,47.70889],[111.91689,47.70889],[111.91702,47.70889],[111.9173,47.7089],[111.91759,47.70892],[111.9179,47.70894],[111.9182,47.70897],[111.91852,47.709],[111.91977,47.70915],[111.92031,47.70921],[111.92081,47.70927],[111.92128,47.70933],[111.92173,47.70939],[111.92216,47.70945],[111.92258,47.70951],[111.92298,47.70957],[111.92337,47.70964],[111.92375,47.7097],[111.92412,47.70977],[111.92448,47.70984],[111.92483,47.70992],[111.92518,47.70999],[111.92551,47.71007],[111.92584,47.71015],[111.92616,47.71023],[111.9265,47.71033],[111.92684,47.71043],[111.92721,47.71055],[111.92759,47.71068],[111.92792,47.7108],[111.92829,47.71093],[111.92947,47.71137],[111.92989,47.71153],[111.9303,47.71168],[111.93067,47.7118],[111.93102,47.71192],[111.93141,47.71204],[111.93181,47.71217],[111.9329,47.71251],[111.93323,47.71261],[111.93353,47.71271],[111.93386,47.71282],[111.93418,47.71293],[111.93447,47.71304],[111.93475,47.71314],[111.93492,47.7132],[111.93511,47.71327],[111.93577,47.71349],[111.93602,47.71358],[111.93626,47.71367],[111.93648,47.71376],[111.93661,47.71381],[111.93672,47.71386],[111.93683,47.71392],[111.93694,47.71397],[111.93703,47.71403],[111.93712,47.71409],[111.93721,47.71415],[111.93729,47.71421],[111.93738,47.71428],[111.93746,47.71434],[111.93754,47.71441],[111.93762,47.71448],[111.93769,47.71455],[111.93776,47.71462],[111.93782,47.71469],[111.93788,47.71476],[111.93794,47.71483],[111.93799,47.7149],[111.93804,47.71496],[111.93809,47.71503],[111.93812,47.71509],[111.93816,47.71516],[111.93819,47.71522],[111.93822,47.71528],[111.93824,47.71535],[111.93826,47.71542],[111.93828,47.71549],[111.9383,47.71556],[111.93831,47.71563],[111.93832,47.71571],[111.93833,47.71578],[111.93833,47.71586],[111.93833,47.71594],[111.93833,47.71601],[111.93832,47.71609],[111.93831,47.71617],[111.9383,47.71624],[111.93828,47.71632],[111.93826,47.71639],[111.93824,47.71647],[111.93822,47.71652],[111.9382,47.71658],[111.93817,47.71664],[111.93813,47.7167],[111.9381,47.71676],[111.93805,47.71682],[111.93801,47.71688],[111.93796,47.71695],[111.93787,47.71705],[111.93776,47.71716],[111.93765,47.71728],[111.93732,47.7176],[111.93723,47.71771],[111.93714,47.7178],[111.93709,47.71785],[111.93703,47.71792],[111.93675,47.71818],[111.93668,47.71825],[111.93663,47.7183],[111.93657,47.71837],[111.93652,47.71844],[111.93649,47.7185],[111.93646,47.71856],[111.93644,47.7186],[111.93643,47.71865],[111.93641,47.7187],[111.93641,47.71875],[111.93639,47.71885],[111.93639,47.71896],[111.9364,47.71907],[111.93641,47.7192],[111.93644,47.71932],[111.93647,47.71946],[111.93649,47.71952],[111.93652,47.71958],[111.93654,47.71964],[111.93657,47.7197],[111.93661,47.71977],[111.93665,47.71983],[111.93669,47.7199],[111.93674,47.71997],[111.93685,47.7201],[111.93697,47.72025],[111.93712,47.72041],[111.93733,47.72063],[111.93739,47.72069],[111.93745,47.72074],[111.93751,47.7208],[111.93758,47.72085],[111.93772,47.72097],[111.93789,47.72108],[111.93804,47.72118],[111.93822,47.72129],[111.9384,47.7214],[111.93888,47.72168],[111.93913,47.72184],[111.93927,47.72193],[111.93939,47.72201],[111.9395,47.72209],[111.9396,47.72217],[111.94004,47.72252],[111.94028,47.72272],[111.94051,47.72291],[111.9407,47.72308],[111.94079,47.72317],[111.94088,47.72326],[111.94097,47.72335],[111.94105,47.72343],[111.94112,47.72352],[111.94119,47.7236],[111.94125,47.72368],[111.94131,47.72376],[111.94139,47.72388],[111.94147,47.724],[111.94154,47.72413],[111.94161,47.72426],[111.94168,47.7244],[111.94175,47.72455],[111.94182,47.72471],[111.94189,47.72489],[111.94193,47.72499],[111.94196,47.7251],[111.94198,47.7252],[111.94204,47.72547],[111.94208,47.72562],[111.9421,47.72569],[111.94213,47.72576],[111.94216,47.72582],[111.94219,47.72588],[111.94226,47.726],[111.94235,47.72612],[111.94245,47.72624],[111.94256,47.72636],[111.94268,47.72649],[111.94281,47.72661],[111.94296,47.72674],[111.94312,47.72687],[111.9433,47.727],[111.94346,47.72712],[111.94362,47.72723],[111.94378,47.72733],[111.94394,47.72741],[111.94409,47.72749],[111.94417,47.72752],[111.94424,47.72756],[111.94432,47.72759],[111.94439,47.72761],[111.94447,47.72764],[111.94455,47.72766],[111.94463,47.72768],[111.94471,47.7277],[111.9448,47.72772],[111.9449,47.72774],[111.945,47.72776],[111.9451,47.72777],[111.9453,47.7278],[111.94553,47.72782],[111.94575,47.72784],[111.94629,47.72788],[111.94667,47.72791],[111.94699,47.72793],[111.94728,47.72794],[111.94756,47.72795],[111.94782,47.72795],[111.94807,47.72794],[111.94819,47.72794],[111.9483,47.72793],[111.94842,47.72792],[111.94853,47.72791],[111.94872,47.72788],[111.94893,47.72785],[111.94914,47.72781],[111.94936,47.72777],[111.94958,47.72771],[111.94983,47.72765],[111.9501,47.72758],[111.95048,47.72747],[111.95061,47.72743],[111.95074,47.72739],[111.95087,47.72734],[111.95102,47.72728],[111.95128,47.72718],[111.9519,47.72691],[111.95207,47.72684],[111.95222,47.72678],[111.95239,47.72673],[111.95255,47.72668],[111.9527,47.72663],[111.95285,47.7266],[111.95301,47.72656],[111.95318,47.72653],[111.95335,47.7265],[111.95353,47.72648],[111.95371,47.72645],[111.95389,47.72643],[111.95408,47.72641],[111.95427,47.7264],[111.95446,47.72639],[111.95466,47.72638],[111.95485,47.72637],[111.95505,47.72637],[111.95525,47.72637],[111.95545,47.72637],[111.95565,47.72638],[111.95585,47.72638],[111.95607,47.7264],[111.9563,47.72642],[111.95654,47.72645],[111.95679,47.72648],[111.95701,47.72652],[111.95725,47.72656],[111.95811,47.72673],[111.95845,47.72679],[111.95862,47.72682],[111.95881,47.72686],[111.95901,47.7269],[111.95958,47.72704],[111.95976,47.72708],[111.95993,47.72711],[111.96012,47.72714],[111.96029,47.72717],[111.96046,47.72719],[111.96055,47.72719],[111.96063,47.72719],[111.96079,47.7272],[111.96095,47.7272],[111.9611,47.7272],[111.96126,47.72719],[111.9614,47.72718],[111.96155,47.72717],[111.96168,47.72715],[111.96182,47.72714],[111.96192,47.72712],[111.96202,47.7271],[111.96212,47.72708],[111.96222,47.72706],[111.96232,47.72703],[111.96242,47.72701],[111.96253,47.72698],[111.96263,47.72694],[111.96274,47.72691],[111.96284,47.72687],[111.96295,47.72683],[111.96306,47.72679],[111.96327,47.7267],[111.96349,47.7266],[111.96357,47.72656],[111.96365,47.72651],[111.96373,47.72646],[111.96381,47.7264],[111.96388,47.72634],[111.96396,47.72628],[111.96421,47.72606],[111.9643,47.72598],[111.9644,47.72591],[111.96449,47.72584],[111.96458,47.72578],[111.96468,47.72573],[111.96473,47.7257],[111.96477,47.72568],[111.96482,47.72566],[111.96487,47.72565],[111.96495,47.72562],[111.96502,47.7256],[111.96511,47.72559],[111.96519,47.72557],[111.96529,47.72556],[111.96538,47.72555],[111.96548,47.72554],[111.96559,47.72553],[111.96579,47.72552],[111.96602,47.72552],[111.96623,47.72552],[111.96671,47.72553],[111.9669,47.72554],[111.96734,47.72554],[111.96773,47.72555],[111.96791,47.72556],[111.96809,47.72556],[111.96827,47.72557],[111.96844,47.72559],[111.9686,47.7256],[111.96876,47.72562],[111.96892,47.72563],[111.96907,47.72565],[111.96921,47.72567],[111.96936,47.7257],[111.9695,47.72572],[111.96963,47.72575],[111.96972,47.72577],[111.9698,47.72579],[111.96989,47.72581],[111.96997,47.72584],[111.97006,47.72587],[111.97015,47.7259],[111.97024,47.72593],[111.97034,47.72597],[111.9705,47.72604],[111.97067,47.72612],[111.97084,47.72621],[111.97124,47.7264],[111.97144,47.7265],[111.97164,47.72659],[111.97182,47.72666],[111.97191,47.7267],[111.972,47.72673],[111.97209,47.72676],[111.97218,47.72678],[111.97227,47.72681],[111.97235,47.72683],[111.97244,47.72684],[111.97252,47.72686],[111.97267,47.72688],[111.97282,47.72689],[111.97298,47.72691],[111.97316,47.72692],[111.97331,47.72692],[111.97348,47.72692],[111.97409,47.72693],[111.97435,47.72694],[111.97467,47.72694],[111.97503,47.72695],[111.97541,47.72695],[111.9765,47.72695],[111.97684,47.72696],[111.97715,47.72696],[111.97751,47.72697],[111.97852,47.72698],[111.97883,47.72699],[111.9791,47.727],[111.97941,47.72701],[111.9797,47.72703],[111.97997,47.72705],[111.98023,47.72708],[111.98089,47.72715],[111.98112,47.72718],[111.98133,47.72721],[111.98154,47.72724],[111.98173,47.72727],[111.98191,47.7273],[111.98208,47.72733],[111.98226,47.72737],[111.98242,47.7274],[111.98257,47.72744],[111.98272,47.72748],[111.98287,47.72752],[111.983,47.72757],[111.98313,47.72762],[111.98325,47.72766],[111.98335,47.72771],[111.98344,47.72775],[111.98353,47.7278],[111.98363,47.72786],[111.98372,47.72792],[111.98381,47.72798],[111.9839,47.72805],[111.98399,47.72813],[111.98407,47.72819],[111.98414,47.72827],[111.98423,47.72835],[111.98431,47.72843],[111.98447,47.7286],[111.98489,47.72905],[111.98501,47.72918],[111.98513,47.72929],[111.98527,47.72942],[111.9854,47.72953],[111.98554,47.72963],[111.9856,47.72968],[111.98567,47.72972],[111.98583,47.72983],[111.98621,47.73008],[111.98639,47.73019],[111.9866,47.73032],[111.9867,47.73038],[111.98679,47.73043],[111.98689,47.73048],[111.987,47.73053],[111.9871,47.73058],[111.98719,47.73062],[111.98729,47.73066],[111.98739,47.73069],[111.98748,47.73072],[111.98758,47.73075],[111.98767,47.73076],[111.98775,47.73078],[111.98785,47.7308],[111.98794,47.73081],[111.98804,47.73083],[111.98814,47.73084],[111.98825,47.73085],[111.98836,47.73085],[111.98858,47.73087],[111.98884,47.73087],[111.98909,47.73087],[111.98961,47.73087],[111.98979,47.73087],[111.98997,47.73086],[111.99016,47.73086],[111.99036,47.73084],[111.99079,47.73082],[111.9915,47.73076],[111.99166,47.73074],[111.99184,47.73072],[111.99203,47.73068],[111.99242,47.73061],[111.99259,47.73058],[111.99276,47.73055],[111.99291,47.73054],[111.993,47.73053],[111.99308,47.73052],[111.99317,47.73052],[111.99324,47.73052],[111.99332,47.73052],[111.99339,47.73053],[111.99346,47.73054],[111.99353,47.73055],[111.99359,47.73057],[111.99365,47.73058],[111.99371,47.7306],[111.99378,47.73062],[111.99384,47.73064],[111.99391,47.73067],[111.99405,47.73073],[111.99418,47.7308],[111.99433,47.73088],[111.99449,47.73097],[111.99473,47.73111],[111.99481,47.73116],[111.99489,47.73121],[111.99498,47.73127],[111.99506,47.73133],[111.99514,47.73139],[111.99522,47.73146],[111.9953,47.73153],[111.99538,47.7316],[111.99553,47.73174],[111.9957,47.73191],[111.99585,47.73206],[111.99623,47.73247],[111.99632,47.73256],[111.9964,47.73267],[111.99649,47.73277],[111.99657,47.73289],[111.99665,47.733],[111.99673,47.73312],[111.99681,47.73325],[111.99688,47.73339],[111.99694,47.7335],[111.997,47.73362],[111.99713,47.73388],[111.99724,47.73414],[111.9975,47.73476],[111.99758,47.73493],[111.99765,47.73508],[111.99772,47.73524],[111.9978,47.73539],[111.99788,47.73553],[111.99796,47.73566],[111.99804,47.7358],[111.99813,47.73593],[111.99823,47.73606],[111.99833,47.73618],[111.99843,47.73629],[111.99853,47.7364],[111.99864,47.7365],[111.99876,47.7366],[111.99901,47.73681],[111.99921,47.73697],[111.99939,47.73711],[111.99957,47.73723],[111.99974,47.73735],[111.99991,47.73745],[112.00008,47.73754],[112.00016,47.73759],[112.00025,47.73763],[112.00032,47.73766],[112.00039,47.73769],[112.00047,47.73772],[112.00056,47.73775],[112.00076,47.73782],[112.00119,47.73794],[112.00138,47.738],[112.00147,47.73803],[112.00157,47.73807],[112.00165,47.7381],[112.00173,47.73813],[112.00184,47.73819],[112.00196,47.73825],[112.00208,47.73831],[112.0022,47.73838],[112.00231,47.73845],[112.00243,47.73852],[112.00254,47.7386],[112.00266,47.73868],[112.00277,47.73876],[112.00289,47.73885],[112.003,47.73894],[112.00312,47.73903],[112.00323,47.73913],[112.00334,47.73923],[112.00346,47.73933],[112.00357,47.73944],[112.00363,47.7395],[112.00369,47.73957],[112.00375,47.73964],[112.00381,47.73972],[112.00392,47.73987],[112.00415,47.74023],[112.00422,47.74033],[112.00428,47.74041],[112.00435,47.74049],[112.00443,47.74057],[112.0045,47.74064],[112.00458,47.74071],[112.00473,47.74082],[112.00488,47.74093],[112.00503,47.74103],[112.00519,47.74113],[112.00534,47.74121],[112.00549,47.74128],[112.00563,47.74135],[112.00571,47.74138],[112.00578,47.74141],[112.00586,47.74143],[112.00594,47.74146],[112.00602,47.74148],[112.0061,47.7415],[112.00619,47.74152],[112.00629,47.74153],[112.00638,47.74155],[112.00649,47.74156],[112.00667,47.74158],[112.00688,47.7416],[112.00708,47.74162],[112.00757,47.74165],[112.00782,47.74167],[112.00792,47.74168],[112.00804,47.74169],[112.00815,47.74169],[112.00828,47.7417],[112.00853,47.7417],[112.00917,47.7417],[112.00936,47.7417],[112.00953,47.74171],[112.00972,47.74172],[112.00989,47.74174],[112.00997,47.74175],[112.01005,47.74176],[112.01013,47.74178],[112.0102,47.74179],[112.0103,47.74182],[112.01041,47.74184],[112.01051,47.74187],[112.01061,47.74191],[112.01072,47.74194],[112.01083,47.74199],[112.01094,47.74203],[112.01106,47.74208],[112.01127,47.74218],[112.01151,47.74229],[112.01175,47.74241],[112.01225,47.74267],[112.01235,47.74273],[112.01246,47.74279],[112.01257,47.74286],[112.01268,47.74294],[112.01278,47.74301],[112.01289,47.74309],[112.01326,47.74337],[112.0134,47.74348],[112.01355,47.74358],[112.01369,47.74367],[112.01377,47.74372],[112.01385,47.74377],[112.01392,47.74381],[112.014,47.74385],[112.01408,47.74389],[112.01415,47.74392],[112.01423,47.74395],[112.01431,47.74398],[112.01437,47.744],[112.01444,47.74402],[112.01459,47.74406],[112.01475,47.74409],[112.01493,47.74412],[112.01509,47.74414],[112.01527,47.74417],[112.01591,47.74423],[112.01616,47.74426],[112.01629,47.74428],[112.01641,47.74429],[112.01652,47.74431],[112.01662,47.74433],[112.01722,47.74446],[112.01757,47.74453],[112.01789,47.74461],[112.01818,47.74468],[112.01832,47.74472],[112.01845,47.74476],[112.01858,47.7448],[112.01871,47.74484],[112.01883,47.74489],[112.01894,47.74493],[112.01905,47.74497],[112.01916,47.74502],[112.01947,47.74516],[112.0196,47.74523],[112.01972,47.74529],[112.01984,47.74535],[112.01995,47.74541],[112.02005,47.74547],[112.02015,47.74553],[112.02024,47.74559],[112.02032,47.74565],[112.0204,47.7457],[112.02048,47.74576],[112.02055,47.74582],[112.02061,47.74588],[112.02067,47.74594],[112.02072,47.746],[112.02075,47.74604],[112.02079,47.74609],[112.02085,47.74618],[112.0209,47.74629],[112.02095,47.74641],[112.02099,47.74652],[112.02103,47.74665],[112.02116,47.74713],[112.0212,47.74726],[112.02123,47.74741],[112.02126,47.74756],[112.02128,47.74772],[112.02132,47.74799],[112.02137,47.7486],[112.02141,47.74887],[112.02143,47.74907],[112.02146,47.74955],[112.02148,47.74977],[112.0215,47.74989],[112.02152,47.75],[112.02154,47.7501],[112.02157,47.7502],[112.02162,47.75032],[112.02167,47.75044],[112.02174,47.75057],[112.02182,47.75071],[112.0219,47.75083],[112.02199,47.75096],[112.02232,47.75141],[112.02244,47.75159],[112.02251,47.75168],[112.02256,47.75177],[112.02261,47.75185],[112.02266,47.75193],[112.02271,47.75203],[112.02276,47.75214],[112.0228,47.75225],[112.02285,47.75237],[112.02294,47.75259],[112.02314,47.75314],[112.0232,47.75329],[112.02326,47.75343],[112.02332,47.75358],[112.02339,47.75371],[112.02346,47.75384],[112.02354,47.75396],[112.02374,47.75428],[112.02383,47.75441],[112.02392,47.75454],[112.024,47.75465],[112.0241,47.75476],[112.0242,47.75487],[112.02425,47.75491],[112.0243,47.75496],[112.02435,47.755],[112.0244,47.75504],[112.02449,47.7551],[112.0246,47.75517],[112.02471,47.75523],[112.02482,47.75529],[112.02495,47.75535],[112.02508,47.7554],[112.02522,47.75546],[112.02537,47.75551],[112.02552,47.75556],[112.02568,47.7556],[112.02585,47.75565],[112.02602,47.75569],[112.02619,47.75573],[112.02637,47.75576],[112.02655,47.75579],[112.02673,47.75582],[112.02692,47.75584],[112.02713,47.75586],[112.02735,47.75587],[112.02757,47.75588],[112.0278,47.75588],[112.02805,47.75588],[112.02829,47.75587],[112.02855,47.75585],[112.02867,47.75584],[112.0288,47.75583],[112.02893,47.75581],[112.02906,47.75579],[112.0292,47.75577],[112.02933,47.75575],[112.02948,47.75572],[112.02962,47.75569],[112.02976,47.75566],[112.02991,47.75562],[112.03023,47.75554],[112.03058,47.75544],[112.03106,47.75531],[112.03115,47.75528],[112.03125,47.75525],[112.03145,47.75518],[112.03165,47.7551],[112.03212,47.75491],[112.03225,47.75486],[112.03237,47.75482],[112.0325,47.75478],[112.03263,47.75474],[112.03275,47.75471],[112.03287,47.75468],[112.03324,47.75459],[112.03342,47.75455],[112.0336,47.75452],[112.03375,47.7545],[112.03384,47.75449],[112.03391,47.75448],[112.03399,47.75447],[112.03406,47.75447],[112.03413,47.75447],[112.0342,47.75447],[112.03427,47.75447],[112.03433,47.75448],[112.03444,47.75449],[112.03455,47.75451],[112.03466,47.75453],[112.03478,47.75456],[112.03491,47.7546],[112.03503,47.75464],[112.03517,47.75469],[112.03532,47.75475],[112.03542,47.75479],[112.03551,47.75484],[112.0356,47.75489],[112.0357,47.75496],[112.03579,47.75502],[112.03588,47.75509],[112.03622,47.75537],[112.03636,47.75548],[112.03644,47.75554],[112.03652,47.75559],[112.03659,47.75564],[112.03667,47.75568],[112.03676,47.75573],[112.03685,47.75577],[112.03705,47.75586],[112.03727,47.75595],[112.0375,47.75604],[112.03774,47.75612],[112.03802,47.75621],[112.03832,47.7563],[112.03872,47.75642],[112.03921,47.75656],[112.03956,47.75666],[112.03988,47.75674],[112.04003,47.75678],[112.04017,47.75681],[112.04032,47.75684],[112.04046,47.75686],[112.0406,47.75689],[112.04073,47.75691],[112.04087,47.75693],[112.041,47.75694],[112.04112,47.75695],[112.04125,47.75696],[112.04134,47.75697],[112.04144,47.75697],[112.04155,47.75697],[112.04166,47.75697],[112.04177,47.75696],[112.0419,47.75696],[112.04241,47.75692],[112.04263,47.7569],[112.04275,47.7569],[112.04286,47.7569],[112.04297,47.7569],[112.04307,47.7569],[112.04354,47.75692],[112.04376,47.75693],[112.04398,47.75695],[112.04418,47.75697],[112.04427,47.75698],[112.04436,47.757],[112.04445,47.75701],[112.04453,47.75703],[112.04461,47.75705],[112.04469,47.75707],[112.04476,47.7571],[112.04483,47.75712],[112.04489,47.75715],[112.04495,47.75718],[112.04501,47.75721],[112.04507,47.75724],[112.04513,47.75728],[112.04519,47.75732],[112.04525,47.75736],[112.04531,47.75741],[112.04543,47.75751],[112.04555,47.75762],[112.04568,47.75774],[112.04589,47.75796],[112.04604,47.75812],[112.04618,47.75826],[112.04629,47.7584],[112.0464,47.75854],[112.04649,47.75867],[112.04657,47.7588],[112.04663,47.75892],[112.04666,47.75898],[112.04669,47.75904],[112.04671,47.75913],[112.04673,47.75921],[112.04675,47.75931],[112.04675,47.75941],[112.04675,47.75951],[112.04675,47.75962],[112.0467,47.76002],[112.04669,47.76018],[112.04669,47.76027],[112.04669,47.76035],[112.0467,47.76043],[112.04671,47.76051],[112.04675,47.76067],[112.0468,47.76083],[112.04685,47.761],[112.04691,47.76117],[112.04698,47.76134],[112.04706,47.76152],[112.04714,47.76169],[112.04723,47.76187],[112.04731,47.76202],[112.04745,47.76233],[112.04751,47.76247],[112.04755,47.76254],[112.04759,47.7626],[112.04763,47.76267],[112.04767,47.76272],[112.04771,47.76278],[112.04776,47.76284],[112.04781,47.76289],[112.04786,47.76294],[112.04792,47.76299],[112.04798,47.76302],[112.04804,47.76306],[112.0481,47.76309],[112.04818,47.76312],[112.04827,47.76315],[112.04837,47.76318],[112.04849,47.7632],[112.04859,47.76322],[112.04871,47.76324],[112.04913,47.76329],[112.04929,47.76332],[112.04944,47.76334],[112.04978,47.76341],[112.04987,47.76343],[112.04995,47.76344],[112.05004,47.76345],[112.05012,47.76346],[112.0502,47.76346],[112.05028,47.76345],[112.05032,47.76344],[112.05037,47.76343],[112.05042,47.76342],[112.05046,47.7634],[112.05051,47.76339],[112.05056,47.76337],[112.05061,47.76334],[112.05066,47.76332],[112.05074,47.76327],[112.05084,47.7632],[112.05093,47.76314],[112.05114,47.76299],[112.05125,47.76292],[112.0513,47.76289],[112.05135,47.76285],[112.0514,47.76281],[112.05145,47.76276],[112.05155,47.76267],[112.05172,47.76248],[112.0518,47.76241],[112.05187,47.76234],[112.05194,47.76228],[112.05198,47.76225],[112.05203,47.76222],[112.05207,47.7622],[112.05211,47.76217],[112.05215,47.76215],[112.05219,47.76213],[112.05224,47.76212],[112.05228,47.76211],[112.05234,47.7621],[112.05239,47.76209],[112.05245,47.76208],[112.05251,47.76208],[112.05258,47.76207],[112.05265,47.76208],[112.05272,47.76208],[112.0528,47.76208],[112.05295,47.7621],[112.05311,47.76212],[112.05327,47.76215],[112.05362,47.76221],[112.05376,47.76224],[112.05388,47.76226],[112.05401,47.76228],[112.05413,47.7623],[112.05426,47.76233],[112.0544,47.76236],[112.05453,47.7624],[112.05467,47.76244],[112.05481,47.76248],[112.05509,47.76256],[112.0554,47.76266],[112.05572,47.76277],[112.05629,47.76297],[112.05657,47.76307],[112.05685,47.76317],[112.05713,47.76328],[112.05741,47.76339],[112.05769,47.76351],[112.05798,47.76363],[112.05826,47.76376],[112.05855,47.76389],[112.05871,47.76396],[112.05913,47.76415],[112.05925,47.7642],[112.05935,47.76425],[112.05947,47.76432],[112.05958,47.76438],[112.05967,47.76444],[112.05976,47.7645],[112.05985,47.76457],[112.05994,47.76465],[112.06002,47.76474],[112.06011,47.76484],[112.06018,47.76493],[112.06024,47.76502],[112.0605,47.76541],[112.06056,47.7655],[112.06062,47.76557],[112.06072,47.76571],[112.06082,47.76586],[112.06092,47.76602],[112.06117,47.76644],[112.06125,47.76656],[112.06133,47.76668],[112.06142,47.7668],[112.06151,47.76692],[112.06161,47.76702],[112.0617,47.76712],[112.0618,47.76721],[112.0619,47.7673],[112.06201,47.7674],[112.06214,47.7675],[112.06225,47.76758],[112.06238,47.76767],[112.06282,47.76799],[112.06298,47.7681],[112.06332,47.76835],[112.06365,47.76859],[112.06398,47.76881],[112.0643,47.76903],[112.06461,47.76924],[112.06492,47.76944],[112.06523,47.76964],[112.06554,47.76983],[112.06567,47.76991],[112.06582,47.77001],[112.0663,47.77034],[112.06648,47.77046],[112.06665,47.77057],[112.06681,47.77067],[112.06692,47.77073],[112.06702,47.77078],[112.06711,47.77082],[112.06721,47.77086],[112.06731,47.7709],[112.0674,47.77094],[112.0675,47.77096],[112.0676,47.77099],[112.06771,47.77102],[112.06782,47.77104],[112.06793,47.77106],[112.06805,47.77108],[112.06817,47.77109],[112.06829,47.77111],[112.06842,47.77112],[112.06854,47.77113],[112.06866,47.77114],[112.06879,47.77114],[112.06891,47.77114],[112.06903,47.77114],[112.06915,47.77114],[112.06927,47.77113],[112.06938,47.77112],[112.06949,47.77111],[112.06966,47.77109],[112.06984,47.77107],[112.07,47.77104],[112.07017,47.771],[112.07032,47.77096],[112.07047,47.77092],[112.07062,47.77087],[112.07075,47.77082],[112.07081,47.77079],[112.07088,47.77076],[112.07094,47.77073],[112.07101,47.77069],[112.07114,47.77062],[112.07127,47.77053],[112.0714,47.77043],[112.07154,47.77032],[112.07169,47.7702],[112.07185,47.77005],[112.07191,47.77],[112.07196,47.76995],[112.07201,47.76989],[112.07206,47.76982],[112.07211,47.76976],[112.07217,47.76968],[112.07237,47.76938],[112.07246,47.76925],[112.07251,47.76918],[112.07257,47.76912],[112.07262,47.76906],[112.07267,47.76901],[112.07291,47.76877],[112.07301,47.76867],[112.07312,47.76857],[112.07322,47.76849],[112.07332,47.76841],[112.07338,47.76838],[112.07343,47.76834],[112.07348,47.76831],[112.07353,47.76829],[112.07358,47.76826],[112.07364,47.76824],[112.07373,47.76821],[112.07382,47.76818],[112.07393,47.76816],[112.07404,47.76813],[112.07415,47.76812],[112.07427,47.7681],[112.0744,47.76809],[112.07453,47.76809],[112.07467,47.76808],[112.07481,47.76809],[112.07495,47.76809],[112.0751,47.7681],[112.07524,47.76811],[112.07539,47.76813],[112.07553,47.76815],[112.07567,47.76817],[112.07581,47.7682],[112.07595,47.76824],[112.0761,47.76829],[112.07625,47.76834],[112.07641,47.7684],[112.07658,47.76847],[112.07675,47.76855],[112.07694,47.76864],[112.07705,47.76869],[112.07716,47.76876],[112.07727,47.76884],[112.07738,47.76892],[112.07748,47.76901],[112.07759,47.7691],[112.0777,47.76921],[112.078,47.76949],[112.07809,47.76958],[112.07818,47.76966],[112.07828,47.76974],[112.07838,47.76981],[112.07848,47.76988],[112.07858,47.76994],[112.07892,47.77014],[112.07917,47.77028],[112.0793,47.77034],[112.07941,47.7704],[112.07953,47.77046],[112.07964,47.77051],[112.07975,47.77055],[112.07986,47.7706],[112.07997,47.77064],[112.08007,47.77067],[112.08018,47.7707],[112.08028,47.77073],[112.08038,47.77075],[112.08049,47.77078],[112.08057,47.77079],[112.08065,47.7708],[112.08074,47.77081],[112.08083,47.77082],[112.08093,47.77083],[112.08103,47.77084],[112.08123,47.77084],[112.08145,47.77084],[112.08169,47.77084],[112.08195,47.77083],[112.08231,47.77081],[112.0824,47.7708],[112.08249,47.77079],[112.08258,47.77077],[112.08268,47.77076],[112.08288,47.77072],[112.08323,47.77064],[112.08336,47.77061],[112.0835,47.77059],[112.08363,47.77057],[112.08376,47.77055],[112.08383,47.77055],[112.08389,47.77054],[112.08395,47.77054],[112.08401,47.77054],[112.08407,47.77055],[112.08413,47.77055],[112.08424,47.77056],[112.08435,47.77058],[112.08447,47.7706],[112.08457,47.77062],[112.08468,47.77064],[112.08478,47.77066],[112.08487,47.77069],[112.08496,47.77071],[112.08505,47.77074],[112.08513,47.77077],[112.0852,47.7708],[112.08526,47.77083],[112.08532,47.77086],[112.08538,47.77089],[112.08542,47.77093],[112.08547,47.77096],[112.0855,47.771],[112.08552,47.77104],[112.08554,47.77108],[112.08555,47.77114],[112.08555,47.77118],[112.08556,47.77124],[112.08556,47.77142],[112.08556,47.77149],[112.08557,47.77155],[112.08558,47.77161],[112.0856,47.77166],[112.08562,47.7717],[112.08564,47.77172],[112.08565,47.77174],[112.08567,47.77175],[112.08569,47.77177],[112.08575,47.7718],[112.08581,47.77183],[112.08589,47.77185],[112.08597,47.77188],[112.08606,47.7719],[112.08615,47.77192],[112.08624,47.77194],[112.08633,47.77195],[112.08637,47.77195],[112.08641,47.77195],[112.08646,47.77195],[112.0865,47.77195],[112.0866,47.77194],[112.08671,47.77192],[112.08679,47.7719],[112.08688,47.77187],[112.08698,47.77184],[112.08727,47.77175],[112.08736,47.77172],[112.08744,47.7717],[112.08758,47.77167],[112.08773,47.77162],[112.08789,47.77157],[112.08833,47.77143],[112.08847,47.77139],[112.08859,47.77135],[112.08873,47.77132],[112.08887,47.77129],[112.08899,47.77127],[112.08912,47.77126],[112.08923,47.77125],[112.08935,47.77125],[112.08948,47.77125],[112.0896,47.77125],[112.08973,47.77126],[112.08986,47.77127],[112.08999,47.77128],[112.09013,47.7713],[112.09026,47.77131],[112.0904,47.77134],[112.09053,47.77136],[112.09066,47.77139],[112.09079,47.77142],[112.09091,47.77145],[112.09104,47.77149],[112.09115,47.77152],[112.09123,47.77155],[112.0913,47.77158],[112.09137,47.77161],[112.09144,47.77165],[112.09151,47.77168],[112.09158,47.77172],[112.09165,47.77177],[112.09172,47.77182],[112.09184,47.77191],[112.09197,47.77202],[112.0921,47.77212],[112.09242,47.77241],[112.09252,47.77249],[112.09261,47.77256],[112.09271,47.77264],[112.09281,47.77271],[112.09291,47.77277],[112.093,47.77283],[112.09322,47.77295],[112.09343,47.77306],[112.09363,47.77316],[112.09382,47.77326],[112.09401,47.77334],[112.09419,47.77343],[112.09437,47.77351],[112.09455,47.77358],[112.09472,47.77365],[112.0949,47.77371],[112.09507,47.77377],[112.09524,47.77382],[112.09541,47.77387],[112.09557,47.77391],[112.09574,47.77395],[112.0959,47.77398],[112.0963,47.77406],[112.09655,47.77411],[112.09667,47.77412],[112.09679,47.77414],[112.09689,47.77415],[112.097,47.77416],[112.0971,47.77417],[112.0972,47.77418],[112.0973,47.77418],[112.09739,47.77418],[112.09748,47.77418],[112.09756,47.77417],[112.09765,47.77417],[112.09773,47.77415],[112.09783,47.77414],[112.09793,47.77411],[112.09804,47.77407],[112.09816,47.77403],[112.09825,47.77398],[112.09836,47.77393],[112.09872,47.77375],[112.09885,47.77368],[112.09899,47.77362],[112.09911,47.77357],[112.0993,47.7735],[112.09967,47.77335],[112.09982,47.77329],[112.09997,47.77324],[112.10012,47.77319],[112.1002,47.77317],[112.10028,47.77315],[112.10035,47.77313],[112.10043,47.77312],[112.1005,47.7731],[112.10058,47.7731],[112.10065,47.77309],[112.10072,47.77309],[112.10088,47.77309],[112.10103,47.77309],[112.10117,47.7731],[112.1013,47.77311],[112.10142,47.77313],[112.10153,47.77316],[112.10158,47.77317],[112.10162,47.77319],[112.10166,47.7732],[112.1017,47.77322],[112.10173,47.77324],[112.10177,47.77326],[112.1018,47.77328],[112.10183,47.7733],[112.10189,47.77335],[112.10194,47.77342],[112.102,47.77349],[112.10205,47.77356],[112.10209,47.77364],[112.1022,47.77383],[112.10223,47.77387],[112.10225,47.77391],[112.10228,47.774],[112.10231,47.7741],[112.10233,47.7742],[112.10234,47.7743],[112.10235,47.77442],[112.10235,47.77454],[112.10235,47.77487],[112.10235,47.77498],[112.10236,47.77507],[112.10237,47.77517],[112.10239,47.77526],[112.10242,47.77535],[112.10245,47.77543],[112.10254,47.77563],[112.10263,47.77581],[112.10272,47.77596],[112.10277,47.77604],[112.10282,47.7761],[112.10287,47.77617],[112.10292,47.77624],[112.10297,47.7763],[112.10302,47.77635],[112.10307,47.77641],[112.10313,47.77646],[112.10318,47.77651],[112.10324,47.77656],[112.1033,47.7766],[112.10336,47.77664],[112.10342,47.77668],[112.10348,47.77672],[112.10355,47.77676],[112.10363,47.7768],[112.10371,47.77683],[112.10379,47.77687],[112.10396,47.77694],[112.10415,47.77702],[112.10434,47.77709],[112.1048,47.77725],[112.10495,47.77731],[112.10511,47.77736],[112.10529,47.77741],[112.10547,47.77745],[112.10566,47.7775],[112.10588,47.77754],[112.1061,47.77759],[112.10672,47.77771],[112.1069,47.77775],[112.10707,47.77779],[112.10726,47.77784],[112.10744,47.77788],[112.1076,47.77793],[112.10776,47.77798],[112.10793,47.77804],[112.10831,47.77815],[112.10847,47.7782],[112.10864,47.77826],[112.10879,47.77831],[112.10894,47.77838],[112.10902,47.77841],[112.10908,47.77844],[112.10914,47.77848],[112.1092,47.77851],[112.10926,47.77854],[112.10931,47.77858],[112.10942,47.77866],[112.10953,47.77875],[112.10963,47.77884],[112.10972,47.77894],[112.10981,47.77905],[112.10989,47.77916],[112.10997,47.77926],[112.11003,47.77938],[112.11006,47.77944],[112.11008,47.7795],[112.1101,47.77958],[112.11011,47.77965],[112.11011,47.77972],[112.11011,47.7798],[112.1101,47.78005],[112.1101,47.78014],[112.1101,47.78023],[112.11011,47.7803],[112.11012,47.78037],[112.11014,47.78044],[112.11017,47.7805],[112.1102,47.78055],[112.11027,47.78067],[112.11034,47.78078],[112.11041,47.78087],[112.11048,47.78094],[112.11055,47.78101],[112.11062,47.78107],[112.11066,47.7811],[112.1107,47.78112],[112.11073,47.78114],[112.11077,47.78116],[112.11082,47.78119],[112.11088,47.78121],[112.11095,47.78122],[112.11102,47.78124],[112.1111,47.78125],[112.11118,47.78125],[112.11126,47.78126],[112.11136,47.78126],[112.11145,47.78126],[112.11155,47.78125],[112.11165,47.78124],[112.11177,47.78123],[112.11201,47.7812],[112.11238,47.78115],[112.11251,47.78113],[112.11264,47.7811],[112.11278,47.78107],[112.11291,47.78104],[112.11305,47.781],[112.11319,47.78095],[112.11332,47.7809],[112.11346,47.78085],[112.11361,47.78079],[112.11375,47.78073],[112.11389,47.78067],[112.11403,47.7806],[112.11418,47.78052],[112.11432,47.78044],[112.11446,47.78036],[112.11461,47.78028],[112.11467,47.78024],[112.11473,47.78019],[112.11479,47.78015],[112.11485,47.7801],[112.11491,47.78005],[112.11497,47.78],[112.1151,47.77988],[112.1152,47.77977],[112.11531,47.77965],[112.11542,47.77953],[112.11569,47.7792],[112.11585,47.77903],[112.11593,47.77893],[112.11602,47.77885],[112.1161,47.77877],[112.11618,47.7787],[112.11644,47.77849],[112.1167,47.77829],[112.11695,47.7781],[112.1172,47.77792],[112.11745,47.77776],[112.1177,47.7776],[112.11794,47.77745],[112.11819,47.77731],[112.1184,47.7772],[112.11861,47.77709],[112.11882,47.77698],[112.11902,47.77688],[112.11923,47.77679],[112.11943,47.7767],[112.11963,47.77661],[112.11983,47.77653],[112.12003,47.77646],[112.12023,47.77639],[112.12042,47.77632],[112.12062,47.77626],[112.12081,47.7762],[112.121,47.77615],[112.12119,47.7761],[112.12138,47.77605],[112.12159,47.77601],[112.12179,47.77597],[112.122,47.77593],[112.12221,47.7759],[112.12242,47.77587],[112.12264,47.77584],[112.12285,47.77582],[112.12306,47.7758],[112.1232,47.77579],[112.12334,47.77578],[112.12349,47.77578]]]}},{"type":"Feature","properties":{"name":"Яхь нуур","type":"Байгалийн нөөц газар"},"geometry":{"type":"Polygon","coordinates":[[[114.51205,48.55819],[114.51205,48.55819],[114.23959,48.65021],[114.09367,48.80474],[114.00969,48.8289],[113.90458,48.90625],[114.08023,48.96401],[114.28056,49.05371],[114.37342,49.09361],[114.37342,49.09361],[114.55835,49.06237],[114.86398,48.94291],[114.80989,48.76785],[114.64614,48.60653],[114.51205,48.55819]]]}},{"type":"Feature","properties":{"name":"Har Us Nuur National Park","type":"Wetland of International Importance (Ramsar Site)"},"geometry":{"type":"Polygon","coordinates":[[[92.35741,47.46701],[92.35381,47.53147],[92.20612,47.64628],[92.12724,47.70728],[92.06346,47.73208],[92.01879,47.7427],[92.02556,47.79048],[91.9942,47.87556],[91.97115,47.94621],[91.89221,48.0452],[91.97941,48.08929],[92.08399,48.13723],[92.01234,48.21271],[92.13469,48.23625],[92.13932,48.31202],[92.16437,48.34244],[92.18418,48.39497],[92.29268,48.40919],[92.29268,48.40919],[92.35024,48.4063],[92.58438,48.32644],[92.59566,48.29999],[92.60192,48.28663],[92.61526,48.27843],[92.62878,48.27024],[92.66909,48.27172],[92.66909,48.27172],[92.7709,48.29124],[92.7709,48.29124],[92.8889,48.26766],[92.8889,48.26766],[92.9134,48.31908],[92.96034,48.32378],[93.03225,48.33954],[93.11107,48.36412],[93.11107,48.36412],[93.15329,48.36205],[93.2225,48.35807],[93.26476,48.3502],[93.26476,48.3502],[93.29689,48.3569],[93.33766,48.36362],[93.33766,48.36362],[93.37902,48.36131],[93.37902,48.36131],[93.4285,48.37775],[93.4285,48.37775],[93.48923,48.345],[93.49041,48.29811],[93.48155,48.26385],[93.43985,48.23286],[93.41045,48.21675],[93.42469,48.19861],[93.42991,48.17915],[93.42818,48.15991],[93.4187,48.13816],[93.40279,48.11687],[93.37576,48.09239],[93.33787,48.06711],[93.29538,48.04658],[93.28273,48.03117],[93.28094,48.01841],[93.28393,48.00971],[93.27784,48.00008],[93.33124,47.96886],[93.31208,47.95836],[93.30021,47.95184],[93.29844,47.92746],[93.29313,47.88656],[93.29416,47.85952],[93.3199,47.84317],[93.37307,47.81224],[93.43769,47.76284],[93.49955,47.72842],[93.55963,47.69583],[93.61494,47.67383],[93.61967,47.66641],[93.62111,47.65803],[93.61365,47.64167],[93.59545,47.62113],[93.55732,47.59083],[93.51464,47.56625],[93.48948,47.56311],[93.48948,47.56311],[93.3898,47.56763],[93.33551,47.59289],[93.22416,47.63742],[93.18817,47.67848],[93.11595,47.72833],[93.03514,47.78131],[92.95281,47.8003],[92.87932,47.81503],[92.87932,47.81503],[92.83548,47.79987],[92.76485,47.75864],[92.72091,47.70684],[92.64536,47.65182],[92.66635,47.61751],[92.7268,47.58654],[92.73804,47.53557],[92.74454,47.51924],[92.77949,47.47699],[92.78967,47.43877],[92.62224,47.40191],[92.62224,47.40191],[92.40152,47.45456],[92.35741,47.46701]]]}},{"type":"Feature","properties":{"name":"Ayrag lake","type":"Wetland of International Importance (Ramsar Site)"},"geometry":{"type":"Polygon","coordinates":[[[93.66086,48.9237],[93.63908,48.89174],[93.58935,48.81174],[93.5207,48.79579],[93.44905,48.80117],[93.39812,48.80999],[93.35103,48.8308],[93.30843,48.86031],[93.3083,48.92089],[93.38342,48.94479],[93.44754,48.95792],[93.49039,48.97774],[93.55222,48.97537],[93.59886,48.96209],[93.66086,48.9237]]]}},{"type":"Feature","properties":{"name":"Дэвэлийн арал","type":"Байгалийн нөөц газар"},"geometry":{"type":"Polygon","coordinates":[[[90.61212,49.27888],[90.48732,49.22828],[90.48732,49.22829],[90.48722,49.23497],[90.50645,49.25887],[90.50546,49.2901],[90.61608,49.3431],[90.59521,49.39171],[90.66692,49.4254],[90.66694,49.4254],[90.65974,49.4138],[90.6553,49.40759],[90.65674,49.40274],[90.65789,49.39854],[90.65145,49.39244],[90.65018,49.39026],[90.64949,49.3826],[90.64647,49.37743],[90.64824,49.37474],[90.6468,49.36552],[90.64788,49.36218],[90.65442,49.35934],[90.66473,49.35341],[90.66677,49.35045],[90.66855,49.34278],[90.67299,49.33781],[90.67533,49.33345],[90.68304,49.32983],[90.69045,49.32117],[90.69027,49.31382],[90.66683,49.31241],[90.61212,49.27888]]]}},{"type":"Feature","properties":{"name":"Онон-Балж /A/","type":"Байгалийн цогцолборт газар"},"geometry":{"type":"Polygon","coordinates":[[[111.92542,49.37751],[111.93258,49.37729],[111.93597,49.3773],[111.93912,49.37734],[111.80884,49.34867],[111.77082,49.32799],[111.75758,49.3014],[111.69346,49.27687],[111.64765,49.28548],[111.58752,49.28032],[111.55059,49.2755],[111.54063,49.23365],[111.52779,49.14051],[111.5443,49.11549],[111.60236,49.08082],[111.655,49.09959],[111.71087,49.09306],[111.76045,49.08603],[111.77108,49.05104],[111.73948,49.01318],[111.69698,48.96948],[111.65189,48.97849],[111.6413,48.98721],[111.63638,48.9983],[111.63412,49.01136],[111.64185,49.01921],[111.66371,49.00828],[111.68619,49.00815],[111.66603,49.04259],[111.62903,49.05706],[111.59648,49.05925],[111.60011,49.03529],[111.56329,49.01415],[111.56063,48.99193],[111.52712,48.96525],[111.52346,48.92807],[111.47644,48.87917],[111.39148,48.83055],[111.31616,48.83901],[111.23524,48.82228],[111.15267,48.81838],[111.09425,48.80841],[111.0282,48.80637],[110.98082,48.78128],[110.94645,48.76244],[110.86725,48.74651],[110.78339,48.74713],[110.74616,48.75732],[110.73864,48.81701],[110.72258,48.84074],[110.75001,48.88726],[110.75014,48.94315],[110.74972,48.94338],[110.72786,48.9552],[110.72034,48.95278],[110.7074,48.95456],[110.70554,48.95364],[110.70402,48.95057],[110.69716,48.95292],[110.68983,48.95552],[110.68751,48.95266],[110.68198,48.95337],[110.67982,48.95759],[110.67404,48.95586],[110.66534,48.95191],[110.66161,48.95004],[110.64934,48.95489],[110.64632,48.95481],[110.62889,48.95747],[110.62923,48.96336],[110.61677,48.97259],[110.61546,48.97869],[110.60703,48.98541],[110.59319,48.99834],[110.58921,49.00081],[110.56617,49.01715],[110.54868,49.02641],[110.54113,49.03377],[110.54821,49.03987],[110.57118,49.04234],[110.6411,49.07299],[110.69706,49.08568],[110.83645,49.07836],[110.99937,49.06823],[111.02434,49.067],[111.07866,49.07263],[111.1634,49.07626],[111.19928,49.08667],[111.20984,49.10603],[111.19981,49.17656],[111.1917,49.19823],[111.17331,49.28241],[111.17399,49.28288],[111.17864,49.2851],[111.18157,49.28652],[111.18599,49.28881],[111.19048,49.291],[111.19607,49.29322],[111.20208,49.2951],[111.20849,49.29702],[111.21515,49.29919],[111.22015,49.30091],[111.22608,49.30273],[111.23177,49.30419],[111.2366,49.30533],[111.24319,49.30568],[111.24852,49.30583],[111.25352,49.30555],[111.25809,49.30558],[111.26364,49.3057],[111.26591,49.30559],[111.26849,49.30547],[111.27081,49.30641],[111.27364,49.30811],[111.27631,49.31028],[111.27845,49.31279],[111.28082,49.31586],[111.28424,49.31758],[111.29146,49.31892],[111.29655,49.31983],[111.30184,49.3209],[111.30632,49.32228],[111.31194,49.32421],[111.31583,49.32561],[111.32026,49.3279],[111.32514,49.3301],[111.33014,49.33261],[111.33279,49.33397],[111.3348,49.33496],[111.33694,49.33596],[111.33788,49.33643],[111.3756,49.3622],[111.46646,49.33557],[111.47152,49.33447],[111.47927,49.33328],[111.48589,49.3321],[111.49141,49.33113],[111.49567,49.33022],[111.49792,49.32958],[111.50203,49.32764],[111.50394,49.32674],[111.50753,49.32685],[111.51008,49.32674],[111.51405,49.32698],[111.51689,49.32665],[111.52202,49.3252],[111.52602,49.32418],[111.52852,49.32352],[111.53222,49.32405],[111.53536,49.32572],[111.53726,49.32758],[111.53948,49.33],[111.54153,49.33126],[111.54306,49.33268],[111.54372,49.33344],[111.54449,49.33446],[111.54456,49.33455],[111.54813,49.33641],[111.55322,49.33941],[111.5571,49.3419],[111.56216,49.34455],[111.56544,49.3456],[111.57386,49.34813],[111.58044,49.34971],[111.58514,49.35085],[111.59228,49.35194],[111.60091,49.35276],[111.6059,49.35307],[111.60666,49.35308],[111.60798,49.35312],[111.61049,49.35377],[111.61246,49.35444],[111.61444,49.35607],[111.61615,49.35774],[111.61954,49.36018],[111.62154,49.3615],[111.62337,49.36309],[111.62495,49.36489],[111.6265,49.36801],[111.62714,49.36968],[111.6282,49.37039],[111.63043,49.37125],[111.63431,49.37153],[111.63776,49.37157],[111.64194,49.37136],[111.64467,49.37191],[111.64748,49.37271],[111.65221,49.37432],[111.65446,49.37468],[111.65686,49.37443],[111.65959,49.37381],[111.66023,49.37365],[111.66127,49.37338],[111.66343,49.37305],[111.66801,49.37514],[111.67184,49.37754],[111.67545,49.37917],[111.67919,49.3811],[111.68155,49.38242],[111.68514,49.38412],[111.68668,49.38485],[111.74371,49.38588],[111.76305,49.38634],[111.76894,49.38568],[111.77274,49.38484],[111.77608,49.38313],[111.78146,49.38085],[111.78636,49.37888],[111.79101,49.37717],[111.79465,49.37618],[111.79689,49.37563],[111.7991,49.37592],[111.80531,49.37732],[111.81154,49.37926],[111.81509,49.38],[111.81923,49.38087],[111.82321,49.38135],[111.83102,49.38275],[111.83533,49.38403],[111.83822,49.38492],[111.84155,49.38591],[111.84428,49.38651],[111.84721,49.38655],[111.84907,49.38638],[111.85433,49.38478],[111.85997,49.38275],[111.86462,49.38165],[111.8721,49.38132],[111.88155,49.38067],[111.8888,49.38028],[111.89304,49.38026],[111.89304,49.38026],[111.89857,49.37936],[111.90284,49.37894],[111.90894,49.37873],[111.91415,49.37835],[111.91699,49.37819],[111.92542,49.37751]]]}},{"type":"Feature","properties":{"name":"Онон-Балж /Б/","type":"Байгалийн цогцолборт газар"},"geometry":{"type":"Polygon","coordinates":[[[112.28825,49.38433],[112.25701,49.37117],[112.2449,49.37221],[112.23025,49.36637],[112.23187,49.36375],[112.23025,49.35981],[112.23705,49.3545],[112.26199,49.34351],[112.27883,49.33317],[112.29295,49.3177],[112.30129,49.28689],[112.29874,49.25664],[112.30484,49.20952],[112.29707,49.16558],[112.30732,49.14854],[112.22614,49.12417],[112.119,49.10045],[112.11303,49.06267],[112.08183,49.02624],[112.08219,48.97754],[112.06079,48.97069],[112.00775,48.95375],[111.92496,48.96062],[111.87147,48.98524],[111.858,49.0553],[111.88753,49.11017],[111.87947,49.14238],[111.89184,49.22436],[111.97243,49.23861],[112.12438,49.38516],[112.09567,49.40897],[112.09581,49.41847],[112.09586,49.42012],[112.09744,49.42044],[112.10175,49.42132],[112.10439,49.42184],[112.10979,49.42307],[112.11929,49.42531],[112.11961,49.42531],[112.12486,49.42678],[112.13275,49.429],[112.14149,49.43134],[112.14661,49.4326],[112.15398,49.43441],[112.16071,49.43657],[112.1627,49.43717],[112.16334,49.43737],[112.17284,49.44023],[112.17766,49.44168],[112.17766,49.44168],[112.18943,49.44603],[112.19126,49.44676],[112.1926,49.44728],[112.19279,49.44736],[112.19316,49.44751],[112.20218,49.44067],[112.24779,49.43948],[112.30376,49.43099],[112.32341,49.4109],[112.32935,49.40704],[112.32593,49.40279],[112.30322,49.39524],[112.28825,49.38433]]]}},{"type":"Feature","properties":{"name":"Сийлхэмийн нуруу /A/","type":"Байгалийн цогцолборт газар"},"geometry":{"type":"Polygon","coordinates":[[[89.24515,49.64452],[89.24982,49.6422],[89.25315,49.64041],[89.25494,49.63819],[89.25616,49.63718],[89.25805,49.63629],[89.26352,49.63451],[89.26608,49.63351],[89.26821,49.63161],[89.27187,49.63005],[89.27483,49.62955],[89.27863,49.62732],[89.2823,49.62431],[89.28296,49.62309],[89.28263,49.62119],[89.28197,49.61997],[89.2824,49.61919],[89.28352,49.61774],[89.28831,49.61607],[89.29791,49.61306],[89.30046,49.6115],[89.30135,49.60983],[89.30157,49.6076],[89.30247,49.60648],[89.30437,49.6047],[89.3058,49.60347],[89.30792,49.6027],[89.31374,49.60214],[89.31374,49.60214],[89.31858,49.60163],[89.31858,49.60163],[89.32214,49.6003],[89.32616,49.59841],[89.32758,49.59729],[89.33026,49.59584],[89.33618,49.59461],[89.34009,49.59373],[89.34409,49.59283],[89.34476,49.59172],[89.34421,49.59094],[89.34075,49.58849],[89.33717,49.58559],[89.33495,49.58403],[89.3344,49.58247],[89.33585,49.58213],[89.33585,49.58213],[89.33589,49.58214],[89.3359,49.58214],[89.33592,49.58214],[89.33636,49.58225],[89.33755,49.58258],[89.34051,49.58202],[89.34051,49.58202],[89.34354,49.5818],[89.34354,49.5818],[89.34359,49.5818],[89.3436,49.5818],[89.34612,49.58194],[89.34615,49.58194],[89.34619,49.58194],[89.34619,49.58194],[89.35182,49.58225],[89.355,49.58224],[89.355,49.58224],[89.35817,49.58208],[89.35817,49.58208],[89.35818,49.58208],[89.3582,49.58208],[89.35823,49.58208],[89.35947,49.58298],[89.36003,49.58431],[89.36227,49.58598],[89.36469,49.58776],[89.36739,49.591],[89.36961,49.59222],[89.37318,49.59289],[89.37549,49.59355],[89.37857,49.59289],[89.37857,49.59289],[89.37859,49.5929],[89.37861,49.5929],[89.37863,49.59289],[89.38119,49.59478],[89.38216,49.59548],[89.38243,49.59567],[89.38359,49.59568],[89.38359,49.59568],[89.38615,49.59546],[89.38615,49.59546],[89.38838,49.59467],[89.38844,49.59467],[89.39757,49.56381],[89.45351,49.52904],[89.47849,49.50863],[89.47846,49.50863],[89.32224,49.48335],[89.23327,49.47254],[89.07331,49.44719],[88.97984,49.42272],[88.93086,49.40939],[88.93083,49.40939],[88.76084,49.40367],[88.72869,49.41618],[88.64942,49.42202],[88.64694,49.4222],[88.57387,49.43684],[88.5236,49.44484],[88.52356,49.44484],[88.18508,49.41616],[88.18508,49.41616],[88.1843,49.41777],[88.18349,49.41881],[88.18267,49.42043],[88.18198,49.42176],[88.18123,49.42373],[88.18088,49.42449],[88.18055,49.42599],[88.18017,49.42744],[88.17974,49.429],[88.17962,49.43051],[88.17885,49.43198],[88.17833,49.43314],[88.17736,49.43488],[88.17676,49.43627],[88.17405,49.43708],[88.17244,49.43766],[88.16978,49.43882],[88.16895,49.43974],[88.16879,49.44177],[88.16948,49.44275],[88.17023,49.44446],[88.17151,49.44707],[88.17215,49.44834],[88.17296,49.44973],[88.174,49.45112],[88.17527,49.45193],[88.17655,49.45233],[88.1777,49.45268],[88.17955,49.45297],[88.18071,49.45338],[88.18187,49.45372],[88.18413,49.45425],[88.18598,49.455],[88.18766,49.45581],[88.18917,49.45706],[88.1912,49.45879],[88.1921,49.45937],[88.1935,49.46093],[88.19467,49.46221],[88.19651,49.46377],[88.19779,49.46423],[88.19976,49.46551],[88.20137,49.4662],[88.2025,49.4669],[88.20492,49.46772],[88.20497,49.46774],[88.20752,49.46843],[88.20896,49.46907],[88.21069,49.46999],[88.21185,49.47097],[88.21373,49.47283],[88.21452,49.47382],[88.21625,49.47521],[88.21718,49.47613],[88.21949,49.47752],[88.2203,49.47816],[88.2228,49.479],[88.22465,49.47899],[88.22465,49.47899],[88.22674,49.47858],[88.22853,49.47807],[88.22969,49.47755],[88.23248,49.47633],[88.23443,49.47528],[88.23634,49.47482],[88.23634,49.47482],[88.23643,49.47484],[88.23644,49.47483],[88.23646,49.47483],[88.23889,49.47521],[88.24114,49.47608],[88.24294,49.47718],[88.24469,49.47822],[88.24625,49.47943],[88.24625,49.47943],[88.24792,49.47948],[88.24792,49.47948],[88.24989,49.47868],[88.25083,49.47862],[88.25083,49.47862],[88.25087,49.47863],[88.25091,49.47863],[88.25095,49.47862],[88.25255,49.47897],[88.25395,49.48006],[88.25441,49.48042],[88.25587,49.48073],[88.25836,49.48062],[88.25836,49.48062],[88.25842,49.48062],[88.25846,49.48062],[88.25848,49.48062],[88.26043,49.48085],[88.26223,49.48108],[88.26334,49.48102],[88.26334,49.48102],[88.26564,49.48056],[88.26852,49.47963],[88.27003,49.47929],[88.27139,49.47871],[88.27411,49.47775],[88.27695,49.47694],[88.2785,49.47671],[88.2804,49.4759],[88.28091,49.47578],[88.28244,49.47532],[88.28407,49.47497],[88.28638,49.47445],[88.28696,49.47433],[88.28938,49.47346],[88.29275,49.47234],[88.29409,49.47176],[88.2971,49.47095],[88.2971,49.47095],[88.29716,49.47097],[88.29718,49.47096],[88.29721,49.47095],[88.29854,49.47136],[88.30148,49.4724],[88.30262,49.47286],[88.30478,49.47361],[88.30613,49.47423],[88.30874,49.47544],[88.31039,49.47619],[88.31225,49.47729],[88.31393,49.47799],[88.31607,49.47908],[88.31722,49.47978],[88.31943,49.48117],[88.32059,49.48175],[88.32222,49.48267],[88.32411,49.48386],[88.32591,49.48525],[88.32719,49.48595],[88.32869,49.48763],[88.3295,49.4885],[88.33149,49.49006],[88.33252,49.49075],[88.33477,49.49197],[88.33611,49.49258],[88.33837,49.49408],[88.34015,49.49476],[88.34272,49.49397],[88.34375,49.49315],[88.34537,49.49188],[88.34734,49.49107],[88.34834,49.49038],[88.35019,49.48986],[88.35123,49.48956],[88.35411,49.48898],[88.35545,49.48898],[88.35545,49.48898],[88.35553,49.48899],[88.35555,49.48899],[88.35836,49.48913],[88.35981,49.48907],[88.35981,49.48907],[88.35968,49.48728],[88.35998,49.48612],[88.36053,49.48397],[88.36079,49.48322],[88.36124,49.48131],[88.36269,49.48096],[88.36269,49.48096],[88.36274,49.48098],[88.36277,49.48098],[88.3628,49.48097],[88.36472,49.48184],[88.36685,49.48201],[88.37015,49.4823],[88.37136,49.48265],[88.37415,49.48334],[88.37605,49.48412],[88.37849,49.48488],[88.37986,49.48522],[88.3829,49.48546],[88.38406,49.48565],[88.38712,49.48554],[88.38712,49.48554],[88.38857,49.48554],[88.38857,49.48554],[88.38859,49.48554],[88.38863,49.48554],[88.38868,49.48554],[88.39082,49.48624],[88.39268,49.48699],[88.39447,49.48792],[88.39632,49.48844],[88.39829,49.48925],[88.40061,49.49049],[88.40153,49.49136],[88.40199,49.49276],[88.40198,49.49454],[88.40234,49.49582],[88.40246,49.49605],[88.40289,49.49637],[88.40362,49.49616],[88.40479,49.49402],[88.40669,49.49141],[88.40804,49.48985],[88.41029,49.48881],[88.41267,49.48806],[88.41492,49.4874],[88.41782,49.48676],[88.41949,49.48595],[88.42145,49.48519],[88.42216,49.48491],[88.42348,49.48375],[88.42388,49.48276],[88.42394,49.48091],[88.42477,49.48026],[88.42691,49.47884],[88.42735,49.47847],[88.42783,49.4782],[88.43062,49.47577],[88.43282,49.47382],[88.43462,49.47183],[88.43629,49.47047],[88.43919,49.47023],[88.43919,49.47023],[88.43923,49.47024],[88.43926,49.47024],[88.43929,49.47024],[88.44054,49.47047],[88.44274,49.47048],[88.44274,49.47048],[88.44501,49.47056],[88.44501,49.47056],[88.4473,49.47054],[88.4473,49.47054],[88.44939,49.47044],[88.44939,49.47044],[88.45189,49.47031],[88.45189,49.47031],[88.45198,49.47031],[88.45199,49.47031],[88.45398,49.47042],[88.45703,49.47021],[88.45703,49.47021],[88.45863,49.47027],[88.45863,49.47027],[88.46087,49.47005],[88.46087,49.47005],[88.46289,49.46999],[88.46289,49.46999],[88.46564,49.46983],[88.46564,49.46983],[88.46573,49.46983],[88.46575,49.46983],[88.46752,49.46993],[88.47022,49.47009],[88.47297,49.47024],[88.47507,49.47014],[88.47507,49.47014],[88.47511,49.47015],[88.47515,49.47014],[88.47518,49.47014],[88.47595,49.4703],[88.47836,49.4705],[88.47838,49.4705],[88.48054,49.47058],[88.48054,49.47058],[88.48232,49.47055],[88.48232,49.47055],[88.48458,49.47063],[88.48458,49.47063],[88.48661,49.47069],[88.48661,49.47069],[88.48918,49.47042],[88.48918,49.47042],[88.49143,49.47042],[88.49143,49.47042],[88.49152,49.47042],[88.49153,49.47042],[88.49337,49.4705],[88.49339,49.4705],[88.49529,49.47063],[88.49748,49.47124],[88.49963,49.47401],[88.49985,49.47445],[88.50373,49.47841],[88.50684,49.48093],[88.51084,49.48294],[88.51419,49.48449],[88.51752,49.48605],[88.52156,49.48686],[88.52627,49.48628],[88.52627,49.48628],[88.53117,49.48538],[88.53539,49.48442],[88.54052,49.4839],[88.54052,49.4839],[88.54497,49.48382],[88.54497,49.48382],[88.54892,49.48309],[88.55248,49.48275],[88.55248,49.48275],[88.55249,49.48276],[88.55254,49.48275],[88.55258,49.48275],[88.55384,49.48409],[88.55599,49.48698],[88.55947,49.48914],[88.56371,49.49047],[88.56563,49.49166],[88.56595,49.49277],[88.5692,49.49455],[88.57381,49.49634],[88.57499,49.49671],[88.58247,49.498],[88.58575,49.49979],[88.58916,49.50113],[88.59376,49.50254],[88.59518,49.50335],[88.5989,49.50372],[88.60029,49.5035],[88.60036,49.50351],[88.60037,49.5035],[88.60038,49.5035],[88.60439,49.50391],[88.60781,49.5048],[88.61084,49.50576],[88.61351,49.50658],[88.61478,49.508],[88.61478,49.50977],[88.61828,49.51067],[88.62227,49.51104],[88.62317,49.51111],[88.62434,49.51081],[88.62567,49.50962],[88.62635,49.5074],[88.62814,49.50543],[88.63035,49.50498],[88.63035,49.50498],[88.63042,49.50499],[88.63043,49.50499],[88.63044,49.50499],[88.63275,49.50527],[88.63615,49.50469],[88.64022,49.50327],[88.6403,49.50328],[88.64031,49.50328],[88.64031,49.50328],[88.64269,49.5035],[88.64565,49.50408],[88.64616,49.50268],[88.64906,49.50046],[88.65085,49.49726],[88.65233,49.49488],[88.65515,49.49314],[88.65945,49.49195],[88.66161,49.49091],[88.66095,49.48936],[88.65997,49.48631],[88.65798,49.48423],[88.65774,49.48178],[88.65937,49.47985],[88.66116,49.47933],[88.66525,49.47688],[88.66725,49.47451],[88.67007,49.4692],[88.67349,49.4669],[88.67564,49.466],[88.68047,49.46341],[88.68397,49.46163],[88.68686,49.46088],[88.691,49.46095],[88.691,49.46095],[88.69101,49.46095],[88.69105,49.46096],[88.69109,49.46096],[88.69297,49.46141],[88.69297,49.46141],[88.69651,49.46159],[88.70073,49.46055],[88.70461,49.45951],[88.70779,49.45758],[88.7095,49.45535],[88.71173,49.45409],[88.71366,49.4535],[88.71617,49.45305],[88.71884,49.45313],[88.71884,49.45313],[88.71887,49.45313],[88.71893,49.45313],[88.72224,49.45331],[88.72229,49.45331],[88.7246,49.4536],[88.7288,49.45316],[88.7288,49.45316],[88.73214,49.45249],[88.73615,49.45175],[88.73621,49.45176],[88.73622,49.45175],[88.73623,49.45175],[88.74039,49.45227],[88.74403,49.45309],[88.74543,49.45386],[88.74634,49.45536],[88.74775,49.45759],[88.74953,49.46004],[88.75171,49.46076],[88.75381,49.46033],[88.7579,49.45877],[88.76096,49.45788],[88.76495,49.4578],[88.76495,49.4578],[88.76865,49.45713],[88.77016,49.45669],[88.77267,49.45628],[88.77637,49.45509],[88.78061,49.45464],[88.78061,49.45464],[88.78063,49.45465],[88.78066,49.45465],[88.78069,49.45465],[88.78368,49.45592],[88.78494,49.45695],[88.78664,49.45732],[88.79079,49.45806],[88.79284,49.4585],[88.79504,49.45806],[88.7951,49.45807],[88.79511,49.45807],[88.79512,49.45806],[88.79637,49.45821],[88.80039,49.45907],[88.80285,49.45936],[88.80714,49.45884],[88.80714,49.45884],[88.81418,49.4578],[88.81351,49.45632],[88.81499,49.45476],[88.81707,49.45327],[88.81998,49.45127],[88.82213,49.4486],[88.82285,49.44644],[88.82533,49.4444],[88.82694,49.44388],[88.83043,49.4427],[88.8305,49.4427],[88.83051,49.4427],[88.83051,49.4427],[88.83325,49.44291],[88.83669,49.44218],[88.84076,49.44203],[88.84076,49.44203],[88.84078,49.44203],[88.84081,49.44203],[88.84084,49.44203],[88.84485,49.443],[88.84752,49.44485],[88.84974,49.44659],[88.85316,49.44897],[88.85562,49.45105],[88.85606,49.45142],[88.85612,49.45145],[88.85962,49.45298],[88.86274,49.45425],[88.86627,49.4552],[88.86926,49.45476],[88.87284,49.45372],[88.87662,49.45257],[88.87975,49.45079],[88.88293,49.44923],[88.88522,49.44707],[88.88656,49.44588],[88.88959,49.44544],[88.8896,49.44544],[88.89264,49.44507],[88.89264,49.44507],[88.89267,49.44508],[88.8927,49.44507],[88.89272,49.44507],[88.89524,49.44582],[88.8965,49.44819],[88.89793,49.45005],[88.90296,49.45714],[88.90475,49.45959],[88.90744,49.46167],[88.90869,49.46337],[88.90895,49.46392],[88.90982,49.46575],[88.90982,49.46724],[88.90803,49.46849],[88.90483,49.47002],[88.90113,49.47084],[88.89778,49.47262],[88.8945,49.4741],[88.89074,49.47521],[88.88779,49.47528],[88.88746,49.47529],[88.88404,49.47522],[88.87973,49.47621],[88.877,49.47756],[88.87572,49.47918],[88.87461,49.4806],[88.87336,49.48309],[88.87335,49.48313],[88.87135,49.48558],[88.86696,49.48557],[88.86274,49.48595],[88.85955,49.48628],[88.85583,49.48717],[88.85219,49.48806],[88.84981,49.48888],[88.851,49.49028],[88.85121,49.49152],[88.8514,49.49268],[88.85141,49.49273],[88.85149,49.49338],[88.85161,49.49407],[88.85331,49.49518],[88.85331,49.49518],[88.85754,49.49526],[88.85754,49.49526],[88.86266,49.49519],[88.86266,49.49519],[88.86266,49.49519],[88.8627,49.49519],[88.86274,49.49519],[88.86525,49.49637],[88.86882,49.49801],[88.87227,49.49974],[88.87253,49.49987],[88.87259,49.49989],[88.87265,49.49992],[88.87425,49.50061],[88.87613,49.50193],[88.87625,49.50201],[88.87677,49.50243],[88.87692,49.50255],[88.87727,49.50283],[88.87877,49.50402],[88.88056,49.5064],[88.88058,49.50656],[88.88086,49.50881],[88.88025,49.51118],[88.87891,49.51356],[88.87803,49.51579],[88.87805,49.51584],[88.87854,49.51692],[88.87906,49.51809],[88.87938,49.52077],[88.87935,49.52088],[88.8787,49.52336],[88.87772,49.52526],[88.87742,49.5277],[88.87558,49.52986],[88.87558,49.52989],[88.87579,49.53171],[88.87607,49.53228],[88.87654,49.53327],[88.87714,49.53623],[88.87624,49.53862],[88.87462,49.54077],[88.87262,49.54248],[88.86822,49.5466],[88.87062,49.54808],[88.87276,49.549],[88.87356,49.54933],[88.87359,49.54935],[88.87912,49.55282],[88.88173,49.55447],[88.88693,49.55729],[88.88693,49.55729],[88.89081,49.55736],[88.89081,49.55736],[88.89696,49.55729],[88.89696,49.55729],[88.90132,49.55673],[88.90132,49.55673],[88.90446,49.55428],[88.90466,49.55146],[88.90408,49.54953],[88.90401,49.54745],[88.90528,49.54574],[88.90779,49.54507],[88.91001,49.54471],[88.91016,49.54468],[88.91039,49.54464],[88.91483,49.54374],[88.91566,49.54337],[88.91573,49.54337],[88.91574,49.54337],[88.91574,49.54337],[88.91998,49.54367],[88.92327,49.5448],[88.92636,49.5434],[88.92932,49.54147],[88.93327,49.53866],[88.93445,49.53583],[88.93565,49.53301],[88.93534,49.53019],[88.93436,49.52781],[88.93133,49.52641],[88.92822,49.52492],[88.92822,49.52251],[88.92851,49.51991],[88.92953,49.5182],[88.93058,49.51575],[88.93059,49.51249],[88.93118,49.51092],[88.93228,49.50944],[88.9349,49.50803],[88.93497,49.50803],[88.93498,49.50803],[88.93757,49.50818],[88.93912,49.5087],[88.94019,49.50888],[88.94038,49.50892],[88.94061,49.50896],[88.9412,49.50905],[88.94181,49.50766],[88.94276,49.50639],[88.94461,49.50536],[88.94722,49.50439],[88.95428,49.50175],[88.96058,49.50086],[88.96058,49.50086],[88.96228,49.49878],[88.96348,49.49678],[88.96444,49.49433],[88.96539,49.49248],[88.96176,49.49055],[88.95871,49.48928],[88.9565,49.48727],[88.95598,49.48468],[88.95673,49.48138],[88.95828,49.47915],[88.95982,49.47677],[88.95999,49.47395],[88.9603,49.47247],[88.96236,49.47061],[88.96408,49.4669],[88.96497,49.46493],[88.96629,49.46338],[88.96889,49.46241],[88.9724,49.46174],[88.97707,49.46181],[88.97707,49.46181],[88.97707,49.46181],[88.97711,49.46181],[88.97714,49.46181],[88.98065,49.46303],[88.98077,49.46308],[88.98156,49.46378],[88.98299,49.46508],[88.98462,49.46575],[88.98463,49.46575],[88.98638,49.46583],[88.98641,49.46583],[88.99132,49.4666],[88.99483,49.46784],[88.99554,49.46809],[88.99723,49.46893],[88.9988,49.46972],[88.99949,49.4704],[88.99982,49.47059],[89.00053,49.47105],[89.00366,49.46891],[89.00846,49.46735],[89.0098,49.46736],[89.0098,49.46736],[89.0098,49.46736],[89.00983,49.46736],[89.00987,49.46736],[89.01167,49.46936],[89.01188,49.46959],[89.01399,49.47182],[89.01647,49.47558],[89.01655,49.47571],[89.01866,49.47939],[89.01875,49.47949],[89.01878,49.47953],[89.01999,49.48095],[89.02346,49.4824],[89.0296,49.48508],[89.03359,49.48686],[89.03555,49.48784],[89.03776,49.48663],[89.04321,49.48396],[89.04533,49.48318],[89.04822,49.48318],[89.04822,49.48318],[89.04826,49.48318],[89.04829,49.48318],[89.04829,49.48318],[89.05349,49.48352],[89.06382,49.48307],[89.06382,49.48307],[89.06841,49.48296],[89.06841,49.48296],[89.07109,49.48217],[89.07487,49.48184],[89.07487,49.48184],[89.07489,49.48185],[89.07491,49.48185],[89.07494,49.48184],[89.07872,49.48318],[89.08479,49.48457],[89.08836,49.48569],[89.09116,49.4868],[89.09322,49.48799],[89.09405,49.48847],[89.0941,49.48848],[89.09714,49.4888],[89.10246,49.48881],[89.10246,49.48881],[89.10246,49.48881],[89.10249,49.48881],[89.10253,49.48881],[89.10341,49.48915],[89.10641,49.48992],[89.10674,49.49032],[89.10865,49.49271],[89.10963,49.49409],[89.10999,49.4946],[89.11164,49.4965],[89.11176,49.49653],[89.11398,49.49716],[89.11623,49.49772],[89.11756,49.49806],[89.12193,49.49794],[89.12193,49.49794],[89.13002,49.49778],[89.13002,49.49778],[89.13007,49.49778],[89.13009,49.49778],[89.13451,49.498],[89.13455,49.498],[89.13857,49.49845],[89.14079,49.49935],[89.14269,49.50012],[89.14275,49.50015],[89.14373,49.5007],[89.14382,49.50075],[89.14568,49.50179],[89.14825,49.50335],[89.14829,49.50342],[89.14888,49.5046],[89.14959,49.50602],[89.14999,49.50712],[89.15047,49.50847],[89.15027,49.51037],[89.15073,49.51128],[89.15089,49.51154],[89.15093,49.51161],[89.15183,49.51305],[89.15316,49.51472],[89.15605,49.51638],[89.1618,49.51639],[89.1618,49.51639],[89.16614,49.51639],[89.16614,49.51639],[89.16617,49.51639],[89.1662,49.51639],[89.16621,49.51639],[89.17155,49.51678],[89.17466,49.51633],[89.17466,49.51633],[89.17677,49.51544],[89.18079,49.51511],[89.18079,49.51511],[89.18081,49.51511],[89.18083,49.51511],[89.18086,49.51511],[89.18341,49.51633],[89.18558,49.51733],[89.18608,49.51756],[89.1917,49.51744],[89.1917,49.51744],[89.19171,49.51744],[89.19174,49.51744],[89.19177,49.51744],[89.19343,49.51856],[89.19901,49.52101],[89.20079,49.52146],[89.20179,49.52246],[89.20177,49.52252],[89.20125,49.52391],[89.20045,49.52658],[89.20036,49.5288],[89.20291,49.53059],[89.20536,49.5326],[89.20927,49.53338],[89.21026,49.53581],[89.21082,49.53717],[89.21089,49.53734],[89.21175,49.53828],[89.21187,49.53841],[89.21197,49.53853],[89.21232,49.5389],[89.21478,49.53946],[89.21625,49.53978],[89.21879,49.54035],[89.22203,49.54135],[89.22466,49.54193],[89.22604,49.54224],[89.22612,49.5423],[89.2277,49.54346],[89.22961,49.54525],[89.2307,49.54759],[89.23076,49.54771],[89.23206,49.55038],[89.23126,49.55205],[89.23048,49.55339],[89.2279,49.5564],[89.22781,49.55651],[89.22659,49.55818],[89.22658,49.55828],[89.22653,49.55857],[89.22638,49.55951],[89.22603,49.56063],[89.22549,49.56253],[89.22516,49.56286],[89.22213,49.56476],[89.21962,49.56681],[89.21616,49.56826],[89.21139,49.56949],[89.20727,49.57072],[89.20702,49.5708],[89.20459,49.5716],[89.20392,49.57295],[89.20292,49.57528],[89.20215,49.57763],[89.20101,49.57996],[89.19903,49.58208],[89.19522,49.58475],[89.19322,49.58531],[89.18999,49.58642],[89.18995,49.58649],[89.18944,49.58732],[89.18976,49.5891],[89.19021,49.59028],[89.19022,49.59033],[89.19266,49.59155],[89.19423,49.59211],[89.19546,49.59355],[89.19567,49.59489],[89.19616,49.59754],[89.19884,49.60052],[89.19929,49.60164],[89.19928,49.60309],[89.19719,49.60621],[89.1925,49.60933],[89.18681,49.61345],[89.18535,49.61534],[89.18281,49.61802],[89.18275,49.61846],[89.18269,49.61891],[89.18258,49.62058],[89.18257,49.62069],[89.18256,49.62073],[89.18211,49.62258],[89.1822,49.62268],[89.18233,49.62286],[89.18346,49.62437],[89.18503,49.62571],[89.18619,49.62833],[89.18816,49.63057],[89.19223,49.63256],[89.19578,49.63375],[89.19624,49.6339],[89.19635,49.63391],[89.19655,49.63393],[89.20179,49.63434],[89.20179,49.63434],[89.20943,49.63446],[89.20943,49.63446],[89.20943,49.63446],[89.20946,49.63446],[89.20949,49.63446],[89.21405,49.63568],[89.22095,49.63824],[89.2243,49.64025],[89.22702,49.6408],[89.22764,49.64092],[89.22779,49.64093],[89.23438,49.64153],[89.23439,49.64153],[89.23871,49.64175],[89.23874,49.64176],[89.24218,49.64209],[89.2431,49.64336],[89.24327,49.64359],[89.24332,49.64369],[89.24389,49.64481],[89.24515,49.64452]]]}},{"type":"Feature","properties":{"name":"Сийлхэмийн нуруу /Б/","type":"Байгалийн цогцолборт газар"},"geometry":{"type":"Polygon","coordinates":[[[89.74541,49.94751],[89.74541,49.94751],[89.74542,49.94751],[89.74544,49.94751],[89.74546,49.94751],[89.7491,49.94824],[89.74976,49.94835],[89.75162,49.948],[89.75162,49.948],[89.75471,49.94736],[89.75961,49.94748],[89.75961,49.94748],[89.75961,49.94748],[89.75964,49.94748],[89.75966,49.94748],[89.76241,49.94783],[89.76879,49.94937],[89.77545,49.95124],[89.778,49.95188],[89.78018,49.95171],[89.78018,49.95171],[89.78928,49.95092],[89.78928,49.95092],[89.7893,49.95092],[89.78932,49.95092],[89.78932,49.95092],[89.79827,49.95195],[89.80538,49.95195],[89.80538,49.95195],[89.81321,49.95057],[89.81321,49.95057],[89.8165,49.9502],[89.8165,49.9502],[89.81654,49.9502],[89.81654,49.9502],[89.81654,49.9502],[89.82081,49.95046],[89.82869,49.9522],[89.82871,49.9522],[89.83663,49.95395],[89.83978,49.95498],[89.85053,49.95699],[89.85337,49.95764],[89.86008,49.95844],[89.86838,49.95786],[89.86838,49.95786],[89.87522,49.9548],[89.88164,49.95238],[89.88167,49.95239],[89.88168,49.95238],[89.88168,49.95238],[89.88586,49.95326],[89.88855,49.95363],[89.90405,49.95848],[89.90614,49.95988],[89.91043,49.96278],[89.91492,49.96355],[89.91492,49.96355],[89.92076,49.96392],[89.92076,49.96392],[89.92247,49.96434],[89.92548,49.96509],[89.92704,49.96547],[89.93638,49.96779],[89.94293,49.96942],[89.94293,49.96942],[89.95542,49.97179],[89.95542,49.97179],[89.96339,49.97252],[89.96339,49.97252],[89.96608,49.97255],[89.96402,49.97129],[89.94753,49.95506],[89.96313,49.89688],[89.96994,49.87571],[89.9798,49.8594],[89.91749,49.80944],[89.93459,49.77665],[89.95205,49.73232],[89.97672,49.68314],[89.98772,49.65665],[89.98795,49.59747],[89.95684,49.58374],[89.95593,49.53286],[89.94558,49.52066],[89.94546,49.52052],[89.94544,49.52052],[89.94518,49.52053],[89.88536,49.52393],[89.80217,49.55267],[89.80772,49.59308],[89.74333,49.63648],[89.76512,49.66431],[89.76775,49.68988],[89.75255,49.70313],[89.75229,49.70335],[89.75225,49.70338],[89.71599,49.73428],[89.7146,49.73607],[89.71391,49.73804],[89.71387,49.73946],[89.71497,49.74194],[89.71692,49.74532],[89.71778,49.74659],[89.71844,49.74722],[89.71962,49.74764],[89.72071,49.74796],[89.72126,49.74914],[89.72146,49.75102],[89.72147,49.75239],[89.72106,49.75254],[89.71948,49.75275],[89.71825,49.75293],[89.7167,49.75364],[89.71485,49.7556],[89.71441,49.75653],[89.7141,49.75853],[89.71356,49.76047],[89.71359,49.76158],[89.7136,49.76665],[89.71393,49.76763],[89.71559,49.76901],[89.71672,49.76964],[89.71912,49.77109],[89.71913,49.77109],[89.71923,49.77115],[89.71934,49.77166],[89.71901,49.77226],[89.71586,49.77405],[89.71345,49.77581],[89.71331,49.77632],[89.71339,49.77764],[89.7144,49.78094],[89.71459,49.78207],[89.71476,49.78503],[89.7145,49.78711],[89.71336,49.78935],[89.71194,49.79004],[89.7108,49.79004],[89.69977,49.822],[89.70048,49.8244],[89.70279,49.83226],[89.70293,49.83227],[89.70293,49.83227],[89.70916,49.85413],[89.68352,49.9065],[89.70307,49.94246],[89.7044,49.94269],[89.7044,49.94269],[89.71222,49.94301],[89.72056,49.94341],[89.72059,49.94341],[89.72882,49.94534],[89.73437,49.94692],[89.73745,49.94762],[89.73745,49.94762],[89.74015,49.94762],[89.74015,49.94762],[89.74541,49.94751]]]}},{"type":"Feature","properties":{"name":"Тарвагатайн нуруу","type":"Байгалийн цогцолборт газар"},"geometry":{"type":"Polygon","coordinates":[[[98.67086,48.51359],[98.73911,48.4958],[98.80743,48.49734],[98.87955,48.49569],[98.94328,48.47099],[99.00417,48.47123],[99.09029,48.47823],[99.11388,48.39851],[98.95695,48.28942],[98.97935,48.2401],[98.94154,48.18155],[98.8669,48.15069],[98.84889,48.11133],[98.85225,48.09855],[98.80237,48.06995],[98.65511,48.07748],[98.54858,48.04694],[98.51125,48.03416],[98.49182,48.03279],[98.41858,48.0289],[98.37116,48.01807],[98.34473,48.01421],[98.27444,48.00777],[98.24104,47.99126],[98.21498,47.98903],[98.17494,47.95037],[98.04389,47.93664],[97.94037,47.89381],[97.88895,47.90653],[97.81735,47.8919],[97.80904,47.86066],[97.79541,47.84883],[97.76458,47.84057],[97.70953,47.74261],[97.70016,47.72594],[97.69991,47.72549],[97.69989,47.72542],[97.69656,47.71286],[97.65176,47.71659],[97.6433,47.75764],[97.60112,47.78684],[97.59229,47.80099],[97.55527,47.79608],[97.45864,47.81343],[97.45864,47.81343],[97.4314,47.81457],[97.4314,47.81457],[97.37667,47.81175],[97.33053,47.82401],[97.33053,47.82401],[97.33046,47.82402],[97.29877,47.83992],[97.2747,47.86943],[97.22431,47.90888],[97.23811,47.92217],[97.23766,47.95101],[97.30272,47.96865],[97.30272,47.96865],[97.33788,48.0062],[97.38332,48.02783],[97.41747,48.05],[97.52582,48.06674],[97.56657,48.07776],[97.57785,48.11793],[97.57491,48.15656],[97.62685,48.20601],[97.632,48.23844],[97.71893,48.2689],[97.79999,48.2754],[97.82877,48.30368],[97.79249,48.36803],[97.84256,48.3592],[97.90334,48.37713],[97.93664,48.39421],[97.96983,48.43072],[98.08868,48.40555],[98.15297,48.40741],[98.12116,48.30625],[98.39263,48.30853],[98.36284,48.37108],[98.48267,48.37939],[98.52094,48.40262],[98.54694,48.50372],[98.62705,48.51362],[98.67086,48.51359]]]}},{"type":"Feature","properties":{"name":"Цамбагарав уул","type":"Байгалийн цогцолборт газар"},"geometry":{"type":"Polygon","coordinates":[[[90.97269,48.77088],[90.97269,48.77088],[91.09015,48.78418],[91.20156,48.80445],[91.20156,48.80445],[91.29632,48.7789],[91.32191,48.74471],[91.32192,48.74469],[91.32982,48.73412],[91.33431,48.71675],[91.34115,48.69019],[91.34129,48.68969],[91.34419,48.66792],[91.34419,48.66789],[91.34429,48.66712],[91.31339,48.65885],[91.31339,48.65885],[91.2186,48.65859],[91.2186,48.65859],[91.18021,48.63972],[91.10189,48.62396],[91.10183,48.62386],[91.08329,48.57971],[91.0831,48.57961],[91.02452,48.54866],[90.90908,48.49596],[90.90908,48.49597],[90.82595,48.58117],[90.68357,48.63467],[90.67388,48.68978],[90.65995,48.72834],[90.63856,48.77134],[90.69546,48.81003],[90.75852,48.84321],[90.75852,48.84321],[90.85313,48.81844],[90.97269,48.77088]]]}},{"type":"Feature","properties":{"name":"Khustai nuruu","type":"UNESCO-MAB Biosphere Reserve"},"geometry":{"type":"Polygon","coordinates":[[[106.00596,47.58138],[105.90937,47.5369],[105.86801,47.58702],[105.86739,47.58781],[105.86731,47.58791],[105.83672,47.62498],[105.75351,47.64722],[105.73868,47.67165],[105.73155,47.70822],[105.79064,47.73346],[105.85191,47.74635],[105.88409,47.76245],[105.88438,47.7626],[105.88545,47.76313],[105.89326,47.76705],[105.89474,47.76778],[105.96069,47.78502],[105.97453,47.7945],[105.9755,47.79515],[105.98952,47.80475],[106.01768,47.82403],[106.10932,47.82756],[106.11034,47.78774],[106.13741,47.76229],[106.13459,47.74546],[106.13195,47.744],[106.10985,47.73178],[106.09652,47.71548],[106.06235,47.70485],[106.03851,47.69344],[106.03789,47.69315],[106.03741,47.69291],[106.01783,47.68353],[106.01215,47.68082],[106.00927,47.63905],[106.00927,47.63892],[106.00922,47.63815],[106.00596,47.58138]]]}},{"type":"Feature","properties":{"name":"Lake Ganga and its surrounding wetlands","type":"Wetland of International Importance (Ramsar Site)"},"geometry":{"type":"Polygon","coordinates":[[[113.8724,45.29538],[113.93887,45.28828],[113.93887,45.28828],[114.02605,45.28772],[114.07346,45.29362],[114.07346,45.29362],[114.191,45.23805],[114.19836,45.17925],[114.19836,45.17925],[114.1063,45.19707],[114.07228,45.1998],[114.07228,45.1998],[113.91854,45.17203],[113.91845,45.17202],[113.91845,45.17202],[113.72931,45.16567],[113.72931,45.16567],[113.59465,45.19797],[113.4219,45.29134],[113.42086,45.2919],[113.42374,45.29341],[113.49873,45.3326],[113.49873,45.3326],[113.58089,45.30685],[113.64359,45.27245],[113.64359,45.27245],[113.74001,45.26562],[113.74001,45.26562],[113.74029,45.2656],[113.81153,45.29333],[113.77491,45.31453],[113.77491,45.31453],[113.84049,45.31705],[113.83931,45.30832],[113.8275,45.30328],[113.8275,45.30328],[113.86905,45.2985],[113.8724,45.29538],[113.8724,45.29538]]]}},{"type":"Feature","properties":{"name":"Dornod Mongol","type":"UNESCO-MAB Biosphere Reserve"},"geometry":{"type":"Polygon","coordinates":[[[118.46267,46.74076],[118.43757,46.70679],[118.437,46.70705],[118.43367,46.70879],[118.43103,46.71037],[118.42774,46.71251],[118.424,46.71449],[118.41981,46.71699],[118.41552,46.71974],[118.41106,46.7222],[118.40701,46.72425],[118.40405,46.72588],[118.40063,46.72723],[118.40063,46.72723],[118.39509,46.72831],[118.39509,46.72831],[118.38983,46.72921],[118.38983,46.72921],[118.38395,46.72999],[118.38395,46.72999],[118.37868,46.73093],[118.37868,46.73093],[118.37152,46.73186],[118.37152,46.73186],[118.36607,46.73269],[118.36607,46.73269],[118.36083,46.73315],[118.36083,46.73315],[118.35596,46.73359],[118.35596,46.73359],[118.3518,46.73383],[118.3518,46.73383],[118.35178,46.73383],[118.35178,46.73383],[118.34639,46.73382],[118.33916,46.73401],[118.33916,46.73401],[118.33493,46.7341],[118.33493,46.7341],[118.32948,46.73461],[118.32948,46.73461],[118.32365,46.73626],[118.32365,46.73626],[118.31972,46.73783],[118.31972,46.73783],[118.31416,46.73901],[118.31416,46.73901],[118.31041,46.73911],[118.31041,46.73911],[118.31041,46.7391],[118.31039,46.73911],[118.30637,46.73864],[118.30271,46.73783],[118.30007,46.73663],[118.29625,46.73442],[118.29311,46.73228],[118.28997,46.72947],[118.28721,46.72682],[118.28538,46.72538],[118.28279,46.72392],[118.27894,46.72217],[118.27505,46.72054],[118.27083,46.71867],[118.26591,46.71732],[118.26145,46.71634],[118.25796,46.71529],[118.25238,46.71457],[118.24626,46.71429],[118.23994,46.71387],[118.23596,46.71365],[118.23185,46.71296],[118.22755,46.71189],[118.22359,46.7104],[118.22136,46.70883],[118.2201,46.70657],[118.21897,46.7034],[118.21861,46.70133],[118.21811,46.69878],[118.21742,46.69691],[118.21538,46.69518],[118.21305,46.6934],[118.20921,46.69143],[118.20392,46.68997],[118.19972,46.68928],[118.19719,46.68836],[118.19455,46.68692],[118.19253,46.6848],[118.18968,46.683],[118.18616,46.68172],[118.18226,46.68108],[118.17804,46.68151],[118.17804,46.68151],[118.17347,46.68254],[118.17347,46.68254],[118.16809,46.68375],[118.16809,46.68375],[118.16431,46.68448],[118.16431,46.68448],[118.15898,46.68528],[118.15898,46.68528],[118.15494,46.68546],[118.15494,46.68546],[118.15493,46.68545],[118.15492,46.68546],[118.15164,46.68489],[118.14785,46.68362],[118.14348,46.68289],[118.13874,46.68248],[118.13537,46.68256],[118.13537,46.68256],[118.13536,46.68256],[118.13535,46.68256],[118.1312,46.68239],[118.12722,46.68186],[118.12361,46.68105],[118.11984,46.68031],[118.1173,46.67946],[118.1148,46.67867],[118.11236,46.67769],[118.11015,46.67583],[118.10884,46.67361],[118.10849,46.67156],[118.10868,46.66923],[118.10852,46.66739],[118.10772,46.666],[118.10631,46.66475],[118.10373,46.66346],[118.10214,46.66277],[118.10006,46.66162],[118.09649,46.6599],[118.09354,46.65846],[118.08948,46.65704],[118.08638,46.65552],[118.08264,46.65394],[118.07931,46.6525],[118.07642,46.65109],[118.07441,46.6497],[118.07136,46.64765],[118.06903,46.64603],[118.06601,46.64364],[118.06359,46.64176],[118.06063,46.63983],[118.0569,46.63818],[118.05427,46.63704],[118.05189,46.63601],[118.04855,46.63445],[118.04553,46.6331],[118.04135,46.6314],[118.03851,46.63018],[118.03427,46.62812],[118.03094,46.62694],[118.02807,46.62647],[118.02654,46.62674],[118.02654,46.62674],[118.02571,46.62681],[118.02403,46.62696],[118.02375,46.62701],[118.02237,46.6272],[118.02126,46.62751],[118.01901,46.62771],[118.01901,46.62771],[118.01727,46.62787],[118.01727,46.62787],[118.0156,46.62812],[118.0156,46.62812],[118.01318,46.6285],[118.00981,46.62927],[118.00684,46.62993],[118.00684,46.62993],[118.00491,46.63018],[118.00491,46.63018],[118.00287,46.6302],[118.00287,46.6302],[118.00287,46.6302],[118.00285,46.6302],[118.00072,46.63004],[117.99941,46.62968],[117.99843,46.62978],[117.99842,46.62978],[117.99841,46.62978],[117.99841,46.62978],[117.99444,46.62956],[117.99098,46.62971],[117.99098,46.62971],[117.99098,46.62971],[117.99096,46.62971],[117.9883,46.62954],[117.98579,46.62857],[117.98329,46.62722],[117.98255,46.62587],[117.98234,46.6244],[117.98266,46.62246],[117.98392,46.62057],[117.98524,46.61854],[117.98643,46.61668],[117.98685,46.61538],[117.98667,46.61411],[117.98538,46.61319],[117.98355,46.61279],[117.98075,46.61202],[117.97702,46.61141],[117.9723,46.61092],[117.9689,46.6106],[117.96413,46.61075],[117.96412,46.61075],[117.96412,46.61075],[117.95798,46.61069],[117.95174,46.61152],[117.94785,46.6125],[117.94396,46.61395],[117.94022,46.61544],[117.9354,46.61584],[117.9354,46.61584],[117.93539,46.61584],[117.93539,46.61584],[117.93163,46.61515],[117.92953,46.61447],[117.92663,46.61339],[117.92309,46.61177],[117.91897,46.60908],[117.91483,46.60604],[117.91109,46.60357],[117.90674,46.60099],[117.90182,46.59853],[117.89706,46.59544],[117.89391,46.59261],[117.89217,46.59104],[117.89166,46.59054],[117.89081,46.58844],[117.89204,46.58518],[117.89246,46.58302],[117.89107,46.58113],[117.88872,46.5803],[117.88564,46.58],[117.88193,46.57969],[117.87793,46.5791],[117.8754,46.5788],[117.87139,46.5778],[117.86632,46.57595],[117.86237,46.57322],[117.85953,46.5701],[117.85892,46.56644],[117.85865,46.56403],[117.85904,46.56153],[117.85911,46.56062],[117.85989,46.55813],[117.86169,46.55592],[117.86355,46.55291],[117.86464,46.54992],[117.86362,46.54743],[117.86069,46.54482],[117.85797,46.54315],[117.85433,46.54095],[117.85116,46.53935],[117.84752,46.53704],[117.84372,46.53556],[117.84051,46.53406],[117.83799,46.53301],[117.83485,46.53136],[117.83226,46.52992],[117.82874,46.52832],[117.82583,46.5282],[117.82178,46.52874],[117.8196,46.52975],[117.81889,46.52988],[117.81888,46.52988],[117.81888,46.52988],[117.81603,46.52988],[117.81422,46.52854],[117.81221,46.52798],[117.80912,46.52807],[117.80657,46.52835],[117.80309,46.52899],[117.80019,46.52974],[117.80018,46.52974],[117.80018,46.52974],[117.7999,46.52977],[117.79744,46.52997],[117.79712,46.52999],[117.79712,46.52999],[117.79711,46.52999],[117.7971,46.53],[117.795,46.52893],[117.7926,46.52824],[117.79021,46.52906],[117.78844,46.53008],[117.78607,46.53085],[117.78583,46.53093],[117.78183,46.53224],[117.778,46.53378],[117.77369,46.53455],[117.77368,46.53454],[117.77368,46.53455],[117.77367,46.53455],[117.77042,46.53405],[117.76797,46.53317],[117.76719,46.53276],[117.76566,46.53137],[117.76492,46.52929],[117.76393,46.52676],[117.76238,46.52485],[117.75915,46.52311],[117.75507,46.5222],[117.75205,46.5216],[117.74833,46.52076],[117.74573,46.51996],[117.74265,46.51904],[117.73803,46.51818],[117.73245,46.51735],[117.72825,46.517],[117.72578,46.51651],[117.72383,46.51524],[117.72154,46.51418],[117.71824,46.51279],[117.71289,46.51202],[117.70802,46.51171],[117.70428,46.51188],[117.70137,46.51236],[117.6983,46.51337],[117.69613,46.51437],[117.69415,46.5156],[117.69125,46.51679],[117.68779,46.51796],[117.68773,46.51799],[117.68772,46.51799],[117.6872,46.51824],[117.68543,46.5191],[117.68487,46.51938],[117.68159,46.52111],[117.67822,46.52328],[117.67501,46.52539],[117.67202,46.52754],[117.66875,46.52949],[117.66473,46.53186],[117.66226,46.53375],[117.65927,46.53549],[117.65849,46.53605],[117.65574,46.53799],[117.6526,46.54037],[117.6486,46.54291],[117.64532,46.54498],[117.64124,46.54745],[117.63808,46.54947],[117.63589,46.55083],[117.63534,46.55118],[117.63391,46.55229],[117.6338,46.55268],[117.63319,46.55479],[117.63345,46.55639],[117.63328,46.55825],[117.63331,46.56024],[117.63343,46.56253],[117.63361,46.5644],[117.63354,46.56711],[117.63366,46.56903],[117.63326,46.57156],[117.63219,46.57454],[117.63114,46.57698],[117.63013,46.57891],[117.62931,46.5805],[117.62882,46.58109],[117.62705,46.58324],[117.6255,46.58508],[117.62436,46.58677],[117.62305,46.58865],[117.62128,46.59048],[117.6192,46.59228],[117.61652,46.59377],[117.61423,46.59472],[117.6111,46.59574],[117.60772,46.59646],[117.60464,46.59681],[117.60184,46.59726],[117.59855,46.59804],[117.59482,46.59908],[117.59287,46.59978],[117.58923,46.60098],[117.58691,46.60156],[117.5869,46.60156],[117.5845,46.60156],[117.5845,46.60156],[117.58323,46.60054],[117.58268,46.5994],[117.58223,46.59782],[117.58195,46.59629],[117.58096,46.59444],[117.57944,46.59285],[117.57665,46.59223],[117.57662,46.59223],[117.5746,46.59225],[117.5746,46.59225],[117.57421,46.59231],[117.57265,46.59256],[117.57098,46.59298],[117.56883,46.59341],[117.5685,46.59349],[117.56842,46.59351],[117.56818,46.59356],[117.56715,46.59379],[117.56601,46.59404],[117.56572,46.59411],[117.56554,46.59415],[117.56483,46.59431],[117.5621,46.59515],[117.55959,46.59602],[117.55601,46.59701],[117.55362,46.59765],[117.54977,46.59786],[117.54977,46.59786],[117.54977,46.59786],[117.54977,46.59786],[117.54606,46.59734],[117.5443,46.59696],[117.5415,46.59627],[117.53812,46.59558],[117.53593,46.59526],[117.5338,46.59509],[117.53209,46.59504],[117.53079,46.59518],[117.53079,46.59518],[117.53079,46.59518],[117.53079,46.59518],[117.52861,46.59492],[117.52728,46.59427],[117.52628,46.59345],[117.52458,46.59209],[117.52274,46.59018],[117.52139,46.58846],[117.51959,46.587],[117.51852,46.5862],[117.5177,46.58584],[117.51644,46.58603],[117.51533,46.58641],[117.51404,46.58693],[117.51313,46.58762],[117.5126,46.58806],[117.51125,46.58906],[117.51073,46.58945],[117.50979,46.59033],[117.50906,46.59113],[117.50821,46.59208],[117.50704,46.59321],[117.50561,46.59446],[117.5039,46.59543],[117.50168,46.59634],[117.50053,46.5966],[117.50053,46.5966],[117.50053,46.5966],[117.49851,46.59647],[117.49441,46.59624],[117.49162,46.59626],[117.49162,46.59626],[117.49162,46.59626],[117.48797,46.5953],[117.4862,46.59467],[117.48458,46.59402],[117.48283,46.59266],[117.48077,46.59111],[117.47788,46.58925],[117.4749,46.58747],[117.47127,46.58591],[117.46823,46.58476],[117.46417,46.58384],[117.45988,46.58289],[117.45584,46.58229],[117.45049,46.58175],[117.44593,46.58113],[117.43941,46.58028],[117.43535,46.57978],[117.4316,46.57973],[117.42834,46.57943],[117.42421,46.57939],[117.42152,46.57954],[117.41909,46.57965],[117.41676,46.57975],[117.41676,46.57975],[117.41676,46.57975],[117.41574,46.57909],[117.4149,46.57804],[117.43997,46.52431],[117.39314,46.47897],[117.36984,46.40763],[117.37921,46.39799],[117.3684,46.36063],[117.24232,46.36418],[117.24232,46.36418],[117.24232,46.36418],[117.07976,46.35318],[117.00157,46.36206],[117.0014,46.36208],[116.99802,46.36246],[116.99716,46.36318],[116.99529,46.36366],[116.992,46.36409],[116.98819,46.36448],[116.98443,46.36477],[116.9793,46.36524],[116.97438,46.36604],[116.96925,46.36687],[116.96458,46.3674],[116.95933,46.36835],[116.95425,46.36878],[116.94772,46.36963],[116.94113,46.37057],[116.93578,46.3712],[116.93102,46.37193],[116.92764,46.37242],[116.92214,46.37331],[116.91709,46.37426],[116.91335,46.37489],[116.90938,46.37539],[116.9082,46.37544],[116.90446,46.37585],[116.90052,46.37665],[116.8987,46.37713],[116.8987,46.37713],[116.8987,46.37713],[116.8987,46.37713],[116.8984,46.37709],[116.89816,46.37706],[116.89755,46.37698],[116.89658,46.37604],[116.89611,46.37546],[116.89427,46.37428],[116.89176,46.37339],[116.88847,46.37312],[116.88538,46.37302],[116.88217,46.37321],[116.87863,46.37357],[116.8752,46.3744],[116.87077,46.3756],[116.86753,46.37565],[116.86753,46.37565],[116.86753,46.37565],[116.8644,46.3755],[116.86031,46.3764],[116.85811,46.37743],[116.85521,46.37843],[116.85206,46.37986],[116.84882,46.38136],[116.84392,46.38227],[116.83891,46.38243],[116.8389,46.38243],[116.8389,46.38243],[116.83615,46.38224],[116.83245,46.3814],[116.83055,46.38093],[116.82712,46.37963],[116.82344,46.37795],[116.82029,46.37675],[116.81761,46.3746],[116.81583,46.37217],[116.81461,46.3693],[116.81391,46.366],[116.8133,46.36298],[116.81355,46.36055],[116.81333,46.35824],[116.81322,46.35678],[116.81285,46.35553],[116.81287,46.35494],[116.81253,46.35455],[116.81085,46.35392],[116.8077,46.35308],[116.80539,46.35226],[116.80136,46.35171],[116.79735,46.35119],[116.79461,46.35075],[116.79268,46.35027],[116.7891,46.34951],[116.78605,46.34883],[116.78154,46.34808],[116.77863,46.34718],[116.77582,46.34598],[116.77286,46.34458],[116.76966,46.34251],[116.76596,46.3401],[116.76385,46.33854],[116.76242,46.33595],[116.76168,46.33406],[116.76114,46.3322],[116.76085,46.33131],[116.76058,46.33054],[116.76035,46.32963],[116.75993,46.32899],[116.66121,46.32052],[116.65336,46.31909],[116.59709,46.30227],[116.5776,46.28841],[116.57801,46.28802],[116.56943,46.26476],[116.56569,46.25363],[116.5617,46.25019],[116.51835,46.21876],[116.49455,46.19749],[116.4412,46.14631],[116.43553,46.14053],[116.43308,46.13923],[116.42917,46.13779],[116.42238,46.13691],[116.41089,46.1324],[116.40185,46.12596],[116.36672,46.08601],[116.3648,46.08378],[116.36038,46.07866],[116.35444,46.0817],[116.31012,46.11485],[116.2805,46.13698],[116.11781,46.32886],[116.15482,46.40844],[116.10414,46.47488],[116.19438,46.60116],[116.38556,46.61227],[116.38556,46.61227],[116.3877,46.61193],[116.3877,46.61193],[116.55385,46.58554],[116.55385,46.58554],[116.91841,46.6814],[116.97666,46.69657],[117.05957,46.72201],[117.36215,46.82957],[117.3647,46.83048],[117.3647,46.83048],[117.54799,46.78342],[117.54799,46.78342],[117.74509,46.79565],[118.07239,46.83018],[118.26458,46.87045],[118.26459,46.87045],[118.375,46.80223],[118.46267,46.74076]]]}},{"type":"Feature","properties":{"name":"Хөгнө-Тарна","type":"Байгалийн цогцолборт газар"},"geometry":{"type":"Polygon","coordinates":[[[103.61649,47.62529],[103.73376,47.60615],[103.8007,47.62043],[103.80888,47.61169],[103.78849,47.59498],[103.82512,47.57103],[103.80533,47.53399],[103.77495,47.44805],[103.70491,47.39194],[103.72111,47.37523],[103.77446,47.33886],[103.82767,47.33366],[103.89194,47.28322],[103.91397,47.27115],[103.91679,47.23901],[103.95789,47.17485],[103.93623,47.12837],[103.86858,47.13098],[103.83331,47.1675],[103.69442,47.23954],[103.69346,47.23996],[103.69209,47.2408],[103.69064,47.24157],[103.68957,47.24241],[103.68855,47.24284],[103.68703,47.24323],[103.6851,47.2435],[103.68312,47.24448],[103.68147,47.24522],[103.67932,47.2464],[103.67785,47.24732],[103.67658,47.24827],[103.67574,47.24911],[103.67497,47.25025],[103.67439,47.25174],[103.67365,47.25381],[103.67298,47.25583],[103.67246,47.25761],[103.67188,47.25901],[103.67145,47.26021],[103.67109,47.26076],[103.6701,47.26154],[103.66859,47.26228],[103.66708,47.26291],[103.66643,47.26343],[103.66481,47.2657],[103.6638,47.26692],[103.66215,47.26852],[103.65975,47.2703],[103.65672,47.27214],[103.65286,47.27509],[103.65119,47.27633],[103.64919,47.27742],[103.64739,47.27834],[103.64587,47.27888],[103.64536,47.27908],[103.64507,47.2793],[103.64461,47.27965],[103.64446,47.28007],[103.64432,47.28051],[103.64431,47.28085],[103.64436,47.281],[103.64443,47.28115],[103.64466,47.28156],[103.6449,47.28183],[103.64525,47.28233],[103.64535,47.28263],[103.64532,47.28292],[103.64523,47.28323],[103.64514,47.28355],[103.64458,47.2845],[103.64425,47.28534],[103.64407,47.28637],[103.64384,47.28675],[103.64375,47.28713],[103.64323,47.28794],[103.64177,47.28923],[103.64025,47.29071],[103.63967,47.29171],[103.63969,47.29202],[103.63976,47.29218],[103.64,47.29237],[103.64068,47.29263],[103.64139,47.29282],[103.64302,47.29295],[103.64503,47.29287],[103.64543,47.29295],[103.64564,47.29315],[103.64563,47.29344],[103.64557,47.29364],[103.64513,47.29412],[103.64395,47.29478],[103.64358,47.29508],[103.64341,47.29541],[103.64327,47.2957],[103.64326,47.29601],[103.64331,47.29617],[103.64344,47.29636],[103.64409,47.29672],[103.6453,47.2969],[103.64657,47.29692],[103.64686,47.297],[103.64751,47.29742],[103.64799,47.29824],[103.64826,47.29895],[103.64825,47.29936],[103.64814,47.2996],[103.64793,47.29982],[103.64691,47.30022],[103.64651,47.30046],[103.64629,47.30075],[103.64623,47.30307],[103.64636,47.30413],[103.64659,47.30553],[103.64648,47.30582],[103.64623,47.30609],[103.64545,47.30657],[103.64529,47.30676],[103.6452,47.30706],[103.6451,47.30799],[103.64499,47.3093],[103.64466,47.31059],[103.64418,47.31182],[103.64409,47.31223],[103.64413,47.31255],[103.64421,47.31282],[103.64441,47.31313],[103.64467,47.3134],[103.6462,47.31448],[103.64656,47.31481],[103.64682,47.31512],[103.64689,47.31541],[103.64693,47.31572],[103.64688,47.31599],[103.64684,47.31629],[103.64622,47.31702],[103.64484,47.31809],[103.64374,47.3187],[103.64342,47.31892],[103.64314,47.3193],[103.64308,47.31966],[103.6431,47.32018],[103.6434,47.32051],[103.64371,47.32073],[103.64408,47.32084],[103.64453,47.32085],[103.64477,47.32087],[103.64561,47.32094],[103.64617,47.32089],[103.64662,47.32095],[103.64693,47.32114],[103.64697,47.3215],[103.64677,47.32216],[103.64653,47.32246],[103.64604,47.32285],[103.64518,47.32354],[103.64359,47.32448],[103.6427,47.32532],[103.64228,47.3261],[103.64203,47.32673],[103.64205,47.32772],[103.64207,47.32923],[103.64194,47.33005],[103.6418,47.33038],[103.6415,47.3307],[103.64094,47.33097],[103.63992,47.33144],[103.63968,47.33159],[103.6396,47.33177],[103.63964,47.33198],[103.64016,47.33247],[103.64034,47.33275],[103.64036,47.33302],[103.64027,47.33335],[103.63999,47.33368],[103.63946,47.33401],[103.63841,47.33452],[103.63752,47.33521],[103.63719,47.33566],[103.63642,47.33694],[103.63544,47.33818],[103.63438,47.33917],[103.63306,47.3401],[103.63188,47.34159],[103.63101,47.34243],[103.63061,47.34359],[103.63017,47.34449],[103.62986,47.34497],[103.62964,47.3452],[103.62899,47.34572],[103.62862,47.34597],[103.62848,47.34624],[103.62839,47.34654],[103.62836,47.34677],[103.62827,47.34705],[103.62805,47.34732],[103.62714,47.34766],[103.62674,47.34784],[103.62647,47.34805],[103.62625,47.34829],[103.62601,47.34929],[103.62603,47.3496],[103.62598,47.34986],[103.62583,47.35011],[103.6242,47.35094],[103.62374,47.35126],[103.62339,47.35153],[103.62301,47.35185],[103.62276,47.3521],[103.62218,47.35311],[103.62101,47.35448],[103.61978,47.35578],[103.61887,47.35644],[103.6175,47.35704],[103.6161,47.35795],[103.61441,47.3588],[103.61286,47.35946],[103.61129,47.35978],[103.61062,47.36],[103.61006,47.36018],[103.60874,47.36093],[103.60742,47.36183],[103.60638,47.36286],[103.60598,47.36329],[103.60519,47.36427],[103.60426,47.36609],[103.60404,47.36654],[103.6039,47.36682],[103.60355,47.36714],[103.60317,47.3674],[103.60239,47.36809],[103.60174,47.3684],[103.60133,47.36881],[103.60124,47.36909],[103.60119,47.36934],[103.60126,47.3696],[103.60139,47.36981],[103.60196,47.37021],[103.60219,47.37051],[103.60213,47.37081],[103.60207,47.37102],[103.60194,47.37113],[103.60167,47.37117],[103.60133,47.3711],[103.60072,47.37093],[103.59968,47.37039],[103.59941,47.37041],[103.5992,47.37054],[103.59911,47.3707],[103.59916,47.37101],[103.59937,47.37167],[103.5996,47.37214],[103.59962,47.37249],[103.59959,47.37279],[103.59939,47.37315],[103.59887,47.37395],[103.59802,47.3747],[103.59765,47.37502],[103.59743,47.3753],[103.59734,47.37564],[103.59736,47.37592],[103.59738,47.3761],[103.59748,47.37638],[103.59771,47.37671],[103.59809,47.37729],[103.59813,47.37763],[103.59815,47.37798],[103.59811,47.37835],[103.59772,47.37915],[103.597,47.38027],[103.59608,47.38183],[103.59476,47.38308],[103.59438,47.38335],[103.59389,47.3836],[103.59306,47.38391],[103.59152,47.38405],[103.59113,47.38426],[103.59096,47.38453],[103.5909,47.38481],[103.59097,47.38509],[103.59143,47.38551],[103.59172,47.38583],[103.59215,47.38653],[103.59248,47.38725],[103.59299,47.38785],[103.59402,47.38874],[103.5946,47.38919],[103.59501,47.38963],[103.59509,47.38975],[103.59524,47.38998],[103.59561,47.39091],[103.59566,47.39204],[103.59565,47.39246],[103.59559,47.39273],[103.59537,47.39291],[103.59515,47.39296],[103.59484,47.393],[103.59447,47.39297],[103.59341,47.39261],[103.59296,47.39265],[103.59259,47.39283],[103.59232,47.39311],[103.59212,47.39352],[103.59216,47.39403],[103.59199,47.39543],[103.59188,47.39663],[103.59207,47.39741],[103.59208,47.39799],[103.59207,47.39838],[103.59196,47.3988],[103.59174,47.39902],[103.59144,47.39932],[103.59106,47.39959],[103.59074,47.39973],[103.58978,47.39999],[103.58927,47.40015],[103.58825,47.40067],[103.58771,47.40096],[103.58723,47.40118],[103.58685,47.40127],[103.58646,47.40124],[103.58614,47.40119],[103.5853,47.40079],[103.58507,47.40072],[103.58478,47.40074],[103.5844,47.40083],[103.58395,47.40105],[103.5836,47.40123],[103.58311,47.40148],[103.58138,47.40203],[103.58099,47.40231],[103.58089,47.40258],[103.58096,47.4029],[103.58136,47.40349],[103.5817,47.40384],[103.58193,47.40411],[103.58195,47.40437],[103.58192,47.40464],[103.5818,47.40487],[103.58096,47.4059],[103.58057,47.40627],[103.57993,47.40665],[103.57952,47.40692],[103.5793,47.40715],[103.5793,47.40743],[103.57934,47.40773],[103.57957,47.40805],[103.5799,47.4084],[103.58018,47.40875],[103.58026,47.409],[103.58031,47.40924],[103.58017,47.40947],[103.57987,47.40963],[103.57934,47.40974],[103.57773,47.4095],[103.57728,47.40955],[103.57717,47.40968],[103.57716,47.40987],[103.57718,47.41014],[103.57749,47.4105],[103.5777,47.41075],[103.57766,47.41101],[103.57747,47.41119],[103.57681,47.41145],[103.5764,47.41171],[103.57597,47.41195],[103.5758,47.41223],[103.57566,47.41248],[103.57542,47.41285],[103.57516,47.41309],[103.57479,47.41327],[103.57423,47.41348],[103.57291,47.41357],[103.5724,47.41368],[103.5721,47.41384],[103.57191,47.41411],[103.57179,47.41441],[103.57185,47.41501],[103.57191,47.41522],[103.57208,47.41552],[103.57242,47.41571],[103.57374,47.41591],[103.57437,47.41606],[103.57461,47.41631],[103.57462,47.41657],[103.57459,47.4168],[103.57451,47.41705],[103.57434,47.41728],[103.57392,47.41799],[103.57375,47.41827],[103.57375,47.41857],[103.57382,47.41884],[103.57419,47.4191],[103.57449,47.4194],[103.57459,47.41968],[103.57461,47.42017],[103.57452,47.42042],[103.57438,47.42067],[103.57336,47.42135],[103.57204,47.42207],[103.57008,47.42283],[103.56963,47.42308],[103.56932,47.42338],[103.56909,47.4242],[103.56873,47.42604],[103.56869,47.42639],[103.56879,47.42669],[103.56918,47.42702],[103.56973,47.4273],[103.57018,47.42777],[103.57023,47.42816],[103.57022,47.4285],[103.57013,47.42876],[103.56992,47.42892],[103.568,47.42908],[103.5675,47.42916],[103.56712,47.42934],[103.56687,47.42962],[103.56655,47.42991],[103.56612,47.43014],[103.56571,47.43034],[103.56555,47.43053],[103.56554,47.43103],[103.56573,47.43175],[103.56577,47.43214],[103.56574,47.43237],[103.56557,47.43267],[103.56525,47.43292],[103.56403,47.4338],[103.56374,47.43401],[103.56336,47.4341],[103.56275,47.43414],[103.56133,47.43386],[103.55991,47.434],[103.55954,47.43414],[103.55922,47.43432],[103.55891,47.43487],[103.55878,47.4357],[103.55877,47.43613],[103.55885,47.43644],[103.55907,47.43674],[103.55954,47.43709],[103.55985,47.43735],[103.55995,47.43756],[103.55994,47.43776],[103.55999,47.43797],[103.55999,47.43823],[103.55965,47.43884],[103.55949,47.43919],[103.55916,47.43937],[103.55871,47.43941],[103.55804,47.43931],[103.55762,47.43935],[103.55725,47.43948],[103.55682,47.43973],[103.55639,47.43998],[103.55494,47.44049],[103.55306,47.44114],[103.55261,47.44136],[103.55236,47.44161],[103.55183,47.4425],[103.55137,47.44303],[103.55112,47.44326],[103.55106,47.44353],[103.55109,47.44379],[103.55118,47.44411],[103.55117,47.44439],[103.55103,47.4446],[103.55077,47.44471],[103.55023,47.44479],[103.54993,47.44502],[103.54993,47.44516],[103.54997,47.44553],[103.55045,47.44584],[103.55073,47.44611],[103.55075,47.44637],[103.55066,47.44666],[103.55049,47.44696],[103.55012,47.44721],[103.54968,47.44746],[103.54848,47.44793],[103.54818,47.4482],[103.54807,47.44847],[103.54803,47.44875],[103.54802,47.44928],[103.54798,47.44961],[103.54797,47.44991],[103.54765,47.45029],[103.54681,47.45077],[103.54435,47.45247],[103.54313,47.45344],[103.5424,47.4539],[103.54202,47.454],[103.54163,47.45405],[103.54083,47.45401],[103.54038,47.45403],[103.5399,47.45405],[103.53944,47.45415],[103.53894,47.45429],[103.53856,47.45456],[103.53815,47.45495],[103.53796,47.45525],[103.5379,47.45564],[103.5378,47.45605],[103.53761,47.45633],[103.53734,47.45657],[103.53688,47.45678],[103.53645,47.45693],[103.53481,47.45714],[103.53435,47.45727],[103.53392,47.45752],[103.53354,47.45782],[103.53315,47.4583],[103.53196,47.46012],[103.53152,47.4609],[103.53121,47.46134],[103.53107,47.46168],[103.53104,47.46193],[103.5311,47.46265],[103.53124,47.46302],[103.53152,47.46344],[103.53168,47.46374],[103.53159,47.46402],[103.53145,47.46429],[103.53098,47.46479],[103.52971,47.46577],[103.52938,47.46604],[103.52886,47.46656],[103.52869,47.46684],[103.52847,47.46741],[103.52837,47.46836],[103.52843,47.46875],[103.5284,47.46896],[103.52818,47.46914],[103.52783,47.46936],[103.52673,47.46972],[103.52633,47.4699],[103.52596,47.47008],[103.52563,47.47031],[103.52535,47.47058],[103.52513,47.47087],[103.52502,47.47113],[103.52506,47.47147],[103.52511,47.47173],[103.52531,47.4721],[103.52544,47.47238],[103.52543,47.47266],[103.5254,47.47293],[103.52515,47.47343],[103.52479,47.47369],[103.52457,47.47396],[103.52451,47.47419],[103.52445,47.47444],[103.52444,47.47474],[103.52464,47.47606],[103.52461,47.47631],[103.52452,47.47659],[103.52444,47.47686],[103.5239,47.47725],[103.52212,47.47808],[103.52137,47.47844],[103.52097,47.47871],[103.52064,47.47896],[103.52052,47.47921],[103.52052,47.47949],[103.52056,47.47979],[103.52079,47.48005],[103.5217,47.48091],[103.52216,47.48133],[103.52252,47.48168],[103.52264,47.48205],[103.52272,47.48235],[103.52251,47.48307],[103.52194,47.48444],[103.52184,47.48529],[103.52183,47.48566],[103.52184,47.4861],[103.52191,47.48654],[103.52201,47.48682],[103.52197,47.48707],[103.52186,47.4873],[103.52156,47.48753],[103.52124,47.48768],[103.52081,47.48775],[103.51962,47.48766],[103.519,47.48779],[103.51871,47.48791],[103.51836,47.48815],[103.51796,47.48833],[103.51759,47.48842],[103.51716,47.48846],[103.51655,47.48838],[103.51595,47.48826],[103.51547,47.48809],[103.51499,47.48802],[103.51463,47.48804],[103.51438,47.48812],[103.51424,47.48831],[103.51407,47.48878],[103.51398,47.48918],[103.51386,47.48962],[103.5135,47.49015],[103.51265,47.49108],[103.51172,47.49213],[103.5112,47.49272],[103.51111,47.49302],[103.51113,47.49327],[103.51118,47.49355],[103.5113,47.49378],[103.5117,47.49404],[103.51241,47.49428],[103.51271,47.49451],[103.51276,47.49477],[103.51262,47.49502],[103.51215,47.49553],[103.51201,47.49596],[103.512,47.49628],[103.51209,47.49693],[103.51216,47.49723],[103.51205,47.49813],[103.51167,47.49874],[103.51128,47.49899],[103.51109,47.49924],[103.51109,47.49947],[103.51118,47.49969],[103.5114,47.49987],[103.51147,47.50008],[103.51138,47.50035],[103.51105,47.50084],[103.51091,47.50106],[103.51085,47.50136],[103.51081,47.50169],[103.51088,47.50203],[103.51098,47.50231],[103.51147,47.50264],[103.51252,47.50325],[103.51275,47.50351],[103.51285,47.50383],[103.51284,47.50415],[103.5128,47.5045],[103.51274,47.50487],[103.51242,47.50597],[103.51228,47.50694],[103.51215,47.50719],[103.51195,47.50744],[103.51173,47.50769],[103.51095,47.50803],[103.51047,47.50832],[103.51043,47.5086],[103.51045,47.50878],[103.5105,47.50899],[103.51063,47.50923],[103.51109,47.50999],[103.51183,47.51104],[103.51199,47.51173],[103.5118,47.51258],[103.51175,47.51279],[103.5116,47.51302],[103.51118,47.51331],[103.51002,47.51392],[103.50955,47.51421],[103.50928,47.51451],[103.50914,47.51474],[103.509,47.51499],[103.50894,47.51531],[103.5089,47.51564],[103.509,47.51591],[103.50938,47.51643],[103.5099,47.51687],[103.51081,47.51757],[103.51138,47.51804],[103.51164,47.51832],[103.51174,47.51855],[103.51184,47.51888],[103.5118,47.51913],[103.5117,47.51936],[103.51139,47.51963],[103.51056,47.52013],[103.5098,47.52065],[103.50919,47.52124],[103.50908,47.52156],[103.5091,47.52182],[103.50917,47.52209],[103.50935,47.52237],[103.50966,47.52268],[103.50992,47.52296],[103.50999,47.52319],[103.50996,47.5234],[103.50979,47.5237],[103.50928,47.52404],[103.50906,47.52431],[103.509,47.52443],[103.50895,47.52518],[103.50921,47.52551],[103.50983,47.52614],[103.51055,47.52689],[103.51078,47.52724],[103.51093,47.52756],[103.51091,47.52837],[103.51072,47.52952],[103.51086,47.52985],[103.51116,47.53054],[103.51176,47.53119],[103.51217,47.53166],[103.51266,47.53188],[103.51315,47.53197],[103.51421,47.53205],[103.51486,47.5323],[103.51551,47.53271],[103.51575,47.533],[103.51579,47.53325],[103.51583,47.5336],[103.51582,47.53399],[103.51559,47.53475],[103.51518,47.5359],[103.51473,47.53691],[103.51445,47.53738],[103.51431,47.53777],[103.51433,47.5381],[103.51461,47.53833],[103.51498,47.53859],[103.51597,47.53923],[103.51622,47.53957],[103.51643,47.53992],[103.51649,47.54015],[103.51644,47.54041],[103.51638,47.54062],[103.51616,47.54091],[103.51581,47.54118],[103.51432,47.5419],[103.51397,47.54213],[103.51394,47.54236],[103.51402,47.54255],[103.51427,47.54276],[103.51479,47.54304],[103.51604,47.54329],[103.5167,47.54343],[103.51693,47.54364],[103.51714,47.54392],[103.51718,47.54416],[103.51715,47.54441],[103.51703,47.54475],[103.51673,47.545],[103.51526,47.54556],[103.51477,47.54581],[103.51463,47.54606],[103.51463,47.54636],[103.51474,47.54691],[103.51505,47.5472],[103.51547,47.54741],[103.51604,47.54762],[103.51729,47.54803],[103.51765,47.54834],[103.51783,47.54852],[103.51782,47.5488],[103.51776,47.54903],[103.51741,47.54928],[103.51616,47.55016],[103.51605,47.55039],[103.51604,47.55062],[103.51614,47.5508],[103.51643,47.55102],[103.51722,47.55121],[103.51902,47.5514],[103.51955,47.55161],[103.51997,47.55191],[103.52014,47.55215],[103.52016,47.5524],[103.52013,47.55273],[103.52002,47.55295],[103.51991,47.55313],[103.51964,47.5532],[103.51887,47.55322],[103.51679,47.55328],[103.51644,47.55348],[103.51625,47.55374],[103.51624,47.55399],[103.51626,47.55429],[103.51633,47.55464],[103.51694,47.55571],[103.51736,47.55652],[103.51772,47.55691],[103.51809,47.55717],[103.51869,47.5575],[103.51967,47.55777],[103.5203,47.55796],[103.52051,47.55808],[103.52074,47.55834],[103.52081,47.55857],[103.52089,47.5588],[103.52104,47.55906],[103.52153,47.55947],[103.52166,47.55976],[103.52187,47.5605],[103.52202,47.56107],[103.52214,47.56138],[103.52243,47.56163],[103.52271,47.56189],[103.52306,47.56215],[103.52379,47.56243],[103.52426,47.56276],[103.52433,47.56293],[103.52425,47.56315],[103.524,47.56327],[103.52363,47.56338],[103.52312,47.5634],[103.5218,47.56319],[103.52132,47.56326],[103.52105,47.56339],[103.52094,47.56362],[103.52093,47.5639],[103.5209,47.56475],[103.521,47.56503],[103.52105,47.56528],[103.5211,47.56554],[103.52103,47.56579],[103.52082,47.56683],[103.52084,47.56713],[103.52086,47.56742],[103.52106,47.56768],[103.52132,47.56794],[103.52187,47.56829],[103.52324,47.56872],[103.52361,47.56903],[103.52378,47.56933],[103.524,47.57002],[103.52425,47.57039],[103.52451,47.57066],[103.52493,47.57084],[103.5259,47.57145],[103.52616,47.57171],[103.52628,47.57199],[103.52628,47.57225],[103.52616,47.57252],[103.52605,47.57282],[103.52563,47.57348],[103.52549,47.5738],[103.52546,47.57406],[103.52547,47.57431],[103.5256,47.57456],[103.52592,47.57478],[103.52702,47.57534],[103.52735,47.57562],[103.52771,47.57604],[103.52816,47.57713],[103.5284,47.57827],[103.52868,47.57961],[103.52894,47.57989],[103.52919,47.58015],[103.52966,47.58038],[103.5303,47.58051],[103.53136,47.58054],[103.53218,47.58083],[103.53233,47.58102],[103.53238,47.58115],[103.53285,47.58232],[103.53329,47.58379],[103.53395,47.58504],[103.53423,47.58536],[103.53829,47.59228],[103.57633,47.60863],[103.61649,47.62529]]]}},{"type":"Feature","properties":{"name":"Молцог элс","type":"Байгалийн цогцолборт газар"},"geometry":{"type":"Polygon","coordinates":[[[105.88604,47.81974],[105.88313,47.8196],[105.88025,47.81979],[105.87745,47.82032],[105.87482,47.82116],[105.87247,47.82231],[105.87043,47.82371],[105.86877,47.82533],[105.86758,47.82711],[105.86686,47.82901],[105.86665,47.83096],[105.86693,47.83292],[105.86771,47.8348],[105.86897,47.83657],[105.87067,47.83816],[105.87275,47.83953],[105.87514,47.84063],[105.87781,47.84145],[105.88062,47.84193],[105.88351,47.84208],[105.88642,47.84188],[105.88921,47.84135],[105.89185,47.8405],[105.8942,47.83936],[105.89624,47.83796],[105.89789,47.83634],[105.89909,47.83456],[105.8998,47.83266],[105.90001,47.8307],[105.89973,47.82875],[105.89896,47.82687],[105.8977,47.8251],[105.89601,47.82351],[105.89391,47.82214],[105.89151,47.82104],[105.88885,47.82023],[105.88604,47.81974]]]}},{"type":"Feature","properties":{"name":"Ханжаргалант","type":"Байгалийн нөөц газар"},"geometry":{"type":"Polygon","coordinates":[[[103.21601,49.33024],[103.21837,49.32842],[103.2197,49.32626],[103.22011,49.32538],[103.22066,49.32376],[103.22077,49.32244],[103.22068,49.32108],[103.22036,49.3203],[103.21933,49.31815],[103.21864,49.31633],[103.21838,49.31551],[103.21849,49.31451],[103.21884,49.31331],[103.21972,49.31223],[103.22086,49.31125],[103.22234,49.3106],[103.22494,49.31],[103.22899,49.30933],[103.23253,49.30916],[103.23467,49.30938],[103.23603,49.30965],[103.23752,49.31],[103.24108,49.31143],[103.24383,49.31227],[103.24706,49.31221],[103.27658,49.30608],[103.30383,49.29538],[103.3241,49.28969],[103.32425,49.28952],[103.32462,49.28894],[103.32485,49.28863],[103.32486,49.28837],[103.32487,49.28825],[103.32461,49.2881],[103.32407,49.28804],[103.32368,49.28771],[103.32338,49.28759],[103.3228,49.28758],[103.32223,49.28751],[103.32201,49.28734],[103.32198,49.28699],[103.32217,49.28647],[103.32268,49.28595],[103.32304,49.28561],[103.32313,49.28522],[103.32309,49.28502],[103.32297,49.28458],[103.32299,49.28408],[103.32314,49.28377],[103.32377,49.28331],[103.32396,49.28294],[103.32397,49.28253],[103.32387,49.28172],[103.32397,49.28139],[103.32429,49.28108],[103.32496,49.28094],[103.32549,49.2809],[103.32585,49.28078],[103.3259,49.28061],[103.32605,49.28015],[103.32637,49.27986],[103.327,49.2797],[103.32727,49.27953],[103.32742,49.27918],[103.3277,49.27875],[103.32818,49.27827],[103.32827,49.27816],[103.32833,49.27781],[103.32835,49.27729],[103.32848,49.27709],[103.3293,49.27661],[103.32944,49.27646],[103.32945,49.27603],[103.32929,49.27559],[103.32902,49.2746],[103.32892,49.27361],[103.32905,49.27299],[103.32928,49.27261],[103.32954,49.27134],[103.32969,49.27108],[103.33028,49.27057],[103.33051,49.27025],[103.33061,49.26993],[103.33083,49.269],[103.33092,49.2688],[103.3311,49.26863],[103.33173,49.26847],[103.33241,49.26813],[103.33273,49.26778],[103.33343,49.26692],[103.33392,49.26655],[103.33482,49.26624],[103.33532,49.26614],[103.3355,49.2659],[103.33623,49.26463],[103.33679,49.26421],[103.33765,49.26385],[103.33788,49.26369],[103.33795,49.26341],[103.33823,49.26279],[103.3387,49.26235],[103.33878,49.26215],[103.33879,49.26173],[103.33898,49.26133],[103.33918,49.26078],[103.33926,49.26039],[103.33942,49.2599],[103.33982,49.25958],[103.34032,49.25938],[103.34079,49.25936],[103.34093,49.25934],[103.341,49.2593],[103.34109,49.25883],[103.34142,49.25856],[103.34178,49.25833],[103.34196,49.25822],[103.34206,49.25806],[103.34194,49.25748],[103.34198,49.25702],[103.34213,49.25673],[103.34265,49.25651],[103.34317,49.25639],[103.34337,49.25629],[103.34355,49.25608],[103.3439,49.25569],[103.34425,49.25553],[103.34502,49.25541],[103.3457,49.25542],[103.34596,49.25535],[103.34605,49.25511],[103.34618,49.25483],[103.34635,49.25467],[103.34684,49.25443],[103.34756,49.25429],[103.34784,49.25428],[103.34798,49.25419],[103.34811,49.25406],[103.34835,49.25343],[103.3485,49.25328],[103.3489,49.25314],[103.34973,49.25295],[103.35007,49.25274],[103.35016,49.25259],[103.35029,49.25211],[103.35044,49.25163],[103.35074,49.25121],[103.35147,49.25071],[103.35182,49.25035],[103.35188,49.25007],[103.35155,49.24915],[103.35155,49.24891],[103.35174,49.24847],[103.35236,49.24801],[103.35325,49.24723],[103.35357,49.24685],[103.35372,49.24657],[103.35391,49.24592],[103.35406,49.24565],[103.35461,49.24528],[103.35513,49.24501],[103.35548,49.24475],[103.3559,49.24426],[103.35651,49.24373],[103.35703,49.24344],[103.3577,49.24326],[103.35869,49.24324],[103.35903,49.24321],[103.35949,49.24299],[103.36025,49.24266],[103.3612,49.24245],[103.36166,49.24231],[103.36195,49.24209],[103.36237,49.24133],[103.36279,49.24087],[103.3633,49.24056],[103.36414,49.24035],[103.36502,49.24031],[103.36533,49.24026],[103.36571,49.23996],[103.36604,49.23962],[103.36652,49.23931],[103.36696,49.23907],[103.3672,49.23887],[103.36749,49.23843],[103.36759,49.238],[103.36783,49.23723],[103.36833,49.23663],[103.36961,49.23585],[103.3707,49.23538],[103.37106,49.23508],[103.3712,49.23481],[103.37105,49.23432],[103.37046,49.23335],[103.37046,49.23318],[103.37055,49.23301],[103.37107,49.23242],[103.3714,49.23199],[103.3717,49.23137],[103.37217,49.231],[103.3728,49.2309],[103.37339,49.23083],[103.3737,49.23082],[103.37388,49.23073],[103.37405,49.23049],[103.3744,49.23022],[103.37527,49.22974],[103.37585,49.22947],[103.37614,49.22924],[103.37653,49.22876],[103.37666,49.22841],[103.37689,49.2276],[103.37709,49.2272],[103.37762,49.22678],[103.37795,49.22654],[103.37807,49.22629],[103.37808,49.22596],[103.37804,49.22517],[103.37814,49.2249],[103.37837,49.22453],[103.37884,49.22406],[103.37891,49.22387],[103.37895,49.22328],[103.37904,49.22298],[103.37925,49.22267],[103.3797,49.22211],[103.38004,49.22153],[103.38017,49.2212],[103.38016,49.22088],[103.38002,49.22012],[103.38013,49.21943],[103.38061,49.21867],[103.38112,49.21819],[103.38124,49.21797],[103.38134,49.2176],[103.38148,49.21695],[103.38163,49.21637],[103.38175,49.21615],[103.38217,49.21589],[103.38277,49.21546],[103.38298,49.21521],[103.38307,49.21501],[103.38326,49.2143],[103.38338,49.21261],[103.38358,49.21191],[103.3838,49.21176],[103.38427,49.21153],[103.38538,49.21103],[103.38589,49.21066],[103.38651,49.21029],[103.38688,49.21001],[103.38728,49.20947],[103.38773,49.20911],[103.38795,49.20882],[103.38806,49.20858],[103.38831,49.20758],[103.38869,49.20683],[103.38876,49.20641],[103.38882,49.20616],[103.38885,49.20569],[103.38899,49.20535],[103.38924,49.20512],[103.38979,49.20484],[103.39005,49.20467],[103.39017,49.20446],[103.39034,49.20405],[103.39066,49.20385],[103.3913,49.20356],[103.39162,49.20342],[103.39188,49.20322],[103.39194,49.20306],[103.39188,49.20285],[103.39178,49.20204],[103.39185,49.20189],[103.3921,49.20176],[103.39263,49.20155],[103.39287,49.20138],[103.39291,49.20105],[103.39292,49.20033],[103.39307,49.20011],[103.39341,49.1999],[103.39365,49.19972],[103.39379,49.19912],[103.39394,49.19891],[103.39433,49.19875],[103.39473,49.19868],[103.39498,49.19863],[103.3951,49.19854],[103.39516,49.19828],[103.39525,49.1978],[103.39542,49.19765],[103.39578,49.19752],[103.39628,49.1974],[103.39645,49.19727],[103.39648,49.19704],[103.39651,49.19671],[103.3966,49.19661],[103.39686,49.19652],[103.39724,49.19644],[103.39745,49.1964],[103.39758,49.1963],[103.39767,49.196],[103.3978,49.19589],[103.39805,49.19579],[103.39828,49.19574],[103.39851,49.19563],[103.39861,49.1954],[103.39878,49.19483],[103.39902,49.19457],[103.39949,49.19436],[103.40048,49.19403],[103.40091,49.19394],[103.40105,49.19392],[103.40118,49.1938],[103.40129,49.19331],[103.40137,49.19315],[103.4017,49.19288],[103.40206,49.1926],[103.40234,49.19221],[103.40257,49.19202],[103.40277,49.19192],[103.4031,49.19185],[103.40354,49.1918],[103.40385,49.19173],[103.40424,49.19149],[103.40455,49.19143],[103.40501,49.19143],[103.40539,49.19139],[103.40559,49.19128],[103.40585,49.19097],[103.40605,49.19067],[103.40645,49.1903],[103.40663,49.1902],[103.40688,49.19015],[103.40714,49.19004],[103.40741,49.1898],[103.40763,49.18951],[103.40793,49.18938],[103.40835,49.18936],[103.40868,49.18934],[103.40891,49.1893],[103.40917,49.18913],[103.40945,49.18895],[103.40971,49.18884],[103.40997,49.18876],[103.41019,49.18863],[103.41046,49.18841],[103.41061,49.18824],[103.41076,49.18815],[103.41098,49.18809],[103.41124,49.1881],[103.41161,49.1882],[103.41183,49.18824],[103.41198,49.18824],[103.41214,49.18824],[103.41248,49.18812],[103.41373,49.18767],[103.48653,49.10245],[103.45979,49.0297],[103.355,49.01067],[103.25129,49.02861],[103.18667,49.06908],[103.18675,49.06926],[103.1874,49.06964],[103.18761,49.06985],[103.18761,49.07008],[103.18696,49.07088],[103.18681,49.07126],[103.18674,49.07196],[103.18659,49.07236],[103.18619,49.07262],[103.18561,49.07284],[103.18533,49.07304],[103.18537,49.07315],[103.18571,49.07362],[103.18677,49.07501],[103.18706,49.07545],[103.18705,49.07574],[103.18686,49.07614],[103.18654,49.07645],[103.18648,49.07677],[103.1864,49.07773],[103.1863,49.07799],[103.18585,49.07813],[103.18563,49.0783],[103.18517,49.07882],[103.18445,49.07915],[103.18356,49.07934],[103.18355,49.08011],[103.18329,49.0811],[103.18243,49.08187],[103.18237,49.08213],[103.18234,49.08291],[103.18233,49.08335],[103.18266,49.08396],[103.18246,49.08448],[103.18172,49.08543],[103.18158,49.08569],[103.18153,49.08592],[103.18156,49.08612],[103.18187,49.08622],[103.18249,49.08623],[103.18319,49.08624],[103.18389,49.08642],[103.18468,49.08687],[103.18526,49.08764],[103.18597,49.08844],[103.18731,49.08928],[103.18758,49.09007],[103.18841,49.09058],[103.18896,49.09108],[103.18921,49.09178],[103.18937,49.09332],[103.18918,49.09381],[103.18881,49.09407],[103.18823,49.0942],[103.18801,49.09429],[103.18805,49.09446],[103.18857,49.09465],[103.18883,49.09491],[103.18886,49.09526],[103.18844,49.09643],[103.18843,49.09663],[103.18894,49.09711],[103.18937,49.09763],[103.18953,49.09807],[103.19032,49.09835],[103.1925,49.09922],[103.19302,49.09952],[103.19394,49.09959],[103.19496,49.09967],[103.19535,49.09988],[103.19604,49.1003],[103.19688,49.10051],[103.19758,49.1007],[103.19814,49.101],[103.19835,49.10135],[103.19849,49.10231],[103.19904,49.1031],[103.19933,49.10366],[103.19931,49.1041],[103.19903,49.10461],[103.19849,49.10651],[103.19829,49.10729],[103.19839,49.10802],[103.19802,49.10851],[103.19775,49.10873],[103.1976,49.10905],[103.1977,49.11004],[103.19807,49.11103],[103.19883,49.11183],[103.19899,49.11227],[103.19865,49.11302],[103.19839,49.11378],[103.19788,49.11438],[103.19705,49.11504],[103.19677,49.11553],[103.19668,49.11692],[103.19644,49.11727],[103.19585,49.11773],[103.19535,49.11803],[103.19521,49.11829],[103.19507,49.11974],[103.19495,49.12067],[103.19449,49.12116],[103.19409,49.12163],[103.19358,49.12229],[103.19303,49.12281],[103.19263,49.123],[103.19142,49.12325],[103.19058,49.12335],[103.18987,49.12354],[103.18919,49.12385],[103.18851,49.12404],[103.1879,49.12415],[103.18749,49.12415],[103.18696,49.12434],[103.18583,49.1249],[103.18466,49.12529],[103.18378,49.12545],[103.18231,49.12555],[103.18129,49.12559],[103.18049,49.12575],[103.17954,49.12614],[103.17877,49.12659],[103.17823,49.12705],[103.17786,49.12751],[103.17779,49.12826],[103.17776,49.12907],[103.17789,49.13092],[103.17824,49.13334],[103.17818,49.13687],[103.17812,49.1373],[103.17734,49.13802],[103.17693,49.13842],[103.17668,49.13899],[103.17689,49.14054],[103.17653,49.14082],[103.1755,49.14112],[103.1746,49.1414],[103.17419,49.14174],[103.17371,49.1429],[103.17333,49.14338],[103.17261,49.14375],[103.17161,49.14389],[103.1708,49.14432],[103.17025,49.14474],[103.16958,49.14482],[103.1665,49.14442],[103.16531,49.14432],[103.1649,49.14443],[103.16476,49.14463],[103.16469,49.14547],[103.1646,49.14651],[103.1648,49.14724],[103.1647,49.1475],[103.16307,49.14841],[103.16218,49.14871],[103.16186,49.14891],[103.16132,49.14928],[103.16081,49.14974],[103.15984,49.151],[103.15977,49.15167],[103.15974,49.15216],[103.15957,49.15275],[103.15889,49.15321],[103.15813,49.15348],[103.15745,49.15371],[103.15713,49.15399],[103.1568,49.15462],[103.1562,49.15511],[103.1553,49.15553],[103.1549,49.15573],[103.15472,49.15584],[103.15477,49.15674],[103.15435,49.15726],[103.15318,49.15768],[103.1526,49.15787],[103.15214,49.15839],[103.15168,49.15893],[103.15105,49.15921],[103.14997,49.15948],[103.14925,49.15971],[103.14839,49.16027],[103.14772,49.16106],[103.147,49.16151],[103.14601,49.16173],[103.14516,49.16186],[103.14453,49.16217],[103.14407,49.16277],[103.1433,49.16311],[103.14236,49.16333],[103.14204,49.16356],[103.14199,49.16379],[103.14223,49.16446],[103.14222,49.16481],[103.1419,49.16518],[103.14136,49.16543],[103.14043,49.16545],[103.13932,49.16543],[103.13869,49.16542],[103.13808,49.1655],[103.13749,49.16575],[103.13646,49.16608],[103.13548,49.16618],[103.13445,49.16637],[103.13409,49.16653],[103.13391,49.16674],[103.13403,49.16694],[103.1345,49.16744],[103.13567,49.16819],[103.13586,49.16853],[103.13584,49.16893],[103.13529,49.16939],[103.13332,49.17014],[103.13268,49.17045],[103.13172,49.17128],[103.13139,49.17191],[103.13138,49.17208],[103.13154,49.1727],[103.13231,49.17323],[103.13327,49.17374],[103.13348,49.1741],[103.13336,49.17473],[103.13324,49.17563],[103.13332,49.17762],[103.13338,49.17832],[103.13364,49.17873],[103.13475,49.17965],[103.1358,49.18004],[103.13739,49.18018],[103.13814,49.18034],[103.1394,49.18092],[103.14018,49.18139],[103.14107,49.18257],[103.14158,49.18307],[103.14293,49.18382],[103.14329,49.18422],[103.14359,49.18576],[103.14394,49.18702],[103.14436,49.18757],[103.14557,49.18835],[103.14604,49.18876],[103.14648,49.19008],[103.14663,49.19086],[103.14688,49.19122],[103.14788,49.1919],[103.14841,49.1923],[103.14857,49.19294],[103.1484,49.19396],[103.14798,49.19459],[103.14738,49.19516],[103.14674,49.19547],[103.14642,49.19584],[103.14595,49.19671],[103.14554,49.19702],[103.14481,49.1973],[103.14393,49.19737],[103.14366,49.19743],[103.14356,49.19757],[103.1435,49.19928],[103.14322,49.19977],[103.14276,49.20011],[103.14201,49.20049],[103.14138,49.20089],[103.14046,49.20166],[103.13974,49.20205],[103.1388,49.2023],[103.13857,49.20241],[103.13829,49.20276],[103.13783,49.20336],[103.1375,49.20362],[103.13726,49.2044],[103.13683,49.20523],[103.13628,49.2056],[103.13565,49.20591],[103.13485,49.20596],[103.13348,49.2057],[103.13331,49.2057],[103.13299,49.20584],[103.13253,49.20635],[103.13155,49.20759],[103.13023,49.20915],[103.12971,49.20981],[103.12935,49.21003],[103.12858,49.21052],[103.12808,49.21071],[103.12742,49.21079],[103.12684,49.21087],[103.12634,49.21098],[103.12576,49.2114],[103.12477,49.21167],[103.1241,49.21169],[103.1237,49.21172],[103.12321,49.21191],[103.1222,49.21274],[103.12161,49.21308],[103.12093,49.2133],[103.11991,49.21346],[103.11929,49.21359],[103.11897,49.21376],[103.11885,49.21442],[103.11852,49.215],[103.11771,49.21551],[103.1169,49.21579],[103.1157,49.21577],[103.11517,49.21576],[103.11465,49.21588],[103.11383,49.21648],[103.11311,49.21679],[103.11244,49.21684],[103.11182,49.21682],[103.11088,49.2171],[103.11012,49.21717],[103.10925,49.21696],[103.10876,49.21686],[103.10809,49.21685],[103.1073,49.2169],[103.10654,49.21682],[103.10602,49.21676],[103.10544,49.21675],[103.10513,49.21677],[103.10463,49.21708],[103.10457,49.2174],[103.1049,49.21825],[103.10495,49.21904],[103.10493,49.21962],[103.10461,49.2199],[103.10403,49.22012],[103.10353,49.22023],[103.10315,49.22086],[103.10304,49.22139],[103.10272,49.22164],[103.10174,49.22192],[103.10147,49.22203],[103.10128,49.22223],[103.10131,49.22261],[103.10172,49.22411],[103.10162,49.22454],[103.10092,49.22526],[103.10059,49.22589],[103.10033,49.22679],[103.09978,49.22713],[103.09831,49.22745],[103.09764,49.22747],[103.09737,49.22764],[103.09726,49.22816],[103.09727,49.22929],[103.09693,49.2299],[103.09691,49.23036],[103.09724,49.23121],[103.09737,49.23178],[103.09694,49.23259],[103.09683,49.23302],[103.0973,49.23352],[103.09759,49.23411],[103.09766,49.23472],[103.09737,49.23535],[103.09712,49.23581],[103.09741,49.23649],[103.0976,49.23713],[103.09802,49.23775],[103.09801,49.23815],[103.09778,49.23841],[103.09723,49.23878],[103.09655,49.2392],[103.0956,49.23951],[103.09463,49.23958],[103.0937,49.2401],[103.09332,49.24056],[103.09292,49.24195],[103.09251,49.24226],[103.09152,49.24253],[103.09017,49.24289],[103.08941,49.24314],[103.08861,49.24315],[103.08791,49.24308],[103.08707,49.24278],[103.08672,49.24277],[103.08653,49.24297],[103.08668,49.24385],[103.08661,49.24443],[103.08593,49.24488],[103.08504,49.24501],[103.08444,49.24532],[103.08412,49.24558],[103.08403,49.24578],[103.08411,49.24604],[103.08446,49.24622],[103.08508,49.24629],[103.08556,49.24639],[103.08595,49.24669],[103.08611,49.24704],[103.08578,49.24764],[103.08523,49.24804],[103.0834,49.24863],[103.08282,49.24888],[103.08282,49.24903],[103.08294,49.24923],[103.08347,49.24933],[103.08434,49.24969],[103.08533,49.25049],[103.08571,49.25108],[103.08611,49.25117],[103.08694,49.2513],[103.08777,49.25175],[103.08855,49.25223],[103.08918,49.25303],[103.08938,49.25381],[103.0899,49.25533],[103.09022,49.25621],[103.09055,49.25632],[103.09143,49.25639],[103.092,49.25643],[103.09266,49.25667],[103.09308,49.25726],[103.09341,49.25799],[103.09375,49.25829],[103.09423,49.25844],[103.09472,49.25845],[103.0953,49.25846],[103.09574,49.25855],[103.09618,49.25882],[103.09642,49.25935],[103.09656,49.26031],[103.09682,49.26057],[103.0973,49.26081],[103.09853,49.26118],[103.09887,49.26139],[103.09965,49.26196],[103.10059,49.26276],[103.10075,49.26317],[103.10046,49.26383],[103.1004,49.26432],[103.10072,49.26458],[103.10204,49.26506],[103.10415,49.26562],[103.10489,49.26598],[103.10554,49.26646],[103.1068,49.26709],[103.10714,49.26738],[103.10722,49.26773],[103.10786,49.26818],[103.10794,49.26844],[103.10734,49.26921],[103.10688,49.26962],[103.10682,49.27005],[103.10698,49.27037],[103.1075,49.2709],[103.10761,49.27131],[103.10771,49.2721],[103.10801,49.2726],[103.10833,49.27285],[103.10925,49.27333],[103.10994,49.27366],[103.11041,49.27404],[103.11049,49.27451],[103.11047,49.27599],[103.11083,49.27705],[103.11127,49.27827],[103.11125,49.27885],[103.1112,49.2792],[103.11148,49.27984],[103.11179,49.28039],[103.11187,49.28077],[103.11131,49.28134],[103.11103,49.28168],[103.11107,49.282],[103.11132,49.2823],[103.11205,49.28289],[103.11235,49.28324],[103.11243,49.28449],[103.11236,49.28542],[103.11277,49.28621],[103.11354,49.28695],[103.11387,49.2876],[103.11403,49.28824],[103.11435,49.28914],[103.11456,49.28986],[103.11437,49.29029],[103.114,49.29066],[103.1137,49.29141],[103.11368,49.29208],[103.11366,49.29269],[103.1132,49.29309],[103.11269,49.29349],[103.11249,49.29416],[103.11237,49.29502],[103.11182,49.29542],[103.11148,49.29605],[103.11093,49.29651],[103.11003,49.29681],[103.10931,49.29709],[103.10855,49.29723],[103.1074,49.29712],[103.10705,49.29712],[103.10664,49.29711],[103.10602,49.29733],[103.1057,49.29756],[103.10534,49.29823],[103.10483,49.29869],[103.10387,49.2994],[103.10264,49.30034],[103.10116,49.30174],[103.09994,49.30284],[103.09939,49.30335],[103.09924,49.30381],[103.09942,49.30489],[103.09922,49.30541],[103.09863,49.30581],[103.09804,49.30609],[103.0975,49.30619],[103.09692,49.30619],[103.09647,49.30629],[103.09637,49.30664],[103.09615,49.30771],[103.09583,49.30803],[103.09525,49.30834],[103.0948,49.30842],[103.09412,49.3087],[103.09366,49.3091],[103.09328,49.30956],[103.09292,49.30981],[103.09216,49.30994],[103.09154,49.30993],[103.09115,49.3102],[103.09077,49.31069],[103.09057,49.31141],[103.08983,49.31213],[103.0895,49.31256],[103.08944,49.31299],[103.08972,49.31387],[103.08939,49.3145],[103.08852,49.31501],[103.08725,49.31563],[103.08652,49.31594],[103.0863,49.3161],[103.0862,49.31654],[103.08617,49.31721],[103.08614,49.31754],[103.0854,49.31817],[103.08422,49.31876],[103.08385,49.3191],[103.0836,49.31977],[103.0835,49.32127],[103.08365,49.32206],[103.08433,49.32288],[103.08474,49.32359],[103.08476,49.32414],[103.08443,49.32472],[103.08376,49.32497],[103.08313,49.32499],[103.08237,49.32497],[103.08189,49.32494],[103.08158,49.32496],[103.08109,49.32516],[103.08089,49.32547],[103.08048,49.32621],[103.08005,49.32727],[103.07954,49.32761],[103.07936,49.32773],[103.07918,49.3279],[103.07922,49.32801],[103.07957,49.32811],[103.08015,49.32815],[103.08037,49.32816],[103.08067,49.3282],[103.08138,49.32829],[103.08229,49.32855],[103.08322,49.32896],[103.0843,49.32971],[103.08522,49.33038],[103.08576,49.33068],[103.08653,49.33094],[103.08725,49.33107],[103.08847,49.33109],[103.08987,49.33093],[103.09217,49.33035],[103.0938,49.33001],[103.09502,49.32989],[103.09614,49.3298],[103.09802,49.32983],[103.09962,49.33004],[103.10227,49.33055],[103.10558,49.3314],[103.10849,49.33214],[103.10943,49.33226],[103.11021,49.33228],[103.11082,49.33229],[103.11137,49.33223],[103.11188,49.33212],[103.11239,49.33184],[103.11303,49.33105],[103.11362,49.33005],[103.11737,49.32713],[103.11945,49.32544],[103.12072,49.32478],[103.12376,49.32361],[103.12749,49.3223],[103.13058,49.32131],[103.13236,49.32087],[103.13453,49.32063],[103.14133,49.3206],[103.14542,49.32085],[103.14778,49.32075],[103.14988,49.32037],[103.15211,49.32023],[103.15391,49.32048],[103.15549,49.32096],[103.15645,49.32116],[103.15832,49.32133],[103.16297,49.32219],[103.16578,49.32319],[103.16762,49.32426],[103.16903,49.32542],[103.17088,49.32627],[103.17439,49.32719],[103.17823,49.32825],[103.18175,49.32898],[103.18675,49.32977],[103.18939,49.32976],[103.19244,49.32994],[103.19389,49.33033],[103.19704,49.33129],[103.20077,49.33207],[103.20361,49.3323],[103.20722,49.33217],[103.21053,49.33202],[103.21276,49.33183],[103.21388,49.33153],[103.21601,49.33024]]]}},{"type":"Feature","properties":{"name":"Их Богд уул","type":"Байгалийн цогцолборт газар"},"geometry":{"type":"Polygon","coordinates":[[[100.34944,45.05528],[100.34306,45.04167],[100.43528,45.04889],[100.46167,45.03556],[100.53278,45.00167],[100.64333,45.00667],[100.69806,44.99028],[100.73528,44.98306],[100.80167,44.97556],[100.88667,44.96306],[100.97306,44.96806],[101.05333,44.94056],[101.05583,44.92028],[101.08306,44.87306],[101.12167,44.82139],[101,44.77167],[100.93917,44.69278],[100.89278,44.70444],[100.84917,44.705],[100.77917,44.7125],[100.73,44.71556],[100.68167,44.71417],[100.61306,44.72028],[100.52667,44.76917],[100.48667,44.78417],[100.45278,44.81167],[100.35944,44.855],[100.28944,44.8475],[100.20694,44.8675],[100.13056,44.89694],[100.06,44.92333],[100.00639,44.95278],[100,45],[99.65,45],[99.63278,45.02306],[99.83306,45.14417],[99.90639,45.14278],[99.98417,45.12889],[100.09167,45.12806],[100.20389,45.11944],[100.35,45.11417],[100.34944,45.05528]]]}},{"type":"Feature","properties":{"name":"Тужийн нарс","type":"Байгалийн цогцолборт газар"},"geometry":{"type":"Polygon","coordinates":[[[106.67867,50.15862],[106.6981,50.15155],[106.71037,50.14198],[106.71334,50.13095],[106.72143,50.12956],[106.72134,50.12384],[106.71973,50.125],[106.7157,50.12329],[106.71755,50.11656],[106.71532,50.10822],[106.71113,50.10736],[106.71093,50.1049],[106.69712,50.09627],[106.6928,50.09506],[106.68974,50.10188],[106.67696,50.09769],[106.66978,50.09285],[106.66515,50.09243],[106.65833,50.08927],[106.6502,50.07873],[106.65108,50.07589],[106.65166,50.07404],[106.64481,50.07252],[106.63741,50.06732],[106.63333,50.06261],[106.63456,50.05681],[106.62469,50.05327],[106.61712,50.04985],[106.61391,50.03715],[106.61323,50.02688],[106.61747,50.01462],[106.61623,50.00736],[106.60761,49.99785],[106.60235,49.98936],[106.60201,49.97909],[106.59618,49.97339],[106.58591,49.96412],[106.56962,49.94191],[106.40937,49.95406],[106.33567,49.96169],[106.29745,49.99802],[106.242,50.02186],[106.29971,50.03931],[106.30409,50.01849],[106.33626,50.0195],[106.37249,50.04113],[106.35828,50.0562],[106.31956,50.06805],[106.29184,50.07202],[106.28122,50.05255],[106.24189,50.02736],[106.24162,50.11389],[106.29378,50.15607],[106.31112,50.18325],[106.39706,50.19572],[106.39452,50.18404],[106.41879,50.18351],[106.42789,50.20129],[106.43143,50.20908],[106.47092,50.21193],[106.49566,50.23251],[106.50283,50.15424],[106.51649,50.154],[106.53402,50.17348],[106.52943,50.22717],[106.52776,50.23881],[106.58882,50.23012],[106.59145,50.20431],[106.61631,50.19379],[106.66305,50.17464],[106.67867,50.15862]]]}},{"type":"Feature","properties":{"name":"Орхоны хөндий","type":"Байгалийн цогцолборт газар"},"geometry":{"type":"Polygon","coordinates":[[[102.85744,47.58449],[102.88831,47.55087],[102.91338,47.47293],[102.9296,47.42249],[102.83326,47.40014],[102.83065,47.39211],[102.83305,47.36667],[102.88403,47.36666],[102.91665,47.36666],[102.94985,47.32625],[102.91908,47.2883],[102.90445,47.27063],[102.89902,47.26664],[102.87878,47.25377],[102.83577,47.22644],[102.80302,47.20562],[102.80568,47.1913],[102.80817,47.17784],[102.808,47.17731],[102.80248,47.17898],[102.79998,47.17974],[102.799,47.18003],[102.79768,47.18044],[102.79636,47.18084],[102.78468,47.18438],[102.7818,47.18525],[102.77546,47.18717],[102.77004,47.18881],[102.76028,47.19177],[102.75206,47.19426],[102.74431,47.19661],[102.73759,47.21119],[102.7325,47.22223],[102.72254,47.24888],[102.64722,47.30101],[102.53076,47.38139],[102.54335,47.39832],[102.5539,47.41252],[102.57343,47.43877],[102.56422,47.46204],[102.54517,47.51023],[102.53571,47.53413],[102.53461,47.53693],[102.5332,47.54048],[102.53265,47.54174],[102.53358,47.54202],[102.53802,47.5432],[102.61292,47.56308],[102.67467,47.57948],[102.74232,47.58244],[102.75561,47.58303],[102.80824,47.58326],[102.82863,47.61586],[102.85744,47.58449]]]}},{"type":"Feature","properties":{"name":"Намнан уул","type":"Байгалийн нөөц газар"},"geometry":{"type":"Polygon","coordinates":[[[102.50001,49.4976],[102.50002,49.43371],[102.33334,49.38371],[102.21481,49.37147],[102.15066,49.37672],[102.15105,49.4853],[102.15109,49.48534],[102.15147,49.48546],[102.15181,49.4856],[102.15216,49.48587],[102.1524,49.48618],[102.15269,49.48631],[102.15292,49.48633],[102.15329,49.48633],[102.15366,49.48632],[102.15406,49.48631],[102.1543,49.48629],[102.15461,49.48628],[102.15517,49.48631],[102.15628,49.48647],[102.15683,49.48648],[102.1574,49.48647],[102.15782,49.48644],[102.1583,49.48644],[102.15918,49.48657],[102.15981,49.48665],[102.16034,49.48668],[102.16254,49.48665],[102.16362,49.48666],[102.16415,49.48672],[102.16534,49.48692],[102.16685,49.48708],[102.16801,49.48719],[102.1688,49.48722],[102.16955,49.48712],[102.17029,49.48701],[102.17066,49.48699],[102.17117,49.48702],[102.17229,49.48729],[102.17361,49.4877],[102.17699,49.48935],[102.17943,49.49075],[102.18089,49.49153],[102.18397,49.49299],[102.18462,49.4932],[102.18601,49.49358],[102.18819,49.49411],[102.18982,49.4943],[102.19087,49.49454],[102.19299,49.49501],[102.19392,49.49523],[102.19434,49.49541],[102.19557,49.49601],[102.19753,49.49668],[102.20281,49.49821],[102.20544,49.49897],[102.20956,49.49899],[102.50001,49.4976]]]}},{"type":"Feature","properties":{"name":"Даян дээрхийн агуй","type":"Дурсгалт газар"},"geometry":{"type":"Polygon","coordinates":[[[102.07035,50.5312],[102.03324,50.49989],[102.0332,50.49985],[102.03312,50.49986],[101.98949,50.50967],[101.96662,50.51028],[101.95387,50.47895],[101.95384,50.47888],[101.95369,50.47889],[101.90263,50.4816],[101.87179,50.4747],[101.87839,50.56063],[101.87838,50.56083],[101.8785,50.56091],[101.9537,50.61851],[102.04233,50.67843],[102.12806,50.6704],[102.14503,50.66059],[102.19225,50.65299],[102.21275,50.63323],[102.27191,50.59961],[102.20667,50.59782],[102.14143,50.58118],[102.12746,50.56565],[102.07035,50.5312]]]}},{"type":"Feature","properties":{"name":"Алтан хөхий уул","type":"Байгалийн нөөц газар"},"geometry":{"type":"Polygon","coordinates":[[[91.53361,48.94167],[91.62528,48.88889],[91.67972,48.90222],[91.71139,48.90028],[91.74778,48.86556],[91.75,48.83333],[91.74722,48.81639],[91.74556,48.75528],[91.79694,48.72],[91.83278,48.6775],[91.82167,48.65389],[91.82472,48.64],[91.82667,48.62306],[91.82417,48.5925],[91.77139,48.58694],[91.72333,48.59778],[91.585,48.67778],[91.43667,48.72639],[91.40917,48.81056],[91.37806,48.86194],[91.38167,48.88611],[91.43667,48.9675],[91.43722,49.05667],[91.48083,49.05778],[91.53694,49.03806],[91.605,49.02306],[91.53833,48.96861],[91.53361,48.94167]]]}},{"type":"Feature","properties":{"name":"Улаагчины хар нуур","type":"Байгалийн цогцолборт газар"},"geometry":{"type":"Polygon","coordinates":[[[96.03139,48.46806],[96.08111,48.42694],[96.16028,48.41083],[96.25333,48.39667],[96.28583,48.38111],[96.29917,48.345],[96.28139,48.31917],[96.26611,48.28778],[96.24222,48.26944],[96.22306,48.26167],[96.17333,48.24806],[96.04361,48.20806],[95.95389,48.18917],[95.905,48.19528],[95.77694,48.21667],[95.73,48.21639],[95.68972,48.23417],[95.65278,48.23361],[95.01028,48.34306],[94.96139,48.37389],[94.98333,48.39111],[94.99861,48.44694],[95.00472,48.48139],[95.02639,48.52333],[95.18361,48.50278],[95.19444,48.4925],[95.23611,48.46194],[95.26722,48.4625],[95.27889,48.46278],[95.32694,48.4425],[95.35361,48.44139],[95.42472,48.52194],[95.54111,48.56861],[95.54833,48.59472],[95.59667,48.59194],[95.75917,48.54861],[95.80056,48.53111],[95.84917,48.52333],[95.94417,48.50222],[95.98417,48.48667],[96.03139,48.46806]]]}},{"type":"Feature","properties":{"name":"Хүрэн бэлчир","type":"Дурсгалт газар"},"geometry":{"type":"Polygon","coordinates":[[[99.33889,46.78111],[99.31694,46.76528],[99.29139,46.77167],[99.27528,46.80306],[99.25222,46.83222],[99.21278,46.88361],[99.19194,46.91],[99.29194,46.91583],[99.32528,46.905],[99.37278,46.88139],[99.33361,46.84306],[99.33889,46.78111]]]}},{"type":"Feature","properties":{"name":"Монгол элс","type":"Байгалийн цогцолборт газар"},"geometry":{"type":"Polygon","coordinates":[[[94.51441,47.67457],[94.52313,47.67453],[94.53185,47.67485],[94.53561,47.67508],[94.53884,47.67527],[94.54109,47.67541],[94.54338,47.6754],[94.54656,47.67543],[94.5501,47.67547],[94.55197,47.67554],[94.5532,47.67565],[94.55499,47.6756],[94.55901,47.67529],[94.56431,47.67465],[94.56862,47.67384],[94.57267,47.67283],[94.57499,47.67213],[94.57857,47.67183],[94.5817,47.67192],[94.58719,47.67225],[94.59653,47.67252],[94.60446,47.67278],[94.60936,47.6726],[94.61236,47.67264],[94.61765,47.67182],[94.62113,47.67101],[94.62408,47.66988],[94.62644,47.6692],[94.62918,47.66875],[94.6322,47.66867],[94.63564,47.66859],[94.64336,47.66855],[94.65022,47.66857],[94.65528,47.66846],[94.66012,47.66836],[94.66478,47.66914],[94.66833,47.66956],[94.67348,47.67018],[94.67806,47.67083],[94.68052,47.67095],[94.68419,47.67044],[94.68762,47.6701],[94.69218,47.66961],[94.69467,47.66953],[94.69753,47.66898],[94.70106,47.6692],[94.70267,47.66922],[94.71021,47.6693],[94.71917,47.66951],[94.72946,47.66976],[94.73414,47.66986],[94.73795,47.66998],[94.7421,47.67016],[94.74661,47.67004],[94.75037,47.67004],[94.75456,47.66977],[94.75824,47.66944],[94.76213,47.66896],[94.76669,47.66884],[94.7697,47.66874],[94.77068,47.66863],[94.77434,47.66808],[94.77625,47.66799],[94.77923,47.66912],[94.78097,47.66922],[94.78365,47.66901],[94.78535,47.66892],[94.78811,47.66804],[94.78959,47.66755],[94.79002,47.66727],[94.79047,47.66515],[94.7914,47.66413],[94.7936,47.66194],[94.79548,47.66055],[94.79705,47.66049],[94.79925,47.66079],[94.80195,47.66196],[94.80329,47.66271],[94.80378,47.66378],[94.80508,47.66479],[94.80605,47.66525],[94.80808,47.66561],[94.81111,47.6658],[94.81492,47.66598],[94.81719,47.66608],[94.81852,47.66591],[94.82193,47.66504],[94.82752,47.66346],[94.8311,47.66292],[94.8345,47.66281],[94.83952,47.66243],[94.84469,47.66203],[94.84837,47.66205],[94.85135,47.66245],[94.85365,47.66284],[94.85491,47.66306],[94.85751,47.66439],[94.85839,47.66504],[94.85931,47.66569],[94.86107,47.66595],[94.86292,47.66559],[94.86444,47.66491],[94.86656,47.66393],[94.86797,47.66336],[94.8708,47.66255],[94.87217,47.66295],[94.87576,47.6642],[94.87685,47.66322],[94.87801,47.66213],[94.88048,47.66108],[94.88355,47.66034],[94.88571,47.66022],[94.88798,47.66083],[94.88975,47.66168],[94.89084,47.66238],[94.89214,47.66322],[94.8935,47.66362],[94.89601,47.66326],[94.90011,47.66268],[94.90289,47.6624],[94.90559,47.66213],[94.90799,47.66194],[94.90884,47.66179],[94.90965,47.66166],[94.90984,47.66135],[94.91004,47.66037],[94.91037,47.65861],[94.91116,47.65822],[94.91397,47.65709],[94.91668,47.65721],[94.91913,47.65732],[94.922,47.6576],[94.92545,47.65831],[94.92761,47.65888],[94.9304,47.6594],[94.93291,47.65954],[94.93554,47.65972],[94.93815,47.65991],[94.94044,47.66004],[94.94321,47.65941],[94.94888,47.65764],[94.95282,47.65684],[94.95535,47.65687],[94.95784,47.65715],[94.95972,47.65735],[94.96177,47.65715],[94.96521,47.65617],[94.97008,47.65474],[94.97382,47.65359],[94.97759,47.65228],[94.98012,47.65053],[94.98467,47.64737],[94.9877,47.64357],[94.99194,47.63357],[94.99295,47.63178],[94.99425,47.63044],[94.99555,47.62953],[94.99621,47.62822],[94.99676,47.62714],[94.9984,47.62585],[94.99985,47.62511],[95.00207,47.62358],[95.00667,47.62067],[95.00937,47.61967],[95.01221,47.6193],[95.01563,47.61912],[95.01844,47.61836],[95.02214,47.6167],[95.02638,47.61439],[95.03018,47.61178],[95.03137,47.60941],[95.03233,47.60609],[95.03299,47.60324],[95.03349,47.59868],[95.03372,47.59621],[95.0333,47.59272],[95.03282,47.59041],[95.03271,47.58942],[95.03247,47.58876],[95.03225,47.58817],[95.03383,47.58594],[95.03809,47.58242],[95.04366,47.57839],[95.04704,47.57601],[95.04965,47.57462],[95.052,47.57364],[95.05351,47.57281],[95.05656,47.57052],[95.05871,47.56779],[95.05988,47.56471],[95.06118,47.56251],[95.06221,47.56156],[95.0646,47.56092],[95.06651,47.5608],[95.06805,47.5607],[95.06973,47.5601],[95.07219,47.55849],[95.07543,47.55607],[95.08048,47.55262],[95.08491,47.55015],[95.08739,47.54892],[95.08956,47.54844],[95.0913,47.54843],[95.09272,47.54866],[95.0942,47.54944],[95.09497,47.54984],[95.0965,47.55109],[95.09856,47.55279],[95.09986,47.55307],[95.10063,47.55323],[95.10247,47.55292],[95.10501,47.55272],[95.10703,47.55273],[95.10806,47.55281],[95.10996,47.55402],[95.11157,47.55437],[95.11342,47.5546],[95.11557,47.55482],[95.11582,47.55484],[95.12002,47.55676],[95.12422,47.55859],[95.13016,47.56084],[95.13289,47.56188],[95.13512,47.56272],[95.13729,47.56352],[95.14138,47.56481],[95.14456,47.56592],[95.14703,47.56683],[95.14871,47.56733],[95.15184,47.56805],[95.15379,47.56845],[95.15551,47.56851],[95.15666,47.56834],[95.15927,47.56838],[95.15955,47.56839],[95.16163,47.5688],[95.16416,47.56928],[95.16699,47.56976],[95.1693,47.57004],[95.17229,47.57073],[95.17315,47.57123],[95.17581,47.57261],[95.17849,47.574],[95.18241,47.5755],[95.18765,47.57718],[95.19065,47.57806],[95.19174,47.57837],[95.19363,47.57874],[95.19553,47.57908],[95.1978,47.57936],[95.20091,47.57974],[95.20279,47.57993],[95.2066,47.57994],[95.20935,47.57965],[95.21254,47.57932],[95.21398,47.5793],[95.21533,47.57907],[95.21813,47.57838],[95.22024,47.5776],[95.22153,47.57713],[95.22439,47.57676],[95.22645,47.57671],[95.22908,47.57695],[95.23211,47.57739],[95.23488,47.57787],[95.23771,47.57872],[95.24083,47.57973],[95.24481,47.58115],[95.24951,47.58263],[95.25049,47.58284],[95.25345,47.5827],[95.25731,47.58269],[95.25952,47.58262],[95.26267,47.58225],[95.26641,47.58173],[95.2681,47.58158],[95.27209,47.5812],[95.27489,47.58103],[95.27621,47.58109],[95.28008,47.58145],[95.28284,47.58172],[95.28477,47.58196],[95.2882,47.5826],[95.29003,47.58291],[95.29271,47.58334],[95.29431,47.58352],[95.29476,47.58355],[95.29807,47.58258],[95.30138,47.58144],[95.30223,47.58118],[95.30406,47.58065],[95.30692,47.57972],[95.30946,47.57851],[95.31148,47.57743],[95.31303,47.57668],[95.31489,47.57561],[95.31693,47.57446],[95.31997,47.57272],[95.32222,47.57144],[95.32294,47.57103],[95.325,47.5703],[95.32801,47.56926],[95.3293,47.56916],[95.33347,47.56896],[95.33743,47.56885],[95.33956,47.56894],[95.34189,47.56904],[95.34311,47.56892],[95.34384,47.56885],[95.34567,47.56829],[95.34733,47.56812],[95.35029,47.56803],[95.35511,47.56778],[95.36303,47.56744],[95.36696,47.56735],[95.36805,47.56735],[95.37278,47.56776],[95.37378,47.56781],[95.37824,47.56781],[95.38157,47.56761],[95.3836,47.56753],[95.38622,47.56757],[95.38749,47.56741],[95.3889,47.56713],[95.39176,47.56632],[95.39635,47.56456],[95.39845,47.56381],[95.4012,47.56292],[95.40302,47.56317],[95.40417,47.56368],[95.40562,47.56432],[95.40867,47.56512],[95.41114,47.56492],[95.41267,47.56467],[95.41648,47.56419],[95.41833,47.56407],[95.42029,47.56403],[95.42244,47.56377],[95.42342,47.56353],[95.4247,47.56264],[95.42609,47.5619],[95.42779,47.56105],[95.42969,47.56024],[95.43152,47.56004],[95.43549,47.55972],[95.43842,47.55977],[95.43943,47.55981],[95.43956,47.55953],[95.44094,47.55971],[95.44376,47.55885],[95.44647,47.55802],[95.45039,47.5565],[95.45485,47.55476],[95.46048,47.55257],[95.46455,47.55099],[95.46742,47.54988],[95.47348,47.54752],[95.47751,47.54596],[95.48261,47.54398],[95.48624,47.54259],[95.49152,47.54057],[95.49626,47.53874],[95.50113,47.53687],[95.50784,47.53429],[95.51624,47.53106],[95.5237,47.52819],[95.52793,47.52656],[95.53379,47.5243],[95.54164,47.52128],[95.54829,47.51872],[95.55329,47.51679],[95.55961,47.51436],[95.56184,47.5135],[95.56999,47.51036],[95.57859,47.50704],[95.588,47.50341],[95.59296,47.50149],[95.59742,47.49976],[95.60425,47.49712],[95.61227,47.49401],[95.61907,47.49138],[95.62677,47.4884],[95.6383,47.48393],[95.6513,47.4789],[95.66054,47.47532],[95.67024,47.47157],[95.67886,47.46823],[95.68841,47.46453],[95.6923,47.46303],[95.69664,47.46134],[95.70361,47.45865],[95.7102,47.45609],[95.71615,47.45379],[95.72126,47.45181],[95.73107,47.44802],[95.73892,47.44497],[95.74823,47.44137],[95.75843,47.43724],[95.7818,47.4264],[95.8126,47.41211],[95.85454,47.39264],[95.87111,47.38417],[95.78778,47.32],[95.75889,47.30833],[95.60611,47.30417],[95.53222,47.31667],[95.46,47.32806],[95.37833,47.34056],[95.29694,47.3425],[95.19139,47.34361],[95.08083,47.38556],[95.03444,47.39306],[95.00222,47.39056],[94.8475,47.42194],[94.7475,47.42611],[94.69167,47.42667],[94.55167,47.4175],[94.4975,47.40806],[94.38611,47.49917],[94.39639,47.5275],[94.40444,47.5575],[94.40806,47.59722],[94.38278,47.62111],[94.31222,47.63806],[94.29917,47.67],[94.29167,47.68667],[94.3,47.71528],[94.30294,47.7168],[94.30428,47.71707],[94.31081,47.71646],[94.31769,47.71586],[94.32136,47.71521],[94.32771,47.71396],[94.33603,47.71204],[94.34239,47.7106],[94.34943,47.70914],[94.351,47.70885],[94.35406,47.70835],[94.35816,47.708],[94.36379,47.70786],[94.36661,47.70771],[94.37083,47.70589],[94.37375,47.70475],[94.37609,47.70409],[94.38008,47.70352],[94.38243,47.7033],[94.38564,47.70305],[94.38778,47.70276],[94.39205,47.70192],[94.39665,47.70145],[94.40019,47.70123],[94.40495,47.70022],[94.4093,47.69938],[94.4162,47.69809],[94.4217,47.69707],[94.42602,47.69621],[94.42803,47.69574],[94.43217,47.69347],[94.43329,47.69284],[94.43737,47.69192],[94.44074,47.69108],[94.44238,47.69066],[94.44572,47.68919],[94.44968,47.68748],[94.45241,47.68718],[94.45461,47.68708],[94.45736,47.68669],[94.4601,47.68607],[94.46341,47.68532],[94.46555,47.6849],[94.46907,47.68421],[94.47064,47.6839],[94.47435,47.68255],[94.47996,47.68039],[94.48237,47.67947],[94.48533,47.67877],[94.48918,47.67782],[94.49453,47.67634],[94.49764,47.67573],[94.5005,47.67531],[94.50667,47.67501],[94.51441,47.67457]]]}},{"type":"Feature","properties":{"name":"Чойрын Богд уул","type":"Байгалийн нөөц газар"},"geometry":{"type":"Polygon","coordinates":[[[108.83642,46.23673],[108.78591,46.21098],[108.75894,46.23337],[108.72911,46.24845],[108.74091,46.30252],[108.79719,46.2963],[108.8239,46.25902],[108.83642,46.23673]]]}},{"type":"Feature","properties":{"name":"Онгон Таван булаг","type":"Байгалийн нөөц газар"},"geometry":{"type":"Polygon","coordinates":[[[112.79889,45.66361],[112.7475,45.62944],[112.69972,45.67361],[112.73111,45.70417],[112.82111,45.76389],[112.85889,45.75194],[112.87444,45.70722],[112.82806,45.68417],[112.79889,45.66361]]]}},{"type":"Feature","properties":{"name":"Арваннаймын Богд уул","type":"Байгалийн нөөц газар"},"geometry":{"type":"Polygon","coordinates":[[[108.18568,44.21396],[108.15127,44.20638],[108.14001,44.29095],[108.19529,44.30597],[108.29457,44.34667],[108.33311,44.34804],[108.43771,44.3449],[108.48733,44.31665],[108.43394,44.26396],[108.38532,44.25475],[108.37181,44.25337],[108.30606,44.2467],[108.25741,44.23813],[108.18568,44.21396]]]}},{"type":"Feature","properties":{"name":"Дэлгэрхангай уул","type":"Байгалийн нөөц газар"},"geometry":{"type":"Polygon","coordinates":[[[104.97589,45.18356],[104.95373,45.1309],[104.85848,45.1218],[104.74608,45.12301],[104.60881,45.16535],[104.54662,45.16192],[104.51894,45.15989],[104.34187,45.15222],[104.33564,45.23822],[104.39909,45.28224],[104.51605,45.29579],[104.54477,45.29558],[104.72492,45.22666],[104.87643,45.2171],[104.97589,45.18356]]]}},{"type":"Feature","properties":{"name":"Зэд-Хантай-Бүтээлийн нуруу","type":"Дархан цаазат газар"},"geometry":{"type":"Polygon","coordinates":[[[104.41705,50.30586],[104.41985,50.30562],[104.42133,50.30658],[104.4221,50.30733],[104.42351,50.30764],[104.42574,50.30679],[104.42664,50.30645],[104.42838,50.30624],[104.42859,50.3054],[104.42873,50.30539],[104.42953,50.30396],[104.56834,50.12286],[104.57479,50.08485],[104.53049,50.01047],[104.53072,49.95562],[104.52511,49.87537],[104.58283,49.84203],[104.46735,49.82867],[104.45905,49.81182],[104.46065,49.79072],[104.44059,49.74615],[104.36644,49.70985],[104.33731,49.69455],[104.30067,49.67181],[104.26295,49.63567],[104.20647,49.63571],[104.07562,49.63075],[104.02824,49.62964],[103.92311,49.65292],[103.7382,49.65461],[103.76658,49.61277],[103.71814,49.59236],[103.66178,49.58382],[103.55629,49.56629],[103.50386,49.5547],[103.45354,49.55329],[103.29598,49.57436],[103.24734,49.58594],[103.21909,49.58849],[103.10078,49.70605],[103.16937,49.75542],[103.23495,49.72766],[103.29826,49.73539],[103.42137,49.75143],[103.46204,49.74846],[103.52647,49.75292],[103.52628,49.80497],[103.54072,49.85653],[103.48373,49.89299],[103.42089,49.92328],[103.38241,49.93344],[103.33881,49.97157],[103.27212,49.99426],[103.19764,49.99147],[103.14185,49.99104],[103.04971,49.99125],[103.02048,50.01186],[102.97305,50.04591],[102.95583,50.06541],[102.93774,50.09614],[102.92468,50.1102],[102.92754,50.15527],[102.90485,50.1918],[103.23013,50.30277],[103.24028,50.30284],[103.23911,50.30251],[103.23706,50.30109],[103.23607,50.29908],[103.23672,50.2953],[103.23815,50.29134],[103.23856,50.28658],[103.24065,50.27477],[103.24135,50.27317],[103.24651,50.26644],[103.24773,50.26299],[103.24812,50.26156],[103.24997,50.25691],[103.24955,50.25385],[103.24728,50.2491],[103.24689,50.24618],[103.24805,50.2443],[103.25175,50.24107],[103.25625,50.23855],[103.25882,50.23734],[103.26169,50.23623],[103.26279,50.23536],[103.26309,50.23315],[103.2634,50.23084],[103.26453,50.22896],[103.26833,50.2261],[103.2714,50.22282],[103.2717,50.22221],[103.26983,50.22043],[103.26693,50.21854],[103.26225,50.21481],[103.25691,50.21038],[103.25829,50.20883],[103.26558,50.20395],[103.26752,50.20226],[103.27586,50.19526],[103.2811,50.19155],[103.28352,50.19028],[103.28839,50.18961],[103.29329,50.189],[103.29771,50.18823],[103.3008,50.18874],[103.30781,50.19023],[103.31075,50.19036],[103.31614,50.18919],[103.3198,50.18924],[103.32861,50.19117],[103.3336,50.19263],[103.33861,50.19373],[103.34286,50.19554],[103.34985,50.19981],[103.35561,50.20188],[103.35869,50.20289],[103.35969,50.20304],[103.36302,50.20226],[103.3692,50.20096],[103.3718,50.20104],[103.37801,50.20325],[103.38411,50.20579],[103.39415,50.20972],[103.39832,50.20979],[103.40898,50.21201],[103.41049,50.21199],[103.4129,50.21142],[103.41534,50.20974],[103.41641,50.20938],[103.42062,50.21064],[103.42547,50.21094],[103.43266,50.21099],[103.43896,50.20774],[103.44287,50.20557],[103.44887,50.20464],[103.45298,50.20502],[103.46015,50.2059],[103.46569,50.20616],[103.46939,50.20598],[103.47465,50.20373],[103.48072,50.20029],[103.48557,50.19758],[103.48877,50.19651],[103.49332,50.19611],[103.49979,50.19721],[103.50062,50.19743],[103.50288,50.19688],[103.50608,50.19646],[103.50951,50.19697],[103.51312,50.19891],[103.51443,50.19893],[103.51681,50.19655],[103.52162,50.19499],[103.52292,50.19469],[103.52785,50.18642],[103.52946,50.18408],[103.5295,50.18177],[103.52978,50.18015],[103.53519,50.17795],[103.53943,50.17593],[103.54021,50.17437],[103.54063,50.1716],[103.54137,50.17077],[103.54348,50.17061],[103.54609,50.17055],[103.5498,50.16902],[103.55167,50.16646],[103.55519,50.16377],[103.55822,50.16177],[103.55988,50.16175],[103.56397,50.16231],[103.56732,50.16364],[103.57022,50.16479],[103.57282,50.16695],[103.57461,50.16799],[103.57775,50.16872],[103.57985,50.16875],[103.58151,50.1683],[103.58685,50.16749],[103.5885,50.1676],[103.59026,50.16716],[103.59435,50.16612],[103.59597,50.16603],[103.60058,50.16641],[103.60209,50.16648],[103.60457,50.16285],[103.60639,50.15986],[103.6085,50.15675],[103.60956,50.15495],[103.60883,50.15231],[103.60847,50.15003],[103.60827,50.14726],[103.6082,50.14397],[103.61227,50.1455],[103.61685,50.14657],[103.62312,50.14669],[103.62814,50.14717],[103.63206,50.14828],[103.63518,50.14971],[103.63673,50.1494],[103.64147,50.14867],[103.645,50.14852],[103.64455,50.14662],[103.64468,50.14537],[103.6461,50.14354],[103.64854,50.14311],[103.65382,50.14229],[103.65606,50.14241],[103.66071,50.14338],[103.663,50.14341],[103.66488,50.14339],[103.66856,50.14361],[103.67026,50.14415],[103.67378,50.14418],[103.67812,50.14386],[103.68397,50.14319],[103.6861,50.14183],[103.69007,50.13872],[103.69334,50.13709],[103.69745,50.13497],[103.69981,50.13268],[103.70448,50.12972],[103.70621,50.12947],[103.70907,50.12839],[103.70992,50.12784],[103.71009,50.1247],[103.71531,50.12624],[103.71982,50.12707],[103.72548,50.12774],[103.72636,50.13047],[103.72886,50.13323],[103.72918,50.13486],[103.7308,50.13617],[103.7315,50.13701],[103.73132,50.13853],[103.73114,50.14011],[103.73004,50.14333],[103.73067,50.14616],[103.73194,50.14789],[103.73124,50.15005],[103.73199,50.15131],[103.73402,50.15268],[103.73573,50.1538],[103.73568,50.15556],[103.73564,50.15718],[103.73689,50.15849],[103.73827,50.15915],[103.73969,50.15944],[103.74271,50.15943],[103.74401,50.15916],[103.74583,50.15909],[103.74783,50.15958],[103.74824,50.16028],[103.74904,50.16293],[103.75043,50.164],[103.75433,50.16413],[103.75921,50.16451],[103.76254,50.16459],[103.76817,50.16364],[103.77137,50.16321],[103.7748,50.16366],[103.77715,50.16465],[103.77895,50.16449],[103.78233,50.16277],[103.78413,50.16223],[103.78481,50.16386],[103.78562,50.16618],[103.78538,50.16928],[103.78364,50.17254],[103.78294,50.17508],[103.7824,50.17627],[103.78021,50.17741],[103.7786,50.17813],[103.77499,50.17925],[103.77272,50.18029],[103.77118,50.18139],[103.77101,50.18259],[103.77104,50.18338],[103.77447,50.1853],[103.77648,50.18755],[103.77645,50.18884],[103.7753,50.1923],[103.77585,50.19587],[103.77516,50.19748],[103.77455,50.1984],[103.77172,50.20189],[103.76966,50.20464],[103.77041,50.2059],[103.7732,50.2063],[103.77639,50.20554],[103.78274,50.20247],[103.78755,50.20053],[103.79109,50.20001],[103.79542,50.19973],[103.80736,50.20041],[103.81119,50.20086],[103.81485,50.20132],[103.81806,50.1994],[103.82082,50.19855],[103.82603,50.19786],[103.83122,50.19714],[103.83345,50.19549],[103.83447,50.1949],[103.83576,50.19473],[103.8382,50.19512],[103.84027,50.19602],[103.84241,50.19678],[103.84399,50.19763],[103.84463,50.19773],[103.84602,50.19709],[103.84906,50.1962],[103.85011,50.19487],[103.85326,50.193],[103.85873,50.18987],[103.8604,50.18924],[103.86522,50.18938],[103.87106,50.18976],[103.8794,50.19012],[103.88136,50.18916],[103.88184,50.1875],[103.88216,50.18579],[103.88183,50.18468],[103.88103,50.18287],[103.88074,50.18193],[103.88194,50.1795],[103.88329,50.17831],[103.88553,50.17717],[103.89075,50.17635],[103.89544,50.17593],[103.90112,50.17598],[103.90645,50.177],[103.91136,50.17881],[103.91425,50.17902],[103.91702,50.17733],[103.91898,50.17661],[103.9221,50.17599],[103.92543,50.17445],[103.9296,50.17491],[103.93361,50.17693],[103.93584,50.18],[103.93772,50.18206],[103.938,50.18331],[103.93987,50.18235],[103.94329,50.17864],[103.94427,50.17592],[103.9454,50.17389],[103.94814,50.17068],[103.95085,50.16821],[103.95343,50.1655],[103.95684,50.16428],[103.96227,50.1634],[103.96691,50.16196],[103.97209,50.15961],[103.9761,50.1564],[103.97633,50.15636],[103.97928,50.15588],[103.98363,50.15536],[103.98933,50.15416],[103.9924,50.15211],[103.99443,50.15124],[103.99909,50.15033],[104.00094,50.15042],[104.00992,50.15335],[104.01534,50.14944],[104.02143,50.14865],[104.02742,50.1489],[104.02993,50.14787],[104.03181,50.14774],[104.04081,50.14791],[104.04503,50.1469],[104.04665,50.14666],[104.0494,50.14673],[104.05093,50.14724],[104.05709,50.15094],[104.06116,50.14938],[104.06616,50.14797],[104.07176,50.14786],[104.07487,50.14783],[104.07823,50.14746],[104.07925,50.14682],[104.08202,50.14375],[104.08511,50.14177],[104.08804,50.14199],[104.09182,50.14358],[104.09425,50.14414],[104.09648,50.14411],[104.10162,50.14315],[104.10443,50.14278],[104.10693,50.14194],[104.10899,50.14161],[104.11237,50.14338],[104.11591,50.14491],[104.11871,50.14528],[104.12354,50.14447],[104.12974,50.14177],[104.1309,50.14108],[104.13442,50.13965],[104.13608,50.13932],[104.13823,50.13963],[104.14139,50.1413],[104.14493,50.14348],[104.14616,50.14548],[104.14657,50.14744],[104.1472,50.14794],[104.15139,50.14832],[104.15411,50.14814],[104.16452,50.15297],[104.17207,50.15836],[104.17397,50.15998],[104.17715,50.1609],[104.17982,50.16342],[104.18097,50.16448],[104.18324,50.16459],[104.18595,50.16486],[104.18826,50.16572],[104.1888,50.16648],[104.18703,50.16856],[104.1885,50.16963],[104.19057,50.17124],[104.1936,50.17286],[104.19711,50.17548],[104.19945,50.17614],[104.20416,50.17733],[104.20697,50.17865],[104.21067,50.17997],[104.21297,50.18104],[104.21763,50.18257],[104.22102,50.18409],[104.22295,50.1857],[104.22432,50.18776],[104.22652,50.18678],[104.22917,50.18564],[104.2326,50.18456],[104.23642,50.18429],[104.23789,50.18465],[104.24016,50.18521],[104.24445,50.18849],[104.24799,50.19061],[104.24947,50.19137],[104.252,50.19423],[104.25488,50.19455],[104.25838,50.19443],[104.2609,50.19644],[104.26254,50.19755],[104.26749,50.19913],[104.27135,50.1995],[104.27409,50.20017],[104.27758,50.20104],[104.27949,50.2028],[104.27962,50.205],[104.27972,50.20815],[104.27795,50.21144],[104.27501,50.21756],[104.27441,50.22006],[104.27446,50.22206],[104.27854,50.22453],[104.28187,50.2272],[104.28353,50.23006],[104.28406,50.23087],[104.28699,50.23308],[104.28767,50.23439],[104.29015,50.23585],[104.29284,50.23761],[104.29372,50.24052],[104.29549,50.24238],[104.29924,50.24285],[104.30194,50.24401],[104.30357,50.24427],[104.30592,50.24389],[104.31115,50.24332],[104.3155,50.24319],[104.31947,50.24342],[104.32317,50.24214],[104.32751,50.24197],[104.3321,50.24269],[104.33585,50.24352],[104.33926,50.24408],[104.34054,50.24689],[104.34122,50.24869],[104.34277,50.2499],[104.34812,50.25228],[104.35422,50.25576],[104.35902,50.25903],[104.36457,50.26371],[104.36478,50.26511],[104.36559,50.26906],[104.36541,50.27041],[104.36657,50.27177],[104.36762,50.27277],[104.3716,50.27354],[104.37315,50.27485],[104.376,50.28221],[104.37761,50.28582],[104.38071,50.29293],[104.38083,50.29458],[104.38098,50.29593],[104.38198,50.29708],[104.38515,50.29895],[104.38662,50.30075],[104.38712,50.30386],[104.38801,50.3053],[104.38909,50.30707],[104.39043,50.30875],[104.39149,50.31008],[104.39327,50.31153],[104.39529,50.31214],[104.39708,50.3125],[104.40315,50.31058],[104.40421,50.31024],[104.40821,50.30938],[104.41289,50.30828],[104.41439,50.307],[104.41562,50.30647],[104.41705,50.30586]]]}},{"type":"Feature","properties":{"name":"Тэнгис-Шишгэд голын ай сав","type":"Байгалийн цогцолборт газар"},"geometry":{"type":"Polygon","coordinates":[[[98.91558,52.14755],[98.92371,52.14721],[98.93573,52.14744],[98.94202,52.14722],[98.94758,52.14745],[98.95238,52.14608],[98.96461,52.14655],[98.97117,52.14547],[98.9697,52.14182],[98.97079,52.13636],[98.97135,52.13499],[98.97599,52.13272],[98.98043,52.12931],[98.98226,52.12658],[98.98219,52.12321],[98.98054,52.1173],[98.98145,52.11593],[98.98903,52.11525],[98.99365,52.11001],[98.99956,52.10569],[98.99947,52.09585],[99.00206,52.09425],[99.00242,52.09266],[99.00039,52.08993],[98.99764,52.08822],[98.99928,52.08538],[99.00001,52.08494],[99.00678,52.08192],[99.0089,52.08076],[99.00889,52.07932],[99.00539,52.07801],[99.00336,52.07671],[99.00596,52.07461],[99.00843,52.07382],[99.01359,52.07389],[99.0183,52.07367],[99.0218,52.07099],[99.02462,52.06658],[99.02697,52.06687],[99.03638,52.06817],[99.04999,52.06903],[99.054,52.06918],[99.06862,52.06992],[99.07165,52.0687],[99.07353,52.06616],[99.07471,52.06435],[99.07659,52.06377],[99.07916,52.06398],[99.08128,52.06427],[99.0827,52.06398],[99.0842,52.05595],[99.08367,52.05201],[99.08649,52.05012],[99.08952,52.04882],[99.09376,52.04838],[99.09821,52.04888],[99.10316,52.04967],[99.10478,52.04823],[99.10712,52.04374],[99.10912,52.04214],[99.11209,52.03949],[99.11397,52.03414],[99.11842,52.02958],[99.12054,52.02813],[99.12385,52.0249],[99.12715,52.0233],[99.12971,52.0233],[99.1377,52.0259],[99.14333,52.02893],[99.14629,52.03081],[99.14899,52.03095],[99.15179,52.03051],[99.15647,52.02797],[99.15878,52.02772],[99.1604,52.02873],[99.16194,52.03032],[99.16864,52.03378],[99.17099,52.03523],[99.1731,52.03537],[99.17674,52.03319],[99.18377,52.03166],[99.19211,52.03172],[99.20199,52.02682],[99.20377,52.02682],[99.20847,52.0284],[99.21246,52.02781],[99.21864,52.02708],[99.22358,52.02526],[99.22942,52.0196],[99.23624,52.0126],[99.23894,52.01159],[99.24854,52.01106],[99.25346,52.01156],[99.2556,52.01307],[99.25585,52.01611],[99.25563,52.01966],[99.25658,52.02111],[99.26245,52.02196],[99.26575,52.02152],[99.27553,52.02008],[99.27935,52.01552],[99.27937,52.01406],[99.27746,52.01234],[99.27419,52.01032],[99.27276,52.00757],[99.27148,52.00068],[99.26897,51.9973],[99.26965,51.9915],[99.27176,51.98986],[99.27921,51.98843],[99.28201,51.98721],[99.28201,51.9858],[99.271,51.98211],[99.26677,51.98102],[99.26498,51.97906],[99.26389,51.9771],[99.26601,51.97425],[99.26814,51.97217],[99.2711,51.96839],[99.27678,51.9686],[99.28278,51.96727],[99.29158,51.96266],[99.29795,51.9598],[99.3036,51.9587],[99.31437,51.95801],[99.32076,51.958],[99.32693,51.95661],[99.33136,51.95704],[99.33384,51.95725],[99.34512,51.9535],[99.34756,51.94934],[99.35282,51.94255],[99.35633,51.94035],[99.36164,51.93958],[99.36552,51.93967],[99.36836,51.94076],[99.36774,51.95037],[99.36741,51.95387],[99.36987,51.95419],[99.37449,51.9532],[99.38031,51.95345],[99.38951,51.95484],[99.39042,51.95484],[99.39906,51.95371],[99.40932,51.9539],[99.41341,51.95432],[99.41589,51.9554],[99.41908,51.95649],[99.4279,51.95623],[99.43729,51.95691],[99.4551,51.95226],[99.46568,51.94893],[99.4649,51.94042],[99.4631,51.93846],[99.46412,51.93539],[99.46744,51.92997],[99.46973,51.92952],[99.48458,51.92924],[99.50066,51.92867],[99.75497,51.90869],[99.82266,51.84307],[99.86874,51.77754],[99.86879,51.77753],[99.8695,51.77737],[99.86878,51.77673],[99.80947,51.7156],[99.6473,51.66542],[99.61426,51.66538],[99.55853,51.65048],[99.54243,51.62812],[99.51276,51.62405],[99.47233,51.60432],[99.36462,51.57142],[99.35928,51.55856],[99.27847,51.54864],[99.19773,51.5504],[99.12737,51.52754],[99.0675,51.48009],[99.02315,51.45874],[99.08289,51.4299],[99.0685,51.40798],[99.07655,51.37982],[99.07963,51.36796],[99.07428,51.3491],[99.08574,51.31976],[99.06905,51.3009],[99.01273,51.26541],[99.01273,51.23409],[98.99606,51.22356],[99.00262,51.18303],[98.97488,51.15351],[98.96382,51.11798],[98.95574,51.10094],[98.92699,51.05548],[98.87737,51.05975],[98.85549,51.06163],[98.8045,51.05677],[98.78059,51.05448],[98.71939,51.05621],[98.64245,51.05953],[98.62962,51.06008],[98.58725,51.06387],[98.58708,51.06379],[98.53665,51.03999],[98.51309,51.03622],[98.51299,51.0362],[98.51288,51.03618],[98.49681,51.02699],[98.47193,50.99547],[98.45701,50.98137],[98.45067,50.97538],[98.38575,50.98047],[98.3842,50.98059],[98.37929,50.97889],[98.37806,50.97847],[98.36865,50.97522],[98.04276,50.86193],[98.04263,50.86189],[98.04259,50.8622],[98.04322,50.86237],[98.04222,50.86334],[98.04221,50.86334],[98.04221,50.86334],[98.03952,50.86332],[98.0366,50.86439],[98.03365,50.8662],[98.03154,50.86705],[98.02942,50.86617],[98.02811,50.86469],[98.02656,50.86456],[98.02634,50.86541],[98.02689,50.86676],[98.02844,50.86702],[98.0263,50.86785],[98.02531,50.86834],[98.02434,50.86931],[98.02431,50.87028],[98.02448,50.87163],[98.02408,50.87199],[98.02174,50.87259],[98.02199,50.87075],[98.02062,50.87038],[98.01888,50.87122],[98.01885,50.87231],[98.01823,50.87378],[98.0157,50.87474],[98.01247,50.87336],[98.01034,50.87273],[98.00955,50.87322],[98.00912,50.87492],[98.00368,50.87683],[98.00253,50.87658],[98.00333,50.87463],[98.00152,50.87443],[97.9995,50.87518],[97.99857,50.87567],[97.99814,50.87625],[97.99773,50.87767],[97.99744,50.87867],[97.99715,50.87959],[97.99648,50.87992],[97.99556,50.87999],[97.99397,50.88031],[97.99331,50.88039],[97.99249,50.8813],[97.99418,50.88215],[97.99535,50.88325],[97.99429,50.88383],[97.99323,50.88356],[97.99165,50.88346],[97.9915,50.88464],[97.99225,50.88589],[97.99251,50.88682],[97.99128,50.88798],[97.98903,50.88854],[97.9865,50.88927],[97.98412,50.88992],[97.98202,50.88898],[97.97839,50.88853],[97.97521,50.88918],[97.97351,50.88858],[97.97099,50.88863],[97.96832,50.88937],[97.9641,50.88999],[97.96353,50.89133],[97.96455,50.89285],[97.964,50.89401],[97.9616,50.89482],[97.96026,50.89581],[97.95917,50.8968],[97.95708,50.89629],[97.95599,50.89711],[97.95624,50.89828],[97.95847,50.89914],[97.95872,50.89998],[97.95738,50.9003],[97.95595,50.89962],[97.95425,50.89827],[97.95266,50.89841],[97.95131,50.89983],[97.94945,50.90065],[97.95046,50.90241],[97.95068,50.90417],[97.94933,50.90533],[97.9472,50.90564],[97.9455,50.90596],[97.94547,50.90696],[97.94718,50.90731],[97.94851,50.90699],[97.94942,50.90734],[97.94849,50.90808],[97.94754,50.90832],[97.94597,50.90797],[97.94438,50.90812],[97.94451,50.90896],[97.94527,50.9098],[97.94474,50.91063],[97.94341,50.91079],[97.9433,50.90962],[97.94239,50.90827],[97.94082,50.90851],[97.94002,50.90892],[97.93987,50.90992],[97.94205,50.91178],[97.94341,50.91262],[97.94089,50.91442],[97.94095,50.91233],[97.93925,50.91336],[97.93712,50.91204],[97.93422,50.91201],[97.93128,50.91408],[97.9267,50.91626],[97.92295,50.91753],[97.91833,50.92035],[97.91545,50.9202],[97.91542,50.92098],[97.91373,50.92332],[97.91286,50.92487],[97.91079,50.92538],[97.90878,50.92327],[97.90548,50.92245],[97.90215,50.92295],[97.89965,50.92371],[97.89613,50.92472],[97.89382,50.92548],[97.89607,50.92694],[97.89648,50.92629],[97.89875,50.92657],[97.89623,50.9289],[97.89375,50.92887],[97.89041,50.92989],[97.8867,50.93011],[97.88562,50.93194],[97.88744,50.93404],[97.88448,50.93702],[97.88397,50.94028],[97.88148,50.94091],[97.87797,50.94113],[97.87648,50.94268],[97.87889,50.94532],[97.87723,50.94635],[97.86934,50.94758],[97.86722,50.94913],[97.86717,50.95148],[97.86625,50.95526],[97.86456,50.95641],[97.86226,50.95822],[97.85993,50.95924],[97.8562,50.96051],[97.8554,50.96351],[97.85658,50.966],[97.8545,50.96637],[97.85323,50.96701],[97.85399,50.96989],[97.85827,50.97281],[97.86008,50.97492],[97.85961,50.97726],[97.8579,50.97907],[97.85534,50.98257],[97.85416,50.98831],[97.85332,50.98935],[97.85156,50.99259],[97.84904,50.99532],[97.84488,50.9958],[97.83986,50.99705],[97.83634,51.00082],[97.83556,51.00146],[97.83385,51.00249],[97.83249,51.003],[97.83085,51.00331],[97.82908,51.00309],[97.82825,51.00309],[97.827,51.0034],[97.82657,51.00366],[97.82635,51.00431],[97.82721,51.00595],[97.82561,51.00744],[97.8234,51.00859],[97.82233,51.01041],[97.82246,51.01224],[97.82417,51.01585],[97.82443,51.01743],[97.82619,51.01895],[97.82764,51.01923],[97.82866,51.01963],[97.82927,51.02028],[97.83008,51.02095],[97.831,51.02181],[97.83213,51.02228],[97.83244,51.02254],[97.83242,51.023],[97.83241,51.02345],[97.83063,51.0237],[97.8302,51.02422],[97.83038,51.02487],[97.83205,51.0256],[97.83244,51.0262],[97.83282,51.02699],[97.83345,51.02778],[97.83486,51.02825],[97.83661,51.02892],[97.83971,51.02941],[97.84149,51.03021],[97.84378,51.03056],[97.84534,51.03064],[97.84761,51.03073],[97.84866,51.03101],[97.84893,51.03146],[97.84881,51.03224],[97.84829,51.03283],[97.84744,51.03328],[97.8466,51.03379],[97.84608,51.03457],[97.84625,51.03562],[97.84665,51.03621],[97.84705,51.03693],[97.84856,51.03786],[97.85145,51.03933],[97.8531,51.03974],[97.85535,51.04015],[97.85699,51.04134],[97.85658,51.04291],[97.85563,51.04388],[97.85614,51.04467],[97.85767,51.04566],[97.8587,51.0458],[97.86037,51.04556],[97.86378,51.04527],[97.8643,51.04605],[97.86468,51.04711],[97.86529,51.04796],[97.86596,51.04934],[97.86906,51.05074],[97.86996,51.05121],[97.87037,51.05167],[97.87035,51.05239],[97.86939,51.05316],[97.86699,51.05432],[97.86645,51.05523],[97.86672,51.0564],[97.86618,51.0577],[97.86531,51.05907],[97.86541,51.06012],[97.86642,51.06097],[97.867,51.06242],[97.86623,51.06365],[97.8669,51.06471],[97.86678,51.0651],[97.86778,51.06583],[97.86831,51.06629],[97.87057,51.06625],[97.87153,51.0658],[97.87289,51.06549],[97.87485,51.06543],[97.87578,51.06571],[97.87617,51.06662],[97.87646,51.06755],[97.87667,51.06807],[97.87694,51.06944],[97.8765,51.07042],[97.87565,51.07133],[97.87553,51.07251],[97.87549,51.07328],[97.87557,51.07407],[97.87566,51.07479],[97.87608,51.07538],[97.87656,51.07598],[97.87687,51.07637],[97.87769,51.07684],[97.87768,51.07729],[97.87715,51.07788],[97.87482,51.07818],[97.87387,51.07843],[97.87334,51.07869],[97.87272,51.07901],[97.87228,51.07966],[97.87238,51.07993],[97.87276,51.08097],[97.87286,51.08123],[97.87327,51.08156],[97.87431,51.08203],[97.87554,51.08205],[97.87679,51.08232],[97.87699,51.08284],[97.87727,51.08344],[97.87757,51.08389],[97.87777,51.08501],[97.87815,51.08606],[97.87855,51.08684],[97.87853,51.0873],[97.87811,51.08802],[97.87714,51.08853],[97.87695,51.09016],[97.87663,51.09127],[97.87711,51.09225],[97.87782,51.09305],[97.87863,51.09403],[97.87995,51.09477],[97.88141,51.09517],[97.88409,51.0952],[97.88491,51.09599],[97.88436,51.0988],[97.88433,51.10011],[97.88538,51.10051],[97.88734,51.10065],[97.88931,51.10107],[97.89062,51.10252],[97.89119,51.10403],[97.89354,51.10568],[97.89518,51.10674],[97.89557,51.10792],[97.89545,51.1089],[97.895,51.11027],[97.89549,51.11139],[97.89573,51.11243],[97.89508,51.11334],[97.89362,51.11385],[97.89329,51.11437],[97.89307,51.11489],[97.89389,51.11529],[97.89681,51.11506],[97.89794,51.1152],[97.89876,51.11619],[97.89873,51.1173],[97.8988,51.11873],[97.89846,51.12017],[97.89819,51.12206],[97.89682,51.12374],[97.89635,51.12571],[97.89726,51.12702],[97.89848,51.12802],[97.90001,51.12888],[97.9006,51.13006],[97.90087,51.13163],[97.90177,51.13321],[97.90257,51.13452],[97.90441,51.13559],[97.90594,51.13717],[97.90582,51.13874],[97.90557,51.13977],[97.90587,51.14083],[97.90564,51.14174],[97.90424,51.14264],[97.90308,51.14367],[97.90317,51.14459],[97.90419,51.14539],[97.90645,51.14632],[97.90662,51.14782],[97.90784,51.14921],[97.90915,51.15131],[97.90974,51.15289],[97.90928,51.15419],[97.90967,51.15537],[97.91004,51.15681],[97.91002,51.15864],[97.91038,51.16021],[97.91119,51.16166],[97.91198,51.16323],[97.91151,51.16493],[97.91026,51.16642],[97.90925,51.16903],[97.90921,51.17099],[97.90822,51.17255],[97.90797,51.17516],[97.90772,51.17633],[97.90781,51.17685],[97.90905,51.17739],[97.90977,51.17753],[97.91217,51.17742],[97.9128,51.17703],[97.91394,51.17691],[97.9156,51.17745],[97.91723,51.17825],[97.91938,51.17951],[97.92049,51.18083],[97.92207,51.18287],[97.9238,51.18432],[97.92558,51.18447],[97.92638,51.18487],[97.92677,51.18605],[97.92684,51.18762],[97.92772,51.19011],[97.92852,51.19143],[97.93081,51.19144],[97.93248,51.19199],[97.93253,51.19329],[97.9332,51.19421],[97.93367,51.19559],[97.9345,51.19671],[97.93427,51.19788],[97.93359,51.19931],[97.93273,51.20113],[97.93217,51.2027],[97.93204,51.20414],[97.93242,51.20506],[97.93336,51.20565],[97.93511,51.2058],[97.93678,51.20614],[97.93797,51.20621],[97.9398,51.20715],[97.94043,51.20794],[97.94165,51.20913],[97.94276,51.21032],[97.94304,51.21201],[97.94405,51.21333],[97.94496,51.21425],[97.94535,51.21471],[97.94461,51.21582],[97.94376,51.21633],[97.94358,51.21764],[97.94376,51.21888],[97.94334,51.2196],[97.9435,51.22077],[97.94453,51.22157],[97.94599,51.22191],[97.94806,51.22173],[97.94921,51.22227],[97.94909,51.22305],[97.94802,51.22422],[97.94704,51.22551],[97.94816,51.22722],[97.95115,51.2281],[97.95376,51.22832],[97.9554,51.22885],[97.95538,51.2297],[97.95473,51.23055],[97.95394,51.23159],[97.95504,51.23264],[97.9561,51.23265],[97.95765,51.23325],[97.95751,51.23449],[97.95614,51.23579],[97.95403,51.23642],[97.95307,51.23746],[97.95292,51.23903],[97.95321,51.24047],[97.95421,51.24217],[97.95408,51.24322],[97.95325,51.24334],[97.95171,51.24483],[97.94919,51.2452],[97.9473,51.24611],[97.94551,51.24687],[97.94518,51.24778],[97.94525,51.24895],[97.94523,51.25079],[97.94498,51.25124],[97.94458,51.25183],[97.94476,51.25288],[97.94549,51.25504],[97.94743,51.25623],[97.94916,51.25788],[97.94823,51.25872],[97.94726,51.25962],[97.94691,51.26106],[97.94648,51.26184],[97.94707,51.26289],[97.94767,51.26381],[97.94901,51.26539],[97.9493,51.26632],[97.94977,51.26789],[97.9508,51.26849],[97.95098,51.26953],[97.9516,51.27039],[97.95239,51.27118],[97.95238,51.27275],[97.95363,51.27269],[97.9538,51.27413],[97.9542,51.27439],[97.9548,51.27591],[97.95478,51.27715],[97.95473,51.27858],[97.9538,51.27943],[97.95304,51.2804],[97.95348,51.28146],[97.95514,51.28246],[97.95553,51.28271],[97.95564,51.28312],[97.95578,51.28369],[97.9547,51.28433],[97.95367,51.28432],[97.95197,51.2848],[97.95206,51.28643],[97.95267,51.28783],[97.95344,51.28865],[97.95408,51.28972],[97.95404,51.29053],[97.95535,51.29103],[97.95704,51.29138],[97.95763,51.29318],[97.95737,51.29432],[97.95709,51.29497],[97.95524,51.29561],[97.95379,51.29609],[97.95315,51.29633],[97.95313,51.29707],[97.95389,51.29789],[97.95387,51.29871],[97.95269,51.29951],[97.95396,51.30099],[97.95442,51.30222],[97.95401,51.3036],[97.95267,51.30507],[97.95187,51.30637],[97.95213,51.30711],[97.9522,51.30865],[97.95478,51.30999],[97.9558,51.31065],[97.95632,51.31098],[97.95618,51.31212],[97.9545,51.31425],[97.95511,51.31569],[97.95653,51.31845],[97.95599,51.31988],[97.95352,51.32098],[97.95042,51.32157],[97.94779,51.32216],[97.94743,51.32358],[97.94905,51.32441],[97.95047,51.32565],[97.9503,51.32657],[97.95091,51.32821],[97.95271,51.32853],[97.95448,51.32875],[97.95544,51.32978],[97.95442,51.33192],[97.95514,51.33325],[97.95634,51.33383],[97.95706,51.33421],[97.95837,51.33483],[97.95907,51.33574],[97.95965,51.3368],[97.95983,51.33862],[97.9623,51.33981],[97.9631,51.34049],[97.9662,51.34188],[97.96897,51.34236],[97.97123,51.34321],[97.97304,51.34398],[97.97373,51.34488],[97.97466,51.34655],[97.97655,51.34823],[97.97759,51.34952],[97.97817,51.35096],[97.97814,51.35232],[97.97908,51.35384],[97.97985,51.35463],[97.98113,51.35661],[97.9818,51.35804],[97.98301,51.35881],[97.98396,51.35957],[97.98403,51.36055],[97.98368,51.36116],[97.9827,51.36175],[97.98206,51.36295],[97.98215,51.36401],[97.98309,51.36522],[97.98368,51.36659],[97.98412,51.36765],[97.9847,51.36916],[97.9855,51.3709],[97.98571,51.37248],[97.98534,51.37429],[97.98533,51.37516],[97.98621,51.37618],[97.98734,51.3774],[97.98988,51.37872],[97.99072,51.37844],[97.99136,51.37753],[97.99213,51.37734],[97.99281,51.37778],[97.9939,51.37818],[97.99472,51.37848],[97.99596,51.37878],[97.99687,51.37926],[97.99739,51.3798],[97.99754,51.38057],[97.99744,51.38135],[97.99687,51.38226],[97.99607,51.38375],[97.99505,51.38494],[97.99425,51.38605],[97.99401,51.38701],[97.99445,51.3875],[97.99465,51.38772],[97.99647,51.3879],[97.99809,51.38802],[97.99914,51.38848],[97.99985,51.38894],[98.00054,51.39006],[98.00106,51.39062],[98.00159,51.39051],[98.00269,51.39008],[98.00449,51.38964],[98.00574,51.38955],[98.00518,51.39021],[98.00464,51.3911],[98.00335,51.39199],[98.00244,51.39265],[98.0019,51.39321],[98.0017,51.39376],[98.00203,51.39499],[98.00309,51.39557],[98.00507,51.39547],[98.00705,51.39526],[98.01063,51.3954],[98.01275,51.39565],[98.013,51.39721],[98.01279,51.39822],[98.01423,51.39857],[98.01617,51.39959],[98.01723,51.40061],[98.017,51.40173],[98.017,51.40307],[98.01747,51.40487],[98.02026,51.40847],[98.02094,51.41116],[98.02251,51.41274],[98.02155,51.41643],[98.02405,51.42059],[98.02381,51.42327],[98.02535,51.42542],[98.02876,51.42634],[98.03249,51.42637],[98.03284,51.42749],[98.0317,51.4314],[98.03523,51.43356],[98.03675,51.43793],[98.03481,51.44061],[98.03512,51.44296],[98.03437,51.44463],[98.03345,51.44596],[98.03467,51.44687],[98.04179,51.44849],[98.04068,51.4505],[98.04282,51.45119],[98.04459,51.45322],[98.04131,51.45565],[98.04613,51.45636],[98.05056,51.45864],[98.05645,51.45914],[98.06434,51.4592],[98.06897,51.46001],[98.07384,51.46386],[98.08419,51.46574],[98.08773,51.46766],[98.09235,51.47028],[98.0948,51.47253],[98.09658,51.47355],[98.09961,51.47335],[98.10591,51.47228],[98.10806,51.47297],[98.11268,51.4748],[98.11769,51.47506],[98.1191,51.47675],[98.12655,51.47636],[98.13103,51.47527],[98.13415,51.47261],[98.13882,51.47141],[98.14526,51.47314],[98.14811,51.47293],[98.15031,51.47138],[98.15503,51.46739],[98.15901,51.46484],[98.16063,51.46519],[98.16222,51.46475],[98.16546,51.46589],[98.17079,51.46682],[98.17513,51.46574],[98.18135,51.46254],[98.18947,51.46013],[98.19629,51.4604],[98.19881,51.45953],[98.20457,51.458],[98.20992,51.45904],[98.2172,51.462],[98.21899,51.46156],[98.22186,51.46225],[98.22475,51.46205],[98.22743,51.46026],[98.2291,51.45916],[98.22942,51.46051],[98.23291,51.4715],[98.23441,51.47789],[98.23294,51.4808],[98.23449,51.48338],[98.23586,51.48674],[98.23676,51.49279],[98.24435,51.50012],[98.24788,51.50316],[98.24983,51.50553],[98.25012,51.51448],[98.25258,51.51796],[98.25568,51.52627],[98.2542,51.52917],[98.25468,51.53197],[98.25504,51.53768],[98.25214,51.53878],[98.24742,51.54177],[98.24628,51.54591],[98.23692,51.54809],[98.2328,51.54694],[98.23435,51.5512],[98.2343,51.55893],[98.23786,51.56118],[98.2364,51.56364],[98.23487,51.56766],[98.23592,51.57058],[98.23553,51.57259],[98.23618,51.57618],[98.23805,51.57775],[98.24087,51.57978],[98.23866,51.58436],[98.23396,51.58578],[98.22408,51.58561],[98.22263,51.58638],[98.22363,51.58952],[98.22394,51.59311],[98.2206,51.60014],[98.22443,51.60184],[98.23016,51.60255],[98.2345,51.60157],[98.23866,51.60003],[98.24403,51.60006],[98.24866,51.60357],[98.25095,51.60604],[98.25922,51.60722],[98.26313,51.60947],[98.26504,51.6124],[98.26843,51.61466],[98.27108,51.61747],[98.27338,51.62074],[98.27718,51.62311],[98.27607,51.62613],[98.27745,51.62893],[98.27979,51.62917],[98.28408,51.63043],[98.28316,51.63255],[98.28349,51.63501],[98.28561,51.63692],[98.29261,51.63831],[98.296,51.64001],[98.29701,51.64315],[98.29958,51.64675],[98.30296,51.64968],[98.30521,51.65506],[98.30497,51.6582],[98.30656,51.66156],[98.30523,51.66446],[98.30948,51.66766],[98.31395,51.6719],[98.31261,51.67659],[98.33524,51.70459],[98.36047,51.70451],[98.35473,51.73403],[98.38157,51.74301],[98.45128,51.73967],[98.46815,51.74736],[98.49179,51.75977],[98.4992,51.76491],[98.5007,51.76535],[98.52454,51.77976],[98.52203,51.78695],[98.51614,51.79299],[98.51582,51.79564],[98.51852,51.79926],[98.5231,51.79946],[98.52525,51.79947],[98.52983,51.79949],[98.53258,51.79837],[98.53598,51.7961],[98.54058,51.79461],[98.54453,51.79538],[98.54881,51.79616],[98.55245,51.79768],[98.55672,51.79846],[98.56269,51.79914],[98.56757,51.80143],[98.57274,51.80221],[98.57674,51.80147],[98.58378,51.80035],[98.58926,51.80019],[98.59416,51.80039],[98.6033,51.80232],[98.60728,51.80347],[98.6091,51.8048],[98.61154,51.805],[98.61553,51.80349],[98.6189,51.8035],[98.62071,51.80465],[98.63048,51.80847],[98.63595,51.80962],[98.63701,51.81219],[98.64005,51.81371],[98.64524,51.81562],[98.64799,51.81582],[98.65837,51.8168],[98.66388,51.81795],[98.67057,51.82138],[98.67696,51.82405],[98.68151,51.82994],[98.68975,51.83413],[98.6931,51.83471],[98.69767,51.83794],[98.70468,51.8408],[98.71095,51.84375],[98.72221,51.85288],[98.73595,51.85935],[98.74451,51.86013],[98.74877,51.86355],[98.75179,51.86773],[98.75547,51.87038],[98.76096,51.8757],[98.76537,51.87865],[98.77149,51.8798],[98.77238,51.88283],[98.77452,51.88397],[98.76931,51.88775],[98.76714,51.89059],[98.76712,51.89874],[98.78291,51.93176],[98.78178,51.94431],[98.80479,51.95968],[98.80959,51.9749],[98.80462,51.98536],[98.80437,51.9888],[98.80315,51.99168],[98.80298,51.99421],[98.80762,51.99928],[98.8102,52.00063],[98.81477,52.0047],[98.81917,52.01062],[98.81213,52.01824],[98.81029,52.0204],[98.81065,52.02302],[98.81617,52.02872],[98.81873,52.02941],[98.82944,52.03125],[98.83164,52.03694],[98.83226,52.0411],[98.83743,52.04111],[98.83961,52.04406],[98.84073,52.04679],[98.84882,52.05136],[98.84956,52.0541],[98.8477,52.05933],[98.84797,52.06268],[98.84464,52.06586],[98.84756,52.0694],[98.8494,52.07919],[98.84872,52.08152],[98.84354,52.08675],[98.84167,52.09267],[98.84239,52.09631],[98.84498,52.09745],[98.84978,52.09678],[98.85459,52.09496],[98.85569,52.09542],[98.85421,52.1011],[98.85541,52.10447],[98.85816,52.10697],[98.86018,52.1097],[98.86147,52.11198],[98.85815,52.11403],[98.85442,52.11858],[98.85366,52.12392],[98.85449,52.1266],[98.85929,52.12888],[98.86317,52.13025],[98.86539,52.1298],[98.86611,52.13264],[98.86908,52.13595],[98.87112,52.13755],[98.87592,52.13686],[98.8835,52.13574],[98.88869,52.13483],[98.89201,52.13529],[98.89385,52.13961],[98.89922,52.1419],[98.90755,52.14191],[98.90632,52.14537],[98.90633,52.14674],[98.90928,52.14765],[98.91225,52.14925],[98.91558,52.14755]]]}},{"type":"Feature","properties":{"name":"Мянган угалзат","type":"Байгалийн цогцолборт газар"},"geometry":{"type":"Polygon","coordinates":[[[92.73803,46.55259],[92.78118,46.5197],[92.82438,46.51986],[92.87366,46.52402],[92.9585,46.52496],[92.97375,46.49909],[92.97137,46.48185],[93.08098,46.44102],[93.10423,46.43873],[93.12744,46.40366],[93.20575,46.41966],[93.26769,46.42818],[93.31667,46.42373],[93.35109,46.41843],[93.41465,46.41938],[93.42764,46.40913],[93.43686,46.38534],[93.49243,46.31787],[93.46911,46.29532],[93.46301,46.25959],[93.50275,46.22699],[93.5388,46.20402],[93.51744,46.1848],[93.4819,46.13674],[93.46165,46.1167],[93.36539,46.1066],[93.30625,46.12099],[93.24052,46.09583],[93.26743,46.06214],[93.30238,46.04828],[93.33261,46.03297],[93.40179,46.02762],[93.40245,46.0063],[93.44407,45.98428],[93.44106,45.95305],[93.38265,45.90815],[93.37572,45.88506],[93.34903,45.8824],[93.31322,45.8811],[93.27351,45.90322],[93.16914,45.91838],[93.13635,45.9268],[93.04943,45.95979],[92.97884,45.997],[92.94297,46.03837],[92.89758,46.07426],[92.9024,46.08679],[92.87931,46.11089],[92.82323,46.13176],[92.76154,46.18949],[92.76856,46.2219],[92.82455,46.27651],[92.85316,46.30743],[92.91746,46.32175],[92.98283,46.32115],[93.00958,46.32687],[93.01369,46.34016],[92.99493,46.35935],[92.9631,46.36831],[92.83689,46.3783],[92.79768,46.38134],[92.67558,46.40231],[92.62416,46.42897],[92.5587,46.45548],[92.47079,46.48326],[92.47593,46.52626],[92.48476,46.54122],[92.51101,46.57204],[92.53922,46.5765],[92.56643,46.59038],[92.62337,46.62166],[92.69035,46.6132],[92.72294,46.59231],[92.73803,46.55259]]]}},{"type":"Feature","properties":{"name":"Булган гол-Их Онгог","type":"Байгалийн цогцолборт газар"},"geometry":{"type":"Polygon","coordinates":[[[91.27155,46.64374],[91.31565,46.59544],[91.31241,46.56606],[91.38286,46.55424],[91.4347,46.56082],[91.46434,46.56916],[91.49214,46.58874],[91.50476,46.65186],[91.51516,46.64249],[91.5536,46.61324],[91.5588,46.60603],[91.59024,46.5925],[91.6265,46.61638],[91.69099,46.63006],[91.73083,46.50375],[91.69302,46.44693],[91.64291,46.40915],[91.61027,46.39519],[91.61999,46.34843],[91.58349,46.32741],[91.60303,46.27635],[91.58531,46.25233],[91.54988,46.23],[91.51469,46.23868],[91.49386,46.24277],[91.47005,46.25936],[91.42433,46.28095],[91.41406,46.29894],[91.39715,46.32641],[91.38864,46.33236],[91.37931,46.33302],[91.32645,46.30671],[91.27161,46.27689],[91.22905,46.24586],[91.19121,46.19268],[91.17619,46.16452],[91.17088,46.15221],[91.24203,46.09082],[91.23961,46.07275],[91.13093,46.07954],[91.01046,46.12394],[91.00916,46.12536],[91.00768,46.12697],[91.00676,46.12794],[91.00542,46.12935],[91.00522,46.12957],[91.00382,46.13112],[91.00176,46.13331],[90.99884,46.13655],[90.99746,46.13797],[90.996,46.13956],[90.99459,46.14109],[90.99313,46.14265],[90.99175,46.14414],[90.98931,46.14678],[90.98524,46.15143],[90.98072,46.15628],[90.97859,46.15849],[90.97845,46.15863],[90.97525,46.1621],[90.97262,46.16698],[90.9711,46.16987],[90.96882,46.17411],[90.96783,46.17601],[90.96564,46.18011],[90.96481,46.18183],[90.96256,46.18596],[90.96154,46.18787],[90.95911,46.19241],[90.95756,46.19531],[90.95531,46.19973],[90.95396,46.2022],[90.95199,46.205],[90.95136,46.20604],[90.9501,46.20788],[90.9483,46.21057],[90.94681,46.21274],[90.94562,46.21449],[90.94522,46.21678],[90.94499,46.21866],[90.94451,46.22181],[90.9442,46.22405],[90.94399,46.22557],[90.94419,46.22579],[90.94519,46.22687],[90.94556,46.22723],[90.94618,46.22783],[90.94674,46.22814],[90.94751,46.2284],[90.94881,46.22878],[90.94966,46.22909],[90.94896,46.23008],[90.94818,46.23118],[90.94726,46.23251],[90.94612,46.23421],[90.94488,46.23593],[90.94342,46.23807],[90.942,46.2401],[90.94095,46.24159],[90.93985,46.2432],[90.93959,46.24357],[90.93856,46.24492],[90.93746,46.24656],[90.93507,46.24995],[90.93305,46.25291],[90.93029,46.25689],[90.92863,46.25929],[90.92729,46.26123],[90.92558,46.26368],[90.92363,46.26648],[90.92315,46.26713],[90.92237,46.26811],[90.92055,46.27063],[90.91851,46.27353],[90.91812,46.27417],[90.91632,46.27676],[90.91626,46.27685],[90.91512,46.27851],[90.91372,46.28052],[90.91145,46.28376],[90.91022,46.28559],[90.90788,46.2889],[90.9073,46.2898],[90.9056,46.29227],[90.90432,46.29413],[90.90329,46.29559],[90.90256,46.29663],[90.89973,46.3007],[90.8989,46.30179],[90.89623,46.30571],[90.89499,46.30749],[90.89291,46.31052],[90.89186,46.31204],[90.89408,46.31297],[90.89478,46.31295],[90.89621,46.3131],[90.89644,46.31313],[90.89781,46.31333],[90.89932,46.3135],[90.90205,46.31384],[90.90397,46.31411],[90.90561,46.3143],[90.90729,46.31635],[90.90937,46.31892],[90.91191,46.322],[90.91295,46.32329],[90.91367,46.32409],[90.91462,46.32467],[90.91864,46.32694],[90.92065,46.32801],[90.92097,46.32818],[90.92337,46.32952],[90.92657,46.3313],[90.92784,46.33199],[90.93027,46.33338],[90.93057,46.33353],[90.93203,46.33425],[90.93361,46.33571],[90.93578,46.33743],[90.93755,46.33901],[90.94108,46.34195],[90.94249,46.34313],[90.94383,46.34424],[90.94505,46.34526],[90.94699,46.34646],[90.94928,46.34792],[90.95142,46.34922],[90.95322,46.35032],[90.95651,46.3524],[90.95671,46.35252],[90.95968,46.35436],[90.9657,46.35815],[90.96819,46.35965],[90.96979,46.36085],[90.96986,46.36099],[90.97168,46.36415],[90.97306,46.36616],[90.97371,46.36713],[90.97408,46.36768],[90.97617,46.3733],[90.9767,46.37463],[90.97891,46.38043],[90.98095,46.38575],[90.98157,46.38751],[90.98259,46.39017],[90.98432,46.39488],[90.98487,46.39628],[90.98625,46.39995],[90.98781,46.40422],[90.9892,46.4079],[90.99095,46.41239],[90.9916,46.41438],[90.9925,46.4168],[90.99263,46.41712],[90.99347,46.41953],[90.99384,46.42055],[90.99449,46.42239],[90.99702,46.42507],[90.9998,46.42803],[91.00143,46.42972],[91.00278,46.4311],[91.00458,46.43305],[91.00718,46.43573],[91.00648,46.43971],[91.00629,46.44103],[91.00624,46.44139],[91.00658,46.44211],[91.00665,46.44261],[91.0069,46.4451],[91.00696,46.44529],[91.00698,46.44536],[91.00778,46.44795],[91.00859,46.44933],[91.00869,46.44949],[91.0087,46.4496],[91.00876,46.45004],[91.00891,46.452],[91.00905,46.45366],[91.00922,46.45541],[91.00942,46.45603],[91.00986,46.45709],[91.00995,46.4574],[91.00986,46.45881],[91.00983,46.45955],[91.00984,46.45992],[91.00985,46.4611],[91.01014,46.46145],[91.01067,46.46203],[91.01091,46.46238],[91.01108,46.46249],[91.01138,46.46257],[91.01184,46.4628],[91.01211,46.46305],[91.01246,46.46353],[91.01279,46.4638],[91.01312,46.46435],[91.01356,46.46468],[91.01372,46.46497],[91.01375,46.46532],[91.0137,46.46585],[91.0137,46.46627],[91.01379,46.46648],[91.01407,46.46652],[91.01443,46.46661],[91.01505,46.46709],[91.01565,46.46769],[91.01613,46.46807],[91.01626,46.46823],[91.01659,46.46863],[91.0167,46.46885],[91.01673,46.46922],[91.01673,46.46924],[91.01683,46.46948],[91.01699,46.46983],[91.01736,46.47048],[91.01778,46.47101],[91.01779,46.47102],[91.01819,46.47129],[91.0185,46.47153],[91.01886,46.47213],[91.0192,46.47275],[91.01945,46.47352],[91.01954,46.47399],[91.01956,46.47406],[91.01962,46.47411],[91.01986,46.47431],[91.02035,46.47471],[91.02095,46.47501],[91.02159,46.47511],[91.02225,46.47522],[91.02302,46.47541],[91.02366,46.4758],[91.02402,46.47606],[91.0244,46.47647],[91.02456,46.47676],[91.02457,46.47701],[91.02453,46.47721],[91.02441,46.47747],[91.02422,46.4777],[91.02414,46.47809],[91.02419,46.4784],[91.02431,46.47867],[91.02446,46.47899],[91.02451,46.47936],[91.02443,46.47965],[91.0242,46.47982],[91.02373,46.48013],[91.02333,46.4804],[91.02288,46.48072],[91.02278,46.48103],[91.02281,46.48131],[91.02293,46.48159],[91.02328,46.48223],[91.02341,46.48247],[91.0235,46.48266],[91.02359,46.48304],[91.02357,46.48332],[91.02342,46.48371],[91.02338,46.48401],[91.02355,46.48425],[91.024,46.48469],[91.02443,46.48512],[91.02481,46.48543],[91.02493,46.48582],[91.02507,46.48609],[91.02529,46.4862],[91.02569,46.48638],[91.02632,46.48665],[91.02709,46.48695],[91.02724,46.48704],[91.02762,46.48726],[91.02798,46.48744],[91.02847,46.48793],[91.02877,46.48821],[91.0291,46.48836],[91.02957,46.48841],[91.03018,46.4887],[91.03079,46.48899],[91.03112,46.48922],[91.03122,46.48939],[91.03122,46.48968],[91.03122,46.4901],[91.03122,46.49063],[91.03127,46.49075],[91.03133,46.49094],[91.03175,46.49138],[91.03221,46.4916],[91.03268,46.49192],[91.03294,46.49236],[91.03317,46.49281],[91.0331,46.49316],[91.03294,46.49349],[91.03275,46.49391],[91.03262,46.49452],[91.03258,46.49506],[91.03272,46.49565],[91.03291,46.49609],[91.03307,46.49639],[91.03334,46.49641],[91.03398,46.49653],[91.03438,46.49665],[91.03451,46.49668],[91.03496,46.49684],[91.03522,46.49704],[91.03527,46.49727],[91.03525,46.49745],[91.03511,46.49759],[91.03474,46.4977],[91.03447,46.49784],[91.03442,46.49786],[91.0342,46.49815],[91.03417,46.49829],[91.0341,46.49866],[91.03425,46.49901],[91.03456,46.49935],[91.0346,46.49954],[91.03461,46.49962],[91.03474,46.50025],[91.03506,46.50063],[91.03568,46.50099],[91.03609,46.5012],[91.03664,46.50149],[91.03727,46.5018],[91.03785,46.5019],[91.03815,46.50194],[91.03824,46.50209],[91.03821,46.50225],[91.03811,46.50232],[91.03799,46.50263],[91.03784,46.50301],[91.03794,46.50333],[91.03843,46.5036],[91.03905,46.5039],[91.03969,46.50417],[91.04009,46.50432],[91.04024,46.5045],[91.04026,46.50491],[91.04037,46.50546],[91.04057,46.50594],[91.04066,46.50651],[91.04061,46.50685],[91.04072,46.50709],[91.04089,46.5073],[91.04121,46.50766],[91.04165,46.50824],[91.04203,46.50843],[91.04264,46.50884],[91.04277,46.50893],[91.04305,46.50901],[91.04329,46.50908],[91.04366,46.50916],[91.0441,46.5093],[91.04457,46.50942],[91.04534,46.50956],[91.04594,46.50955],[91.04639,46.50949],[91.04749,46.50954],[91.0479,46.50965],[91.04829,46.50986],[91.0488,46.51004],[91.04952,46.51027],[91.05024,46.51049],[91.05055,46.51068],[91.05083,46.51103],[91.05136,46.51148],[91.05202,46.51199],[91.0524,46.5122],[91.05308,46.5129],[91.05194,46.51377],[91.05161,46.51402],[91.05079,46.51691],[91.05081,46.51766],[91.05092,46.51863],[91.05117,46.52068],[91.05132,46.52194],[91.0516,46.52233],[91.05224,46.52313],[91.05358,46.52485],[91.05482,46.52638],[91.05537,46.52716],[91.05605,46.52809],[91.05677,46.52894],[91.05612,46.52974],[91.05523,46.53069],[91.05496,46.531],[91.05388,46.53222],[91.05347,46.53257],[91.05264,46.53319],[91.05099,46.53458],[91.05042,46.535],[91.0503,46.5352],[91.05039,46.5358],[91.0506,46.53679],[91.05096,46.53727],[91.05156,46.53815],[91.05167,46.53827],[91.0519,46.53851],[91.05339,46.53932],[91.05492,46.54012],[91.05647,46.54096],[91.05666,46.54125],[91.05724,46.54298],[91.05836,46.54557],[91.05916,46.54734],[91.0592,46.54743],[91.05977,46.54871],[91.06035,46.54982],[91.06046,46.55004],[91.0607,46.55054],[91.06094,46.55083],[91.06117,46.5512],[91.06167,46.55153],[91.06198,46.55171],[91.06317,46.55184],[91.06361,46.55188],[91.06419,46.55193],[91.06447,46.55217],[91.06518,46.55278],[91.06589,46.55333],[91.06642,46.55356],[91.06734,46.55456],[91.06848,46.55574],[91.06882,46.55609],[91.06958,46.55686],[91.06973,46.55702],[91.06999,46.55722],[91.07079,46.55754],[91.07184,46.55807],[91.07223,46.55897],[91.07281,46.56008],[91.07281,46.56032],[91.0728,46.56075],[91.07274,46.56097],[91.07247,46.56134],[91.07209,46.56198],[91.07184,46.56241],[91.07179,46.56297],[91.07189,46.56383],[91.07195,46.56441],[91.07198,46.56466],[91.07202,46.56478],[91.07208,46.56498],[91.07233,46.56539],[91.07244,46.56563],[91.07239,46.56583],[91.07226,46.56594],[91.07188,46.56623],[91.07143,46.56656],[91.0712,46.56678],[91.07102,46.56695],[91.07094,46.56707],[91.07083,46.5673],[91.07059,46.56814],[91.07045,46.56856],[91.07021,46.56922],[91.07016,46.56937],[91.06992,46.57022],[91.06981,46.5705],[91.06966,46.57088],[91.06923,46.5717],[91.06895,46.57229],[91.06847,46.57306],[91.06823,46.57342],[91.0682,46.57347],[91.06814,46.57361],[91.06789,46.57417],[91.06772,46.57452],[91.06763,46.57476],[91.06744,46.57511],[91.06708,46.57547],[91.06673,46.57587],[91.06639,46.57611],[91.06608,46.57654],[91.06574,46.57683],[91.06525,46.57721],[91.06468,46.57765],[91.06428,46.57816],[91.06399,46.57845],[91.06378,46.5785],[91.06336,46.57848],[91.06238,46.57823],[91.06187,46.57809],[91.0616,46.57811],[91.06117,46.57827],[91.06097,46.57835],[91.0607,46.57831],[91.06031,46.57824],[91.06007,46.57819],[91.05978,46.57822],[91.05956,46.57833],[91.05935,46.57842],[91.059,46.57846],[91.05866,46.57834],[91.05845,46.57825],[91.05806,46.57825],[91.05746,46.57838],[91.05706,46.57838],[91.0569,46.57822],[91.05651,46.57806],[91.05603,46.57799],[91.05524,46.57801],[91.05445,46.57811],[91.05369,46.57832],[91.05287,46.57851],[91.05245,46.57876],[91.05224,46.57881],[91.05192,46.57881],[91.05169,46.57879],[91.05125,46.57885],[91.05082,46.57888],[91.05031,46.57889],[91.04977,46.57868],[91.04933,46.57854],[91.04875,46.57848],[91.04827,46.57851],[91.04768,46.5786],[91.04726,46.57849],[91.04704,46.57824],[91.04676,46.5781],[91.04624,46.57807],[91.04553,46.57802],[91.04526,46.57811],[91.04496,46.57831],[91.04463,46.57844],[91.04444,46.57845],[91.04421,46.5784],[91.04397,46.57849],[91.04388,46.57865],[91.04375,46.57867],[91.04363,46.57861],[91.04344,46.5786],[91.0433,46.57872],[91.04316,46.57881],[91.04301,46.57898],[91.04271,46.579],[91.04244,46.57896],[91.04222,46.57894],[91.04198,46.57898],[91.04181,46.57916],[91.04179,46.57949],[91.04181,46.5798],[91.04176,46.5799],[91.04159,46.57994],[91.04127,46.5798],[91.0411,46.57971],[91.04089,46.57975],[91.04072,46.5798],[91.04057,46.57977],[91.04026,46.57972],[91.04013,46.57978],[91.03983,46.58002],[91.03968,46.58011],[91.03958,46.58011],[91.03944,46.58002],[91.03931,46.57985],[91.03906,46.57968],[91.03859,46.57963],[91.03803,46.57954],[91.03776,46.57957],[91.03753,46.57968],[91.03742,46.57984],[91.03707,46.58001],[91.03672,46.58008],[91.0364,46.58004],[91.03619,46.57999],[91.03602,46.57999],[91.03581,46.58008],[91.03557,46.58014],[91.03545,46.58014],[91.03522,46.58004],[91.03497,46.57963],[91.03486,46.5795],[91.03473,46.57948],[91.03456,46.5795],[91.03435,46.57954],[91.03418,46.5795],[91.03415,46.57947],[91.03408,46.57942],[91.03395,46.57943],[91.03384,46.57949],[91.03382,46.5795],[91.03377,46.57959],[91.03367,46.57975],[91.03351,46.57983],[91.03325,46.57986],[91.03301,46.57981],[91.03272,46.57965],[91.03241,46.57953],[91.0323,46.57951],[91.03208,46.57946],[91.03172,46.57933],[91.03144,46.57923],[91.03109,46.57926],[91.03067,46.57928],[91.03044,46.5793],[91.03025,46.57938],[91.03012,46.57954],[91.03004,46.57964],[91.02983,46.57979],[91.02949,46.5799],[91.02916,46.5799],[91.02883,46.57984],[91.0287,46.57989],[91.02858,46.58002],[91.0284,46.58017],[91.02821,46.58023],[91.02795,46.58023],[91.02736,46.58007],[91.027,46.5799],[91.02675,46.57988],[91.02643,46.57986],[91.02599,46.57997],[91.0257,46.58002],[91.02536,46.57997],[91.02508,46.57992],[91.02484,46.58001],[91.02474,46.58014],[91.0246,46.58027],[91.02449,46.58031],[91.02423,46.58023],[91.02393,46.58027],[91.02382,46.58035],[91.02373,46.58058],[91.02359,46.58073],[91.02343,46.58086],[91.02325,46.58093],[91.02305,46.58093],[91.02272,46.58084],[91.02245,46.58078],[91.02228,46.58079],[91.02201,46.58088],[91.02182,46.58089],[91.02157,46.58066],[91.02133,46.58033],[91.02108,46.58015],[91.02069,46.58005],[91.02026,46.57994],[91.01975,46.57979],[91.019,46.57961],[91.01844,46.57951],[91.01795,46.57938],[91.01743,46.57927],[91.01691,46.57924],[91.01617,46.57926],[91.01561,46.57929],[91.01521,46.57941],[91.01494,46.57964],[91.01479,46.57969],[91.01457,46.57971],[91.0142,46.57963],[91.01396,46.5796],[91.01383,46.57972],[91.01417,46.58],[91.01386,46.58011],[91.01365,46.5803],[91.01365,46.58371],[91.01373,46.588],[91.01379,46.59155],[91.01402,46.59982],[91.01419,46.60667],[91.01425,46.61086],[91.01606,46.61646],[91.01806,46.62269],[91.01918,46.6263],[91.01987,46.62812],[91.02009,46.62903],[91.02274,46.63727],[91.02523,46.64499],[91.02649,46.64896],[91.02681,46.64992],[91.02852,46.65519],[91.03075,46.66223],[91.03294,46.66919],[91.0332,46.67002],[91.03455,46.67426],[91.03665,46.68074],[91.03726,46.68271],[91.03915,46.6885],[91.04274,46.69984],[91.04424,46.70535],[91.04493,46.71023],[91.04627,46.71985],[91.08542,46.71393],[91.11483,46.68851],[91.14877,46.68585],[91.17021,46.6859],[91.18842,46.6758],[91.1966,46.67059],[91.19709,46.6659],[91.21644,46.66597],[91.27226,46.65633],[91.27155,46.64374]]]}},{"type":"Feature","properties":{"name":"Мөнххайрхан-Үенчийн хавцал","type":"Байгалийн цогцолборт газар"},"geometry":{"type":"Polygon","coordinates":[[[91.36572,47.26517],[91.4032,47.24165],[91.41484,47.24373],[91.42541,47.23455],[91.57854,47.26064],[91.60935,47.27416],[91.67003,47.2634],[91.68873,47.2436],[91.69493,47.23611],[91.79068,47.19476],[91.78721,47.16484],[91.64812,47.14949],[91.63194,47.11954],[91.63741,47.07887],[91.64088,47.03748],[91.61748,46.98432],[91.6181,46.93636],[91.64404,46.91845],[91.75132,46.86475],[91.83957,46.82955],[91.95354,46.80089],[91.98039,46.77271],[91.95845,46.73146],[91.94814,46.69222],[91.96866,46.66258],[92.01517,46.62843],[92.06208,46.46323],[92.0535,46.42496],[92.09536,46.40936],[92.11462,46.41684],[92.17458,46.42271],[92.21707,46.40431],[92.2386,46.35912],[92.26914,46.3017],[92.24677,46.28264],[92.24954,46.23238],[92.24235,46.20076],[92.23831,46.17405],[92.18578,46.15683],[92.07931,46.16737],[91.98691,46.1474],[91.88651,46.15506],[91.79136,46.14948],[91.73217,46.21689],[91.71957,46.22914],[91.71046,46.24441],[91.60303,46.27635],[91.58349,46.32741],[91.62,46.34843],[91.61027,46.39519],[91.64291,46.40915],[91.69302,46.44693],[91.73083,46.50375],[91.69099,46.63006],[91.6265,46.61638],[91.59023,46.59254],[91.5588,46.60603],[91.5536,46.61325],[91.51516,46.64249],[91.50476,46.65186],[91.50897,46.66059],[91.44074,46.69156],[91.41784,46.70645],[91.37867,46.72179],[91.3595,46.79017],[91.29964,46.82949],[91.23094,46.8749],[91.18021,46.9194],[91.13312,46.9545],[91.06319,47.0321],[91.04095,47.07262],[91.02744,47.12185],[91.06591,47.15841],[91.12211,47.20928],[91.19598,47.26798],[91.23286,47.31759],[91.29916,47.31006],[91.36572,47.26517]]]}},{"type":"Feature","properties":{"name":"Бүрдэнэ булаг","type":"Байгалийн нөөц газар"},"geometry":{"type":"Polygon","coordinates":[[[110.96823,44.09285],[110.89662,44.08633],[110.83612,44.08672],[110.79968,44.0831],[110.75304,44.18159],[110.75199,44.18569],[110.74445,44.22669],[110.74683,44.24864],[110.82783,44.27734],[110.8615,44.28995],[110.90169,44.30193],[110.96331,44.27021],[110.97732,44.18544],[110.9814,44.15836],[110.96823,44.09285]]]}},{"type":"Feature","properties":{"name":"Бага газрын чулуу","type":"Дурсгалт газар"},"geometry":{"type":"Polygon","coordinates":[[[106.06178,46.23351],[106.06483,46.23087],[105.96982,46.23698],[105.89694,46.24167],[105.97333,46.27194],[105.99815,46.26034],[106.04111,46.25139],[106.04639,46.23778],[106.06178,46.23351]]]}},{"type":"Feature","properties":{"name":"Чигэртэй голын ай сав","type":"Байгалийн цогцолборт газар"},"geometry":{"type":"Polygon","coordinates":[[[90.55163,47.79172],[90.55331,47.72901],[90.59318,47.68858],[90.68527,47.6484],[90.67866,47.56456],[90.59329,47.45283],[90.55899,47.36296],[90.51955,47.34227],[90.50578,47.33945],[90.50568,47.33956],[90.50493,47.34146],[90.50459,47.34251],[90.50403,47.3443],[90.50372,47.34552],[90.50265,47.34745],[90.50161,47.34821],[90.49954,47.34931],[90.49789,47.3499],[90.49729,47.35011],[90.49689,47.35063],[90.49683,47.35135],[90.49703,47.35278],[90.49767,47.35481],[90.49798,47.35635],[90.49854,47.35813],[90.50072,47.35992],[90.50285,47.36092],[90.50484,47.36159],[90.50711,47.36271],[90.5081,47.3639],[90.50931,47.36549],[90.5105,47.36674],[90.51158,47.36827],[90.51265,47.36948],[90.5139,47.37099],[90.51508,47.37193],[90.51662,47.37321],[90.51738,47.37394],[90.51863,47.37556],[90.51877,47.37628],[90.51806,47.37693],[90.51681,47.37865],[90.5161,47.37976],[90.51494,47.38132],[90.51401,47.38268],[90.51302,47.38432],[90.5118,47.38555],[90.51073,47.38717],[90.50982,47.38844],[90.5088,47.39007],[90.50803,47.39137],[90.5071,47.39303],[90.50694,47.39445],[90.50674,47.396],[90.50573,47.39753],[90.50455,47.39916],[90.50368,47.40018],[90.50225,47.40149],[90.50124,47.40226],[90.50032,47.40277],[90.50023,47.40282],[90.50009,47.40285],[90.50009,47.40285],[90.49979,47.40288],[90.49979,47.40288],[90.49934,47.40288],[90.49934,47.40288],[90.49851,47.40288],[90.49851,47.40288],[90.49746,47.40284],[90.49746,47.40284],[90.49596,47.4025],[90.49482,47.4022],[90.49436,47.40203],[90.49351,47.40139],[90.49195,47.40012],[90.49113,47.39961],[90.49017,47.3991],[90.48848,47.39799],[90.48752,47.39735],[90.48603,47.39668],[90.48454,47.39583],[90.4836,47.39557],[90.48315,47.3957],[90.48315,47.3957],[90.48118,47.39578],[90.48118,47.39578],[90.48012,47.39587],[90.48012,47.39587],[90.47842,47.39616],[90.47842,47.39616],[90.47671,47.39638],[90.47671,47.39638],[90.47511,47.39668],[90.47248,47.39753],[90.47224,47.39769],[90.47018,47.3985],[90.46924,47.39939],[90.46889,47.40075],[90.46873,47.40186],[90.46846,47.40245],[90.46796,47.40263],[90.46796,47.40263],[90.46568,47.4028],[90.46447,47.40313],[90.46387,47.40326],[90.46294,47.40364],[90.46217,47.40411],[90.46095,47.40517],[90.45891,47.40637],[90.45797,47.40781],[90.45699,47.40904],[90.45611,47.41045],[90.4557,47.41232],[90.45602,47.41295],[90.4565,47.41349],[90.45763,47.41385],[90.45921,47.41448],[90.46007,47.41491],[90.46032,47.41525],[90.46027,47.41712],[90.46017,47.41754],[90.46014,47.4192],[90.46015,47.42056],[90.45994,47.42302],[90.45955,47.42451],[90.45929,47.426],[90.45883,47.42715],[90.45818,47.42757],[90.45714,47.42825],[90.4553,47.4294],[90.45461,47.43016],[90.45446,47.43144],[90.45463,47.43216],[90.455,47.4328],[90.45501,47.43391],[90.45499,47.43578],[90.45508,47.43697],[90.45499,47.43786],[90.45454,47.43901],[90.45431,47.43981],[90.45445,47.44015],[90.45475,47.44033],[90.45589,47.44088],[90.45822,47.44168],[90.45943,47.44258],[90.46129,47.44334],[90.46264,47.44423],[90.46495,47.44517],[90.46651,47.44627],[90.46738,47.44704],[90.46761,47.44763],[90.46758,47.44852],[90.46741,47.44921],[90.46698,47.45044],[90.46651,47.45193],[90.4667,47.4524],[90.46719,47.45379],[90.4674,47.4549],[90.46775,47.45575],[90.46775,47.45707],[90.46707,47.45835],[90.46674,47.45953],[90.46674,47.46069],[90.46715,47.46196],[90.46789,47.46272],[90.46876,47.4637],[90.47005,47.46468],[90.47102,47.46502],[90.47196,47.46574],[90.47208,47.46646],[90.47196,47.46736],[90.47167,47.46782],[90.47107,47.46816],[90.47021,47.46914],[90.46904,47.47055],[90.46819,47.47178],[90.46707,47.47318],[90.46638,47.47458],[90.46618,47.47522],[90.46643,47.47602],[90.46686,47.47667],[90.46771,47.4779],[90.46783,47.4784],[90.46792,47.47896],[90.46789,47.47972],[90.46783,47.48002],[90.46767,47.48023],[90.46767,47.48143],[90.46821,47.48257],[90.46885,47.48405],[90.46927,47.48474],[90.46941,47.48631],[90.46958,47.4875],[90.46999,47.48822],[90.47074,47.48869],[90.47161,47.48937],[90.47213,47.48971],[90.47195,47.48997],[90.47133,47.49018],[90.4706,47.49039],[90.46855,47.49099],[90.46693,47.49162],[90.46507,47.4923],[90.46379,47.4935],[90.46243,47.49524],[90.4619,47.49588],[90.46159,47.49732],[90.4615,47.49851],[90.46104,47.49931],[90.46057,47.49945],[90.46057,47.49945],[90.45988,47.49936],[90.45928,47.4991],[90.45928,47.4991],[90.45748,47.49898],[90.45748,47.49898],[90.45543,47.49906],[90.45543,47.49906],[90.45355,47.4994],[90.45156,47.50021],[90.45035,47.5014],[90.44939,47.50272],[90.44884,47.50365],[90.44846,47.50471],[90.44852,47.50578],[90.4484,47.50612],[90.4481,47.50756],[90.44744,47.50935],[90.44662,47.51122],[90.44561,47.51347],[90.44443,47.51483],[90.44343,47.51572],[90.44273,47.51623],[90.44154,47.51704],[90.44012,47.51802],[90.43896,47.5187],[90.43792,47.51955],[90.43684,47.52044],[90.43582,47.52188],[90.43512,47.52287],[90.434,47.52418],[90.43332,47.52452],[90.43332,47.52452],[90.43185,47.52482],[90.42876,47.52563],[90.42818,47.52579],[90.42664,47.52626],[90.42563,47.5272],[90.42492,47.52822],[90.42388,47.52885],[90.42181,47.52971],[90.41989,47.53034],[90.41747,47.53157],[90.41689,47.53175],[90.41543,47.53311],[90.4141,47.53374],[90.41277,47.53481],[90.41092,47.53604],[90.41,47.53685],[90.41,47.53685],[90.40842,47.53697],[90.40768,47.53663],[90.40768,47.53663],[90.40625,47.53642],[90.40586,47.53629],[90.40586,47.53629],[90.4043,47.53633],[90.4043,47.53633],[90.40246,47.53646],[90.40111,47.53688],[90.39928,47.53778],[90.398,47.53808],[90.39648,47.53872],[90.3954,47.53944],[90.39471,47.54054],[90.39456,47.54127],[90.39499,47.5422],[90.39567,47.54395],[90.39635,47.54522],[90.39639,47.54598],[90.39621,47.54739],[90.39614,47.5482],[90.39562,47.549],[90.39486,47.55028],[90.39433,47.55155],[90.39422,47.55308],[90.39383,47.55372],[90.39328,47.55423],[90.39215,47.55491],[90.39082,47.55538],[90.38918,47.55657],[90.38811,47.55789],[90.38763,47.55937],[90.38769,47.56039],[90.388,47.56192],[90.3884,47.56251],[90.38907,47.56332],[90.38979,47.56397],[90.39025,47.56443],[90.39002,47.56532],[90.38967,47.566],[90.38898,47.56736],[90.38839,47.56872],[90.38799,47.56987],[90.38674,47.57161],[90.38577,47.57327],[90.38503,47.57433],[90.38461,47.57526],[90.38376,47.57692],[90.38358,47.57726],[90.38326,47.57821],[90.38232,47.57948],[90.38117,47.58096],[90.37946,47.58236],[90.37774,47.58411],[90.37671,47.58475],[90.37645,47.58538],[90.37676,47.58577],[90.37782,47.58692],[90.37862,47.58768],[90.37934,47.58916],[90.37939,47.58993],[90.37936,47.59053],[90.37875,47.59151],[90.37806,47.59227],[90.37692,47.59261],[90.37578,47.59325],[90.37481,47.59422],[90.37393,47.59486],[90.37357,47.59605],[90.37363,47.59758],[90.37347,47.59843],[90.37331,47.5989],[90.37251,47.59937],[90.37151,47.59988],[90.37054,47.60022],[90.36855,47.60102],[90.36701,47.60145],[90.3648,47.60255],[90.36348,47.60306],[90.36201,47.6043],[90.36098,47.60528],[90.35962,47.60714],[90.35886,47.60804],[90.35808,47.60927],[90.35767,47.61003],[90.35764,47.61084],[90.35776,47.61135],[90.35839,47.61267],[90.35869,47.61314],[90.35842,47.6133],[90.35775,47.6139],[90.35712,47.61462],[90.35613,47.61573],[90.3549,47.61705],[90.35397,47.61798],[90.35316,47.61853],[90.35173,47.61972],[90.35073,47.62023],[90.34921,47.62062],[90.34687,47.62151],[90.3451,47.62257],[90.34404,47.62346],[90.34325,47.62397],[90.34271,47.62465],[90.34266,47.62503],[90.34276,47.6258],[90.3428,47.62652],[90.34306,47.62776],[90.34355,47.62882],[90.34382,47.63052],[90.34394,47.63129],[90.34365,47.63231],[90.34285,47.63363],[90.34267,47.63405],[90.34198,47.63498],[90.34224,47.63536],[90.3439,47.63638],[90.34446,47.63677],[90.34476,47.63787],[90.34607,47.63974],[90.34653,47.64046],[90.34751,47.64123],[90.34827,47.64174],[90.34917,47.64216],[90.34947,47.64259],[90.35011,47.64399],[90.35048,47.64476],[90.35044,47.6451],[90.34997,47.64582],[90.34968,47.64616],[90.35037,47.64616],[90.35037,47.64616],[90.35137,47.64586],[90.3521,47.64574],[90.3521,47.64574],[90.35277,47.64535],[90.35486,47.64404],[90.3567,47.6434],[90.35851,47.64246],[90.35996,47.64242],[90.35996,47.64242],[90.36085,47.64259],[90.36085,47.64259],[90.36259,47.64314],[90.36327,47.64339],[90.36452,47.64357],[90.36452,47.64357],[90.3652,47.64353],[90.3652,47.64353],[90.36681,47.64335],[90.36681,47.64335],[90.36804,47.64331],[90.36804,47.64331],[90.36889,47.64336],[90.36889,47.64336],[90.36975,47.64331],[90.36975,47.64331],[90.37058,47.64339],[90.37058,47.64339],[90.37131,47.64349],[90.37131,47.64349],[90.37166,47.64395],[90.37182,47.64488],[90.37161,47.64718],[90.37143,47.6496],[90.37122,47.651],[90.37063,47.6524],[90.36948,47.65364],[90.3682,47.65521],[90.36754,47.65631],[90.36694,47.657],[90.3666,47.65819],[90.36617,47.65903],[90.3654,47.65929],[90.3654,47.65929],[90.36433,47.6595],[90.36312,47.65981],[90.36204,47.66031],[90.36086,47.66087],[90.36021,47.66137],[90.35925,47.66223],[90.35801,47.6629],[90.35643,47.66405],[90.35507,47.66524],[90.3539,47.66623],[90.35374,47.66642],[90.35358,47.66664],[90.35218,47.66797],[90.35034,47.6699],[90.34991,47.67217],[90.34862,47.67314],[90.34551,47.6739],[90.34303,47.67466],[90.33734,47.67779],[90.33734,47.67779],[90.33582,47.67759],[90.33582,47.67759],[90.33294,47.67759],[90.33294,47.67759],[90.33086,47.67772],[90.32824,47.67869],[90.32742,47.67938],[90.32748,47.68151],[90.32556,47.68269],[90.32288,47.6842],[90.32288,47.6842],[90.31921,47.68441],[90.31921,47.68441],[90.31502,47.68441],[90.30892,47.6861],[90.30471,47.68734],[90.30119,47.68892],[90.2983,47.69113],[90.29465,47.69251],[90.29465,47.69251],[90.29057,47.69271],[90.29057,47.69271],[90.28658,47.69257],[90.28658,47.69257],[90.28043,47.69351],[90.27731,47.69447],[90.27731,47.69447],[90.2758,47.69461],[90.27408,47.69365],[90.27111,47.69281],[90.27111,47.69281],[90.26642,47.69275],[90.26642,47.69275],[90.26132,47.69234],[90.26132,47.69234],[90.25705,47.69316],[90.25705,47.69316],[90.25484,47.69351],[90.25212,47.6954],[90.25076,47.69644],[90.24964,47.69816],[90.24813,47.70071],[90.24599,47.70257],[90.24419,47.70512],[90.24506,47.70856],[90.24458,47.70934],[90.24458,47.70934],[90.24412,47.70905],[90.24323,47.70767],[90.24033,47.70622],[90.23386,47.70326],[90.22828,47.70195],[90.22828,47.70195],[90.22656,47.70188],[90.22518,47.70285],[90.22518,47.70285],[90.22286,47.70302],[90.22286,47.70302],[90.22066,47.70302],[90.22066,47.70302],[90.21756,47.70274],[90.21555,47.7035],[90.21364,47.70447],[90.2123,47.70528],[90.21143,47.70637],[90.21059,47.70633],[90.20889,47.70888],[90.20708,47.71115],[90.20633,47.71143],[90.20633,47.71143],[90.20447,47.71157],[90.20447,47.71157],[90.20054,47.71212],[90.19847,47.71281],[90.19549,47.71525],[90.19485,47.7167],[90.19395,47.71739],[90.19395,47.71739],[90.19051,47.71739],[90.19051,47.71739],[90.18864,47.71753],[90.18463,47.71918],[90.1825,47.72173],[90.18031,47.72414],[90.18031,47.72414],[90.17643,47.72476],[90.1723,47.72386],[90.1723,47.72386],[90.16682,47.72432],[90.16496,47.7239],[90.16276,47.72272],[90.16077,47.72211],[90.16077,47.72211],[90.15823,47.72176],[90.15823,47.72176],[90.15333,47.72176],[90.15015,47.72287],[90.15015,47.72287],[90.14693,47.72308],[90.14263,47.72211],[90.1403,47.71991],[90.1403,47.71991],[90.14017,47.72073],[90.13996,47.7219],[90.13834,47.72352],[90.13462,47.72601],[90.13047,47.72821],[90.12655,47.72938],[90.12456,47.72986],[90.12385,47.73193],[90.12262,47.73552],[90.12052,47.73913],[90.11996,47.74168],[90.11975,47.74479],[90.11935,47.74533],[90.11756,47.74596],[90.11614,47.74633],[90.11309,47.74699],[90.11309,47.74699],[90.10853,47.74747],[90.1068,47.74864],[90.10245,47.75133],[90.09908,47.75326],[90.09637,47.75626],[90.09573,47.75784],[90.09512,47.75984],[90.09512,47.75984],[90.09436,47.75977],[90.09436,47.75977],[90.09257,47.75977],[90.09257,47.75977],[90.08941,47.7595],[90.08775,47.7604],[90.08602,47.76246],[90.08437,47.76308],[90.08223,47.76426],[90.08257,47.76583],[90.08218,47.76784],[90.0812,47.76942],[90.08002,47.77135],[90.07538,47.77449],[90.07336,47.77614],[90.07146,47.7789],[90.07068,47.78248],[90.0711,47.78517],[90.07103,47.78751],[90.06744,47.79124],[90.06699,47.79251],[90.06935,47.79424],[90.07327,47.79761],[90.07397,47.79878],[90.07239,47.79989],[90.07018,47.80147],[90.0677,47.80361],[90.06673,47.80526],[90.06728,47.80705],[90.06935,47.80906],[90.06945,47.81054],[90.06814,47.81391],[90.06628,47.81839],[90.06606,47.82198],[90.06606,47.82383],[90.06758,47.82604],[90.06711,47.82673],[90.06596,47.828],[90.06576,47.82897],[90.06694,47.83014],[90.06997,47.83345],[90.07226,47.83606],[90.07272,47.83752],[90.07266,47.83917],[90.0721,47.8409],[90.07065,47.84227],[90.07038,47.84344],[90.07206,47.84624],[90.07412,47.84816],[90.07566,47.84996],[90.07925,47.85127],[90.08173,47.85196],[90.08159,47.85416],[90.08163,47.85547],[90.08274,47.85637],[90.08632,47.85706],[90.08632,47.85706],[90.08861,47.85742],[90.09068,47.85775],[90.09068,47.85775],[90.09261,47.8583],[90.09186,47.85878],[90.0884,47.8603],[90.08681,47.86126],[90.08605,47.86208],[90.08597,47.86385],[90.08611,47.86722],[90.08533,47.86784],[90.08533,47.86784],[90.07981,47.86853],[90.07981,47.86853],[90.0795,47.86858],[90.0795,47.86858],[90.05018,48.02345],[90.09765,48.01281],[90.22919,47.97806],[90.37523,47.93517],[90.44335,47.90477],[90.50849,47.89133],[90.55054,47.88215],[90.6512,47.84025],[90.55163,47.79172]]]}},{"type":"Feature","properties":{"name":"Мөнгөт цахир уул","type":"Дурсгалт газар"},"geometry":{"type":"Polygon","coordinates":[[[92.96156,50.75008],[92.9479,50.7452],[92.9299,50.74918],[92.92663,50.75453],[92.92653,50.75861],[92.93658,50.76726],[92.9448,50.77275],[92.94953,50.7747],[92.96297,50.77704],[92.96057,50.76102],[92.96156,50.75008]]]}},{"type":"Feature","properties":{"name":"Булган хангай уул","type":"Байгалийн нөөц газар"},"geometry":{"type":"Polygon","coordinates":[[[94.18837,49.58035],[94.12874,49.49808],[94.0673,49.49858],[94.02834,49.51316],[94.02015,49.56145],[94.01983,49.59416],[94.16772,49.61335],[94.15189,49.58274],[94.18837,49.58035]]]}},{"type":"Feature","properties":{"name":"Хүрээмандал уул","type":"Байгалийн нөөц газар"},"geometry":{"type":"Polygon","coordinates":[[[98.49444,46.48056],[98.46667,46.44861],[98.40972,46.455],[98.37639,46.46389],[98.33889,46.48333],[98.32639,46.52917],[98.325,46.58056],[98.3625,46.61944],[98.40972,46.61111],[98.47222,46.5875],[98.47667,46.55694],[98.49167,46.53056],[98.49444,46.48056]]]}},{"type":"Feature","properties":{"name":"Дархан уул","type":"Байгалийн нөөц газар"},"geometry":{"type":"Polygon","coordinates":[[[109.32137,46.61883],[109.30995,46.58427],[109.20228,46.59992],[109.18295,46.64351],[109.22827,46.64934],[109.32137,46.61883]]]}},{"type":"Feature","properties":{"name":"Хэрлэн Тооно уул","type":"Байгалийн нөөц газар"},"geometry":{"type":"Polygon","coordinates":[[[109.35805,47.02323],[109.2981,47.00977],[109.22964,47.01497],[109.19828,47.03462],[109.20525,47.03989],[109.20979,47.05284],[109.24214,47.06008],[109.33311,47.04426],[109.35805,47.02323]]]}},{"type":"Feature","properties":{"name":"Баянцагааны тал","type":"Байгалийн нөөц газар"},"geometry":{"type":"Polygon","coordinates":[[[113.86226,47.25663],[113.86647,47.22153],[113.80698,47.19472],[113.73154,47.22384],[113.55139,47.25417],[113.49038,47.23471],[113.48045,47.22184],[113.50603,47.17021],[113.43197,47.10026],[113.37974,47.09979],[113.30184,47.10683],[113.24689,47.09468],[113.19222,47.09417],[113.1192,47.12075],[113.09785,47.16249],[113.10268,47.17706],[113.09328,47.19597],[113.08935,47.21983],[113.09009,47.24381],[113.10271,47.31395],[113.06972,47.32444],[112.9639,47.33213],[112.94754,47.34347],[112.91819,47.35911],[112.89482,47.36572],[112.82112,47.39776],[112.79459,47.43807],[112.77679,47.48887],[112.80749,47.5948],[112.86953,47.61881],[112.96984,47.64294],[113.7321,47.58784],[113.73148,47.49333],[113.78112,47.38483],[113.81682,47.33845],[113.86226,47.25663]]]}},{"type":"Feature","properties":{"name":"Дарханхаан уул","type":"Дурсгалт газар"},"geometry":{"type":"Polygon","coordinates":[[[113.98419,46.81904],[113.9979,46.78367],[113.99184,46.78422],[113.99179,46.78422],[113.9917,46.78423],[113.99165,46.78423],[113.98616,46.78445],[113.98609,46.78445],[113.98597,46.78445],[113.9859,46.78445],[113.97614,46.78417],[113.97589,46.78415],[113.96506,46.78285],[113.96495,46.78284],[113.95727,46.78169],[113.94838,46.78034],[113.92667,46.79732],[113.95001,46.81112],[113.98419,46.81904]]]}},{"type":"Feature","properties":{"name":"Өндөрхаан уул","type":"Байгалийн цогцолборт газар"},"geometry":{"type":"Polygon","coordinates":[[[110.51165,47.46017],[110.42706,47.44963],[110.38454,47.53262],[110.40769,47.55234],[110.43338,47.55817],[110.46093,47.56451],[110.52448,47.49623],[110.51165,47.46017]]]}},{"type":"Feature","properties":{"name":"Хангал нуур","type":"Дурсгалт газар"},"geometry":{"type":"Polygon","coordinates":[[[109.44655,48.11648],[109.39059,48.10121],[109.33096,48.13476],[109.36442,48.14927],[109.46325,48.16293],[109.44655,48.11648]]]}},{"type":"Feature","properties":{"name":"Биндэръяа хан уул","type":"Дурсгалт газар"},"geometry":{"type":"Polygon","coordinates":[[[110.29763,48.37189],[110.22455,48.3615],[110.18433,48.37506],[110.1825,48.3911],[110.16259,48.42751],[110.22817,48.41834],[110.3289,48.4151],[110.29763,48.37189]]]}},{"type":"Feature","properties":{"name":"Хар Азаргын нуруу","type":"Байгалийн нөөц газар"},"geometry":{"type":"Polygon","coordinates":[[[95.9237,46.06998],[95.9217,45.95792],[96.02147,45.93165],[96.17456,45.89282],[96.21477,45.89741],[96.30266,45.87245],[96.24202,45.80545],[96.05414,45.78841],[95.95954,45.78014],[95.89184,45.76726],[95.87688,45.76236],[95.79604,45.73206],[95.76602,45.72199],[95.6549,45.69899],[95.50362,45.65446],[95.50399,45.79186],[95.43756,45.79182],[95.43381,45.80175],[95.40038,45.85888],[95.40991,45.86576],[95.40998,45.86581],[95.44069,45.90881],[95.40977,45.9555],[95.42316,45.98934],[95.35758,46.02159],[95.35858,46.02177],[95.54172,46.05509],[95.58934,46.04853],[95.66896,46.09391],[95.72211,46.12204],[95.9237,46.06998]]]}},{"type":"Feature","properties":{"name":"Заг Байдрагийн голын эхэн сав","type":"Байгалийн цогцолборт газар"},"geometry":{"type":"Polygon","coordinates":[[[99.65556,47.62917],[99.66303,47.6347],[99.67393,47.64278],[99.69306,47.65694],[99.71875,47.66302],[99.73598,47.6513],[99.74497,47.65072],[99.68333,47.61667],[99.70972,47.54056],[99.675,47.49694],[99.6,47.46944],[99.52083,47.41389],[99.45639,47.38194],[99.37,47.35778],[99.35833,47.25833],[99.05556,47.26806],[99.05694,47.31667],[98.98056,47.38111],[99.00278,47.40778],[98.94722,47.40972],[98.9625,47.46389],[98.96111,47.5075],[99.00417,47.48611],[99.08028,47.48194],[99.17028,47.47917],[99.24457,47.45856],[99.25861,47.48833],[99.36389,47.52361],[99.39222,47.57694],[99.42778,47.60444],[99.49814,47.57384],[99.57064,47.59313],[99.65556,47.61826],[99.65556,47.62917]]]}},{"type":"Feature","properties":{"name":"Тэсийн гол орчмын газар нутаг","type":"Байгалийн нөөц газар"},"geometry":{"type":"Polygon","coordinates":[[[93.40567,50.63297],[93.41021,50.63296],[93.41305,50.63307],[93.41547,50.6328],[93.41747,50.63196],[93.4199,50.63054],[93.42191,50.62931],[93.42538,50.62801],[93.4264,50.62756],[93.42841,50.6271],[93.42842,50.6271],[93.42842,50.6271],[93.42842,50.6271],[93.43055,50.62735],[93.43326,50.62804],[93.43531,50.62836],[93.43895,50.6286],[93.44249,50.62955],[93.44452,50.63026],[93.44452,50.63026],[93.45018,50.63043],[93.45018,50.63043],[93.45371,50.63061],[93.45372,50.63061],[93.45686,50.63053],[93.4607,50.62878],[93.4631,50.628],[93.46986,50.62649],[93.49973,50.6175],[93.50268,50.61696],[93.5049,50.61656],[93.5049,50.61656],[93.5049,50.61656],[93.5049,50.61656],[93.50643,50.61695],[93.50643,50.61695],[93.50946,50.61693],[93.51095,50.61654],[93.51257,50.61563],[93.51437,50.6142],[93.51827,50.61078],[93.51978,50.60872],[93.52016,50.60775],[93.52068,50.60691],[93.52187,50.60588],[93.52326,50.60516],[93.52509,50.60509],[93.52509,50.60509],[93.5251,50.60509],[93.5251,50.60509],[93.52621,50.60554],[93.52715,50.60714],[93.52796,50.60881],[93.52909,50.60951],[93.5307,50.61008],[93.5307,50.61008],[93.53223,50.61007],[93.53475,50.60955],[93.53564,50.608],[93.5354,50.6062],[93.53542,50.60524],[93.53559,50.60427],[93.53599,50.60266],[93.53637,50.60183],[93.53708,50.60066],[93.53777,50.60008],[93.53777,50.60008],[93.53777,50.60008],[93.53959,50.60014],[93.53959,50.60014],[93.54487,50.60095],[93.54831,50.60164],[93.55114,50.60207],[93.55438,50.60334],[93.55532,50.60424],[93.55614,50.60611],[93.55655,50.60707],[93.55738,50.60822],[93.55819,50.60963],[93.55901,50.61046],[93.56015,50.61091],[93.56015,50.61091],[93.56184,50.61084],[93.56304,50.61031],[93.56384,50.60799],[93.5639,50.60568],[93.56422,50.60485],[93.56502,50.60414],[93.56502,50.60414],[93.56502,50.60414],[93.56672,50.60413],[93.56672,50.60413],[93.56826,50.60469],[93.57007,50.60552],[93.5701,50.607],[93.57011,50.60835],[93.57104,50.60976],[93.57309,50.61046],[93.57309,50.61046],[93.575,50.61039],[93.5769,50.6098],[93.5786,50.60844],[93.579,50.60703],[93.5797,50.60593],[93.58069,50.60502],[93.58301,50.60456],[93.58301,50.60456],[93.58301,50.60456],[93.58301,50.60456],[93.58566,50.60513],[93.58566,50.60513],[93.59601,50.60546],[93.59601,50.60546],[93.62727,50.60697],[93.62727,50.60697],[93.63671,50.60698],[93.66762,50.59015],[93.6844,50.5885],[93.70325,50.58607],[93.70326,50.58608],[93.70326,50.58607],[93.70326,50.58607],[93.71188,50.58783],[93.73555,50.59251],[93.74973,50.59511],[93.76181,50.59613],[93.77841,50.59731],[93.78792,50.59795],[93.78792,50.59795],[93.79999,50.59787],[93.8187,50.598],[93.82314,50.59784],[93.82314,50.59784],[93.82314,50.59784],[93.82314,50.59784],[93.83153,50.59855],[93.85597,50.60023],[93.85597,50.60023],[93.87577,50.59842],[93.90232,50.59551],[93.94187,50.58979],[93.94187,50.58979],[93.94187,50.58979],[93.94187,50.58979],[93.97068,50.59747],[93.99439,50.60486],[93.99941,50.60366],[94.00465,50.60246],[94.00614,50.60193],[94.03382,50.59554],[94.03744,50.59535],[94.05399,50.59437],[94.07752,50.59306],[94.07752,50.59306],[94.07752,50.59306],[94.11969,50.59323],[94.15115,50.59203],[94.16257,50.59159],[94.16257,50.59159],[94.16257,50.59159],[94.17379,50.59153],[94.17623,50.59125],[94.17898,50.59122],[94.19204,50.59105],[94.19719,50.59074],[94.21492,50.58942],[94.22157,50.58884],[94.22257,50.58875],[94.23058,50.58804],[94.23445,50.58769],[94.23664,50.58736],[94.24043,50.58679],[94.24091,50.58663],[94.25203,50.58282],[94.26046,50.57987],[94.27556,50.57451],[94.2808,50.57268],[94.28304,50.57187],[94.28395,50.57108],[94.28478,50.56995],[94.28542,50.56908],[94.29043,50.56082],[94.29064,50.56045],[94.29107,50.55976],[94.29322,50.55623],[94.29572,50.55211],[94.30061,50.53681],[94.30264,50.5307],[94.303,50.52904],[94.30313,50.52851],[94.30388,50.52669],[94.30432,50.52563],[94.30443,50.52532],[94.30444,50.52531],[94.30446,50.5253],[94.30458,50.52501],[94.06494,50.5102],[93.95423,50.50335],[93.80097,50.49388],[93.80097,50.49388],[93.65875,50.49268],[93.52258,50.49197],[93.52258,50.49197],[93.36241,50.44336],[93.26931,50.4151],[93.26931,50.4151],[93.22296,50.41848],[93.19812,50.42029],[93.16968,50.44928],[93.21253,50.49628],[93.19955,50.51537],[93.19919,50.51589],[93.19167,50.52696],[93.1905,50.52869],[93.18944,50.52959],[93.18944,50.52959],[93.18879,50.53014],[93.18075,50.53701],[93.17935,50.53821],[93.17487,50.54204],[93.16927,50.54683],[93.16749,50.54835],[93.16242,50.55268],[93.15173,50.56182],[93.15028,50.56306],[93.14961,50.56364],[93.14509,50.5675],[93.14409,50.57745],[93.14386,50.57978],[93.14355,50.58287],[93.14283,50.59008],[93.1426,50.59245],[93.14218,50.59665],[93.14193,50.59919],[93.14353,50.5995],[93.14576,50.60033],[93.14757,50.60078],[93.15161,50.60026],[93.16251,50.5987],[93.16776,50.59773],[93.16776,50.59773],[93.16776,50.59773],[93.16776,50.59773],[93.17379,50.59856],[93.17623,50.59945],[93.18096,50.60047],[93.184,50.60078],[93.18724,50.60053],[93.19209,50.59956],[93.19388,50.59853],[93.19531,50.59756],[93.19804,50.5971],[93.20057,50.59665],[93.20248,50.59562],[93.20439,50.59465],[93.20665,50.59458],[93.20665,50.59458],[93.20665,50.59458],[93.20665,50.59458],[93.20777,50.59477],[93.20969,50.59547],[93.21232,50.59663],[93.21415,50.59759],[93.21578,50.59797],[93.21578,50.59797],[93.22012,50.59777],[93.22457,50.59731],[93.22596,50.59686],[93.22789,50.59608],[93.2294,50.59595],[93.23092,50.59588],[93.23092,50.59588],[93.23092,50.59588],[93.23092,50.59588],[93.23245,50.59646],[93.23406,50.59704],[93.23759,50.59767],[93.24083,50.59856],[93.24772,50.60125],[93.25056,50.60215],[93.25056,50.60215],[93.25259,50.60221],[93.25259,50.60221],[93.25501,50.60284],[93.25953,50.6045],[93.25953,50.6045],[93.26487,50.60455],[93.26487,50.60455],[93.27114,50.6057],[93.27703,50.60633],[93.27703,50.60633],[93.28136,50.60632],[93.28409,50.60599],[93.28874,50.60566],[93.29343,50.60539],[93.29707,50.60513],[93.30069,50.60473],[93.30069,50.60473],[93.30069,50.60473],[93.30615,50.60478],[93.30616,50.60478],[93.31131,50.60605],[93.31415,50.6074],[93.32045,50.60931],[93.3235,50.60975],[93.32773,50.60916],[93.32773,50.60916],[93.32773,50.60916],[93.32923,50.60915],[93.32924,50.60915],[93.33034,50.6096],[93.33096,50.61031],[93.33057,50.6114],[93.32968,50.61269],[93.32826,50.61418],[93.32796,50.61501],[93.32898,50.61636],[93.33644,50.61833],[93.34209,50.61876],[93.34341,50.61825],[93.34602,50.61747],[93.34855,50.61688],[93.35086,50.61681],[93.35086,50.61681],[93.35086,50.61681],[93.3526,50.61681],[93.3526,50.61681],[93.35463,50.61757],[93.35818,50.61923],[93.36071,50.61967],[93.36182,50.61999],[93.36518,50.62075],[93.36811,50.62197],[93.36943,50.62267],[93.37086,50.62357],[93.37288,50.62568],[93.37563,50.62663],[93.38339,50.62874],[93.38823,50.62949],[93.393,50.6305],[93.39423,50.6316],[93.39513,50.63287],[93.39646,50.63358],[93.39646,50.63358],[93.40039,50.6335],[93.40192,50.6333],[93.40566,50.63297],[93.40567,50.63297],[93.40567,50.63297]]]}},{"type":"Feature","properties":{"name":"Чингэлтай хайрхан уул - 1","type":"Байгалийн нөөц газар"},"geometry":{"type":"Polygon","coordinates":[[[106.83917,48.13787],[106.82684,48.11231],[106.78379,48.12293],[106.7634,48.1615],[106.8425,48.16689],[106.84996,48.15173],[106.83917,48.13787]]]}},{"type":"Feature","properties":{"name":"Чингэлтэй хайрхан уул - 2","type":"Байгалийн нөөц газар"},"geometry":{"type":"Polygon","coordinates":[[[106.83913,48.08229],[106.8464,48.06225],[106.82446,48.06614],[106.8041,48.07162],[106.78278,48.06953],[106.76036,48.05817],[106.75257,48.07853],[106.78116,48.09084],[106.78791,48.0989],[106.80438,48.1017],[106.82686,48.09113],[106.83913,48.08229]]]}},{"type":"Feature","properties":{"name":"Улаан Тайга","type":"Дархан цаазат газар"},"geometry":{"type":"Polygon","coordinates":[[[98.71939,51.05621],[98.78059,51.05448],[98.8045,51.05677],[98.85549,51.06163],[98.87737,51.05975],[98.92699,51.05548],[98.99313,51.01818],[98.95663,50.98156],[98.96161,50.95393],[98.95373,50.93032],[98.94527,50.92031],[98.9277,50.8944],[98.92349,50.88059],[98.90855,50.87053],[98.88228,50.8312],[98.84994,50.76601],[98.85315,50.73608],[98.8429,50.69777],[98.81825,50.68264],[98.77277,50.64101],[98.79498,50.59775],[98.78576,50.5698],[98.86954,50.53272],[98.88567,50.49914],[98.90886,50.47581],[98.87313,50.41293],[98.81935,50.40638],[98.70765,50.4037],[98.62034,50.40274],[98.58575,50.3938],[98.55286,50.34788],[98.61854,50.23066],[98.44796,50.24283],[98.4334,50.21405],[98.41531,50.18617],[98.34287,50.11469],[98.30773,50.10622],[98.24524,50.06981],[98.22301,50.04765],[98.1055,50.07324],[98.10529,50.07377],[98.10529,50.07377],[98.10528,50.0739],[98.10448,50.08052],[98.10712,50.08437],[98.11204,50.0885],[98.11718,50.09497],[98.12289,50.09807],[98.12591,50.10028],[98.12621,50.10279],[98.12445,50.10573],[98.12036,50.1081],[98.12311,50.11058],[98.12563,50.12064],[98.12012,50.12474],[98.11721,50.13596],[98.11715,50.13815],[98.12663,50.13189],[98.1301,50.13208],[98.13587,50.13125],[98.14098,50.13161],[98.15025,50.13528],[98.1589,50.13556],[98.16428,50.13823],[98.16595,50.14042],[98.16656,50.14501],[98.173,50.14549],[98.17995,50.1462],[98.18246,50.14785],[98.18336,50.15075],[98.18291,50.15609],[98.18407,50.15916],[98.18574,50.16103],[98.18685,50.16496],[98.19049,50.17034],[98.18903,50.17213],[98.18623,50.1756],[98.18638,50.17691],[98.16885,50.19343],[98.17053,50.19497],[98.17118,50.19694],[98.17025,50.20065],[98.17004,50.20327],[98.17188,50.20514],[98.17472,50.20744],[98.17879,50.20857],[98.1842,50.21057],[98.18832,50.21338],[98.19637,50.22064],[98.20312,50.22364],[98.20632,50.22486],[98.21326,50.22796],[98.21628,50.23039],[98.21948,50.23193],[98.22617,50.23509],[98.23017,50.24996],[98.23277,50.25479],[98.23432,50.25986],[98.23457,50.26249],[98.23662,50.26464],[98.23931,50.26641],[98.24282,50.26957],[98.24711,50.27423],[98.24841,50.27808],[98.24856,50.28202],[98.24815,50.28511],[98.24785,50.2874],[98.25054,50.29317],[98.2543,50.29563],[98.25854,50.29901],[98.25963,50.30002],[98.2624,50.30172],[98.26447,50.3033],[98.26644,50.30548],[98.26808,50.30643],[98.27167,50.30989],[98.27467,50.31195],[98.27835,50.31367],[98.28169,50.31432],[98.28514,50.31635],[98.28882,50.3178],[98.29105,50.31795],[98.29383,50.31815],[98.2962,50.31892],[98.29951,50.32029],[98.30628,50.32277],[98.30699,50.32332],[98.30661,50.3264],[98.30732,50.33139],[98.30737,50.33139],[98.30675,50.33441],[98.30601,50.33706],[98.30462,50.33874],[98.29794,50.33878],[98.29207,50.33838],[98.28793,50.33879],[98.28617,50.34047],[98.28513,50.34172],[98.28589,50.34349],[98.28744,50.34468],[98.2927,50.34641],[98.29842,50.3496],[98.29987,50.35249],[98.29959,50.35881],[98.29897,50.36176],[98.29467,50.36453],[98.28979,50.36782],[98.28907,50.37069],[98.29045,50.37386],[98.29087,50.37563],[98.28958,50.37798],[98.28563,50.37987],[98.28332,50.38126],[98.27991,50.38543],[98.27422,50.38945],[98.26916,50.39494],[98.26949,50.39678],[98.26982,50.39796],[98.27175,50.39944],[98.2738,50.40027],[98.2754,50.40131],[98.28194,50.40305],[98.28287,50.40386],[98.28285,50.40519],[98.28072,50.40709],[98.27795,50.4078],[98.2727,50.40962],[98.27196,50.41145],[98.27288,50.41271],[98.27467,50.41478],[98.27728,50.4176],[98.28061,50.41939],[98.28313,50.42043],[98.28517,50.42236],[98.28587,50.42524],[98.28528,50.42641],[98.28549,50.42708],[98.28607,50.42774],[98.28951,50.42894],[98.29122,50.43057],[98.2944,50.43722],[98.29483,50.43869],[98.29608,50.43981],[98.29678,50.44011],[98.29816,50.44011],[98.29873,50.44027],[98.29943,50.44086],[98.29942,50.44138],[98.2979,50.44233],[98.29765,50.44372],[98.29989,50.4486],[98.29812,50.45072],[98.29978,50.45228],[98.30206,50.45435],[98.30571,50.45584],[98.30754,50.45703],[98.30731,50.45807],[98.30819,50.46043],[98.31285,50.46436],[98.31681,50.46629],[98.3222,50.46861],[98.32516,50.47106],[98.32538,50.47372],[98.32744,50.47469],[98.32717,50.47601],[98.32716,50.47704],[98.32555,50.48166],[98.32332,50.48445],[98.32384,50.48674],[98.32592,50.48822],[98.32598,50.49036],[98.32457,50.49337],[98.32558,50.495],[98.32497,50.49576],[98.32465,50.49617],[98.30868,50.49519],[98.30334,50.49604],[98.30008,50.49787],[98.29704,50.50101],[98.29517,50.50262],[98.29257,50.506],[98.29,50.50841],[98.28938,50.51039],[98.28842,50.51297],[98.28795,50.51745],[98.2891,50.52107],[98.28812,50.52475],[98.28157,50.53089],[98.27496,50.53527],[98.27147,50.53775],[98.26938,50.53833],[98.25963,50.54114],[98.25709,50.54194],[98.25533,50.54399],[98.25152,50.54528],[98.24031,50.54521],[98.23578,50.5471],[98.23299,50.54782],[98.23067,50.5478],[98.22234,50.54833],[98.21849,50.55096],[98.21475,50.55123],[98.21193,50.55254],[98.20873,50.55163],[98.20478,50.55234],[98.20071,50.55437],[98.1965,50.55663],[98.19277,50.55742],[98.18931,50.55775],[98.1879,50.55922],[98.18764,50.56062],[98.18432,50.56155],[98.1764,50.56547],[98.16989,50.56764],[98.16244,50.56994],[98.15778,50.57204],[98.15567,50.57387],[98.15289,50.57436],[98.1487,50.57323],[98.14635,50.57402],[98.1433,50.57628],[98.14233,50.57848],[98.14069,50.58061],[98.13695,50.58205],[98.13288,50.58298],[98.13219,50.58386],[98.13295,50.58563],[98.13226,50.58879],[98.12897,50.59171],[98.12464,50.59426],[98.11736,50.5948],[98.11053,50.59444],[98.1025,50.59615],[98.09663,50.59839],[98.0952,50.60081],[98.09146,50.60277],[98.08561,50.60522],[98.0814,50.60748],[98.0787,50.61268],[98.07368,50.61449],[98.07193,50.61528],[98.07046,50.61969],[98.06924,50.62277],[98.07029,50.62506],[98.07037,50.62742],[98.06744,50.6296],[98.05861,50.63012],[98.06312,50.63679],[98.06126,50.63707],[98.05798,50.63837],[98.05556,50.64056],[98.05437,50.64231],[98.04903,50.64301],[98.04291,50.64325],[98.03972,50.64507],[98.03853,50.64778],[98.03833,50.65176],[98.03583,50.65409],[98.0274,50.65557],[98.02086,50.65861],[98.01606,50.66151],[98.01383,50.66717],[98.01579,50.66907],[98.01305,50.67027],[98.01032,50.67245],[98.01027,50.6749],[98.00867,50.67781],[98.00439,50.67949],[98.00378,50.68169],[98.00568,50.68341],[98.00909,50.68541],[98.01443,50.68839],[98.02285,50.69065],[98.02087,50.69308],[98.01623,50.69402],[98.01195,50.69594],[98.0089,50.6953],[98.00351,50.69489],[97.99921,50.69659],[97.99834,50.6978],[97.99881,50.69997],[97.99812,50.70172],[97.99612,50.70279],[97.99345,50.70411],[97.99229,50.70702],[97.99287,50.71012],[97.99151,50.71278],[97.99,50.71544],[97.99075,50.71745],[97.99398,50.71974],[97.99216,50.72165],[97.99081,50.72381],[97.99073,50.72665],[97.99016,50.72974],[97.99111,50.73376],[97.99067,50.73576],[97.98698,50.73899],[97.98222,50.74087],[97.9819,50.74337],[97.97987,50.7457],[97.97363,50.74798],[97.97224,50.75098],[97.9718,50.75557],[97.97276,50.76009],[97.97244,50.76226],[97.97301,50.76661],[97.97217,50.77238],[97.97186,50.77438],[97.97417,50.77758],[97.97644,50.78094],[97.97779,50.78613],[97.97743,50.78797],[97.97529,50.78896],[97.97404,50.79195],[97.97254,50.79478],[97.968,50.79641],[97.96372,50.7988],[97.96278,50.80331],[97.96179,50.80614],[97.95937,50.80862],[97.95592,50.80909],[97.95721,50.81028],[97.96036,50.81147],[97.96444,50.81176],[97.96628,50.81219],[97.97076,50.81224],[97.97324,50.81309],[97.97517,50.81536],[97.97694,50.81973],[97.9781,50.82016],[97.97942,50.82017],[97.98418,50.81954],[97.99024,50.82026],[97.99392,50.82113],[97.99678,50.82366],[97.99895,50.82629],[98.00262,50.83195],[98.00787,50.8386],[98.01539,50.8482],[98.02016,50.85105],[98.03125,50.8576],[98.04263,50.86189],[98.04276,50.86193],[98.36865,50.97522],[98.37806,50.97847],[98.37929,50.97889],[98.3842,50.98059],[98.38575,50.98047],[98.45067,50.97538],[98.45701,50.98137],[98.47193,50.99547],[98.49681,51.02699],[98.51288,51.03618],[98.51299,51.0362],[98.51309,51.03622],[98.53665,51.03999],[98.58708,51.06379],[98.58725,51.06387],[98.62962,51.06008],[98.64245,51.05953],[98.71939,51.05621]]]}},{"type":"Feature","properties":{"name":"Дарьганга","type":"Байгалийн цогцолборт газар"},"geometry":{"type":"Polygon","coordinates":[[[114.52025,45.29164],[114.46413,45.21896],[114.40706,45.17611],[114.34311,45.12072],[114.30406,45.10483],[114.202,45.04442],[114.18142,45.03536],[114.17658,45.036],[114.07928,45.04928],[113.91845,45.17202],[113.72931,45.16567],[113.59465,45.19797],[113.42086,45.2919],[113.49873,45.3326],[113.58089,45.30685],[113.64359,45.27245],[113.74029,45.2656],[113.81153,45.29333],[113.77491,45.31453],[113.84049,45.31705],[113.83931,45.30832],[113.8275,45.30328],[113.86905,45.2985],[113.8724,45.29538],[113.93887,45.28828],[114.00381,45.28787],[114.03257,45.32084],[114.0617,45.40036],[114.08662,45.45573],[114.02873,45.49647],[114.02661,45.62753],[114.07194,45.70522],[114.26009,45.74547],[114.36541,45.78275],[114.49066,45.83648],[114.5378,45.79146],[114.56311,45.65577],[114.73719,45.43733],[114.67969,45.41992],[114.58397,45.39833],[114.54111,45.38456],[114.53631,45.33661],[114.52025,45.29164]]]}},{"type":"Feature","properties":{"name":"Тост, Тосон бумбын нуруу","type":"Байгалийн нөөц газар"},"geometry":{"type":"Polygon","coordinates":[[[100.71308,43.4555],[100.78996,43.35002],[101.07345,43.35696],[101.07345,43.25774],[100.99218,43.25774],[100.99218,43.1778],[101.07992,43.1778],[101.08451,43.05203],[101.08518,43.03369],[101.0375,43.03369],[101.0375,42.93376],[101.0002,42.93368],[101.0002,42.81701],[100.26682,42.8123],[99.59059,42.76792],[99.57602,42.91573],[99.49514,43.23582],[99.48425,43.37736],[99.53573,43.37865],[99.72468,43.39853],[99.9843,43.3612],[100.14387,43.57627],[100.67218,43.57693],[100.67291,43.55772],[100.71308,43.4555]]]}},{"type":"Feature","properties":{"name":"Ноён уул","type":"Байгалийн нөөц газар"},"geometry":{"type":"Polygon","coordinates":[[[106.64086,48.72426],[106.67263,48.64774],[106.58229,48.64774],[106.58202,48.65885],[106.55979,48.65885],[106.55979,48.65524],[106.55452,48.65524],[106.55452,48.65053],[106.42444,48.65066],[106.42015,48.67714],[106.52119,48.69993],[106.53621,48.72571],[106.64086,48.72426]]]}},{"type":"Feature","properties":{"name":"Тэсийн гол Булнайн нуруу","type":"Байгалийн цогцолборт газар"},"geometry":{"type":"Polygon","coordinates":[[[98.69,49.30222],[98.7892,49.28324],[98.81368,49.30777],[98.85992,49.30567],[98.86194,49.32333],[98.90639,49.33167],[98.98083,49.32806],[99.02778,49.3125],[99.06778,49.29167],[99.11556,49.28389],[99.19444,49.27611],[99.23222,49.26972],[99.27528,49.23306],[99.23194,49.17444],[99.21222,49.12417],[99.12444,49.10194],[99.08972,49.07694],[99.03528,49.07333],[98.96861,49.04611],[98.92222,48.99583],[98.86528,48.96083],[98.78083,48.95583],[98.67083,48.95139],[98.62889,48.92028],[98.56917,48.97417],[98.45167,49.00722],[98.44056,49.04],[98.39917,49.05028],[98.26139,49.03583],[98.22306,49.05722],[98.15917,49.03833],[98.09056,49.00667],[98.02194,49.01694],[97.93722,49.00722],[97.8225,49.05306],[97.77778,49.02361],[97.7325,48.99417],[97.6275,48.99111],[97.53083,49.04028],[97.44639,49.06222],[97.38667,49.1475],[97.37333,49.19306],[97.44694,49.21667],[97.50389,49.19222],[97.57556,49.17556],[97.63167,49.1625],[97.65639,49.14722],[97.67222,49.13972],[97.74667,49.18639],[97.79194,49.21528],[97.86278,49.23472],[97.87639,49.24611],[98.04917,49.26222],[98.0875,49.27861],[98.13306,49.26917],[98.19583,49.28472],[98.26972,49.28],[98.3475,49.28139],[98.37028,49.3125],[98.42917,49.32889],[98.55639,49.32222],[98.69,49.30222]]]}},{"type":"Feature","properties":{"name":"Их газрын чулуу","type":"Байгалийн цогцолборт газар"},"geometry":{"type":"Polygon","coordinates":[[[107.35364,45.65245],[107.3478,45.48261],[107.56304,45.18156],[107.27755,45.31762],[107.06987,45.46476],[107.09214,45.56225],[106.93817,45.56341],[106.92566,45.69434],[106.95633,45.79812],[107.04546,45.82644],[107.15889,45.90087],[107.18123,45.93973],[107.25018,45.89384],[107.25573,45.88639],[107.32531,45.85806],[107.40051,45.80484],[107.3897,45.77587],[107.38653,45.75099],[107.36544,45.73805],[107.35364,45.65245]]]}},{"type":"Feature","properties":{"name":"Ноён уул","type":"Дурсгалт газар"},"geometry":{"type":"Polygon","coordinates":[[[106.51202,48.5673],[106.53092,48.55385],[106.5505,48.55225],[106.57328,48.53632],[106.57075,48.53396],[106.52825,48.54747],[106.49859,48.55434],[106.48982,48.55309],[106.48639,48.55607],[106.48803,48.5604],[106.4955,48.55925],[106.51202,48.5673]]]}}]}