{"type":"FeatureCollection","features":[{"type":"Feature","properties":{},"geometry":{"type":"LineString","coordinates":[[106.91042,47.90381],[106.91042,47.90338],[106.9105,47.90249],[106.91051,47.90235]]}},{"type":"Feature","properties":{},"geometry":{"type":"LineString","coordinates":[[106.76292,47.90754],[106.76298,47.90753],[106.76304,47.90754],[106.76736,47.90796],[106.76806,47.90803],[106.76897,47.90813],[106.76934,47.90817],[106.76962,47.90818],[106.76977,47.90818],[106.76996,47.90817],[106.77013,47.90816],[106.77033,47.90814],[106.77063,47.90811],[106.77087,47.90809],[106.77107,47.90808],[106.77126,47.90807],[106.77148,47.90808],[106.77168,47.9081],[106.77187,47.90814],[106.77215,47.90821],[106.77304,47.90843],[106.77392,47.90865],[106.77438,47.90877],[106.77453,47.9088],[106.77465,47.90884],[106.77476,47.90888],[106.77486,47.90891],[106.77499,47.90897],[106.77512,47.90903],[106.77522,47.90908],[106.7753,47.90913],[106.77538,47.90918],[106.77564,47.90935],[106.77619,47.90972],[106.77643,47.90988],[106.77654,47.90996],[106.77666,47.91003],[106.77675,47.91008],[106.77685,47.91012],[106.77694,47.91015],[106.77706,47.91018],[106.77715,47.91021],[106.77727,47.91023],[106.77742,47.91024],[106.77766,47.91026],[106.77865,47.91035],[106.77938,47.91041],[106.78042,47.91051],[106.78122,47.91058],[106.78157,47.91061],[106.78221,47.91066],[106.78285,47.91072],[106.78321,47.91075],[106.78354,47.91078],[106.78375,47.9108],[106.7839,47.91082],[106.78414,47.91085],[106.78436,47.91093]]}},{"type":"Feature","properties":{},"geometry":{"type":"LineString","coordinates":[[105.80666,50.1027],[105.80539,50.10451]]}},{"type":"Feature","properties":{},"geometry":{"type":"LineString","coordinates":[[105.80539,50.10451],[105.8046,50.10531],[105.80432,50.10549],[105.804,50.10565],[105.80342,50.10581],[105.80287,50.10596],[105.80178,50.1062],[105.79946,50.10662],[105.79655,50.10699],[105.79359,50.10736],[105.79214,50.10747],[105.77888,50.10746],[105.76521,50.10745],[105.72944,50.1074],[105.69083,50.10742],[105.69006,50.1073],[105.68894,50.10708],[105.68804,50.10695],[105.687,50.10689],[105.66799,50.10686],[105.65857,50.10685],[105.6499,50.10684],[105.60731,50.10697],[105.57276,50.10701],[105.56839,50.10701],[105.5662,50.10703],[105.56408,50.10712],[105.5625,50.10728],[105.56106,50.10737],[105.55801,50.10742],[105.55203,50.10738],[105.54634,50.10737],[105.54057,50.10734],[105.53613,50.10735],[105.53167,50.10734],[105.52948,50.10743],[105.52718,50.10755],[105.52284,50.10784],[105.52016,50.10796],[105.51801,50.108],[105.51315,50.10803],[105.50827,50.10808],[105.5034,50.10797],[105.49887,50.10788],[105.49635,50.10782],[105.49554,50.10779]]}},{"type":"Feature","properties":{},"geometry":{"type":"LineString","coordinates":[[100.15129,49.58384],[100.15058,49.58254],[100.15044,49.58224],[100.15034,49.58197],[100.15031,49.58163],[100.15031,49.58129],[100.15032,49.58098],[100.15031,49.58088],[100.15027,49.58076],[100.15014,49.58054],[100.15005,49.58047],[100.14986,49.58034],[100.14976,49.58031],[100.14957,49.58025],[100.14935,49.5802],[100.1491,49.58016],[100.14885,49.58014],[100.14865,49.58013],[100.14843,49.58013],[100.14804,49.58014],[100.14773,49.58017],[100.14738,49.58023],[100.14701,49.58032],[100.14656,49.58042],[100.14634,49.58045],[100.14612,49.58045],[100.14489,49.58051],[100.14475,49.58052],[100.14461,49.58054],[100.14447,49.58058],[100.14435,49.58062],[100.14403,49.58082],[100.14388,49.5809],[100.14375,49.58095],[100.14359,49.58099],[100.14343,49.58103],[100.14307,49.58109],[100.14236,49.58126],[100.1418,49.58141],[100.14143,49.58153],[100.14119,49.58163],[100.14092,49.58186],[100.14079,49.58196],[100.14057,49.58203],[100.13984,49.58208],[100.13937,49.58215],[100.13886,49.58235],[100.13861,49.58252],[100.13841,49.58284],[100.13819,49.58319],[100.13777,49.58362],[100.13723,49.58394],[100.13671,49.58434],[100.13599,49.58483],[100.13576,49.58491],[100.13519,49.58494],[100.13485,49.58496],[100.13461,49.58502],[100.13433,49.58523],[100.13355,49.58578],[100.13093,49.5873],[100.12958,49.58804],[100.12879,49.5886],[100.12822,49.58904],[100.12733,49.58955],[100.126,49.59005],[100.12502,49.59033],[100.12331,49.59074],[100.12234,49.59101],[100.12175,49.59131],[100.12119,49.59154],[100.12072,49.59167],[100.11988,49.59182],[100.11952,49.59186],[100.11919,49.59201],[100.11901,49.59217],[100.11873,49.5925],[100.11822,49.59306],[100.11787,49.59372],[100.11766,49.59393],[100.11691,49.59441],[100.11639,49.59479],[100.11598,49.59534],[100.1159,49.59549],[100.1155,49.5958],[100.11393,49.59612],[100.11352,49.59627],[100.11263,49.59649],[100.11205,49.5965],[100.11128,49.5964],[100.11019,49.59601],[100.1098,49.59562],[100.10783,49.5954],[100.10697,49.59509],[100.10581,49.59506],[100.1041,49.5947],[100.10229,49.59403],[100.10156,49.59353],[100.10071,49.59342],[100.09581,49.59339],[100.09431,49.5932],[100.09315,49.59267],[100.09105,49.59195],[100.08822,49.59014],[100.08461,49.58819],[100.08225,49.58755],[100.07998,49.58694],[100.07903,49.58624],[100.07826,49.58599],[100.07672,49.58555],[100.07517,49.5846],[100.07298,49.5843],[100.06951,49.58338],[100.06354,49.58201],[100.06131,49.58059],[100.05749,49.57973],[100.05277,49.5784],[100.05114,49.57781],[100.04861,49.57714],[100.04663,49.57709],[100.0444,49.57717],[100.04024,49.57698],[100.03706,49.57675],[100.03432,49.57681],[100.0323,49.57681],[100.03161,49.57687],[100.0308,49.57703],[100.03007,49.57726],[100.02909,49.57735],[100.02802,49.57803],[100.02727,49.57816],[100.02645,49.57852],[100.02592,49.57866],[100.02556,49.57886],[100.0242,49.57929],[100.02371,49.5794],[100.02306,49.57939],[100.02275,49.57933],[100.02229,49.57931],[100.02139,49.57946],[100.02036,49.57924],[100.02013,49.57923],[100.01649,49.57909],[100.00825,49.5782],[100.00619,49.57829],[100.0034,49.57807],[99.99929,49.57724],[99.99699,49.57731],[99.99616,49.57731],[99.99522,49.57737],[99.99436,49.57734],[99.99322,49.57734],[99.99288,49.57742],[99.99142,49.57802],[99.98887,49.57834],[99.98638,49.57854],[99.98475,49.57848],[99.98213,49.57915],[99.98072,49.57937],[99.97973,49.57931],[99.9787,49.57965],[99.97788,49.57995],[99.97552,49.58046],[99.97209,49.58185],[99.9699,49.58246],[99.96758,49.58315],[99.96544,49.58399],[99.96299,49.58482],[99.9605,49.58532],[99.9578,49.58569],[99.95608,49.58608],[99.95473,49.58627],[99.95308,49.58635],[99.95183,49.587],[99.95039,49.58753],[99.94872,49.58836],[99.94715,49.58882],[99.94578,49.58913],[99.94263,49.58953],[99.94132,49.58987],[99.93969,49.5904],[99.93844,49.59096],[99.93737,49.5913],[99.93217,49.59281],[99.92896,49.59366],[99.92306,49.59455],[99.92037,49.59501],[99.91872,49.59559],[99.91676,49.59617],[99.91349,49.59675],[99.91087,49.59744],[99.90892,49.59793],[99.90645,49.59846],[99.90457,49.59865],[99.90349,49.59903],[99.9018,49.59954],[99.89963,49.60003],[99.89756,49.60041],[99.89569,49.60094],[99.89411,49.60132],[99.89205,49.60182],[99.89089,49.60207],[99.88961,49.60235],[99.88828,49.60261],[99.88637,49.60254],[99.88496,49.60265],[99.88104,49.60356],[99.87515,49.60465],[99.87318,49.60542],[99.87271,49.60554],[99.87062,49.60591],[99.86822,49.60611],[99.86581,49.60692],[99.86378,49.60744],[99.85963,49.60811],[99.85646,49.60879],[99.85453,49.60992],[99.8539,49.61021],[99.85337,49.61055],[99.85316,49.61062],[99.85178,49.61083],[99.85139,49.61078],[99.85076,49.6105],[99.84822,49.61042],[99.84693,49.61031],[99.8452,49.60983],[99.84425,49.60975],[99.84355,49.60963],[99.84298,49.60964],[99.84168,49.6099],[99.84049,49.61022],[99.83994,49.61029],[99.83914,49.61058],[99.83833,49.61065],[99.8328,49.6101],[99.82877,49.60975],[99.82353,49.60939],[99.82222,49.60921],[99.82198,49.60904],[99.82131,49.60871],[99.82097,49.60863],[99.8203,49.60871],[99.81883,49.60842],[99.81692,49.60793],[99.81643,49.60785],[99.81521,49.6077],[99.81481,49.60773],[99.81343,49.60755],[99.81179,49.60733],[99.81151,49.60722],[99.81112,49.60716],[99.80961,49.60711],[99.80837,49.60672],[99.80546,49.60625],[99.80264,49.60594],[99.80178,49.60579],[99.80133,49.60575],[99.80095,49.60579],[99.80011,49.60575],[99.79843,49.60507],[99.79665,49.60467],[99.79506,49.60441],[99.79197,49.60424],[99.79051,49.60417],[99.78954,49.60408],[99.78792,49.60413],[99.78636,49.60399],[99.78491,49.60393],[99.7828,49.6042],[99.78009,49.60463],[99.77708,49.60488],[99.77549,49.60485],[99.77382,49.60482],[99.77215,49.60471],[99.76957,49.60494],[99.76779,49.60515],[99.76418,49.60562],[99.7628,49.60609],[99.75854,49.60662],[99.75542,49.60751],[99.75193,49.60898],[99.74998,49.60926],[99.74947,49.60953],[99.74837,49.61008],[99.74142,49.61003],[99.73366,49.60919],[99.72715,49.60911],[99.7194,49.60852],[99.71508,49.60913],[99.69723,49.60887],[99.68199,49.61108],[99.63454,49.60777],[99.61753,49.60914],[99.61445,49.6097],[99.61348,49.60967],[99.6115,49.60927],[99.61076,49.60931],[99.61035,49.6094],[99.60862,49.60924],[99.60648,49.60878],[99.60256,49.60804],[99.60005,49.60762],[99.5976,49.60732],[99.59558,49.60739],[99.59517,49.60734],[99.59358,49.60708],[99.59006,49.60613],[99.58692,49.60588],[99.58474,49.60552],[99.58263,49.60474],[99.57856,49.60424],[99.57359,49.60384],[99.56847,49.60313],[99.56761,49.60299],[99.56611,49.60254],[99.56482,49.60221],[99.56173,49.6019],[99.55856,49.60207],[99.55667,49.6019],[99.55409,49.60104],[99.55315,49.60093],[99.55291,49.60097],[99.55082,49.60039],[99.54856,49.59977],[99.54817,49.5989],[99.54754,49.59849],[99.54692,49.59849],[99.54414,49.59843],[99.53503,49.59902],[99.53385,49.5993],[99.53135,49.5994],[99.52787,49.59926],[99.52517,49.59962],[99.52285,49.5999],[99.52212,49.59976],[99.52113,49.59976],[99.52063,49.59945],[99.51897,49.59952],[99.51732,49.59978],[99.51451,49.60012],[99.51106,49.6011],[99.50978,49.60104],[99.50801,49.60072],[99.50487,49.60037],[99.50414,49.60018],[99.50377,49.60028],[99.50192,49.60046],[99.50132,49.60059],[99.49959,49.60051],[99.49928,49.60047],[99.49873,49.6005],[99.49694,49.60116],[99.49596,49.60157],[99.49569,49.60164],[99.49383,49.60199],[99.4906,49.60239],[99.48939,49.60226],[99.48882,49.60232],[99.48757,49.60221],[99.48701,49.60244],[99.48552,49.6024],[99.48379,49.60279],[99.48046,49.60321],[99.47903,49.60383],[99.47806,49.60425],[99.47656,49.60478],[99.47554,49.60486],[99.47211,49.60474],[99.46875,49.60462],[99.46812,49.6045],[99.46732,49.60435],[99.46678,49.60439],[99.46094,49.60362],[99.46062,49.60358],[99.4599,49.60362],[99.45892,49.60347],[99.45777,49.60346],[99.45703,49.6031],[99.45676,49.60283],[99.45642,49.60274],[99.45586,49.60196],[99.45554,49.60164],[99.45477,49.60114],[99.45344,49.60013],[99.453,49.59965],[99.45256,49.59948],[99.45118,49.59865],[99.44982,49.5977],[99.44853,49.59713],[99.44757,49.59652],[99.44671,49.59572],[99.44618,49.59513],[99.4459,49.59442],[99.44541,49.59393],[99.44429,49.59312],[99.44317,49.59176],[99.44205,49.59077],[99.44176,49.59058],[99.44068,49.59017],[99.43952,49.5896],[99.43838,49.58927],[99.43811,49.58923],[99.43685,49.58863],[99.43657,49.58836],[99.43606,49.58737],[99.43593,49.58727],[99.43547,49.58717],[99.43532,49.58705],[99.43509,49.58646],[99.43438,49.58568],[99.43402,49.58546],[99.43387,49.58527],[99.43326,49.58444],[99.43111,49.58319],[99.43022,49.58235],[99.42974,49.58163],[99.42963,49.58076],[99.42884,49.57987],[99.42821,49.57879],[99.42804,49.57848],[99.42751,49.57792],[99.42682,49.57751],[99.42608,49.57717],[99.4253,49.57672],[99.42409,49.57605],[99.42283,49.57498],[99.42039,49.57346],[99.41858,49.57232],[99.41669,49.57126],[99.41599,49.57103],[99.41491,49.57036],[99.41427,49.56969],[99.4139,49.56964],[99.41334,49.56968],[99.41284,49.56967],[99.40893,49.56758],[99.40683,49.56693],[99.40336,49.56636],[99.39833,49.56519],[99.39506,49.56433],[99.39302,49.56413],[99.39236,49.56363],[99.39179,49.56352],[99.39164,49.56344],[99.39154,49.56329],[99.39059,49.56299],[99.39037,49.56274],[99.38975,49.56232],[99.3888,49.56192],[99.38788,49.56186],[99.38672,49.56192],[99.38205,49.5615],[99.38054,49.56086],[99.37921,49.56046],[99.37892,49.56042],[99.37857,49.5604],[99.37798,49.56044],[99.37656,49.55997],[99.37551,49.55977],[99.37435,49.55963],[99.37366,49.55929],[99.37333,49.55918],[99.37311,49.55924],[99.3725,49.55929],[99.37177,49.55913],[99.37079,49.55901],[99.36996,49.5592],[99.36916,49.55922],[99.36611,49.5595],[99.36538,49.55965],[99.36509,49.55966],[99.3629,49.55925],[99.36155,49.55921],[99.36068,49.55909],[99.36006,49.55908],[99.35965,49.5591],[99.35898,49.55921],[99.35801,49.55916],[99.35773,49.55917],[99.35654,49.55901],[99.35536,49.55895],[99.35424,49.55879],[99.35274,49.55827],[99.35161,49.55765],[99.35079,49.55741],[99.3502,49.55713],[99.35003,49.5566],[99.34999,49.55619],[99.35022,49.5556],[99.35015,49.55535],[99.34991,49.55521],[99.34936,49.55506],[99.3486,49.55459],[99.34832,49.55431],[99.34762,49.55377],[99.34665,49.55278],[99.34524,49.55183],[99.34468,49.55156],[99.34394,49.55129],[99.3431,49.55122],[99.34261,49.55107],[99.34191,49.55067],[99.34169,49.55052],[99.34144,49.55025],[99.34116,49.55007],[99.33941,49.54845],[99.33839,49.54775],[99.33818,49.54737],[99.33834,49.54581],[99.33844,49.54492],[99.33856,49.54332],[99.33855,49.5425],[99.33836,49.54231],[99.33773,49.5421],[99.33744,49.54205],[99.33714,49.54215],[99.33626,49.54297],[99.33559,49.54347],[99.33535,49.54359],[99.335,49.54365],[99.33472,49.5436],[99.33371,49.54319],[99.3326,49.54299],[99.33202,49.54294],[99.3316,49.54288],[99.33124,49.54265],[99.33039,49.542],[99.32929,49.54141],[99.32887,49.54125],[99.32846,49.54121],[99.32806,49.54122],[99.32761,49.54132],[99.32747,49.54152],[99.32746,49.54164],[99.32749,49.5418],[99.32746,49.54191],[99.3273,49.54198],[99.327,49.54198],[99.32673,49.54193],[99.32646,49.54188],[99.32619,49.54174],[99.32569,49.54135],[99.32539,49.54107],[99.32508,49.54085],[99.32471,49.54078],[99.32444,49.54086],[99.32434,49.54101],[99.32414,49.54123],[99.32389,49.54145],[99.32368,49.54155],[99.32351,49.54162],[99.32303,49.54168],[99.32246,49.54163],[99.32195,49.54154],[99.32159,49.54151],[99.32093,49.54157],[99.32042,49.5416],[99.31958,49.54159],[99.31763,49.54137],[99.31713,49.54128],[99.3167,49.54109],[99.31621,49.54059],[99.31608,49.54041],[99.31639,49.53983],[99.31642,49.53908],[99.31605,49.53829],[99.31524,49.5373],[99.31415,49.53635],[99.3135,49.53554],[99.31251,49.53487],[99.3099,49.53395],[99.30874,49.53359],[99.30618,49.53303],[99.30269,49.53261],[99.30114,49.53257],[99.2994,49.53226],[99.29611,49.53137],[99.2904,49.53049],[99.28814,49.53022],[99.28567,49.52959],[99.28478,49.52946],[99.28145,49.52868],[99.27919,49.52835],[99.27682,49.52809],[99.27415,49.52819],[99.27316,49.52829],[99.27293,49.52825],[99.27264,49.5281],[99.2725,49.52761],[99.27161,49.52708],[99.27086,49.52675],[99.26518,49.52467],[99.26388,49.52399],[99.26259,49.52323],[99.26126,49.52295],[99.25972,49.52253],[99.25485,49.52236],[99.24972,49.52165],[99.24468,49.52124],[99.24021,49.52064],[99.2388,49.52057],[99.23768,49.52032],[99.23646,49.51994],[99.23586,49.51963],[99.23343,49.51864],[99.23265,49.51857],[99.23198,49.51833],[99.23132,49.51785],[99.23056,49.51755],[99.22494,49.51573],[99.21987,49.51419],[99.21496,49.51345],[99.21362,49.51334],[99.2054,49.51134],[99.20196,49.51063],[99.2003,49.51068],[99.19856,49.51024],[99.19486,49.50977],[99.19421,49.50979],[99.19354,49.50993],[99.19301,49.50989],[99.19254,49.50957],[99.19217,49.50955],[99.19123,49.50976],[99.18961,49.50971],[99.18686,49.50963],[99.18339,49.50891],[99.18132,49.50901],[99.17866,49.50866],[99.17667,49.50823],[99.17599,49.50817],[99.17572,49.50807],[99.17519,49.50752],[99.17489,49.50739],[99.17425,49.50722],[99.17321,49.50667],[99.17164,49.50631],[99.17124,49.50626],[99.17004,49.50651],[99.16953,49.50656],[99.16769,49.50643],[99.16636,49.50645],[99.1654,49.50625],[99.16491,49.50627],[99.16225,49.50663],[99.16108,49.5067],[99.15972,49.50685],[99.15896,49.50699],[99.15761,49.50746],[99.15695,49.50756],[99.15528,49.50735],[99.15275,49.50761],[99.15025,49.50811],[99.14835,49.50824],[99.14508,49.50935],[99.14263,49.50983],[99.14195,49.51003],[99.1397,49.51048],[99.1391,49.5105],[99.13827,49.51076],[99.1368,49.5109],[99.13633,49.51108],[99.13576,49.51114],[99.1351,49.51102],[99.13419,49.51097],[99.13325,49.51108],[99.13214,49.51103],[99.1302,49.51104],[99.12931,49.511],[99.12819,49.51087],[99.1268,49.511],[99.12487,49.5111],[99.12419,49.51122],[99.12366,49.5114],[99.12211,49.51161],[99.12152,49.51194],[99.1211,49.51208],[99.11932,49.51242],[99.11678,49.51274],[99.11454,49.51281],[99.112,49.51314],[99.10773,49.51293],[99.10717,49.51286],[99.10621,49.51267],[99.10433,49.51192],[99.10266,49.51157],[99.10102,49.51113],[99.09973,49.51148],[99.09859,49.51189],[99.09777,49.51201],[99.09756,49.5124],[99.09717,49.51265],[99.09644,49.51288],[99.09537,49.51295],[99.09284,49.51245],[99.09232,49.51248],[99.09169,49.51241],[99.09065,49.51244],[99.08989,49.51234],[99.08925,49.5124],[99.08695,49.51228],[99.08622,49.51214],[99.08463,49.51162],[99.0842,49.51155],[99.08309,49.51147],[99.08282,49.51155],[99.08184,49.51203],[99.08162,49.51222],[99.08151,49.51266],[99.08105,49.51315],[99.07963,49.51356],[99.07902,49.51382],[99.07552,49.51584],[99.07324,49.51725],[99.07184,49.51793],[99.06875,49.51961],[99.06747,49.52038],[99.06607,49.5208],[99.06554,49.52103],[99.06364,49.52125],[99.0628,49.52121],[99.06129,49.52142],[99.0595,49.52181],[99.05889,49.52181],[99.05856,49.52189],[99.05665,49.52273],[99.05608,49.52322],[99.0541,49.52418],[99.05299,49.52495],[99.05252,49.52513],[99.05215,49.52534],[99.05163,49.52582],[99.05093,49.52591],[99.0505,49.52662],[99.05026,49.52689],[99.04906,49.52784],[99.048,49.52827],[99.04641,49.52922],[99.04503,49.53016],[99.0445,49.53038],[99.04305,49.53114],[99.04168,49.53234],[99.04044,49.53374],[99.03898,49.53508],[99.03776,49.53585],[99.03705,49.53669],[99.03606,49.53717],[99.03366,49.53805],[99.03229,49.5385],[99.03089,49.53889],[99.02841,49.5398],[99.02749,49.54005],[99.02481,49.54066],[99.02383,49.54094],[99.02173,49.5414],[99.01885,49.54235],[99.01629,49.54312],[99.01522,49.54324],[99.0138,49.54353],[99.01338,49.54371],[99.01146,49.54433],[99.01075,49.54438],[99.00967,49.54436],[99.00716,49.54461],[99.00676,49.54459],[99.006,49.54463],[99.0057,49.54478],[99.00366,49.54491],[99.00257,49.54508],[99.00194,49.54511],[99.00135,49.5453],[99.00051,49.54546],[98.99964,49.54574],[98.99916,49.54577],[98.99754,49.54619],[98.9971,49.54642],[98.99579,49.54693],[98.99504,49.54706],[98.99312,49.54722],[98.9905,49.54771],[98.98951,49.548],[98.98866,49.54846],[98.9858,49.54902],[98.98402,49.54925],[98.98352,49.54948],[98.98335,49.54962],[98.98063,49.55064],[98.97979,49.55067],[98.97878,49.55083],[98.97765,49.55084],[98.97656,49.55094],[98.9752,49.5512],[98.97368,49.55133],[98.97143,49.55167],[98.97062,49.55162],[98.96948,49.55134],[98.96888,49.55127],[98.96833,49.55113],[98.96708,49.55066],[98.96598,49.5502],[98.96478,49.54999],[98.9641,49.54964],[98.96386,49.54955],[98.96344,49.5495],[98.96295,49.5493],[98.96242,49.549],[98.96139,49.54925],[98.95923,49.54933],[98.95876,49.54926],[98.95663,49.54939],[98.9561,49.54933],[98.95527,49.54936],[98.95486,49.54942],[98.95447,49.5494],[98.95338,49.5491],[98.95211,49.54884],[98.95139,49.54894],[98.95098,49.54911],[98.95008,49.54935],[98.94898,49.54973],[98.94647,49.55043],[98.94581,49.55048],[98.94462,49.55049],[98.94253,49.55046],[98.94049,49.55055],[98.93845,49.5506],[98.93732,49.55058],[98.93683,49.55062],[98.93623,49.55084],[98.93498,49.55153],[98.93431,49.5518],[98.93397,49.55202],[98.93378,49.55233],[98.92985,49.55416],[98.92878,49.55494],[98.92593,49.55616],[98.9243,49.55622],[98.92073,49.557],[98.9181,49.55691],[98.91647,49.55738],[98.91573,49.55761],[98.91492,49.55778],[98.9142,49.55832],[98.91376,49.5585],[98.91081,49.55987],[98.90595,49.5608],[98.89647,49.56068],[98.89488,49.56016],[98.8936,49.5593],[98.8926,49.55936],[98.89145,49.55958],[98.88978,49.55989],[98.88826,49.56027],[98.88457,49.56105],[98.88273,49.56127],[98.8824,49.56127],[98.88145,49.56121],[98.88061,49.56096],[98.87624,49.55982],[98.87581,49.55977],[98.87386,49.55979],[98.87109,49.55992],[98.8695,49.56012],[98.86828,49.5603],[98.86644,49.5603],[98.86581,49.55998],[98.86312,49.55875],[98.86128,49.55848],[98.85661,49.55792],[98.85531,49.5576],[98.85356,49.55725],[98.85255,49.55698],[98.85184,49.55692],[98.84675,49.55599]]}},{"type":"Feature","properties":{},"geometry":{"type":"LineString","coordinates":[[103.54998,48.62268],[103.54961,48.62311],[103.54921,48.62353],[103.54902,48.62369],[103.54859,48.62396],[103.54804,48.62414],[103.5474,48.62427],[103.54578,48.62451]]}},{"type":"Feature","properties":{},"geometry":{"type":"LineString","coordinates":[[101.39163,47.52903],[101.39202,47.52859],[101.39263,47.52805],[101.39358,47.52731],[101.39496,47.52638],[101.39574,47.52592],[101.39699,47.52527],[101.3972,47.52514],[101.39728,47.525],[101.3973,47.52481],[101.39718,47.52443],[101.39645,47.523],[101.39641,47.52277],[101.39643,47.52254],[101.39654,47.52235],[101.39678,47.5222],[101.3974,47.52197],[101.4026,47.5201],[101.40468,47.5191],[101.40586,47.51858],[101.40632,47.51832],[101.40673,47.51791],[101.4079,47.51575],[101.40827,47.51522],[101.40838,47.51489],[101.40845,47.51404],[101.40848,47.5139],[101.40863,47.51367],[101.40896,47.51324],[101.4093,47.51301],[101.41118,47.5122],[101.41142,47.51206],[101.41164,47.51187],[101.41222,47.51119],[101.41246,47.51097],[101.41314,47.51055],[101.41355,47.51036],[101.4138,47.51035],[101.4144,47.51048],[101.4146,47.51048],[101.41484,47.51043],[101.41496,47.51035],[101.41507,47.51022],[101.41522,47.50971],[101.41532,47.50917],[101.41567,47.50857],[101.41582,47.50825],[101.41584,47.50799],[101.41561,47.50703],[101.41548,47.5068],[101.4152,47.50664],[101.41475,47.5065],[101.41465,47.50642],[101.41461,47.50626],[101.41465,47.50615],[101.41512,47.50566],[101.41562,47.50513],[101.41615,47.5045],[101.41644,47.5041],[101.41678,47.50349],[101.41698,47.50254],[101.41702,47.50234],[101.41807,47.50071],[101.41866,47.49972],[101.41938,47.49873],[101.41948,47.4985],[101.41947,47.4983],[101.41924,47.49764],[101.41918,47.49739],[101.41923,47.4971],[101.41977,47.49591],[101.42028,47.49472],[101.42032,47.49458],[101.42035,47.49439],[101.42038,47.49406],[101.42041,47.49383],[101.42047,47.49365],[101.42056,47.49344],[101.42095,47.49279],[101.4213,47.49224],[101.42173,47.4915],[101.42204,47.49091],[101.42218,47.49064],[101.42229,47.49035],[101.42238,47.49009],[101.42257,47.48951],[101.42282,47.48879],[101.42298,47.48822],[101.42308,47.48779],[101.42315,47.48752],[101.42333,47.48697],[101.42337,47.48676],[101.42338,47.48663],[101.42339,47.48656],[101.42338,47.48648],[101.42335,47.48632],[101.42317,47.48586],[101.42307,47.48562],[101.423,47.48537],[101.42296,47.4852],[101.42293,47.48501],[101.42288,47.48477],[101.42288,47.48453],[101.42288,47.48422],[101.42297,47.48298],[101.42299,47.48265],[101.42306,47.4825],[101.42316,47.48234],[101.42334,47.48211],[101.42397,47.48158],[101.42411,47.48144]]}},{"type":"Feature","properties":{},"geometry":{"type":"LineString","coordinates":[[105.58044,47.90789],[105.57931,47.9096],[105.57791,47.91166],[105.57713,47.91282],[105.57195,47.92041],[105.56763,47.92671],[105.56517,47.93034],[105.56436,47.9315],[105.56345,47.93262],[105.56144,47.93499],[105.55849,47.93836],[105.55651,47.94061],[105.55493,47.94244],[105.55185,47.94607],[105.55155,47.94636],[105.55114,47.94661],[105.54898,47.94757],[105.54834,47.94783],[105.54608,47.94806],[105.54395,47.9482],[105.54289,47.94818],[105.54196,47.94816],[105.53992,47.94797],[105.5392,47.94785],[105.53693,47.94758],[105.53154,47.94773],[105.52618,47.94769],[105.52298,47.94769],[105.51364,47.94758],[105.50902,47.94761],[105.50847,47.94775],[105.50781,47.94805],[105.50655,47.94831],[105.49991,47.95191],[105.48108,47.96249],[105.47519,47.96669],[105.45829,47.97651],[105.45269,47.97936],[105.45217,47.97968],[105.45189,47.98004],[105.45158,47.98026],[105.45054,47.98087],[105.44922,47.98227],[105.44851,47.98293],[105.44826,47.98332],[105.44801,47.98388],[105.44785,47.98407],[105.44647,47.98477],[105.44513,47.98504],[105.44364,47.98519],[105.4426,47.98523],[105.44204,47.98531],[105.44127,47.98558]]}},{"type":"Feature","properties":{},"geometry":{"type":"LineString","coordinates":[[104.32902,48.23357],[104.32765,48.23444]]}},{"type":"Feature","properties":{},"geometry":{"type":"LineString","coordinates":[[104.32765,48.23444],[104.32581,48.23528],[104.31804,48.23661],[104.31177,48.23811],[104.31136,48.23832],[104.31093,48.23869],[104.31028,48.2389],[104.30957,48.23894],[104.30921,48.23884],[104.3091,48.23858],[104.30895,48.23823],[104.30844,48.23797],[104.30751,48.23785],[104.30302,48.23808],[104.3004,48.23862],[104.29491,48.23868],[104.29158,48.23827],[104.2606,48.23812],[104.25673,48.23843],[104.25323,48.23872],[104.24301,48.24082],[104.236,48.24357],[104.23463,48.24411],[104.23249,48.24495],[104.22275,48.24798],[104.21732,48.24894],[104.21253,48.25117],[104.20496,48.2592],[104.20184,48.26251],[104.19769,48.26618],[104.19146,48.2748],[104.18108,48.28454],[104.17517,48.28805],[104.16831,48.29236],[104.164,48.29779],[104.15761,48.30498],[104.15011,48.30976],[104.14313,48.31318],[104.14115,48.31514],[104.13993,48.31702],[104.13534,48.32154],[104.1339,48.32344],[104.13232,48.32496],[104.13107,48.327],[104.12952,48.32838],[104.12803,48.33068],[104.12704,48.33083],[104.12411,48.33223],[104.12029,48.33379],[104.11769,48.33565],[104.11211,48.33998],[104.10716,48.34324],[104.10408,48.3451],[104.10164,48.34718],[104.09482,48.3526],[104.084,48.36236],[104.07662,48.36832],[104.07185,48.37224],[104.07094,48.37264],[104.06936,48.37279],[104.06626,48.37441],[104.06252,48.37656],[104.0589,48.37876],[104.0543,48.38363],[104.05295,48.38422],[104.04855,48.38526],[104.04542,48.38766],[104.03666,48.39234],[104.02704,48.39708],[104.02444,48.39747],[104.02347,48.39806],[104.02283,48.39823],[104.02154,48.39845],[104.01873,48.39876],[104.01605,48.39954],[104.01511,48.39947],[104.01262,48.40031],[104.01116,48.40072],[104.00902,48.40223],[103.99924,48.40693],[103.99049,48.41422],[103.98293,48.4231],[103.9759,48.42846],[103.97092,48.43039],[103.96794,48.43294],[103.96577,48.43416],[103.96405,48.43549],[103.96266,48.43754],[103.9618,48.43818],[103.96034,48.43864],[103.95742,48.43821],[103.95453,48.43833],[103.95131,48.43882],[103.94706,48.43945],[103.9395,48.44224]]}},{"type":"Feature","properties":{},"geometry":{"type":"LineString","coordinates":[[106.90251,47.91316],[106.90248,47.91328],[106.90235,47.91395],[106.90228,47.91434],[106.90223,47.91457],[106.90221,47.91471],[106.90214,47.91512],[106.90205,47.91569],[106.90203,47.91579]]}},{"type":"Feature","properties":{},"geometry":{"type":"LineString","coordinates":[[91.63384,48.01175],[91.63448,48.01155]]}},{"type":"Feature","properties":{},"geometry":{"type":"LineString","coordinates":[[91.65831,48.01089],[91.65844,48.01081],[91.65855,48.01066],[91.65945,48.00939],[91.65967,48.00908]]}},{"type":"Feature","properties":{},"geometry":{"type":"LineString","coordinates":[[103.53945,48.80734],[103.53948,48.80754],[103.53973,48.80813],[103.53997,48.80874],[103.54017,48.80921],[103.54075,48.81031],[103.54078,48.81038],[103.54079,48.81041],[103.54079,48.81046],[103.54078,48.81051],[103.54075,48.81055],[103.5407,48.81059],[103.54062,48.81064],[103.54032,48.81077],[103.53731,48.81207]]}},{"type":"Feature","properties":{},"geometry":{"type":"LineString","coordinates":[[97.89997,48.80519],[97.89993,48.80563],[97.89992,48.80578],[97.90014,48.80665],[97.90237,48.80831],[97.90568,48.81018],[97.90839,48.81161],[97.90963,48.81254],[97.91062,48.81328],[97.91191,48.81447],[97.91265,48.81522],[97.91297,48.81559],[97.91365,48.81699],[97.9142,48.81837],[97.91607,48.82222],[97.91658,48.82337],[97.91687,48.82423],[97.91719,48.82563],[97.91749,48.82643],[97.91767,48.82735],[97.91801,48.82802],[97.91835,48.82905],[97.91848,48.83035],[97.91867,48.83087],[97.91899,48.83278],[97.91921,48.83357],[97.91936,48.83461],[97.9197,48.83609],[97.92055,48.83869],[97.92068,48.83945],[97.92104,48.84068],[97.92215,48.84405],[97.92205,48.8445],[97.92204,48.84658],[97.92224,48.85148],[97.92232,48.85232],[97.92255,48.85353],[97.92247,48.8547],[97.92265,48.85579],[97.92306,48.85693],[97.924,48.86033],[97.92415,48.8611],[97.9242,48.86212],[97.9242,48.86362],[97.92443,48.86441],[97.92428,48.86615],[97.92431,48.86741],[97.9244,48.86839],[97.92442,48.86863],[97.92463,48.86951],[97.92476,48.86971],[97.92528,48.87016],[97.9252,48.8709],[97.92517,48.87098],[97.92446,48.87277],[97.92484,48.87487],[97.92475,48.87635],[97.92458,48.87775],[97.92434,48.87837],[97.9243,48.87878],[97.92456,48.88002],[97.9246,48.88052],[97.92438,48.88158],[97.92502,48.88264],[97.9251,48.88304],[97.92499,48.88376],[97.92469,48.88468],[97.9247,48.88506],[97.9251,48.88614],[97.92539,48.88728],[97.92582,48.88811],[97.92584,48.88845],[97.92581,48.89149],[97.9256,48.89336],[97.92524,48.89423],[97.92501,48.89502],[97.92496,48.89575],[97.92527,48.89644],[97.92535,48.89676],[97.92591,48.89773],[97.92605,48.89859],[97.92648,48.89975],[97.92695,48.90045],[97.92758,48.90118],[97.92797,48.90192],[97.92842,48.90329],[97.92876,48.90536],[97.92937,48.9067],[97.92999,48.9075],[97.93019,48.90794],[97.93095,48.90888],[97.93175,48.91075],[97.93206,48.91177],[97.93249,48.91267],[97.93257,48.91322],[97.93349,48.91462],[97.93408,48.91581],[97.93431,48.91715],[97.93448,48.91771],[97.93442,48.91868],[97.93471,48.9195],[97.93518,48.92044],[97.93579,48.92125],[97.93784,48.92552],[97.93944,48.92736],[97.93977,48.92761],[97.94003,48.92801],[97.94012,48.9287],[97.94054,48.92927],[97.94066,48.92976],[97.94107,48.93069],[97.94108,48.9341],[97.94083,48.93564],[97.94084,48.93579],[97.94087,48.9359],[97.94093,48.93601],[97.94101,48.93613],[97.9411,48.93634],[97.94111,48.93641],[97.9411,48.93648],[97.94099,48.93664],[97.94084,48.9369],[97.94083,48.93697],[97.94082,48.93704],[97.94084,48.93715],[97.94103,48.93927],[97.94018,48.94122],[97.93788,48.94273],[97.93443,48.94522],[97.93128,48.94903],[97.9261,48.95659],[97.92308,48.96241],[97.92216,48.96412],[97.92181,48.96575],[97.92268,48.9666],[97.9232,48.96718],[97.9235,48.96758],[97.92382,48.96851],[97.92376,48.96913],[97.92359,48.97069],[97.92315,48.9736],[97.92302,48.97496],[97.9226,48.97709],[97.92216,48.9798],[97.92142,48.9855],[97.92072,48.99009],[97.91991,48.99279],[97.91976,48.99345],[97.91957,48.99501],[97.91976,48.99555],[97.92005,48.99607],[97.92001,48.99644],[97.92018,48.997],[97.92054,48.99891],[97.92129,48.99956],[97.92539,49.00198],[97.92727,49.00315],[97.92931,49.00452],[97.92974,49.00474],[97.93146,49.00533],[97.93357,49.00549],[97.93501,49.00571],[97.93579,49.006],[97.93753,49.00701],[97.93954,49.00847],[97.94357,49.01175],[97.94383,49.01203],[97.94683,49.01419],[97.94759,49.01481],[97.95097,49.01722],[97.95399,49.01949],[97.95523,49.02054],[97.95678,49.02246],[97.95815,49.02515],[97.95835,49.02595],[97.95841,49.02666],[97.95874,49.02863],[97.95923,49.02982],[97.95962,49.03037],[97.96004,49.03124],[97.96061,49.03266],[97.96056,49.03382],[97.96086,49.03474],[97.96135,49.03583],[97.96169,49.0364],[97.96181,49.03745],[97.96197,49.03812],[97.96228,49.03874],[97.96244,49.03931],[97.96449,49.04346],[97.96527,49.0452],[97.96835,49.05086],[97.97099,49.05517],[97.97455,49.06118],[97.97537,49.06268],[97.97603,49.0637],[97.97746,49.06615],[97.97767,49.06654],[97.97772,49.06676],[97.97922,49.06917],[97.98073,49.07186],[97.98125,49.07296],[97.98334,49.07858],[97.98402,49.08018],[97.98434,49.08116],[97.98503,49.08285],[97.98536,49.08384],[97.98576,49.08463],[97.98641,49.08629],[97.98706,49.0883],[97.98845,49.09203],[97.98846,49.09241],[97.98818,49.0936],[97.98646,49.1002],[97.98596,49.10248],[97.98391,49.11058],[97.98372,49.11175],[97.98287,49.11482],[97.98176,49.11974],[97.98115,49.1219],[97.9806,49.1245],[97.98044,49.12511],[97.98027,49.12548],[97.97971,49.12778],[97.9796,49.12933],[97.97952,49.13313],[97.97943,49.13432],[97.97982,49.13617],[97.97992,49.13695],[97.97984,49.13772],[97.97954,49.1389],[97.97881,49.14027],[97.97558,49.14587],[97.97309,49.14854],[97.973,49.14884],[97.97308,49.1494],[97.97407,49.15047],[97.97462,49.1511]]}},{"type":"Feature","properties":{},"geometry":{"type":"LineString","coordinates":[[92.07605,49.97439],[92.07606,49.97394],[92.07598,49.97348],[92.07598,49.97329],[92.07596,49.9727],[92.07593,49.97216],[92.07591,49.9718],[92.07588,49.97117],[92.07576,49.96941],[92.07578,49.96927],[92.07572,49.96815],[92.07552,49.96647],[92.07543,49.96607],[92.07529,49.96576],[92.07515,49.96542],[92.07468,49.96427],[92.07437,49.96353],[92.07406,49.9628],[92.07359,49.96155],[92.07298,49.96005],[92.07278,49.9596],[92.07246,49.95887],[92.07186,49.9575],[92.07133,49.95667],[92.07052,49.95568],[92.0699,49.95487],[92.06887,49.95363],[92.06866,49.95323],[92.06857,49.95307],[92.06844,49.95288],[92.06831,49.95274],[92.0682,49.95266],[92.06807,49.95259],[92.06793,49.95254],[92.06774,49.95252],[92.06749,49.95257],[92.06728,49.95261],[92.0671,49.95262],[92.06669,49.95259],[92.06624,49.95256],[92.06602,49.95253],[92.0658,49.95248],[92.06559,49.9524],[92.06537,49.95232],[92.0652,49.95224],[92.06353,49.95146],[92.06338,49.95123]]}},{"type":"Feature","properties":{},"geometry":{"type":"LineString","coordinates":[[92.78547,49.96396],[92.78309,49.96369],[92.78152,49.96381],[92.7798,49.96376],[92.77211,49.96313],[92.762,49.96209],[92.75783,49.96179],[92.7515,49.96118],[92.7493,49.96102],[92.74423,49.9605],[92.72726,49.95906],[92.72562,49.95877],[92.72329,49.95862],[92.72092,49.95839],[92.71874,49.95824],[92.71554,49.95786],[92.71096,49.95747],[92.70808,49.95717],[92.70744,49.95699],[92.70426,49.95683],[92.70317,49.95657],[92.70228,49.95668],[92.70045,49.95643],[92.69883,49.95638],[92.69277,49.956],[92.69174,49.9559],[92.68684,49.95565],[92.68157,49.95577],[92.68124,49.95583],[92.67841,49.95587],[92.67537,49.95583],[92.67336,49.95595],[92.67276,49.95591],[92.67124,49.9561],[92.67048,49.95613],[92.66878,49.95601],[92.65922,49.95618],[92.65374,49.95644],[92.65269,49.95671],[92.65224,49.95673],[92.65071,49.95644],[92.65022,49.95656],[92.64987,49.95674],[92.64941,49.95683],[92.64803,49.95702],[92.64674,49.9571],[92.64617,49.957],[92.64543,49.95719],[92.64389,49.9574],[92.6419,49.95722],[92.64106,49.95738],[92.64072,49.95738],[92.63997,49.95718],[92.63971,49.95707],[92.63927,49.957],[92.63861,49.95699],[92.63747,49.95712],[92.63634,49.95703],[92.63516,49.95714],[92.63386,49.95717],[92.63216,49.95709],[92.6304,49.95729],[92.62871,49.95723],[92.62727,49.95736],[92.62532,49.9574],[92.6234,49.95738],[92.62296,49.95741],[92.62158,49.95767],[92.6211,49.95768],[92.61989,49.95754],[92.61703,49.9575],[92.61524,49.95761],[92.61455,49.95761],[92.6123,49.95789],[92.60813,49.95793],[92.60731,49.95808],[92.60518,49.95808],[92.60351,49.95775],[92.60193,49.95733],[92.60031,49.95701],[92.59814,49.95648],[92.59425,49.95574],[92.59274,49.95534],[92.59107,49.95512],[92.58955,49.95474],[92.58533,49.95381],[92.58494,49.95369],[92.58456,49.95347],[92.58151,49.95316],[92.57825,49.95233],[92.57719,49.95214],[92.57585,49.95165],[92.5744,49.95135],[92.57327,49.9512],[92.57189,49.9508],[92.57001,49.95051],[92.5675,49.94988],[92.56479,49.9495],[92.56058,49.9485],[92.55895,49.94824],[92.55673,49.94777],[92.55373,49.94707],[92.55021,49.94634],[92.54635,49.94542],[92.54562,49.94533],[92.54123,49.94426],[92.53529,49.94304],[92.53436,49.94277],[92.53303,49.94246],[92.53123,49.94222],[92.53032,49.94194],[92.52951,49.94194],[92.52877,49.94172],[92.52711,49.94135],[92.52617,49.94094],[92.52453,49.94067],[92.52409,49.94065],[92.52325,49.94032],[92.51988,49.93965],[92.51896,49.93956],[92.51728,49.93905],[92.51453,49.93834],[92.51247,49.93796],[92.51052,49.93753],[92.50888,49.93724],[92.50802,49.93713],[92.50688,49.93699],[92.5061,49.93685],[92.50198,49.9365],[92.50121,49.93625],[92.50004,49.93565],[92.49956,49.93554],[92.4963,49.93504],[92.49362,49.9352],[92.49136,49.93525],[92.48934,49.93573],[92.48746,49.93584],[92.48469,49.93587],[92.48323,49.93581],[92.48088,49.93553],[92.47851,49.93537],[92.47725,49.93554],[92.47518,49.93634],[92.47371,49.93666],[92.47173,49.93693],[92.46932,49.93683],[92.46537,49.93588],[92.46342,49.93572],[92.46158,49.93563],[92.45911,49.93532],[92.45739,49.93517],[92.45637,49.93531],[92.45488,49.93571],[92.4534,49.93594],[92.45078,49.93682],[92.45031,49.93688],[92.44669,49.93664],[92.44486,49.93661],[92.44363,49.93674],[92.44231,49.93671],[92.44045,49.9369],[92.43988,49.93687],[92.43949,49.9369],[92.43902,49.93687],[92.43766,49.93657],[92.4367,49.93661],[92.43564,49.93682],[92.43459,49.93727],[92.43313,49.93771],[92.43105,49.93814],[92.42877,49.93829],[92.42569,49.93832],[92.4204,49.93805],[92.41818,49.93785],[92.417,49.93786],[92.41533,49.93756],[92.41357,49.93717],[92.41188,49.9366],[92.41044,49.93601],[92.40883,49.93542],[92.40561,49.93396],[92.40485,49.9337],[92.40409,49.93355],[92.40199,49.93339],[92.40068,49.93308],[92.40009,49.93308],[92.39813,49.93325],[92.39479,49.93278],[92.39431,49.93266],[92.3926,49.93258],[92.39085,49.93281],[92.38903,49.93282],[92.38716,49.93302],[92.38524,49.9331],[92.37943,49.93253],[92.37743,49.93217],[92.37592,49.93204],[92.37165,49.93209],[92.37046,49.93222],[92.36729,49.93274],[92.36375,49.93351],[92.36332,49.93359],[92.36287,49.93364],[92.36227,49.93364],[92.35924,49.93364],[92.35503,49.93382],[92.35457,49.93382],[92.35368,49.93374],[92.35218,49.93385],[92.3516,49.93387],[92.3512,49.93393],[92.35031,49.93414],[92.35,49.93418],[92.34931,49.93416],[92.34907,49.93417],[92.34883,49.93419],[92.34808,49.9343],[92.3474,49.93429],[92.34699,49.9343],[92.34637,49.93435],[92.34596,49.93443],[92.34555,49.93451],[92.34519,49.93453],[92.34473,49.93452],[92.34413,49.93449],[92.34356,49.93441],[92.34303,49.93441],[92.34229,49.93448],[92.34133,49.93449],[92.34066,49.93443],[92.34004,49.93441],[92.33937,49.93442],[92.33851,49.93444],[92.33779,49.93446],[92.33681,49.93448],[92.33593,49.93445],[92.335,49.93435],[92.3337,49.9342],[92.33317,49.93416],[92.33274,49.93416],[92.33234,49.93417],[92.33185,49.93426],[92.33142,49.93437],[92.33106,49.93441],[92.33075,49.9344],[92.32934,49.93407],[92.32768,49.93357],[92.32159,49.93287],[92.31922,49.93249],[92.31777,49.93236],[92.31671,49.93226],[92.31414,49.93192],[92.31351,49.93182],[92.31233,49.93149],[92.31116,49.9312],[92.30965,49.93091],[92.30858,49.93066],[92.30803,49.9305],[92.30744,49.93041],[92.307,49.93044],[92.3065,49.93047],[92.30603,49.93053],[92.30563,49.9306],[92.30518,49.93073],[92.30481,49.93082],[92.30453,49.93084],[92.30416,49.93086],[92.30326,49.93104],[92.30253,49.93108],[92.30164,49.93119],[92.30138,49.9312],[92.30099,49.93118],[92.30041,49.93119],[92.29987,49.93122],[92.29917,49.93115],[92.29841,49.9311],[92.29767,49.93109],[92.29692,49.93113],[92.29615,49.9311],[92.29557,49.93111],[92.29519,49.93113],[92.29458,49.93127],[92.29432,49.93134],[92.29345,49.93155],[92.29326,49.93156],[92.29305,49.93156],[92.29255,49.93153],[92.29197,49.9315],[92.29141,49.93143],[92.29027,49.93128],[92.28971,49.93118],[92.28908,49.93108],[92.28859,49.931],[92.28804,49.93095],[92.28705,49.93081],[92.28657,49.9307],[92.2862,49.93057],[92.28489,49.9301],[92.28189,49.92941],[92.27987,49.92909],[92.27859,49.92879],[92.27185,49.92698],[92.27152,49.92685],[92.27107,49.92644],[92.27082,49.92614],[92.27055,49.92588],[92.27022,49.92562],[92.26992,49.9254],[92.26899,49.92528],[92.26763,49.92509],[92.26621,49.92481],[92.26546,49.92462],[92.26524,49.92457],[92.26505,49.92454],[92.26452,49.92453],[92.26414,49.92454],[92.26388,49.92454],[92.26363,49.92448],[92.26321,49.92431],[92.263,49.9242],[92.2628,49.92416],[92.26259,49.92414],[92.26135,49.92386],[92.2608,49.92356],[92.26044,49.92335],[92.26,49.92316],[92.25946,49.92297],[92.25898,49.92284],[92.25731,49.92249],[92.25711,49.92245],[92.25689,49.92244],[92.2567,49.92244],[92.25648,49.92246],[92.25628,49.92248],[92.25606,49.92253],[92.25581,49.9226],[92.25564,49.92267],[92.25524,49.92288],[92.25502,49.92297],[92.25489,49.92303],[92.25481,49.9231],[92.25447,49.92348],[92.25432,49.92362],[92.25414,49.92374],[92.25386,49.92393],[92.25369,49.92402],[92.25353,49.92408],[92.25332,49.92411],[92.25308,49.92411],[92.25287,49.92409],[92.25265,49.92404],[92.25245,49.92397],[92.25133,49.92338],[92.25011,49.9227],[92.2496,49.92244],[92.24934,49.92224],[92.24903,49.92192],[92.24851,49.92141],[92.24839,49.9212],[92.24833,49.92109],[92.24825,49.92102],[92.24816,49.92097],[92.24799,49.92093],[92.24783,49.92088],[92.24751,49.92078],[92.24735,49.9207],[92.24718,49.92059],[92.24691,49.92037],[92.24608,49.91976],[92.2457,49.91947],[92.24504,49.91902],[92.24426,49.91848],[92.24392,49.91821],[92.24361,49.91793],[92.24342,49.91775],[92.24272,49.91691],[92.24247,49.9167],[92.24221,49.91657],[92.24186,49.91639],[92.24172,49.9163],[92.24165,49.91626],[92.24155,49.91622],[92.24143,49.91618],[92.24128,49.91616],[92.2409,49.91609],[92.24058,49.91602],[92.24023,49.91591],[92.2393,49.91555],[92.2389,49.91536],[92.23809,49.91501],[92.23784,49.91489],[92.23761,49.91475],[92.23746,49.91463],[92.23734,49.91445],[92.23727,49.91433],[92.23721,49.91427],[92.23715,49.91423],[92.23705,49.91417],[92.23694,49.91412],[92.23658,49.9139],[92.23642,49.91376],[92.23621,49.91363],[92.23588,49.91344],[92.23565,49.91333],[92.23525,49.91316],[92.23428,49.91284],[92.23383,49.91268],[92.23339,49.91251],[92.23301,49.91235],[92.23263,49.91214],[92.23228,49.91194],[92.23183,49.91169],[92.23148,49.91147],[92.23122,49.91128],[92.23104,49.91111],[92.23081,49.91092],[92.23059,49.91076],[92.23014,49.91054],[92.22998,49.91044],[92.22983,49.91032],[92.22973,49.91021],[92.22963,49.91012],[92.22951,49.91007],[92.22935,49.91002],[92.22906,49.90996],[92.22874,49.90991],[92.22838,49.90983],[92.22805,49.90973],[92.22766,49.90958],[92.22683,49.90924],[92.22657,49.90912],[92.22638,49.90901],[92.22619,49.90885],[92.22603,49.90868],[92.22591,49.90856],[92.2258,49.90847],[92.22538,49.90822],[92.22528,49.90818],[92.22517,49.90815],[92.22504,49.90813],[92.22463,49.90812],[92.22426,49.90804],[92.22403,49.90799],[92.22376,49.90796],[92.2231,49.90791],[92.22284,49.90787],[92.22255,49.9078],[92.2221,49.90765],[92.22129,49.90744],[92.22099,49.9074],[92.22061,49.90738],[92.21952,49.90738],[92.21925,49.90741],[92.21902,49.90747],[92.21879,49.90756],[92.21863,49.90765],[92.21844,49.9078],[92.21833,49.90788],[92.2182,49.90794],[92.218,49.90799],[92.21719,49.90811]]}},{"type":"Feature","properties":{},"geometry":{"type":"LineString","coordinates":[[95.79008,49.6537],[95.78767,49.65334],[95.78558,49.65295],[95.78317,49.65243],[95.78268,49.65233],[95.78219,49.65229],[95.78143,49.65211],[95.78081,49.65199],[95.77999,49.65188],[95.77968,49.65187],[95.77909,49.65188],[95.77823,49.65201],[95.77793,49.65211],[95.77769,49.65214],[95.77739,49.65224],[95.77714,49.65237],[95.77651,49.65256],[95.77612,49.6526],[95.77549,49.6526],[95.77478,49.65253],[95.77433,49.65253],[95.77402,49.65259],[95.77374,49.65269],[95.77312,49.653],[95.77271,49.65312],[95.77215,49.65317],[95.77149,49.6532],[95.77096,49.65315],[95.77022,49.65318],[95.76996,49.65317],[95.7697,49.65314],[95.76951,49.65312],[95.76928,49.65313],[95.76912,49.65322],[95.76898,49.65327],[95.76874,49.65329],[95.76852,49.65328],[95.76835,49.65324],[95.76814,49.65322],[95.76793,49.65324],[95.76755,49.65332],[95.76733,49.65335],[95.76704,49.65337],[95.76575,49.65338],[95.76292,49.65335],[95.76191,49.6534],[95.76113,49.65342],[95.75996,49.65342],[95.75901,49.65338],[95.75846,49.65333],[95.75784,49.65324],[95.75743,49.65316],[95.75714,49.65313],[95.75676,49.6532],[95.75608,49.65334],[95.75548,49.6534],[95.75458,49.65346],[95.75185,49.65355],[95.75115,49.6536],[95.75042,49.65369],[95.74957,49.65386],[95.74862,49.65405],[95.74828,49.65408],[95.74796,49.65408],[95.74771,49.65405],[95.74747,49.65397],[95.7472,49.65384],[95.74698,49.65385],[95.74671,49.65386],[95.74617,49.65393],[95.7457,49.6539],[95.74544,49.65388],[95.74519,49.65393],[95.74483,49.65405],[95.74437,49.65419],[95.74407,49.65426],[95.74377,49.65429],[95.74341,49.65431],[95.74314,49.65432],[95.74301,49.65438],[95.74293,49.65441],[95.74273,49.65454],[95.74248,49.65463],[95.74097,49.65512],[95.7404,49.65534],[95.74006,49.65545],[95.7388,49.65576],[95.73743,49.65598],[95.73468,49.65621],[95.73247,49.6565],[95.73113,49.65664],[95.73076,49.65669],[95.73029,49.65681],[95.73,49.65686],[95.72972,49.65688],[95.72936,49.65683],[95.72882,49.65675],[95.72837,49.65674],[95.72728,49.65687],[95.72636,49.65685],[95.72266,49.65671],[95.72133,49.65672],[95.72091,49.65674],[95.72025,49.65683],[95.71901,49.65701],[95.71824,49.65697],[95.71789,49.65688],[95.71741,49.6568],[95.71621,49.65649],[95.71357,49.65596],[95.70929,49.65485],[95.70844,49.65474],[95.70722,49.65465],[95.70335,49.65469],[95.70228,49.65466],[95.70187,49.6546],[95.70076,49.65473],[95.70036,49.65478],[95.69984,49.65475],[95.69955,49.65469],[95.699,49.65456],[95.69854,49.65452],[95.69829,49.65451],[95.69596,49.65451],[95.69273,49.65467],[95.6915,49.65469],[95.68934,49.65487],[95.68681,49.65498],[95.68567,49.65499],[95.68409,49.65498],[95.68344,49.65495],[95.68298,49.65488],[95.68261,49.65479],[95.68206,49.6547],[95.68103,49.65467],[95.67935,49.65453],[95.67864,49.6545],[95.67743,49.65454],[95.67441,49.6546],[95.66417,49.65481],[95.65569,49.65492],[95.6547,49.65488],[95.65341,49.65493],[95.64828,49.65489],[95.64444,49.65504],[95.64051,49.65528],[95.63893,49.65542],[95.63592,49.65556],[95.63457,49.65558],[95.63369,49.65553],[95.63115,49.65569],[95.62952,49.65561],[95.62707,49.65566],[95.62669,49.65562],[95.62508,49.65578],[95.62345,49.65587],[95.62166,49.65589],[95.62087,49.65612],[95.61743,49.6568],[95.6148,49.65751],[95.61341,49.65793],[95.61151,49.65859],[95.60941,49.65929],[95.60797,49.65999],[95.60605,49.66054],[95.60464,49.66087],[95.60289,49.6614],[95.60199,49.66178],[95.60126,49.66217],[95.60057,49.66257],[95.59887,49.66353],[95.59777,49.66408],[95.59752,49.66438],[95.59686,49.66486],[95.59587,49.66577],[95.59457,49.66681],[95.59078,49.67011],[95.58969,49.67116],[95.58786,49.67328],[95.58496,49.67625],[95.58407,49.67724],[95.58303,49.67825],[95.58155,49.67948],[95.58134,49.67973],[95.58009,49.68059],[95.57932,49.6812],[95.57707,49.68352],[95.57622,49.68431],[95.57534,49.68539],[95.57455,49.68624],[95.57368,49.68745],[95.573,49.68789],[95.57112,49.68886],[95.56811,49.6915],[95.56671,49.69282],[95.56522,49.6943],[95.5637,49.69592],[95.56176,49.69783],[95.56131,49.69845],[95.56083,49.6998],[95.55997,49.70088],[95.55975,49.70105],[95.55829,49.70182],[95.55633,49.70266],[95.55521,49.70323],[95.55387,49.7037],[95.55238,49.70436],[95.55047,49.70557],[95.54929,49.70608],[95.54861,49.70647],[95.54801,49.70782],[95.54796,49.70837],[95.54766,49.70873],[95.54484,49.70989],[95.54293,49.71059],[95.53922,49.71213],[95.53842,49.71242],[95.53746,49.71289],[95.5365,49.71328],[95.53504,49.71372],[95.53346,49.71436],[95.53274,49.71459],[95.53126,49.71576],[95.52968,49.71802],[95.52912,49.71839],[95.52832,49.7187],[95.52639,49.71983],[95.52313,49.72151],[95.51845,49.72374],[95.51581,49.72495],[95.51392,49.72575],[95.51349,49.72584],[95.51296,49.72603],[95.5117,49.72637],[95.50979,49.72702],[95.50676,49.72762],[95.50605,49.72781],[95.5052,49.7283],[95.50447,49.72895],[95.50423,49.72923],[95.50394,49.72958],[95.50305,49.73016],[95.50255,49.73048],[95.50204,49.73075],[95.50147,49.73092],[95.50087,49.73105],[95.49991,49.73118],[95.49941,49.73127],[95.49899,49.73144],[95.49847,49.73173],[95.49743,49.73217],[95.49726,49.73233],[95.49706,49.73262],[95.49667,49.73308],[95.49638,49.7333],[95.49604,49.73346],[95.4954,49.73368],[95.49496,49.73386],[95.49429,49.73423],[95.49331,49.73485],[95.4922,49.73567],[95.4916,49.73624],[95.49088,49.73666],[95.49011,49.73705],[95.48819,49.73773],[95.48754,49.73783],[95.48716,49.73783],[95.48674,49.73782],[95.4863,49.73782],[95.48579,49.73785],[95.48531,49.73785],[95.48455,49.73771],[95.48429,49.7377],[95.48363,49.7377],[95.48332,49.73777],[95.48216,49.73812],[95.48015,49.73871],[95.47911,49.73922],[95.47606,49.74034],[95.47355,49.74078],[95.47015,49.74199],[95.46672,49.74382],[95.46401,49.74514],[95.46106,49.74675],[95.45549,49.74963],[95.45349,49.75048],[95.45174,49.75139],[95.45021,49.75211],[95.44825,49.75358],[95.44816,49.75383],[95.44815,49.75427],[95.4479,49.75508],[95.44727,49.75589],[95.44577,49.75743],[95.44478,49.7587],[95.44312,49.76003],[95.44255,49.76039],[95.44174,49.761],[95.44083,49.76125],[95.43951,49.76181],[95.43671,49.76248],[95.43523,49.76307],[95.43444,49.76332],[95.4339,49.7636],[95.43011,49.76466],[95.42901,49.76519],[95.42751,49.76576],[95.42326,49.76719],[95.42199,49.76747],[95.42121,49.76789],[95.42078,49.76804],[95.41919,49.76831],[95.41866,49.76847],[95.41747,49.76869],[95.41567,49.76892],[95.41396,49.76899],[95.40932,49.76979],[95.40618,49.77054],[95.40449,49.77052],[95.40278,49.77098],[95.40119,49.7712],[95.39843,49.77146],[95.39654,49.77177],[95.39407,49.77224],[95.39095,49.77257],[95.38699,49.77279],[95.38533,49.77277],[95.38377,49.77286],[95.38201,49.77279],[95.37877,49.7729],[95.37451,49.77328],[95.37395,49.77324],[95.37331,49.77334],[95.36974,49.77336],[95.36566,49.77332],[95.35801,49.7726],[95.35465,49.77192],[95.35331,49.77175],[95.3518,49.77178],[95.34633,49.77213],[95.3442,49.77203],[95.34373,49.77206],[95.34248,49.77227],[95.34109,49.7722],[95.34054,49.77225],[95.33543,49.77206],[95.33114,49.77164],[95.32163,49.77095],[95.31953,49.77086],[95.31912,49.77089],[95.31667,49.77072],[95.3133,49.77072],[95.31101,49.7705],[95.30969,49.77046],[95.30852,49.77037],[95.30645,49.77008],[95.30331,49.76944],[95.30195,49.76893],[95.30148,49.7686],[95.30041,49.7681],[95.29954,49.76777],[95.29719,49.76753],[95.29583,49.76734],[95.29442,49.76732],[95.2931,49.76745],[95.28945,49.76729],[95.28865,49.76708],[95.28566,49.76692],[95.28251,49.76651],[95.27717,49.76594],[95.27371,49.76571],[95.27213,49.76552],[95.27041,49.76548],[95.2671,49.76511],[95.26097,49.76465],[95.25799,49.76432],[95.25455,49.76376],[95.2527,49.76352],[95.25166,49.76326],[95.24854,49.76273],[95.24818,49.76261],[95.24491,49.76206],[95.24035,49.76114],[95.23414,49.76012],[95.22582,49.75853],[95.22414,49.75838],[95.22181,49.75794],[95.2206,49.75792],[95.21998,49.7578],[95.21938,49.7578],[95.219,49.75775],[95.21748,49.75794],[95.21619,49.75818],[95.21413,49.75845],[95.21178,49.75864],[95.20943,49.7589],[95.20886,49.75892],[95.2083,49.75885],[95.20774,49.75849],[95.20728,49.75735],[95.20715,49.75666],[95.20696,49.75631],[95.20661,49.75615],[95.20614,49.75608],[95.20447,49.75597],[95.20344,49.75571],[95.20211,49.75571],[95.20014,49.75578],[95.19782,49.75563],[95.19625,49.75544],[95.19526,49.7552],[95.19423,49.7551],[95.19321,49.75507],[95.19277,49.7552],[95.19227,49.75515],[95.18951,49.75414],[95.18621,49.75377],[95.18535,49.75352],[95.18269,49.75308],[95.18042,49.75276],[95.17909,49.75266],[95.17844,49.75284],[95.17828,49.75294],[95.17562,49.754],[95.17379,49.75468],[95.17217,49.75524],[95.17097,49.7556],[95.17059,49.75565],[95.16996,49.75552],[95.16876,49.75469],[95.16821,49.75449],[95.16629,49.75359],[95.16592,49.75346],[95.16445,49.75274],[95.15811,49.74982],[95.15618,49.74904],[95.15579,49.749],[95.15545,49.749],[95.15463,49.74923],[95.15267,49.74982],[95.15042,49.75015],[95.14999,49.75014],[95.14967,49.75001],[95.14929,49.74929],[95.14877,49.74802],[95.14792,49.74672],[95.14769,49.74559],[95.14755,49.74538],[95.14725,49.74522],[95.14615,49.74488],[95.14121,49.74313],[95.13599,49.74154],[95.13456,49.74093],[95.13246,49.74064],[95.13096,49.74036],[95.12889,49.7401],[95.12292,49.73915],[95.12199,49.73905],[95.12121,49.73903],[95.12,49.73876],[95.11847,49.73849],[95.11767,49.73844],[95.11451,49.73797],[95.1141,49.73796],[95.11241,49.73766],[95.11174,49.73762],[95.10827,49.73715],[95.10709,49.73695],[95.1062,49.73672],[95.10513,49.73658],[95.10403,49.73656],[95.10084,49.73613],[95.09889,49.73579],[95.09851,49.73567],[95.09553,49.73516],[95.0941,49.73484],[95.09283,49.73461],[95.09167,49.73444],[95.09005,49.7343],[95.08831,49.73396],[95.0852,49.7335],[95.08038,49.7326],[95.07973,49.73261],[95.07897,49.7327],[95.07734,49.73246],[95.07285,49.73194],[95.07088,49.73159],[95.07017,49.73152],[95.0688,49.73128],[95.06601,49.73098],[95.06468,49.73064],[95.06341,49.73048],[95.06279,49.73046],[95.06223,49.73033],[95.06073,49.73017],[95.06002,49.73],[95.05381,49.72913],[95.0531,49.72891],[95.05028,49.72862],[95.04904,49.72842],[95.04874,49.72842],[95.04713,49.72823],[95.04664,49.72812],[95.04545,49.72796],[95.04392,49.72754],[95.04346,49.72756],[95.0411,49.72727],[95.03831,49.72684],[95.03761,49.72677],[95.03667,49.72659],[95.03628,49.72662],[95.03575,49.72658],[95.03147,49.72589],[95.03001,49.7257],[95.02653,49.72512],[95.0243,49.72479],[95.02282,49.72465],[95.02139,49.72435],[95.02001,49.72422],[95.0197,49.72423],[95.01831,49.72397],[95.01812,49.7239],[95.01682,49.7237],[95.01615,49.72366],[95.01468,49.72337],[95.01118,49.72283],[95.00787,49.72249],[95.00493,49.72199],[95.0036,49.72192],[94.99917,49.72112],[94.99826,49.72099],[94.99804,49.72076],[94.99751,49.72087],[94.99664,49.72075],[94.99542,49.72051],[94.99512,49.72051],[94.99145,49.71994],[94.98833,49.71956],[94.98524,49.71905],[94.98336,49.71865],[94.98305,49.71847],[94.9822,49.71834],[94.98185,49.7184],[94.97997,49.71832],[94.97797,49.71796],[94.97663,49.7178],[94.97641,49.71767],[94.9762,49.71739],[94.97606,49.71742],[94.97577,49.71764],[94.97529,49.71763],[94.97442,49.71742],[94.97334,49.71692],[94.97257,49.71636],[94.97121,49.71565],[94.9705,49.71516],[94.97007,49.71504],[94.96976,49.71488],[94.96803,49.71439],[94.96411,49.71289],[94.96307,49.71217],[94.96207,49.71139],[94.96079,49.71092],[94.95623,49.70894],[94.95592,49.70884],[94.95495,49.70893],[94.9546,49.70857],[94.95343,49.70809],[94.95212,49.70763],[94.95058,49.70746],[94.94706,49.70764],[94.92923,49.70845],[94.92382,49.70812],[94.92022,49.70795],[94.91875,49.70777],[94.91314,49.70747],[94.91079,49.70727],[94.90556,49.70702],[94.90379,49.70672],[94.90125,49.70673],[94.90026,49.70676],[94.8995,49.70684],[94.8979,49.70681],[94.8971,49.70669],[94.89543,49.70655],[94.89504,49.70648],[94.89355,49.70645],[94.89183,49.70621],[94.88951,49.70597],[94.88205,49.70592],[94.87922,49.70604],[94.87591,49.7061],[94.87474,49.70606],[94.8736,49.70612],[94.8665,49.70609],[94.86401,49.70595],[94.86373,49.70593],[94.86339,49.70587],[94.8628,49.70571],[94.86217,49.70567],[94.86193,49.70571],[94.86157,49.70571],[94.86128,49.70569],[94.86033,49.70561],[94.85959,49.70558],[94.85871,49.70551],[94.85817,49.70546],[94.85616,49.70513],[94.85356,49.70472],[94.85264,49.70466],[94.85209,49.70473],[94.8515,49.70478],[94.84933,49.70492],[94.84518,49.70494],[94.84272,49.70454],[94.84094,49.70435],[94.84021,49.70431],[94.83959,49.70434],[94.83868,49.70442],[94.83851,49.7044],[94.83831,49.70436],[94.83761,49.70422],[94.83741,49.70421],[94.83708,49.70423],[94.83688,49.70424],[94.83671,49.70418],[94.83657,49.70409],[94.83645,49.70395],[94.83638,49.70385],[94.83621,49.70334],[94.83616,49.70327],[94.83606,49.70322],[94.83589,49.70319],[94.83497,49.70308],[94.83414,49.70281],[94.83368,49.70273],[94.83086,49.70259],[94.82825,49.70253],[94.82604,49.70229],[94.82549,49.70214],[94.82498,49.70211],[94.82279,49.70211],[94.82106,49.70233],[94.81866,49.70271],[94.81649,49.70312],[94.81034,49.7038],[94.80788,49.704],[94.80555,49.70427],[94.80412,49.70449],[94.80075,49.70519],[94.79976,49.70526],[94.7984,49.70563],[94.79604,49.70614],[94.79545,49.70616],[94.79432,49.70605],[94.79321,49.70602],[94.79119,49.70596],[94.78324,49.7055],[94.78176,49.70547],[94.78012,49.70559],[94.77918,49.70541],[94.77856,49.70535],[94.77804,49.70536],[94.7763,49.70524],[94.76464,49.70479],[94.76309,49.70494],[94.75785,49.70459],[94.74609,49.70412],[94.74371,49.70406],[94.73666,49.70349],[94.73391,49.70316],[94.73351,49.70305],[94.73259,49.70292],[94.7322,49.70287],[94.73154,49.70276],[94.73031,49.70221],[94.72912,49.70185],[94.72742,49.70146],[94.72529,49.70073],[94.72308,49.69953],[94.72219,49.69878],[94.72202,49.69862],[94.72165,49.69844],[94.72135,49.69839],[94.72105,49.6984],[94.72064,49.69847],[94.72043,49.69853],[94.72022,49.69855],[94.7199,49.69854],[94.71826,49.6981],[94.71801,49.69801],[94.71764,49.69785],[94.71709,49.69769],[94.71671,49.69768],[94.71632,49.69787],[94.71578,49.69816],[94.71523,49.69832],[94.71399,49.6985],[94.71298,49.69848],[94.71158,49.69834],[94.70995,49.69836],[94.70535,49.69798],[94.70475,49.69784],[94.7044,49.69778],[94.70269,49.69764],[94.70197,49.69754],[94.70081,49.69746],[94.69967,49.69728],[94.69766,49.69702],[94.6966,49.69691],[94.69539,49.69689],[94.69427,49.69695],[94.69338,49.6971],[94.69271,49.69714],[94.69058,49.69738],[94.68892,49.6974],[94.67898,49.69831],[94.67574,49.69854],[94.67444,49.69857],[94.67346,49.69849],[94.67241,49.69845],[94.67187,49.69837],[94.67154,49.69828],[94.67123,49.69817],[94.67094,49.69803],[94.67007,49.69754],[94.66982,49.69742],[94.66958,49.69736],[94.66931,49.69736],[94.66875,49.69734],[94.66847,49.69725],[94.66771,49.69699],[94.66729,49.69692],[94.66613,49.69682],[94.66527,49.69671],[94.66475,49.69662],[94.66348,49.69655],[94.66296,49.69653],[94.66128,49.69653],[94.65964,49.69659],[94.65888,49.69662],[94.65767,49.69679],[94.65729,49.6969],[94.65677,49.69699],[94.65614,49.69702],[94.6554,49.69698],[94.65478,49.69698],[94.65435,49.69701],[94.65391,49.69708],[94.65372,49.69708],[94.65333,49.69702],[94.6526,49.69698],[94.65225,49.69697],[94.65191,49.697],[94.65163,49.69696],[94.65101,49.69688],[94.65027,49.69688],[94.64911,49.69676],[94.64845,49.69669],[94.64803,49.69667],[94.64768,49.69666],[94.6474,49.6966],[94.64705,49.69653],[94.64674,49.69652],[94.64574,49.69652],[94.64548,49.69649],[94.64508,49.69638],[94.64476,49.69637],[94.64436,49.69636],[94.64386,49.69644],[94.64326,49.69651],[94.64259,49.69649],[94.64156,49.69635],[94.64077,49.69635],[94.64033,49.69639],[94.64006,49.69643],[94.63964,49.69657],[94.63926,49.69663],[94.63899,49.69664],[94.63872,49.69662],[94.63852,49.69655],[94.6384,49.69651],[94.63828,49.69648],[94.63812,49.69648],[94.63772,49.69651],[94.63728,49.6965],[94.63703,49.69651],[94.63675,49.69655],[94.63652,49.69655],[94.63635,49.69652],[94.63594,49.69643],[94.63581,49.69643],[94.63567,49.69646],[94.63545,49.69651],[94.63533,49.69654],[94.63515,49.69654],[94.63477,49.69652],[94.63439,49.69652],[94.634,49.69655],[94.63357,49.69651],[94.63303,49.69654],[94.63283,49.69652],[94.63259,49.69646],[94.63231,49.69641],[94.63192,49.69644],[94.63164,49.69639],[94.63139,49.69627],[94.63123,49.69622],[94.63103,49.69621],[94.63031,49.69633],[94.62796,49.69629],[94.62767,49.69627],[94.62741,49.69629],[94.62712,49.69633],[94.6262,49.69635],[94.6256,49.69643],[94.62328,49.69637],[94.62113,49.69637],[94.61934,49.69631],[94.61773,49.69606],[94.61705,49.69603],[94.61662,49.69603],[94.61555,49.69621],[94.61524,49.69626],[94.61496,49.69626],[94.6147,49.69627],[94.61412,49.69642],[94.61394,49.69647],[94.61373,49.6965],[94.6133,49.69655],[94.61232,49.69653],[94.61187,49.6965],[94.6115,49.69643],[94.61123,49.69637],[94.61099,49.69636],[94.61015,49.69637],[94.60843,49.69629],[94.60747,49.69627],[94.60714,49.69621],[94.60684,49.69617],[94.60623,49.69605],[94.60517,49.69602],[94.60455,49.69597],[94.60412,49.69598],[94.60101,49.696],[94.60045,49.696],[94.60006,49.69598],[94.59938,49.69589],[94.599,49.69587],[94.59834,49.69589],[94.59756,49.69592],[94.59452,49.69597],[94.59193,49.69612],[94.58703,49.69609],[94.58475,49.69584],[94.58189,49.69563],[94.58018,49.69543],[94.57876,49.69519],[94.57402,49.6941],[94.56747,49.69271],[94.56532,49.69218],[94.564,49.6919],[94.56325,49.6918],[94.56301,49.69174],[94.56253,49.69154],[94.56204,49.69141],[94.56078,49.69127],[94.56006,49.69117],[94.55857,49.69089],[94.55835,49.69088],[94.55805,49.69087],[94.55767,49.69092],[94.55733,49.69095],[94.55708,49.69094],[94.55665,49.69084],[94.55584,49.69069],[94.55509,49.69052],[94.55475,49.69047],[94.55451,49.69038],[94.55403,49.69025],[94.55363,49.69018],[94.55313,49.69021],[94.55266,49.6903],[94.55242,49.69031],[94.55217,49.69029],[94.55194,49.69025],[94.55137,49.69018],[94.5509,49.69014],[94.55021,49.69009],[94.54927,49.69001],[94.54867,49.68994],[94.5482,49.6899],[94.54697,49.68973],[94.54657,49.6897],[94.54617,49.68971],[94.54567,49.68968],[94.54487,49.68963],[94.54387,49.68945],[94.54319,49.68941],[94.54305,49.68948],[94.543,49.68953],[94.54296,49.6896],[94.54291,49.68981],[94.54285,49.68986],[94.54276,49.68989],[94.54266,49.68989],[94.54257,49.68986],[94.54244,49.68981],[94.54212,49.68962],[94.54125,49.68911],[94.54067,49.68897],[94.54036,49.68889],[94.54011,49.68885],[94.53957,49.68888],[94.53923,49.68889],[94.53886,49.68886],[94.53797,49.68869],[94.53763,49.68868],[94.53597,49.6885],[94.53541,49.68829],[94.53461,49.68828],[94.53086,49.68789],[94.53001,49.68772],[94.52674,49.68741],[94.52351,49.68685],[94.52199,49.68697],[94.52143,49.68697],[94.51625,49.68643],[94.51258,49.68601],[94.51151,49.68586],[94.51005,49.68556],[94.50868,49.6854],[94.5053,49.68463],[94.50314,49.684],[94.50201,49.68379],[94.50023,49.68368],[94.49901,49.68365],[94.49875,49.68362],[94.49848,49.68355],[94.49829,49.68346],[94.49818,49.68339],[94.49801,49.68333],[94.49779,49.6833],[94.49715,49.68321],[94.49686,49.6832],[94.49669,49.68321],[94.49646,49.6832],[94.49634,49.68317],[94.49619,49.68309],[94.4958,49.68291],[94.49541,49.68267],[94.49506,49.6825],[94.49492,49.6824],[94.49475,49.68233],[94.494,49.68214],[94.48966,49.68145],[94.48822,49.68114],[94.48585,49.68078],[94.48366,49.68035],[94.48207,49.68022],[94.4811,49.68005],[94.48058,49.68002],[94.47849,49.67948],[94.47673,49.67914],[94.47447,49.67861],[94.47372,49.67854],[94.47262,49.67835],[94.47147,49.67801],[94.46914,49.67758],[94.46806,49.67737],[94.46648,49.67714],[94.466,49.67703],[94.46323,49.67632],[94.46209,49.67607],[94.45973,49.67563],[94.45897,49.67542],[94.45776,49.67514],[94.45727,49.67501],[94.4569,49.67491],[94.45667,49.67484],[94.45637,49.67477],[94.45603,49.67474],[94.45567,49.6747],[94.45532,49.67464],[94.45422,49.6744],[94.45348,49.67425],[94.45296,49.67418],[94.45254,49.67416],[94.45218,49.67412],[94.45172,49.67399],[94.45091,49.67384],[94.45055,49.67374],[94.44969,49.67366],[94.44925,49.67357],[94.44895,49.67356],[94.44864,49.67355],[94.44839,49.67349],[94.44813,49.67346],[94.44719,49.67326],[94.44655,49.67308],[94.44536,49.67281],[94.44511,49.67275],[94.44451,49.67255],[94.44342,49.67204],[94.44171,49.67128],[94.44021,49.67052],[94.43669,49.66879],[94.43597,49.66851],[94.43538,49.6682],[94.43492,49.668],[94.43472,49.66788],[94.4344,49.66774],[94.4339,49.66761],[94.43331,49.66745],[94.43302,49.66731],[94.43257,49.66714],[94.43184,49.66688],[94.43136,49.66675],[94.43092,49.66664],[94.43033,49.66652],[94.43009,49.66644],[94.42989,49.66635],[94.42974,49.66626],[94.42957,49.66613],[94.42938,49.66607],[94.4288,49.6659],[94.42834,49.66573],[94.42805,49.66565],[94.42702,49.6655],[94.42677,49.6655],[94.42648,49.66548],[94.426,49.66538],[94.42553,49.66521],[94.42299,49.66423],[94.42055,49.6629],[94.41978,49.66254],[94.4192,49.66221],[94.41879,49.66203],[94.41844,49.66188],[94.41829,49.66181],[94.41815,49.6617],[94.41788,49.66143],[94.41764,49.66125],[94.41713,49.66094],[94.41661,49.66072],[94.41614,49.66048],[94.41586,49.66019],[94.41574,49.66002],[94.41568,49.65985],[94.41554,49.65922],[94.41533,49.65896],[94.41514,49.65882],[94.41489,49.65872],[94.41444,49.65847],[94.41396,49.65814],[94.4138,49.65799],[94.41354,49.65784],[94.4133,49.65773],[94.41301,49.6576],[94.41245,49.6575],[94.41195,49.65734],[94.41172,49.65722],[94.41156,49.65707],[94.41152,49.6569],[94.41145,49.65682],[94.41136,49.6568],[94.41107,49.65676],[94.41037,49.6567]]}},{"type":"Feature","properties":{},"geometry":{"type":"LineString","coordinates":[[96.36067,49.69951],[96.36116,49.69895],[96.36182,49.69807],[96.36215,49.69742],[96.36285,49.69631],[96.36288,49.69545],[96.36312,49.69453],[96.36292,49.69371],[96.36251,49.69264],[96.36166,49.68961],[96.36113,49.68835],[96.36057,49.68733],[96.36003,49.68602],[96.3595,49.6843],[96.35937,49.6825],[96.35832,49.67993],[96.35804,49.67855],[96.35746,49.67768],[96.35617,49.67638],[96.35501,49.67539],[96.35434,49.67455],[96.35357,49.67397],[96.35093,49.67237],[96.34427,49.66872],[96.34207,49.66738],[96.34173,49.66711],[96.34001,49.66621],[96.33798,49.66529],[96.33595,49.66442],[96.33441,49.66385],[96.33287,49.66333],[96.32982,49.66243],[96.32671,49.66143],[96.32165,49.66018],[96.32007,49.65987],[96.31758,49.65881],[96.31629,49.65834],[96.31562,49.65823],[96.31474,49.6579],[96.31303,49.65712],[96.31068,49.6564],[96.30635,49.65468],[96.30404,49.65363],[96.2991,49.65136],[96.29789,49.65077],[96.29598,49.64973],[96.29365,49.64864],[96.2925,49.64823],[96.29094,49.6475],[96.28827,49.64642],[96.28731,49.64581],[96.28669,49.64529],[96.28581,49.64438],[96.28419,49.64305],[96.28237,49.64189],[96.27999,49.64024],[96.27922,49.63963],[96.2786,49.63925],[96.27759,49.63824],[96.27712,49.63801],[96.27617,49.63731],[96.27499,49.63657],[96.27413,49.63632],[96.27326,49.63581],[96.27285,49.63565],[96.27016,49.6349],[96.26889,49.63433],[96.26853,49.63423],[96.26779,49.63427],[96.26688,49.63442],[96.26641,49.63439],[96.26546,49.63423],[96.26423,49.63415],[96.26274,49.63406],[96.26152,49.63407],[96.2598,49.63397],[96.25743,49.63372],[96.25701,49.63372],[96.25652,49.63362],[96.25592,49.63356],[96.25465,49.63366],[96.25319,49.63354],[96.25296,49.63348],[96.25265,49.63326],[96.24988,49.63046],[96.24904,49.62974],[96.24808,49.62919],[96.24789,49.62901],[96.24697,49.62774],[96.24485,49.62503],[96.24475,49.62482],[96.24465,49.62442],[96.24452,49.62424],[96.24424,49.62411],[96.24389,49.62406],[96.24301,49.6241],[96.23765,49.62394],[96.23415,49.62367],[96.2295,49.62341],[96.22737,49.6234],[96.22518,49.62322],[96.21787,49.62302],[96.21654,49.62264],[96.2152,49.62209],[96.21197,49.62121],[96.21079,49.62049],[96.20806,49.61846],[96.20581,49.61709],[96.20393,49.61564],[96.20288,49.61462],[96.20188,49.61378],[96.20095,49.61331],[96.19962,49.61251],[96.19783,49.6112],[96.19399,49.60876],[96.19277,49.60776],[96.19202,49.60726],[96.19105,49.60651],[96.18955,49.60562],[96.18828,49.60458],[96.18645,49.60338],[96.18422,49.60254],[96.18308,49.60236],[96.18204,49.602],[96.18133,49.60186],[96.17522,49.60172],[96.17346,49.60164],[96.17197,49.60119],[96.17118,49.60074],[96.16987,49.60028],[96.16839,49.59993],[96.16733,49.59956],[96.16554,49.59884],[96.16408,49.59807],[96.1635,49.59784],[96.16136,49.59715],[96.15703,49.59628],[96.15549,49.59593],[96.15502,49.59573],[96.15102,49.59365],[96.15043,49.59326],[96.14858,49.59173],[96.14793,49.59138],[96.14753,49.59106],[96.14509,49.58987],[96.14232,49.58838],[96.1417,49.58787],[96.14154,49.58774],[96.14036,49.58715],[96.13788,49.58528],[96.1371,49.58478],[96.13499,49.58381],[96.13181,49.58143],[96.13041,49.58031],[96.12695,49.57713],[96.12653,49.57686],[96.12549,49.57589],[96.1244,49.57482],[96.12347,49.57381],[96.1226,49.57269],[96.12142,49.5715],[96.12049,49.57045],[96.11782,49.56796],[96.11516,49.56622],[96.11311,49.5642],[96.11074,49.5621],[96.10948,49.56109],[96.10767,49.55933],[96.10659,49.55859],[96.10615,49.55829],[96.10558,49.55785],[96.1049,49.55736],[96.10438,49.55725],[96.10215,49.55599],[96.10076,49.55539],[96.09888,49.55474],[96.09428,49.55302],[96.09162,49.5517],[96.08856,49.5499],[96.08719,49.54917],[96.08647,49.54891],[96.0833,49.54684],[96.08189,49.54611],[96.08022,49.54552],[96.07954,49.54541],[96.07898,49.54523],[96.0774,49.54432],[96.07562,49.54347],[96.07444,49.54299],[96.07253,49.54238],[96.07086,49.54224],[96.06988,49.54209],[96.06797,49.54157],[96.06752,49.54134],[96.06468,49.54047],[96.06254,49.54013],[96.06042,49.53996],[96.0579,49.53998],[96.05737,49.54007],[96.05065,49.53998],[96.04943,49.53998],[96.04882,49.54006],[96.04799,49.54042],[96.04758,49.5407],[96.0468,49.54166],[96.04638,49.54201],[96.04578,49.5421],[96.04129,49.5412],[96.04046,49.54115],[96.03931,49.54085],[96.03741,49.54053],[96.03409,49.54058],[96.03252,49.54081],[96.03201,49.54095],[96.03147,49.54101],[96.02976,49.54083],[96.02479,49.54067],[96.02301,49.5408],[96.02112,49.54079],[96.01948,49.54095],[96.01649,49.54106],[96.01473,49.54122],[96.01094,49.54132],[96.00954,49.54162],[96.00912,49.54175],[96.00864,49.54178],[96.0073,49.54171],[96.0046,49.54169],[96.003,49.54163],[96.00126,49.54154],[96.00069,49.54144],[95.99872,49.54146],[95.9966,49.54161],[95.996,49.5417],[95.99548,49.54165],[95.99415,49.5417],[95.9926,49.54192],[95.99105,49.54229],[95.98996,49.5426],[95.98855,49.54316],[95.98528,49.54413],[95.98422,49.54455],[95.98333,49.5447],[95.98212,49.54481],[95.98009,49.54488],[95.97154,49.54477],[95.97037,49.54482],[95.96853,49.545],[95.96729,49.545],[95.96558,49.54512],[95.96352,49.54537],[95.96137,49.54555],[95.9607,49.54573],[95.9592,49.54595],[95.95571,49.54631],[95.95412,49.54657],[95.95306,49.54659],[95.95071,49.54638],[95.94764,49.54639],[95.94644,49.54642],[95.94437,49.54657],[95.94296,49.54674],[95.94189,49.54678],[95.9415,49.54686],[95.94031,49.54685],[95.9388,49.5471],[95.93543,49.54787],[95.93314,49.54833],[95.93229,49.54859],[95.93184,49.54883],[95.93086,49.54907],[95.92772,49.54961],[95.92622,49.54981],[95.92353,49.55034],[95.9228,49.5504],[95.92053,49.55085],[95.9192,49.55116],[95.91737,49.55176],[95.91423,49.55307],[95.9132,49.5536],[95.91279,49.5539],[95.91229,49.55404],[95.91045,49.5551],[95.90884,49.55572],[95.90524,49.55765],[95.90366,49.55837],[95.9029,49.5585],[95.90249,49.55863],[95.90191,49.55895],[95.9003,49.56002],[95.89862,49.56101],[95.89676,49.56248],[95.89653,49.563],[95.89665,49.5634],[95.89662,49.5636],[95.89639,49.56378],[95.8957,49.56401],[95.89365,49.56412],[95.89211,49.56461],[95.88636,49.56776],[95.88551,49.56827],[95.88275,49.57011],[95.88235,49.57028],[95.88008,49.57152],[95.87867,49.57237],[95.87866,49.57242],[95.87627,49.5738],[95.8743,49.57463],[95.8733,49.57511],[95.87198,49.57563],[95.86982,49.57608],[95.86893,49.5762],[95.86755,49.57628],[95.86581,49.57648],[95.86372,49.57662],[95.86187,49.57698],[95.85942,49.57772],[95.8585,49.57806],[95.85561,49.57793],[95.85497,49.57796],[95.84848,49.57879],[95.84701,49.57885],[95.84518,49.57915],[95.84048,49.58022],[95.83977,49.58031],[95.8373,49.58156],[95.83578,49.58226],[95.83364,49.58311],[95.8324,49.58407],[95.83092,49.58534],[95.82878,49.587],[95.82787,49.58782],[95.82636,49.58931],[95.82586,49.5897],[95.82508,49.59057],[95.82305,49.59218],[95.81986,49.59532],[95.81847,49.59661],[95.81487,49.60031],[95.81441,49.60081],[95.81397,49.60149],[95.81297,49.60244],[95.80973,49.60594],[95.80812,49.60759],[95.80777,49.60805],[95.8071,49.60923],[95.80637,49.61001],[95.80541,49.61091],[95.80434,49.61218],[95.80372,49.61281],[95.80349,49.61346],[95.8011,49.61715]]}},{"type":"Feature","properties":{},"geometry":{"type":"LineString","coordinates":[[97.67987,49.48782],[97.67992,49.48766],[97.67981,49.48737],[97.67933,49.48674],[97.67899,49.48589],[97.67771,49.48549],[97.6762,49.48532],[97.67511,49.48555],[97.67172,49.48597],[97.67021,49.48599],[97.66807,49.48579],[97.66421,49.48568],[97.66305,49.48546],[97.66202,49.48543],[97.66067,49.48537],[97.65618,49.48455],[97.65499,49.4842],[97.64931,49.48381],[97.64799,49.48385],[97.64577,49.48384],[97.64283,49.48352],[97.64025,49.48353],[97.63736,49.48343],[97.63494,49.48367],[97.63305,49.4839],[97.6316,49.48401],[97.6297,49.48392],[97.62772,49.48391],[97.62719,49.48403],[97.62669,49.48413],[97.62565,49.48419],[97.62466,49.48412],[97.62395,49.48403],[97.62326,49.48396],[97.62178,49.48403],[97.62063,49.48418],[97.61994,49.4844],[97.61879,49.48447],[97.618,49.4844],[97.61611,49.48417],[97.61553,49.48422],[97.61422,49.48424],[97.61311,49.48444],[97.61172,49.4845],[97.60777,49.48513],[97.60513,49.48541],[97.60238,49.48584],[97.60204,49.48582],[97.60159,49.48598],[97.5985,49.48678],[97.59698,49.48706],[97.59581,49.4872],[97.59523,49.48716],[97.59457,49.48722],[97.59377,49.48727],[97.59301,49.48718],[97.59228,49.48667],[97.5914,49.48638],[97.59098,49.48633],[97.58991,49.48634],[97.58853,49.48678],[97.5881,49.48699],[97.58722,49.48701],[97.58582,49.48736],[97.58442,49.48746],[97.58296,49.48769],[97.57871,49.48788],[97.57367,49.48781],[97.57047,49.48784],[97.56878,49.48788],[97.56376,49.4877],[97.56048,49.48732],[97.5579,49.48688],[97.55579,49.48655],[97.55502,49.48641],[97.55396,49.48642],[97.55294,49.48672],[97.55223,49.48695],[97.55022,49.48772],[97.54876,49.48815],[97.54788,49.48817],[97.54717,49.48814],[97.54653,49.48817],[97.54589,49.48807],[97.54538,49.48783],[97.54427,49.48748],[97.54173,49.48699],[97.54007,49.48658],[97.53824,49.48621],[97.53755,49.48633],[97.53593,49.48624],[97.53308,49.48621],[97.53122,49.48636],[97.52926,49.48688],[97.52774,49.48677],[97.52679,49.48679],[97.526,49.48662],[97.52502,49.48656],[97.52426,49.48657],[97.52372,49.48645],[97.52187,49.48665],[97.51896,49.4866],[97.51724,49.48662],[97.51621,49.48673],[97.51522,49.48673],[97.51426,49.48658],[97.51257,49.48646],[97.51144,49.48659],[97.51115,49.48666],[97.50931,49.48682],[97.50889,49.4868],[97.50797,49.48669],[97.50694,49.4866],[97.50609,49.48668],[97.50479,49.48649],[97.5031,49.48655],[97.50229,49.48658],[97.50175,49.48636],[97.50087,49.48626],[97.49927,49.48609],[97.49817,49.48588],[97.49313,49.4842],[97.49004,49.48347],[97.48738,49.483],[97.48578,49.48301],[97.48497,49.48289],[97.48463,49.48296],[97.48418,49.48323],[97.48356,49.48319],[97.48301,49.48307],[97.48223,49.48282],[97.4819,49.48265],[97.48149,49.48249],[97.48078,49.48208],[97.48025,49.4819],[97.47918,49.48185],[97.47827,49.48168],[97.47627,49.48166],[97.47418,49.48156],[97.47243,49.4814],[97.47145,49.48135],[97.46895,49.48165],[97.46844,49.48175],[97.46645,49.48192],[97.46329,49.48244],[97.46225,49.48244],[97.46175,49.48259],[97.4606,49.4828],[97.46026,49.48278],[97.4587,49.48254],[97.45824,49.48242],[97.45684,49.48224],[97.45619,49.48224],[97.45329,49.48315],[97.45163,49.48412],[97.4512,49.48458],[97.45104,49.48467],[97.45083,49.48473],[97.45027,49.48477],[97.44972,49.48472],[97.44893,49.48476],[97.44785,49.48468],[97.44697,49.48473],[97.44615,49.48494],[97.44532,49.48497],[97.4446,49.48509],[97.44167,49.48538],[97.44132,49.48554],[97.44086,49.48564],[97.44043,49.48559],[97.43941,49.48576],[97.43886,49.48589],[97.43809,49.48601],[97.4375,49.48605],[97.43669,49.48621],[97.43594,49.48621],[97.43512,49.48642],[97.43427,49.48651],[97.43393,49.48652],[97.43318,49.48645],[97.43139,49.48654],[97.43039,49.48643],[97.42964,49.48651],[97.42799,49.48714],[97.42702,49.4872],[97.42633,49.48741],[97.42583,49.4875],[97.42401,49.4877],[97.42274,49.48775],[97.41976,49.48736],[97.41934,49.48723],[97.41785,49.48664],[97.41763,49.4866],[97.41717,49.48657],[97.41624,49.48659],[97.4149,49.48641],[97.41446,49.48641],[97.4133,49.48653],[97.41182,49.48639],[97.40982,49.48632],[97.40901,49.4864],[97.40708,49.48646],[97.40546,49.48621],[97.40359,49.48607],[97.40109,49.48615],[97.40002,49.48608],[97.39907,49.48613],[97.3977,49.48603],[97.39611,49.48589],[97.39471,49.48583],[97.39391,49.48593],[97.39319,49.48588],[97.3926,49.48581],[97.38942,49.48585],[97.38854,49.48603],[97.38629,49.48627],[97.38494,49.48628],[97.38226,49.48691],[97.37953,49.48734],[97.37764,49.48749],[97.37704,49.48738],[97.37506,49.48769],[97.37465,49.4877],[97.373,49.4876],[97.37239,49.4875],[97.37013,49.4873],[97.36706,49.48732],[97.36455,49.48723],[97.36287,49.48714],[97.36149,49.48725],[97.35909,49.48738],[97.35868,49.48732],[97.35785,49.48711],[97.3553,49.48662],[97.3531,49.48599],[97.35076,49.48517],[97.34816,49.48456],[97.34736,49.4843],[97.3466,49.48393],[97.34624,49.48369],[97.34588,49.48361],[97.34548,49.48337],[97.34484,49.48322],[97.34398,49.48306],[97.34323,49.48285],[97.34268,49.48268],[97.34222,49.4827],[97.34155,49.48256],[97.34016,49.48228],[97.33631,49.48183],[97.33484,49.48163],[97.33285,49.4814],[97.33144,49.48143],[97.32948,49.48177],[97.3291,49.48177],[97.32823,49.48186],[97.3278,49.48175],[97.3264,49.48109],[97.32601,49.48085],[97.32513,49.48063],[97.32418,49.48052],[97.32333,49.48057],[97.32269,49.48053],[97.32233,49.48042],[97.32166,49.48029],[97.32128,49.48023],[97.32049,49.48017],[97.31897,49.48001],[97.31655,49.47967],[97.31242,49.47925],[97.31045,49.47902],[97.30781,49.47876],[97.30695,49.47879],[97.30641,49.47895],[97.30571,49.47902],[97.30525,49.47899],[97.30475,49.47879],[97.30411,49.47871],[97.3025,49.47845],[97.29908,49.47801],[97.29663,49.47785],[97.29306,49.47759],[97.29213,49.47762],[97.28962,49.47709],[97.28689,49.47709],[97.28486,49.47687],[97.28171,49.47641],[97.28015,49.4761],[97.27957,49.47589],[97.27843,49.47522],[97.27809,49.47502],[97.27771,49.47479],[97.27582,49.47409],[97.27516,49.47395],[97.27485,49.47386],[97.27457,49.47372],[97.27417,49.47346],[97.27357,49.47322],[97.2729,49.47308],[97.27251,49.47293],[97.27175,49.47258],[97.26974,49.4719],[97.26884,49.47166],[97.26859,49.47163],[97.26754,49.4718],[97.26625,49.47212],[97.26515,49.47226],[97.26437,49.47229],[97.26344,49.47257],[97.26287,49.47281],[97.26163,49.47294],[97.26082,49.47313],[97.26009,49.47292],[97.25763,49.47277],[97.25214,49.47326],[97.2505,49.47356],[97.24682,49.47384],[97.24481,49.47393],[97.23938,49.47447],[97.23849,49.47478],[97.2374,49.47502],[97.2341,49.47544],[97.22972,49.47525],[97.2281,49.47477],[97.22774,49.47525],[97.22643,49.47606],[97.22468,49.47665],[97.22339,49.47666],[97.2218,49.47606],[97.22037,49.47573],[97.21837,49.47543],[97.21579,49.47526],[97.21335,49.47499],[97.21066,49.47442],[97.21003,49.47433],[97.20496,49.47319],[97.2024,49.47285],[97.19783,49.47177],[97.19202,49.47006],[97.18811,49.46878],[97.18735,49.46872],[97.18671,49.46855],[97.18387,49.46758],[97.1819,49.467],[97.17364,49.46472],[97.17147,49.46378],[97.16731,49.46227],[97.1661,49.46178],[97.16218,49.46033],[97.14966,49.45536],[97.13981,49.45153],[97.13799,49.45233],[97.13527,49.45216],[97.13264,49.45249],[97.12943,49.45233],[97.12886,49.45235],[97.12519,49.4527],[97.12425,49.45296],[97.12339,49.45334],[97.12027,49.45449],[97.11991,49.4548],[97.11923,49.45512],[97.11747,49.45573],[97.11672,49.45607],[97.11609,49.45621],[97.11518,49.45633],[97.11478,49.45652],[97.11251,49.45731],[97.11208,49.45735],[97.11136,49.4575],[97.11087,49.45782],[97.10959,49.45816],[97.10848,49.45818],[97.10661,49.45862],[97.10553,49.45893],[97.10529,49.45895],[97.10452,49.45882],[97.10382,49.45884],[97.1031,49.45908],[97.10294,49.45923],[97.10252,49.46001],[97.10217,49.46097],[97.10203,49.46245],[97.10197,49.46263],[97.1017,49.46301],[97.10069,49.4642],[97.09943,49.46504],[97.0983,49.46598],[97.09755,49.46675],[97.09706,49.46717],[97.09623,49.46817],[97.09518,49.46921],[97.09471,49.46985],[97.09399,49.47046],[97.09351,49.47103],[97.09252,49.47241],[97.09219,49.47268],[97.09071,49.47329],[97.08903,49.4741],[97.08709,49.47486],[97.08523,49.47541],[97.08315,49.47616],[97.08122,49.47712],[97.07771,49.4799],[97.07642,49.48069],[97.07514,49.482],[97.07177,49.48575],[97.07095,49.48646],[97.06873,49.48747],[97.06784,49.48843],[97.06721,49.48969],[97.06497,49.49319],[97.06355,49.4947],[97.06227,49.49536],[97.06079,49.49638],[97.06023,49.49723],[97.06025,49.49812],[97.05988,49.49888],[97.05936,49.49967],[97.05854,49.50144],[97.05855,49.5019],[97.05814,49.50313],[97.05797,49.5042],[97.0578,49.50448],[97.05757,49.50537],[97.05704,49.50687],[97.05622,49.50791],[97.05497,49.50921],[97.05385,49.51061],[97.0513,49.51315],[97.05009,49.51412],[97.0494,49.51494],[97.04851,49.51645],[97.04823,49.51735],[97.04768,49.51852],[97.04619,49.52074],[97.04582,49.52112],[97.0453,49.52194],[97.045,49.52291],[97.04395,49.52542],[97.04351,49.5258],[97.04297,49.52598],[97.04229,49.52566],[97.04223,49.52528],[97.04214,49.52516],[97.04192,49.5251],[97.04177,49.52512],[97.0412,49.52538],[97.03997,49.5258],[97.03889,49.52567],[97.03714,49.52561],[97.03623,49.52571],[97.0345,49.52641],[97.03405,49.52639],[97.03316,49.52616],[97.03235,49.52613],[97.0312,49.52557],[97.03022,49.52493],[97.02967,49.52443],[97.02863,49.52406],[97.02833,49.52407],[97.0279,49.52429],[97.02706,49.52521],[97.02641,49.52607],[97.02568,49.52664],[97.02444,49.52761],[97.0243,49.52777],[97.02422,49.52812],[97.02405,49.52826],[97.02337,49.52846],[97.02201,49.52906],[97.02167,49.52914],[97.01932,49.52873],[97.01878,49.52857],[97.01826,49.52857],[97.01688,49.52867],[97.01617,49.5282],[97.01575,49.52808],[97.01422,49.52801],[97.01273,49.52764],[97.01085,49.52736],[97.00961,49.52738],[97.00829,49.52749],[97.008,49.52756],[97.00642,49.52833],[97.00482,49.52901],[97.00286,49.52972],[97.00078,49.53034],[97.00009,49.53044],[96.99838,49.53081],[96.99645,49.53139],[96.99563,49.53153],[96.99421,49.53164],[96.99371,49.53158],[96.99262,49.53128],[96.9912,49.53114],[96.99016,49.53148],[96.9875,49.5316],[96.98682,49.53175],[96.98575,49.53181],[96.98348,49.53218],[96.98018,49.53258],[96.97922,49.53284],[96.9777,49.53284],[96.97533,49.53297],[96.97085,49.53297],[96.9671,49.53307],[96.96573,49.53295],[96.9624,49.53254],[96.96045,49.53254],[96.95917,49.53267],[96.95823,49.53267],[96.95675,49.53274],[96.95347,49.53256],[96.9519,49.53266],[96.95037,49.53266],[96.94956,49.53258],[96.94915,49.53244],[96.94809,49.53245],[96.9468,49.53259],[96.94524,49.53258],[96.94332,49.53247],[96.94177,49.53214],[96.9394,49.53085],[96.93798,49.53033],[96.93621,49.52989],[96.92809,49.52953],[96.92571,49.52913],[96.92409,49.52905],[96.92198,49.52924],[96.92125,49.5295],[96.92034,49.53001],[96.91975,49.53011],[96.91917,49.53007],[96.91869,49.53009],[96.91722,49.5299],[96.91528,49.52996],[96.91303,49.53028],[96.91087,49.53067],[96.90919,49.53111],[96.90673,49.53164],[96.90385,49.53201],[96.90016,49.53241],[96.89806,49.53279],[96.89222,49.5337],[96.89059,49.53372],[96.88791,49.53358],[96.88443,49.53316],[96.88234,49.53286],[96.87825,49.53186],[96.87746,49.53177],[96.87481,49.53183],[96.87324,49.53165],[96.87029,49.53163],[96.86963,49.53159],[96.86857,49.53204],[96.86583,49.53291],[96.86375,49.53332],[96.8602,49.53388],[96.85807,49.53416],[96.85751,49.53415],[96.85703,49.53422],[96.85556,49.53478],[96.85392,49.5356],[96.85229,49.53669],[96.8494,49.53901],[96.84882,49.53939],[96.84786,49.54034],[96.8468,49.54113],[96.84639,49.54161],[96.84439,49.54355],[96.84291,49.54494],[96.84052,49.54706],[96.83951,49.54815],[96.83936,49.54848],[96.83903,49.54874],[96.83827,49.54916],[96.83746,49.54985],[96.83555,49.55126],[96.83411,49.55252],[96.83338,49.55302],[96.83257,49.55371],[96.83196,49.55404],[96.83164,49.55432],[96.83118,49.55457],[96.8308,49.55512],[96.82945,49.55606],[96.82885,49.55632],[96.82819,49.5568],[96.82789,49.5569],[96.82692,49.55744],[96.8258,49.55832],[96.82349,49.55999],[96.82306,49.56019],[96.82277,49.56046],[96.82219,49.5608],[96.82127,49.56113],[96.821,49.56131],[96.82,49.56245],[96.81915,49.56317],[96.81761,49.56405],[96.81705,49.56432],[96.81647,49.56476],[96.81616,49.56514],[96.81517,49.56603],[96.81489,49.56646],[96.81443,49.56697],[96.81421,49.56714],[96.80635,49.57033],[96.80468,49.57119],[96.80418,49.5715],[96.80334,49.57186],[96.80166,49.57213],[96.79923,49.57217],[96.79778,49.57245],[96.79727,49.57282],[96.79619,49.57372],[96.79554,49.57475],[96.79485,49.57611],[96.79402,49.57741],[96.79327,49.57823],[96.79273,49.57925],[96.79185,49.57984],[96.79106,49.58027],[96.79021,49.58167],[96.7887,49.58382],[96.78765,49.58483],[96.78691,49.58575],[96.78654,49.58599],[96.78565,49.5869],[96.78487,49.58753],[96.78248,49.58896],[96.78178,49.58943],[96.77927,49.59018],[96.77873,49.59051],[96.77792,49.59177],[96.77745,49.59269],[96.77643,49.59374],[96.77416,49.59644],[96.77141,49.60049],[96.76939,49.60325],[96.76896,49.6036],[96.76855,49.60385],[96.76723,49.60456],[96.7664,49.6055],[96.7658,49.60631],[96.76465,49.60729],[96.76438,49.60743],[96.76338,49.60778],[96.76244,49.60817],[96.76125,49.60833],[96.7594,49.60827],[96.75493,49.60876],[96.7537,49.60931],[96.75174,49.60984],[96.74725,49.61095],[96.74117,49.61227],[96.73625,49.61327],[96.73435,49.61372],[96.72827,49.61502],[96.72528,49.61554],[96.71837,49.61741],[96.70785,49.62006],[96.69912,49.62191],[96.69285,49.62359],[96.68817,49.62517],[96.68283,49.62669],[96.68049,49.62725],[96.67265,49.62967],[96.66903,49.63071],[96.66589,49.63155],[96.66264,49.63252],[96.6611,49.63288],[96.65995,49.63307],[96.6576,49.63355],[96.65539,49.6341],[96.65395,49.63441],[96.65249,49.63482],[96.65199,49.63503],[96.64947,49.6356],[96.64771,49.63626],[96.64438,49.63639],[96.64005,49.63646],[96.63796,49.63666],[96.63685,49.63689],[96.63506,49.63759],[96.63303,49.6382],[96.63211,49.63834],[96.63111,49.63857],[96.62763,49.63964],[96.6272,49.63967],[96.62575,49.63991],[96.62406,49.64024],[96.62042,49.64056],[96.61538,49.64124],[96.6145,49.64132],[96.61387,49.64128],[96.61249,49.6414],[96.60586,49.64236],[96.60255,49.64299],[96.60016,49.64354],[96.5999,49.64367],[96.59887,49.64444],[96.59853,49.64463],[96.598,49.64481],[96.595,49.64546],[96.59242,49.64631],[96.59176,49.64635],[96.59021,49.64622],[96.58855,49.64597],[96.58574,49.64582],[96.58519,49.64583],[96.58335,49.64567],[96.58106,49.64591],[96.57454,49.64683],[96.57134,49.64721],[96.56776,49.64781],[96.56141,49.64899],[96.55797,49.64944],[96.55522,49.64985],[96.55281,49.65035],[96.5496,49.65087],[96.54665,49.65129],[96.54306,49.6515],[96.54179,49.65144],[96.53996,49.6516],[96.53785,49.65171],[96.53007,49.65238],[96.51907,49.65299],[96.51583,49.65329],[96.50876,49.6538],[96.50659,49.65387],[96.50054,49.65446],[96.4983,49.65459],[96.49603,49.65481],[96.48889,49.65583],[96.48321,49.65639],[96.47795,49.6571],[96.475,49.6576],[96.46475,49.66003],[96.46309,49.66049],[96.46279,49.66064],[96.46083,49.66123],[96.45944,49.66179],[96.45654,49.66279],[96.4516,49.66397],[96.44916,49.66439],[96.43367,49.66781],[96.42682,49.66883],[96.42483,49.66909],[96.42298,49.66941],[96.42057,49.67001],[96.41856,49.67064],[96.41422,49.67257],[96.41268,49.67343],[96.41107,49.67454],[96.40632,49.67759],[96.40326,49.67966],[96.39351,49.68574],[96.39225,49.68636],[96.3907,49.68738],[96.38893,49.68834],[96.3846,49.69104],[96.38304,49.69195],[96.37873,49.69411],[96.37134,49.69699],[96.36919,49.69812],[96.36736,49.69881],[96.36646,49.69954],[96.36553,49.70051],[96.36475,49.70034],[96.36413,49.70021],[96.36357,49.69997],[96.36276,49.70014],[96.36167,49.69981],[96.36067,49.69951]]}},{"type":"Feature","properties":{},"geometry":{"type":"LineString","coordinates":[[97.76016,49.52712],[97.7584,49.52705],[97.75768,49.52711],[97.75745,49.5272],[97.75707,49.52735],[97.75659,49.52732],[97.75571,49.5275],[97.75428,49.52756],[97.75285,49.52725],[97.75065,49.52687],[97.74923,49.52706],[97.74731,49.52767],[97.74595,49.52806],[97.74101,49.52697],[97.73832,49.52616],[97.73408,49.52488]]}},{"type":"Feature","properties":{},"geometry":{"type":"LineString","coordinates":[[98.53436,49.54243],[98.53223,49.5418],[98.53041,49.54154],[98.52765,49.5413],[98.52299,49.54113],[98.51799,49.54118],[98.51752,49.54115],[98.51635,49.54129],[98.51522,49.54118],[98.51451,49.54129],[98.51394,49.54131],[98.50952,49.54133],[98.50799,49.54115],[98.50667,49.54067],[98.50527,49.54043],[98.50269,49.53986],[98.50201,49.53979],[98.50053,49.53955],[98.50006,49.53943],[98.49809,49.53916],[98.49649,49.53888],[98.49584,49.53865],[98.49162,49.53793],[98.4898,49.53756],[98.48912,49.53748],[98.48876,49.53738],[98.48748,49.53718],[98.48685,49.53699],[98.48597,49.53696],[98.48373,49.5371],[98.48014,49.53641],[98.47638,49.53598],[98.47322,49.53544],[98.47154,49.53501],[98.47013,49.53451],[98.46798,49.53389],[98.46641,49.53329],[98.46541,49.53304],[98.46386,49.53251],[98.46267,49.53204],[98.4581,49.53057],[98.45693,49.52997],[98.45507,49.52937],[98.45294,49.5285],[98.45144,49.52795],[98.45025,49.52744],[98.44813,49.5264],[98.44765,49.52627],[98.44645,49.52606],[98.44533,49.52599],[98.4447,49.52584],[98.44408,49.52577],[98.44266,49.52527],[98.44197,49.52508],[98.44151,49.52479],[98.4397,49.52339],[98.43842,49.52256],[98.43697,49.52149],[98.43567,49.52068],[98.43519,49.52017],[98.4339,49.5191],[98.43316,49.51858],[98.43263,49.51807],[98.43144,49.51673],[98.4309,49.51619],[98.43013,49.51557],[98.42985,49.51522],[98.42923,49.5148],[98.42842,49.51414],[98.42737,49.51339],[98.42655,49.513],[98.42484,49.51176],[98.42376,49.51107],[98.42252,49.51044],[98.42222,49.51033],[98.42153,49.5099],[98.42105,49.50949],[98.42026,49.50912],[98.41909,49.509],[98.41845,49.50883],[98.41845,49.5088],[98.41609,49.50876],[98.41563,49.50879],[98.41425,49.50867],[98.41391,49.50869],[98.4126,49.50846],[98.41079,49.5083],[98.40946,49.50792],[98.40436,49.50763],[98.40328,49.50753],[98.40279,49.50718],[98.40232,49.5066],[98.40092,49.50574],[98.40038,49.50566],[98.39934,49.5057],[98.39819,49.50572],[98.39776,49.50589],[98.39648,49.50621],[98.39057,49.50617],[98.38635,49.50509],[98.38485,49.50476],[98.38293,49.50417],[98.38179,49.5041],[98.38049,49.50392],[98.37775,49.50371],[98.37628,49.50348],[98.37445,49.50335],[98.3727,49.50312],[98.37172,49.50304],[98.37106,49.50315],[98.37024,49.50341],[98.36953,49.50351],[98.36906,49.50375],[98.36862,49.5038],[98.36791,49.50377],[98.36663,49.50357],[98.3654,49.50315],[98.36485,49.50309],[98.3635,49.50278],[98.36184,49.50247],[98.35981,49.50249],[98.35727,49.50196],[98.35599,49.50159],[98.35366,49.50118],[98.35297,49.50115],[98.3521,49.50102],[98.35134,49.50083],[98.34948,49.50085],[98.34848,49.50057],[98.34494,49.50023],[98.34326,49.50015],[98.34157,49.50013],[98.33984,49.49982],[98.33853,49.49945],[98.33682,49.49921],[98.33491,49.49911],[98.33291,49.49912],[98.33114,49.49889],[98.3308,49.49889],[98.32884,49.49869],[98.32767,49.4987],[98.32576,49.49884],[98.32528,49.49884],[98.32451,49.49865],[98.32398,49.49863],[98.32364,49.4987],[98.32311,49.49865],[98.3228,49.49854],[98.32123,49.49842],[98.31988,49.49849],[98.31707,49.49852],[98.31444,49.49878],[98.31039,49.49898],[98.30968,49.49912],[98.30751,49.49932],[98.30645,49.49935],[98.30561,49.49925],[98.30421,49.49931],[98.3014,49.49953],[98.29863,49.50014],[98.29763,49.50023],[98.29706,49.50021],[98.29221,49.49977],[98.29122,49.4994],[98.28982,49.49914],[98.28718,49.49912],[98.28619,49.49895],[98.27947,49.49873],[98.27788,49.49859],[98.27677,49.49866],[98.27614,49.4986],[98.27545,49.49867],[98.27455,49.4986],[98.27267,49.49821],[98.27125,49.49806],[98.27011,49.49782],[98.26949,49.4978],[98.26863,49.4976],[98.26702,49.4974],[98.26602,49.49734],[98.26481,49.4971],[98.26325,49.49688],[98.26234,49.49685],[98.26033,49.49709],[98.25866,49.49747],[98.25676,49.49769],[98.25446,49.49781],[98.25275,49.49775],[98.2506,49.49788],[98.24947,49.49785],[98.24862,49.49797],[98.24708,49.49794],[98.24608,49.49779],[98.2424,49.49683],[98.24055,49.49574],[98.23931,49.49539],[98.23849,49.495],[98.23745,49.49481],[98.237,49.49444],[98.23651,49.4943],[98.23612,49.49427],[98.23573,49.49415],[98.23499,49.49376],[98.23219,49.49205],[98.23059,49.49124],[98.22922,49.49071],[98.22523,49.48786],[98.22399,49.48705],[98.22325,49.48629],[98.22201,49.48573],[98.22148,49.48536],[98.21918,49.484],[98.21903,49.48358],[98.21832,49.48312],[98.21582,49.48221],[98.21546,49.48202],[98.21504,49.48168],[98.21406,49.48126],[98.21234,49.48109],[98.21143,49.48045],[98.21031,49.48012],[98.20884,49.47955],[98.20802,49.47931],[98.20685,49.47886],[98.20447,49.47774],[98.20416,49.47765],[98.20276,49.47696],[98.20181,49.47664],[98.20138,49.47642],[98.20059,49.47618],[98.20036,49.47598],[98.19934,49.47549],[98.19858,49.47525],[98.19787,49.47484],[98.19699,49.47453],[98.19585,49.47427],[98.19496,49.47425],[98.19411,49.47431],[98.19232,49.47417],[98.18814,49.47357],[98.18764,49.47353],[98.18681,49.47328],[98.18612,49.47336],[98.18559,49.47319],[98.18526,49.47314],[98.18192,49.47295],[98.18021,49.4727],[98.1788,49.47265],[98.17726,49.47225],[98.17508,49.47191],[98.17435,49.47192],[98.17395,49.47182],[98.17226,49.47172],[98.17142,49.47175],[98.16869,49.47149],[98.16613,49.47096],[98.16504,49.47062],[98.16448,49.47055],[98.16334,49.47052],[98.16255,49.47065],[98.16174,49.4706],[98.16092,49.4706],[98.16057,49.47042],[98.16005,49.47044],[98.15822,49.47025],[98.15569,49.46965],[98.15521,49.4694],[98.1541,49.46903],[98.15218,49.46899],[98.15165,49.4689],[98.14989,49.4689],[98.14945,49.46876],[98.14832,49.46813],[98.14807,49.46805],[98.1473,49.46788],[98.14614,49.46773],[98.14051,49.46721],[98.13951,49.46732],[98.13771,49.46783],[98.13668,49.46805],[98.13548,49.46784],[98.13436,49.46748],[98.13192,49.46702],[98.13148,49.467],[98.13066,49.4668],[98.12968,49.46643],[98.12923,49.46635],[98.1288,49.46631],[98.12545,49.46629],[98.12426,49.46607],[98.12248,49.46562],[98.12207,49.46547],[98.12127,49.465],[98.12092,49.46487],[98.11928,49.46448],[98.11912,49.46446],[98.1186,49.46452],[98.11817,49.46446],[98.116,49.46376],[98.11385,49.46343],[98.11249,49.4634],[98.11066,49.46356],[98.10829,49.46385],[98.10694,49.46395],[98.10228,49.46505],[98.10069,49.46556],[98.09831,49.46606],[98.09784,49.46623],[98.09262,49.4672],[98.09218,49.46737],[98.09085,49.46767],[98.08955,49.46761],[98.08693,49.46796],[98.08358,49.46831],[98.08287,49.46852],[98.08251,49.46871],[98.08188,49.46892],[98.08061,49.46919],[98.08038,49.46928],[98.07964,49.46956],[98.07918,49.46954],[98.07887,49.46933],[98.07829,49.46917],[98.07784,49.46878],[98.07738,49.46823],[98.07668,49.46819],[98.07481,49.46907],[98.07377,49.46905],[98.07232,49.46914],[98.06988,49.46952],[98.06774,49.46934],[98.06473,49.46956],[98.0633,49.46973],[98.06042,49.46976],[98.05684,49.47051],[98.05479,49.47103],[98.0529,49.47126],[98.05251,49.47123],[98.05187,49.47128],[98.05156,49.47136],[98.0499,49.47181],[98.04314,49.47332],[98.04172,49.47349],[98.03966,49.47351],[98.03829,49.47353],[98.03579,49.47382],[98.0348,49.47398],[98.03361,49.47397],[98.03166,49.47332],[98.02927,49.47347],[98.02824,49.47372],[98.02737,49.47453],[98.02658,49.47498],[98.02589,49.47523],[98.02432,49.47558],[98.0232,49.47592],[98.02201,49.47614],[98.01905,49.47645],[98.01851,49.4764],[98.01756,49.47653],[98.01661,49.47738],[98.01518,49.47806],[98.01151,49.47941],[98.0078,49.48039],[98.00502,49.48103],[98.00414,49.48116],[98.00108,49.48203],[97.99642,49.48347],[97.9923,49.48396],[97.99105,49.48402],[97.98952,49.48433],[97.98683,49.48515],[97.98651,49.48529],[97.98476,49.48573],[97.98406,49.48581],[97.98305,49.48566],[97.98208,49.48578],[97.97939,49.48584],[97.97726,49.48605],[97.97348,49.48625],[97.97185,49.48651],[97.97069,49.48656],[97.96908,49.48693],[97.96813,49.48728],[97.96576,49.48793],[97.96497,49.48839],[97.96331,49.48892],[97.96142,49.48933],[97.96107,49.48939],[97.95965,49.48961],[97.95847,49.49],[97.95783,49.49005],[97.95616,49.49039],[97.95572,49.49055],[97.95475,49.49074],[97.95353,49.49115],[97.95214,49.49147],[97.95186,49.49149],[97.95113,49.4917],[97.95093,49.49181],[97.95046,49.49187],[97.94995,49.49181],[97.94944,49.49181],[97.94803,49.49231],[97.94747,49.49259],[97.94423,49.4937],[97.94159,49.4939],[97.93804,49.4936],[97.93697,49.49333],[97.93552,49.49326],[97.93236,49.49394],[97.93012,49.49426],[97.92862,49.49432],[97.92305,49.49533],[97.92195,49.49535],[97.92113,49.49537],[97.91908,49.49564],[97.91799,49.4957],[97.91715,49.49594],[97.91447,49.49631],[97.91359,49.49662],[97.91001,49.49709],[97.90944,49.49716],[97.89999,49.49856],[97.88803,49.50111],[97.88485,49.50197],[97.87872,49.50281],[97.86724,49.50346],[97.86632,49.50361],[97.86362,49.50463],[97.86234,49.50499],[97.86001,49.50506],[97.85955,49.50535],[97.85853,49.50553],[97.85726,49.50569],[97.8558,49.50496],[97.85526,49.50502],[97.85373,49.50581],[97.85216,49.50627],[97.85082,49.50684],[97.84801,49.50707],[97.84609,49.50728],[97.84573,49.50755],[97.84568,49.50795],[97.84588,49.50835],[97.84621,49.50878],[97.84611,49.50919],[97.8454,49.50954],[97.84497,49.50957],[97.84327,49.50992],[97.84281,49.51012],[97.8376,49.51165],[97.83204,49.51315],[97.82868,49.51354]]}},{"type":"Feature","properties":{},"geometry":{"type":"LineString","coordinates":[[91.64812,50.14912],[91.62601,50.1538],[91.62087,50.15502],[91.61041,50.15731],[91.60827,50.15786],[91.57709,50.16487],[91.56868,50.16672],[91.56319,50.168],[91.55351,50.17013],[91.55125,50.17067],[91.55052,50.17079],[91.54256,50.17248],[91.53977,50.17255],[91.53872,50.17275],[91.53584,50.17319],[91.53515,50.17305],[91.53472,50.17304],[91.53279,50.17333],[91.53077,50.17376],[91.52987,50.17391],[91.52833,50.17404],[91.52689,50.17403],[91.52603,50.17435],[91.52506,50.17457],[91.52337,50.17479],[91.52046,50.17501],[91.51924,50.17519],[91.51749,50.17555],[91.51578,50.17582],[91.51377,50.17598],[91.51199,50.17639],[91.51117,50.17651],[91.51011,50.17663],[91.50784,50.17669],[91.50449,50.17661],[91.50083,50.17683],[91.49963,50.17681],[91.49841,50.17692],[91.49763,50.17706],[91.49602,50.17713],[91.49381,50.17759],[91.49235,50.17776],[91.49151,50.17778],[91.49045,50.17766],[91.48992,50.17739],[91.48908,50.1773],[91.4878,50.17743],[91.48645,50.17734],[91.4857,50.17717],[91.48502,50.17688],[91.48434,50.17638],[91.48339,50.17601],[91.48261,50.17597],[91.48159,50.17621],[91.48108,50.17638],[91.4804,50.17661],[91.47975,50.17703],[91.47935,50.1771],[91.47689,50.17707],[91.4753,50.17688],[91.47404,50.17648],[91.47315,50.17631],[91.47172,50.17628],[91.4708,50.17633],[91.47015,50.17654],[91.46933,50.17712],[91.46757,50.17747],[91.46598,50.17755],[91.46482,50.1774],[91.46304,50.17704],[91.46162,50.17686],[91.46083,50.17691],[91.45997,50.17712],[91.45783,50.17773],[91.45752,50.17758],[91.45773,50.17711],[91.45859,50.17605],[91.45883,50.17539],[91.45901,50.17511],[91.45897,50.17506],[91.45858,50.17498],[91.45772,50.17516],[91.45729,50.17508],[91.45648,50.17477],[91.45529,50.17413],[91.4545,50.17363],[91.45093,50.17041],[91.44886,50.16917],[91.44702,50.16804],[91.44603,50.16749],[91.44428,50.16664],[91.4435,50.16627],[91.44282,50.16604],[91.44216,50.16589],[91.44136,50.1656],[91.44086,50.1653],[91.44057,50.16518],[91.43995,50.16511],[91.43864,50.16471],[91.43781,50.16457],[91.43755,50.16448],[91.43688,50.16435],[91.4342,50.1635],[91.43275,50.163],[91.43132,50.16243],[91.43004,50.16212],[91.42933,50.16186],[91.42752,50.16148],[91.42329,50.16013],[91.42243,50.15992],[91.41612,50.15788],[91.40996,50.15606],[91.40858,50.1555],[91.40547,50.15456],[91.40389,50.15399],[91.40176,50.15342],[91.39913,50.15256],[91.39644,50.15179],[91.39201,50.15025],[91.38634,50.14826],[91.38411,50.14729],[91.38075,50.14611],[91.38037,50.1459],[91.37776,50.14473],[91.37575,50.14351],[91.37378,50.14216],[91.37196,50.14071],[91.37147,50.14043],[91.37019,50.13986],[91.36875,50.13939],[91.3633,50.13818],[91.36173,50.13754],[91.36035,50.13713],[91.35968,50.137],[91.35883,50.13656],[91.3586,50.13603],[91.35809,50.13546],[91.35784,50.13519],[91.35769,50.13482],[91.35768,50.13394],[91.35711,50.13337],[91.35526,50.13268],[91.35364,50.13201],[91.35257,50.13149],[91.34986,50.13054],[91.34959,50.13029],[91.34809,50.12995],[91.34574,50.12921],[91.34425,50.12866],[91.3422,50.12807],[91.33963,50.12745],[91.33818,50.12718],[91.33668,50.12677],[91.33427,50.12636],[91.33066,50.12587],[91.32918,50.12561],[91.3229,50.12408],[91.31951,50.12312],[91.3162,50.12235],[91.30904,50.12104],[91.30705,50.12076],[91.3063,50.12066],[91.30469,50.12061],[91.30331,50.1204],[91.30191,50.12006],[91.30083,50.11999],[91.29917,50.11977],[91.29549,50.11968],[91.29491,50.11973],[91.29274,50.11994],[91.29085,50.12033],[91.28906,50.12118],[91.28799,50.1213],[91.28635,50.12158],[91.28528,50.12191],[91.28436,50.12232],[91.28225,50.1229],[91.28055,50.12306],[91.27883,50.12332],[91.27785,50.12337],[91.27545,50.12295],[91.27481,50.12294],[91.27435,50.12301],[91.27336,50.12287],[91.27216,50.12277],[91.26986,50.12218],[91.26827,50.122],[91.26658,50.1216],[91.26572,50.12152],[91.2648,50.12125],[91.26306,50.12083],[91.26164,50.12024],[91.25858,50.11964],[91.2562,50.11938],[91.25368,50.11943],[91.25293,50.11945],[91.25238,50.11937],[91.25086,50.11887],[91.25043,50.11878],[91.25001,50.11877],[91.24853,50.11855],[91.24683,50.11804],[91.24487,50.11734],[91.24404,50.11689],[91.24236,50.11566],[91.24001,50.11347],[91.23958,50.1122],[91.23885,50.11133],[91.23847,50.11034],[91.23709,50.10982],[91.23563,50.10912],[91.23502,50.10848],[91.23492,50.10828],[91.23485,50.1075],[91.23473,50.10725],[91.23447,50.10706],[91.23378,50.10685],[91.2335,50.10621],[91.23337,50.10567],[91.23246,50.10526],[91.23134,50.10492],[91.23034,50.10447],[91.22874,50.1035],[91.2258,50.10094],[91.22519,50.10004],[91.22444,50.09867],[91.22301,50.09749],[91.22204,50.09648],[91.22048,50.09455],[91.21937,50.09333],[91.21811,50.09173],[91.21725,50.09108],[91.21641,50.08997],[91.21548,50.08896],[91.21505,50.08865],[91.21438,50.088],[91.21295,50.08676],[91.21087,50.08439],[91.20953,50.08332],[91.20892,50.08293],[91.20741,50.08224],[91.20683,50.08206],[91.20538,50.08137],[91.2009,50.07977],[91.19836,50.07858],[91.19729,50.0779],[91.19624,50.07748],[91.19609,50.07732],[91.1955,50.07621],[91.19534,50.07606],[91.19512,50.07598],[91.19411,50.07582],[91.19311,50.07577],[91.19271,50.0756],[91.1922,50.07514],[91.19192,50.07489],[91.19173,50.07483],[91.19156,50.07483],[91.19128,50.07486],[91.18963,50.07514],[91.18947,50.07515],[91.18934,50.07514],[91.1891,50.07503],[91.18898,50.07488],[91.18904,50.0745],[91.18895,50.07433],[91.18872,50.07416],[91.18845,50.0741],[91.18831,50.07403],[91.18821,50.07389],[91.18837,50.07346],[91.18835,50.07338],[91.1883,50.07332],[91.18789,50.073],[91.18786,50.07285],[91.1879,50.07267],[91.18807,50.07242],[91.18817,50.07228],[91.18818,50.07205],[91.18804,50.07112],[91.18771,50.07058],[91.18757,50.0705],[91.18736,50.07044],[91.18714,50.07045],[91.18691,50.07051],[91.18675,50.0705],[91.18657,50.07045],[91.18527,50.0697],[91.18434,50.06931],[91.1839,50.06892],[91.18357,50.06855],[91.1831,50.06808],[91.18256,50.06778],[91.18193,50.06759],[91.18122,50.06749],[91.1808,50.06749],[91.18021,50.06762],[91.18008,50.06762],[91.17985,50.06757],[91.17976,50.06749],[91.17968,50.06735],[91.17939,50.06693],[91.17916,50.06673],[91.17882,50.0665],[91.17861,50.06643],[91.17802,50.06631],[91.17742,50.06605],[91.17669,50.06571],[91.17648,50.06564],[91.17625,50.06563],[91.17587,50.06562],[91.17433,50.06567],[91.17357,50.06566],[91.17319,50.06564],[91.17288,50.06565],[91.17258,50.06569],[91.1717,50.06584],[91.1714,50.06588],[91.17098,50.06598],[91.1698,50.0663],[91.16956,50.0664],[91.16872,50.06691],[91.16725,50.06749],[91.16493,50.06891],[91.16218,50.06967],[91.16154,50.06981],[91.15774,50.07048],[91.15722,50.07063],[91.15684,50.07079],[91.15624,50.07096],[91.15565,50.0711],[91.15231,50.07166],[91.15134,50.07179],[91.14796,50.07215],[91.14545,50.07239],[91.14286,50.07265],[91.13444,50.07329],[91.13265,50.07336],[91.13092,50.07359],[91.13015,50.07374],[91.12875,50.07397],[91.12775,50.07397],[91.12721,50.074],[91.12529,50.07423],[91.12117,50.07426],[91.11832,50.07472],[91.11785,50.07481],[91.1173,50.07489],[91.11668,50.07489],[91.11295,50.07479],[91.11229,50.07477],[91.11109,50.07494],[91.11083,50.07502],[91.11043,50.07513],[91.10979,50.0752],[91.10911,50.07523],[91.10867,50.0752],[91.10771,50.07503],[91.10729,50.07498],[91.1069,50.07494],[91.10644,50.07499],[91.10504,50.07512],[91.10453,50.07512],[91.10359,50.07502],[91.10277,50.07507],[91.10085,50.07518],[91.10027,50.07527],[91.0997,50.07536],[91.09928,50.07537],[91.09904,50.07538],[91.09836,50.07555],[91.09772,50.07569],[91.09687,50.07584],[91.09625,50.07593],[91.09284,50.0761],[91.09233,50.07612],[91.09168,50.07618],[91.09147,50.07618],[91.09077,50.07609],[91.08918,50.07613],[91.08897,50.0761],[91.08881,50.07606],[91.08866,50.07601],[91.08863,50.076],[91.08791,50.07545],[91.08775,50.0754],[91.08754,50.07539],[91.08553,50.07596],[91.08299,50.07607],[91.08102,50.07648],[91.07819,50.07659],[91.07674,50.07693],[91.06832,50.07968],[91.06424,50.08031],[91.05699,50.08067],[91.05176,50.08055],[91.04873,50.08067],[91.04304,50.08001],[91.03983,50.07936],[91.03729,50.0785],[91.03633,50.07817],[91.03443,50.07826],[91.0275,50.07785],[91.02188,50.07702],[91.01915,50.07593],[91.01595,50.07518],[91.01511,50.07485]]}},{"type":"Feature","properties":{},"geometry":{"type":"LineString","coordinates":[[89.87317,49.53845],[89.87307,49.5385],[89.87295,49.53854],[89.87283,49.53856],[89.87272,49.53856],[89.87262,49.53854],[89.87251,49.53848],[89.87223,49.53828],[89.87166,49.53788],[89.87122,49.53759],[89.87029,49.53706],[89.86989,49.5369],[89.86945,49.53676],[89.86913,49.53669],[89.86876,49.53664],[89.86616,49.53633],[89.86548,49.53624],[89.86443,49.53606],[89.8638,49.53596],[89.86295,49.53587],[89.86208,49.53581],[89.86093,49.5358],[89.86049,49.53578],[89.86008,49.53572],[89.85972,49.53563],[89.85931,49.53549],[89.85886,49.53527],[89.85781,49.53471],[89.85602,49.53378],[89.85535,49.53349],[89.85108,49.53206],[89.85019,49.53184],[89.84935,49.53167],[89.84735,49.53131],[89.83386,49.52855],[89.81591,49.52463],[89.81445,49.52433],[89.80788,49.52297],[89.80515,49.52238],[89.80459,49.52221],[89.80416,49.522],[89.79892,49.51906],[89.79774,49.51844],[89.79713,49.51825],[89.7966,49.51812],[89.79614,49.51807],[89.79557,49.51805],[89.79511,49.51805],[89.79207,49.51834],[89.79153,49.51837],[89.79108,49.51836],[89.79073,49.51832],[89.78913,49.51801],[89.78315,49.51676],[89.78133,49.51637],[89.78056,49.51621],[89.77973,49.51608],[89.77783,49.51585],[89.77695,49.51581],[89.77495,49.51583],[89.77074,49.516],[89.76986,49.51609],[89.7692,49.51617],[89.76774,49.51632],[89.76591,49.51643],[89.76422,49.5166],[89.7629,49.51683],[89.76252,49.5169],[89.76187,49.51694],[89.75913,49.51703],[89.75764,49.51707],[89.75682,49.51712],[89.75585,49.51723],[89.75525,49.51734],[89.75476,49.51747],[89.75412,49.51776],[89.75376,49.51795],[89.7523,49.51891],[89.75175,49.51928],[89.7513,49.51947],[89.7509,49.5196],[89.75026,49.51973],[89.74924,49.51983],[89.74816,49.51989],[89.74454,49.51983],[89.74318,49.51975],[89.74235,49.5197],[89.73945,49.51917],[89.7387,49.51904]]}},{"type":"Feature","properties":{},"geometry":{"type":"LineString","coordinates":[[90.1656,49.70292],[90.16499,49.70294],[90.16459,49.70284],[90.16421,49.70258],[90.16374,49.702],[90.15525,49.68697],[90.14786,49.68077],[90.1472,49.68015],[90.14664,49.67955],[90.14617,49.67911],[90.14546,49.6784],[90.14529,49.67821],[90.14508,49.67765],[90.14498,49.67748],[90.14422,49.67683],[90.14393,49.67652],[90.14348,49.67599],[90.14315,49.67574],[90.14259,49.67545],[90.14248,49.67536],[90.14203,49.67492],[90.14148,49.6745],[90.14136,49.67434],[90.14121,49.67392],[90.14101,49.67353],[90.14043,49.67262],[90.14022,49.67235],[90.14008,49.67223],[90.13962,49.67193],[90.13901,49.67147],[90.13802,49.67061],[90.13786,49.67046],[90.13746,49.66995],[90.13738,49.66984],[90.13729,49.66975],[90.13612,49.66876],[90.13459,49.66733],[90.13402,49.66695],[90.13292,49.66631],[90.13056,49.66465],[90.13042,49.6645],[90.13025,49.66402],[90.1301,49.66377],[90.13003,49.66372],[90.12976,49.66359],[90.12911,49.66315],[90.12882,49.66292],[90.12854,49.66263],[90.12739,49.66136],[90.12711,49.66118],[90.12669,49.661],[90.12641,49.66093],[90.12623,49.66083],[90.12466,49.6594],[90.12264,49.65776],[90.11713,49.65223],[90.11679,49.65195],[90.11658,49.65169],[90.11652,49.65148],[90.11635,49.6512],[90.10678,49.63957],[90.10603,49.63856],[90.10421,49.63585],[90.1027,49.63371],[90.09788,49.62595],[90.0924,49.61776],[90.09184,49.61692],[90.09101,49.61568],[90.08909,49.61319],[90.08777,49.61198],[90.08769,49.6119],[90.08763,49.61178],[90.08761,49.61154],[90.08755,49.61143],[90.08737,49.6111],[90.08729,49.61102],[90.08714,49.61092],[90.08684,49.61078],[90.08661,49.61068],[90.0865,49.61063],[90.08641,49.61054],[90.08635,49.61047],[90.08637,49.61032],[90.08646,49.60997],[90.08643,49.60982],[90.08626,49.60953],[90.08496,49.6079],[90.08491,49.60771],[90.08497,49.60657],[90.08482,49.60618],[90.08433,49.60528],[90.08416,49.60507],[90.08387,49.60473],[90.08376,49.60452],[90.08365,49.60408],[90.08347,49.60356],[90.08324,49.60204],[90.08279,49.60088],[90.08147,49.59894],[90.081,49.59834],[90.08025,49.59703],[90.07988,49.59638],[90.07928,49.59579],[90.07777,49.59477],[90.07759,49.59454],[90.07713,49.5936],[90.07646,49.59287],[90.07596,49.59248],[90.07556,49.5923],[90.07506,49.59175],[90.07448,49.59122],[90.0729,49.59047],[90.07193,49.59016],[90.06989,49.58975],[90.06894,49.58972],[90.06809,49.58979],[90.06664,49.58968],[90.06465,49.58929],[90.06364,49.58916],[90.06227,49.58887],[90.06115,49.58879],[90.05937,49.58893],[90.05698,49.58866],[90.05643,49.58852],[90.05432,49.58771],[90.05353,49.58727],[90.05285,49.58712],[90.05222,49.58689],[90.05156,49.58687],[90.05038,49.58689],[90.04986,49.58677],[90.04912,49.58656],[90.04834,49.58628],[90.04775,49.58583],[90.04707,49.58546],[90.04627,49.58477],[90.04536,49.58421],[90.04489,49.58391],[90.04438,49.58367],[90.0439,49.58346],[90.04314,49.58313],[90.04198,49.58243],[90.04087,49.58166],[90.04034,49.58116],[90.04008,49.58098],[90.03974,49.58085],[90.03944,49.58079],[90.03913,49.5808],[90.03853,49.58088],[90.03826,49.58086],[90.038,49.58077],[90.03782,49.58064],[90.03747,49.58021],[90.03717,49.57999],[90.0355,49.57912],[90.03518,49.57863],[90.03493,49.57813],[90.03463,49.57763],[90.03434,49.57736],[90.03395,49.57724],[90.03355,49.5772],[90.03307,49.57717],[90.03291,49.57711],[90.03286,49.57704]]}},{"type":"Feature","properties":{},"geometry":{"type":"LineString","coordinates":[[89.72866,49.5172],[89.73392,49.51816],[89.73815,49.51894]]}},{"type":"Feature","properties":{},"geometry":{"type":"LineString","coordinates":[[97.79189,46.04415],[97.79192,46.04407],[97.79204,46.04378],[97.7928,46.04228],[97.79288,46.0421],[97.79347,46.04064],[97.79541,46.03672],[97.79579,46.03554],[97.79695,46.0339],[97.79705,46.03291],[97.7987,46.03032],[97.79916,46.0284],[97.79962,46.02742],[97.8004,46.02494],[97.8007,46.02323],[97.8014,46.02252],[97.80297,46.02041],[97.80406,46.01792],[97.805,46.01664],[97.80531,46.01634],[97.80679,46.01564],[97.80719,46.01509],[97.80828,46.01419],[97.81001,46.0137],[97.81077,46.01311],[97.81163,46.0129],[97.81353,46.01328],[97.81622,46.01337],[97.81708,46.01353],[97.8204,46.01467],[97.82195,46.0151],[97.82448,46.01546],[97.8267,46.01559],[97.82845,46.01544],[97.83068,46.01498],[97.83182,46.01486],[97.83241,46.01489],[97.83422,46.01546],[97.83506,46.01555],[97.83679,46.01534],[97.83975,46.0155],[97.84577,46.01531],[97.84639,46.01522],[97.84851,46.01428],[97.84937,46.01369],[97.85005,46.01276],[97.85049,46.01252],[97.85158,46.01249],[97.85266,46.01224],[97.85459,46.01135],[97.85683,46.01085],[97.86004,46.00962],[97.86379,46.00784],[97.86559,46.0074],[97.86794,46.00562],[97.86869,46.00526],[97.87111,46.00511],[97.87335,46.00478],[97.87457,46.00424],[97.87562,46.00359],[97.87744,46.00201],[97.87859,46.00059],[97.88001,45.99918],[97.88182,45.99795],[97.88415,45.99596],[97.88593,45.99485],[97.88752,45.99435],[97.89141,45.9923],[97.89354,45.99168],[97.89593,45.99063],[97.90123,45.98863],[97.90398,45.98798],[97.90665,45.98783],[97.90845,45.9875],[97.91043,45.98676],[97.91449,45.98565],[97.9167,45.98533],[97.91916,45.98477],[97.92392,45.98294],[97.92724,45.98142],[97.93192,45.97869],[97.93859,45.97518],[97.94054,45.97406],[97.94579,45.97002],[97.95087,45.9669],[97.95737,45.96255],[97.9614,45.96045],[97.96294,45.95893],[97.96487,45.95747],[97.96747,45.95488],[97.97027,45.95277],[97.97242,45.95075],[97.97894,45.9455],[97.98298,45.94238],[97.9876,45.93927],[97.98972,45.93777],[97.99118,45.93646],[97.99239,45.93574],[97.9956,45.93328],[97.99862,45.93122],[98.00208,45.92834],[98.00613,45.92596],[98.00761,45.92488],[98.00894,45.92429],[98.01142,45.92274],[98.01383,45.9215],[98.02223,45.91641],[98.03143,45.9113],[98.03309,45.91006],[98.03849,45.90677],[98.0504,45.90002],[98.05325,45.8985],[98.05684,45.89684],[98.06335,45.89419],[98.06693,45.89306],[98.06949,45.89203],[98.07136,45.89153],[98.07496,45.88958],[98.07681,45.88876],[98.07812,45.88843],[98.08061,45.88817],[98.08309,45.88772],[98.08775,45.88741],[98.09301,45.8867],[98.10229,45.88578],[98.10693,45.88561],[98.10999,45.88585],[98.11057,45.88584],[98.11142,45.88558],[98.11675,45.88224],[98.11782,45.88138],[98.11849,45.88106],[98.12037,45.88061],[98.12271,45.88036],[98.12382,45.88009],[98.1312,45.87716],[98.13481,45.87517],[98.13672,45.87431],[98.13749,45.87378],[98.1382,45.87291],[98.13849,45.87212],[98.13861,45.8709],[98.1393,45.8688],[98.13944,45.8686],[98.14157,45.86743],[98.14834,45.8646],[98.15038,45.86368],[98.1509,45.86321],[98.15568,45.86098],[98.15821,45.85932],[98.16036,45.85813],[98.16121,45.85779],[98.16315,45.85729],[98.16601,45.85685],[98.16822,45.85643],[98.17224,45.8554],[98.17648,45.85396],[98.17861,45.85353],[98.18133,45.85348],[98.18285,45.85335],[98.18664,45.85232],[98.18821,45.85212],[98.18988,45.85156],[98.19541,45.85048],[98.19993,45.84917],[98.20207,45.84819],[98.20471,45.84666],[98.20677,45.84577],[98.21314,45.84377],[98.21651,45.84252],[98.21768,45.84214],[98.22263,45.84151],[98.22798,45.83994],[98.22951,45.83963],[98.23032,45.83913],[98.23302,45.83857],[98.23429,45.83807],[98.23565,45.83726],[98.23867,45.83594],[98.24261,45.8344],[98.24541,45.83358],[98.24606,45.83323],[98.2477,45.83295],[98.25016,45.83217],[98.25207,45.83189],[98.25394,45.8314],[98.25866,45.83062],[98.26217,45.82965],[98.26599,45.82892],[98.26733,45.82898],[98.2679,45.82888],[98.26935,45.82893],[98.27071,45.82919],[98.27223,45.82926],[98.27367,45.82907],[98.28171,45.82718],[98.28502,45.82625],[98.29081,45.82417],[98.2953,45.82279],[98.30115,45.82132],[98.3085,45.81989],[98.31039,45.81947],[98.31494,45.81789],[98.32094,45.81632],[98.3263,45.81515],[98.33895,45.81337],[98.34549,45.81211],[98.34892,45.81166],[98.35207,45.8109],[98.35584,45.81016],[98.35838,45.80974],[98.3637,45.8095],[98.36597,45.80919],[98.38169,45.80769],[98.38331,45.80765],[98.39397,45.80633],[98.41045,45.80345],[98.41476,45.80253],[98.41846,45.80158],[98.4208,45.8008],[98.4225,45.80035],[98.4257,45.80013],[98.42718,45.79995],[98.43012,45.79913],[98.43152,45.79883],[98.43414,45.79872],[98.43694,45.79903],[98.43823,45.79934],[98.43968,45.79976],[98.44257,45.80042],[98.44381,45.80059],[98.4458,45.80075],[98.44745,45.80085],[98.44921,45.80079],[98.45169,45.80081],[98.45726,45.80123],[98.45944,45.80145],[98.46087,45.80155],[98.46316,45.8018],[98.46434,45.80197],[98.46612,45.8021],[98.46785,45.80209],[98.46912,45.80208],[98.47086,45.80199],[98.47396,45.80172],[98.47547,45.80157],[98.47585,45.80151],[98.47856,45.80108],[98.47949,45.80088],[98.4811,45.80061],[98.48287,45.80027],[98.48467,45.7999],[98.48715,45.79959],[98.48804,45.79954],[98.49072,45.79936],[98.49184,45.79921],[98.49377,45.79928],[98.4971,45.79978],[98.50195,45.79988],[98.50519,45.80009],[98.50639,45.8004],[98.50929,45.80052],[98.51068,45.80071],[98.51426,45.80066],[98.52644,45.80004],[98.53156,45.79951],[98.53457,45.79905],[98.55072,45.79764],[98.55337,45.79732],[98.56306,45.79571],[98.57241,45.79446],[98.57403,45.79409],[98.5836,45.79305],[98.59292,45.79185],[98.59544,45.79139],[98.59663,45.79134],[98.59804,45.79162],[98.59883,45.7915],[98.59959,45.79164],[98.60315,45.791],[98.60504,45.79045],[98.60589,45.79008],[98.60645,45.78956],[98.60979,45.78829],[98.61203,45.78793],[98.61348,45.78737],[98.615,45.78699],[98.61859,45.78652],[98.62275,45.78577],[98.62815,45.7846],[98.64411,45.78043],[98.64756,45.7797],[98.65604,45.77741],[98.66439,45.77548],[98.66897,45.7742],[98.67864,45.77205],[98.68991,45.77024],[98.69957,45.76837],[98.70542,45.76698],[98.71487,45.76421],[98.71733,45.76329],[98.72136,45.7626],[98.72459,45.76139],[98.72924,45.7604],[98.73215,45.76],[98.73367,45.75993],[98.73659,45.75956],[98.73871,45.75907],[98.74169,45.75866],[98.7439,45.75816],[98.74664,45.75799],[98.75151,45.758],[98.75664,45.75855],[98.7595,45.75914],[98.76125,45.75925],[98.76316,45.75918],[98.76542,45.75946],[98.76715,45.75931],[98.76947,45.75951],[98.77002,45.75944],[98.77271,45.76006],[98.77724,45.76063],[98.78312,45.76103],[98.78514,45.76129],[98.79125,45.76164],[98.79343,45.76196],[98.79661,45.76214],[98.8031,45.76329],[98.80468,45.76335],[98.80612,45.7636],[98.80831,45.76361],[98.81327,45.76308],[98.81589,45.7625],[98.82149,45.76161],[98.82454,45.76124],[98.82916,45.76098],[98.8338,45.76036],[98.83706,45.76028],[98.8403,45.75975],[98.841,45.75973],[98.84187,45.75973],[98.84821,45.75957],[98.85225,45.75987],[98.855,45.75987],[98.86008,45.75953],[98.86154,45.75918],[98.86487,45.75913],[98.86645,45.75926],[98.86831,45.75961],[98.8698,45.75974],[98.87149,45.75959],[98.87246,45.75965],[98.87356,45.75997],[98.87529,45.76021],[98.87899,45.7601],[98.8825,45.76069],[98.89014,45.76232],[98.89236,45.76295],[98.89404,45.76317],[98.89747,45.76418],[98.90103,45.76501],[98.90536,45.76578],[98.90892,45.76677],[98.91171,45.76801],[98.91296,45.7683],[98.91724,45.76872],[98.9249,45.77043],[98.92953,45.77184],[98.9324,45.77289],[98.9379,45.77424],[98.9393,45.77483],[98.94214,45.77554],[98.94298,45.7759],[98.94482,45.77624],[98.94876,45.77724],[98.95851,45.78023],[98.95954,45.78084],[98.96105,45.7814],[98.96202,45.78151],[98.9653,45.78268],[98.96781,45.78333],[98.97071,45.78385],[98.98279,45.78704],[98.9936,45.79011],[98.99828,45.79135],[99.01112,45.79416],[99.02597,45.79711],[99.02759,45.79747],[99.03063,45.79856],[99.03398,45.7995],[99.03844,45.80021],[99.04008,45.80063],[99.04303,45.8011],[99.05235,45.80303],[99.05545,45.80392],[99.05742,45.80428],[99.06064,45.80516],[99.06597,45.80613],[99.06949,45.80697],[99.07278,45.80757],[99.07526,45.80867],[99.07958,45.81023],[99.08219,45.81137],[99.09334,45.81461],[99.11489,45.82041],[99.12324,45.8219],[99.13068,45.82348],[99.13671,45.82461],[99.15348,45.82697],[99.16068,45.82831],[99.16494,45.82891],[99.1693,45.82979],[99.17427,45.83039],[99.18037,45.83078],[99.193,45.83081],[99.19702,45.83056],[99.20121,45.82954],[99.20233,45.82937],[99.20673,45.82926],[99.20895,45.82935],[99.21141,45.82923],[99.21334,45.82894],[99.21382,45.82864],[99.21513,45.82856],[99.21627,45.82868],[99.21773,45.82948],[99.21903,45.8299],[99.22155,45.83047],[99.23217,45.83177],[99.23377,45.83176],[99.23569,45.83197],[99.23851,45.83192],[99.24288,45.83234],[99.24504,45.83243],[99.24765,45.83302],[99.24913,45.83326],[99.253,45.833],[99.25528,45.83295],[99.25777,45.83311],[99.26053,45.83357],[99.26411,45.83364],[99.26648,45.83418],[99.2687,45.83438],[99.27075,45.83433],[99.27106,45.8344],[99.27171,45.83515],[99.27244,45.83556],[99.27493,45.8361],[99.27628,45.83655],[99.27959,45.83701],[99.28192,45.83759],[99.28371,45.83821],[99.2872,45.83898],[99.29534,45.84095],[99.30311,45.84416],[99.30474,45.84491],[99.30535,45.8454],[99.30573,45.84601],[99.30583,45.84692],[99.30621,45.8478],[99.30689,45.84847],[99.31001,45.85021],[99.31191,45.85084],[99.31253,45.85105],[99.31288,45.85117],[99.31327,45.85121],[99.31372,45.85121],[99.31416,45.85117],[99.31782,45.85023],[99.31908,45.84974],[99.32083,45.84939],[99.32308,45.84917],[99.32384,45.84892],[99.32424,45.84891],[99.32572,45.8492],[99.32609,45.84931],[99.32635,45.84944],[99.32698,45.84984],[99.32706,45.84986],[99.32716,45.84986],[99.32742,45.8498],[99.32754,45.84979],[99.32764,45.8498],[99.32775,45.84984],[99.32779,45.84992],[99.32781,45.85017],[99.32788,45.85025],[99.32798,45.85031],[99.32826,45.85034],[99.32855,45.85039],[99.32937,45.85058],[99.32968,45.8506],[99.33014,45.85051],[99.3305,45.85049],[99.33079,45.85051],[99.33099,45.8505],[99.33131,45.85045],[99.33158,45.85039],[99.33179,45.85037],[99.33233,45.85042],[99.33268,45.85049],[99.33305,45.85065],[99.33356,45.85093],[99.33409,45.8513],[99.33424,45.85182]]}},{"type":"Feature","properties":{},"geometry":{"type":"LineString","coordinates":[[99.62573,45.92446],[99.63299,45.92679],[99.63688,45.92826],[99.64188,45.93078],[99.64243,45.93094],[99.64417,45.93091],[99.65092,45.93173],[99.65231,45.93175],[99.65481,45.93139],[99.65744,45.93121],[99.66065,45.93066],[99.66439,45.93038],[99.66583,45.93048],[99.6697,45.93168],[99.67395,45.93233],[99.67529,45.93267],[99.67731,45.93348],[99.67989,45.93428],[99.68077,45.93447],[99.68273,45.93452],[99.68452,45.93472],[99.69589,45.93718],[99.69882,45.93791],[99.70114,45.93894],[99.705,45.94025],[99.70753,45.94086],[99.70921,45.94099],[99.71217,45.94178],[99.71527,45.94298],[99.71877,45.94411],[99.72494,45.94545],[99.73217,45.9477],[99.73408,45.9485],[99.73601,45.94841],[99.73662,45.94852],[99.74193,45.95093],[99.74552,45.95211],[99.75291,45.95423],[99.75483,45.955],[99.7622,45.95872],[99.7655,45.96028],[99.76763,45.96099],[99.7709,45.96168],[99.77309,45.96227],[99.77847,45.96436],[99.78006,45.96489],[99.78426,45.96594],[99.78955,45.96695],[99.79126,45.96706],[99.79205,45.96725],[99.7973,45.96955],[99.80009,45.9709],[99.80183,45.9719],[99.80493,45.97422],[99.80778,45.97595],[99.81037,45.97713],[99.81756,45.97906],[99.82348,45.98164],[99.82616,45.98252],[99.83215,45.98511],[99.83443,45.98626],[99.83544,45.98696],[99.83823,45.98843],[99.84211,45.99103],[99.84333,45.99168],[99.84603,45.99368],[99.84917,45.99516],[99.84965,45.99548],[99.85156,45.99826],[99.85204,45.99873],[99.85473,46.00044],[99.85549,46.00106],[99.85608,46.00193],[99.8572,46.00454],[99.85859,46.0072],[99.85877,46.00735],[99.86042,46.00784],[99.86475,46.00856],[99.86705,46.00886],[99.86953,46.00894],[99.87109,46.00911],[99.87402,46.00999],[99.87997,46.0111],[99.883,46.0114],[99.88615,46.01195],[99.89099,46.01337],[99.89757,46.0161],[99.90214,46.01759],[99.90659,46.01852],[99.91314,46.0208],[99.92502,46.02431],[99.92906,46.02535],[99.93169,46.02586],[99.93602,46.02633],[99.93866,46.02613],[99.94079,46.02614],[99.94571,46.02569],[99.94757,46.02567],[99.9548,46.02604],[99.96147,46.02662],[99.96437,46.02701],[99.97011,46.02798],[99.97444,46.02931],[99.97582,46.02961],[99.97724,46.02963],[99.97981,46.02925],[99.98247,46.02903],[99.98412,46.02917],[99.98566,46.02945],[99.99067,46.03107],[99.99286,46.03166],[99.99468,46.03211]]}},{"type":"Feature","properties":{},"geometry":{"type":"LineString","coordinates":[[106.86388,47.88853],[106.86393,47.88618]]}},{"type":"Feature","properties":{},"geometry":{"type":"LineString","coordinates":[[104.01267,49.02153],[104.01287,49.02114],[104.01332,49.02029],[104.01351,49.0199],[104.01362,49.01959],[104.01365,49.01949],[104.01378,49.01909],[104.01384,49.01892],[104.01394,49.01869],[104.01417,49.01826],[104.01429,49.01804],[104.01452,49.01762],[104.01482,49.01707],[104.01487,49.01697],[104.01512,49.01648],[104.01521,49.01633],[104.01527,49.01621],[104.01554,49.01571],[104.01559,49.01564],[104.01613,49.01491]]}},{"type":"Feature","properties":{},"geometry":{"type":"LineString","coordinates":[[106.90602,47.91613],[106.90613,47.91611],[106.90621,47.91607],[106.90624,47.91604],[106.90625,47.91602],[106.90637,47.91544],[106.90651,47.91469],[106.90655,47.91449],[106.90664,47.91391],[106.90667,47.91372]]}},{"type":"Feature","properties":{},"geometry":{"type":"LineString","coordinates":[[106.90689,47.91754],[106.90682,47.91753],[106.90673,47.91753],[106.90662,47.91752],[106.90643,47.9175],[106.90587,47.91745],[106.90568,47.91742],[106.90558,47.91738]]}},{"type":"Feature","properties":{},"geometry":{"type":"LineString","coordinates":[[106.24271,49.87871],[106.24124,49.87682],[106.24105,49.87653],[106.24036,49.87527],[106.23969,49.87378],[106.23933,49.87277],[106.23923,49.87226],[106.23946,49.87169],[106.23969,49.87114],[106.2397,49.87073],[106.23957,49.87037],[106.23864,49.86846],[106.23743,49.86651],[106.23593,49.86427],[106.23569,49.8636],[106.23555,49.86288],[106.2351,49.86047],[106.23483,49.85973],[106.23372,49.85783],[106.23353,49.85725],[106.23342,49.85639],[106.23333,49.85577],[106.23298,49.85514],[106.23239,49.85455],[106.23046,49.85298],[106.2287,49.85152],[106.22841,49.85118],[106.22823,49.85075],[106.22658,49.8429],[106.22621,49.84098],[106.22595,49.84024],[106.22548,49.83944],[106.22386,49.83687],[106.21787,49.8273],[106.21179,49.81755],[106.20666,49.80935],[106.20048,49.79948],[106.19706,49.79397],[106.19361,49.78847],[106.18792,49.77932],[106.18161,49.76927],[106.17918,49.76528],[106.17837,49.76406],[106.17773,49.76332],[106.17707,49.76268],[106.17639,49.76212],[106.17516,49.76134],[106.17398,49.76073],[106.17249,49.76006],[106.16906,49.75853],[106.16694,49.75759]]}},{"type":"Feature","properties":{},"geometry":{"type":"LineString","coordinates":[[106.24397,49.88024],[106.24271,49.87871]]}},{"type":"Feature","properties":{},"geometry":{"type":"LineString","coordinates":[[106.2182,50.11227],[106.216,50.11194],[106.21179,50.11134],[106.20844,50.11089],[106.20727,50.11063],[106.20588,50.11013],[106.20449,50.1095],[106.20321,50.1088],[106.20196,50.10788],[106.20136,50.10714],[106.19914,50.1038],[106.19881,50.1033],[106.1965,50.10118],[106.19495,50.09986],[106.19343,50.09841],[106.19267,50.09753],[106.19156,50.0961],[106.1904,50.09467],[106.18449,50.08705],[106.18277,50.08522],[106.18038,50.08309],[106.17983,50.08257],[106.17906,50.08138],[106.17846,50.08093],[106.17768,50.08064]]}},{"type":"Feature","properties":{},"geometry":{"type":"LineString","coordinates":[[106.13512,50.06568],[106.13134,50.06544]]}},{"type":"Feature","properties":{},"geometry":{"type":"LineString","coordinates":[[102.7826,46.89668],[102.78287,46.89625],[102.78315,46.89581],[102.78354,46.89532],[102.7838,46.89509],[102.78398,46.89491],[102.78445,46.89461],[102.78499,46.89424],[102.78505,46.89398],[102.78527,46.89309],[102.78552,46.89203],[102.78568,46.89086]]}},{"type":"Feature","properties":{},"geometry":{"type":"LineString","coordinates":[[110.13633,44.89154],[110.1363,44.89225],[110.13626,44.8928],[110.13626,44.89322],[110.13628,44.89364],[110.1363,44.89386],[110.13635,44.89417],[110.13638,44.89438],[110.13639,44.89443],[110.13645,44.89485],[110.13652,44.89541],[110.13667,44.89635],[110.13677,44.89715],[110.13701,44.89872],[110.13725,44.90017],[110.13726,44.90024],[110.13727,44.90027],[110.13732,44.90055],[110.13736,44.9008],[110.13737,44.90104],[110.13736,44.90109],[110.13735,44.90112],[110.13735,44.90116],[110.13733,44.90127],[110.13725,44.90155],[110.13713,44.90186],[110.13699,44.90211],[110.13686,44.90232],[110.13668,44.90258],[110.13639,44.90292],[110.13616,44.90322],[110.13602,44.90342],[110.13588,44.90369],[110.13576,44.90398],[110.13568,44.90429],[110.13548,44.90541],[110.13545,44.90565],[110.13545,44.90601],[110.13549,44.90615],[110.13555,44.90639],[110.13565,44.90666],[110.13588,44.90717],[110.13591,44.90724],[110.13735,44.90992],[110.13791,44.91095],[110.13866,44.9123],[110.13897,44.91284]]}},{"type":"Feature","properties":{},"geometry":{"type":"LineString","coordinates":[[106.90927,47.89938],[106.90933,47.89949],[106.90938,47.89958],[106.90943,47.8997],[106.90984,47.90056],[106.90997,47.90087],[106.91,47.90093],[106.91057,47.90221],[106.91077,47.90266]]}},{"type":"Feature","properties":{},"geometry":{"type":"LineString","coordinates":[[106.94315,47.91893],[106.94316,47.91885],[106.94317,47.91881],[106.94326,47.91845],[106.94335,47.91816],[106.94349,47.91768]]}},{"type":"Feature","properties":{},"geometry":{"type":"LineString","coordinates":[[102.76177,46.76551],[102.76215,46.76452],[102.76296,46.76273],[102.76464,46.7603],[102.76601,46.7583],[102.76763,46.75646],[102.76943,46.75463],[102.77124,46.75275],[102.77336,46.75083],[102.77523,46.74951],[102.77604,46.74895],[102.77709,46.74771],[102.77846,46.7463],[102.77902,46.74556],[102.77991,46.74477],[102.78076,46.74384],[102.7817,46.74263],[102.78257,46.74084],[102.78382,46.73867],[102.78494,46.73657],[102.78606,46.73453],[102.78695,46.73151],[102.78688,46.73093],[102.7864,46.72938],[102.78617,46.72863],[102.78616,46.72739],[102.7862,46.7263],[102.7871,46.72462],[102.78767,46.72408],[102.78979,46.72271],[102.79133,46.72149],[102.79232,46.72062],[102.79272,46.72],[102.79269,46.71845],[102.79272,46.71699],[102.79185,46.71553],[102.79017,46.71368],[102.78952,46.7131],[102.78658,46.71141],[102.78519,46.71027],[102.78401,46.70908],[102.7837,46.70737],[102.78413,46.70545],[102.78463,46.70425],[102.78625,46.7025],[102.787,46.70054],[102.78693,46.69891],[102.78918,46.69686],[102.79161,46.69456],[102.79385,46.69276],[102.79634,46.6911],[102.79852,46.68964],[102.80057,46.68811],[102.80313,46.68682],[102.80568,46.68559],[102.8073,46.68477],[102.80942,46.68477],[102.81153,46.68516],[102.81176,46.68517],[102.81198,46.68513],[102.81216,46.68508],[102.81249,46.68495],[102.8126,46.68491],[102.81271,46.68482],[102.81353,46.68422],[102.8149,46.68358],[102.81614,46.68341],[102.81702,46.68302],[102.81832,46.68131],[102.82013,46.67909],[102.8215,46.67707],[102.82349,46.6746],[102.82499,46.67285],[102.82711,46.67161],[102.82941,46.66999],[102.8314,46.66879],[102.83377,46.66781],[102.83614,46.66657],[102.83782,46.66486],[102.83925,46.66362],[102.8405,46.66315],[102.84138,46.66248],[102.84283,46.66208],[102.84481,46.66167],[102.84629,46.66144],[102.8479,46.66108],[102.85,46.66078],[102.85309,46.66009],[102.85607,46.65922],[102.85723,46.6589],[102.85993,46.6586],[102.86322,46.65833],[102.86528,46.65742],[102.86777,46.65631],[102.87008,46.65563],[102.87226,46.65447],[102.87401,46.6535],[102.875,46.65321],[102.87656,46.65242],[102.87788,46.65149],[102.87803,46.65136],[102.87813,46.65121],[102.87827,46.65098],[102.87942,46.64909],[102.88154,46.64682],[102.88341,46.64511],[102.8854,46.64327],[102.88696,46.64165],[102.88858,46.64041],[102.88976,46.63883],[102.89057,46.63741],[102.89144,46.63647],[102.8925,46.63511],[102.89418,46.63416],[102.89611,46.63228],[102.89785,46.63044],[102.8996,46.62856],[102.90159,46.62672],[102.90309,46.62514],[102.90446,46.62364],[102.90601,46.62163],[102.90844,46.61949],[102.91006,46.61817],[102.91193,46.61731],[102.91336,46.61539],[102.91492,46.61333],[102.91552,46.61283],[102.91633,46.61242],[102.91739,46.61202],[102.91786,46.61161],[102.91824,46.61083],[102.91837,46.61043],[102.91848,46.60962],[102.91859,46.6082],[102.91823,46.60674],[102.91805,46.60629],[102.91752,46.60546],[102.91645,46.60368],[102.91607,46.6028],[102.9161,46.6021],[102.9169,46.60113],[102.91723,46.60052],[102.91792,46.59865],[102.91846,46.59725],[102.91859,46.59565],[102.91867,46.59332],[102.91852,46.5927],[102.91785,46.59192],[102.91575,46.58971],[102.91485,46.5882],[102.91348,46.58644],[102.91222,46.58506],[102.91119,46.58352],[102.91056,46.58215],[102.90944,46.58137],[102.90826,46.58021],[102.90813,46.57876],[102.90807,46.57769],[102.90849,46.57587],[102.90862,46.5734],[102.90811,46.56873],[102.91045,46.56325],[102.9116,46.56264],[102.91166,46.5626],[102.9117,46.56257],[102.91172,46.56255],[102.91173,46.56252],[102.91174,46.56249],[102.91174,46.56244],[102.9115,46.5608],[102.91298,46.55781],[102.91337,46.55502],[102.91454,46.5524],[102.91578,46.54988],[102.91633,46.54726],[102.91679,46.54496],[102.91843,46.54276],[102.91897,46.54089],[102.91921,46.53917],[102.91991,46.53708],[102.91975,46.53462],[102.9203,46.53312],[102.91983,46.53018],[102.91921,46.52771],[102.9182,46.5252],[102.91796,46.52364],[102.9182,46.52091],[102.91781,46.51909],[102.9182,46.517],[102.91788,46.51491],[102.91788,46.51336],[102.91796,46.51234],[102.91781,46.51084],[102.91742,46.50886],[102.91718,46.50725],[102.91711,46.50548],[102.91718,46.50387],[102.91718,46.5021],[102.91726,46.50044],[102.91664,46.49857],[102.91664,46.49723],[102.91638,46.49613]]}},{"type":"Feature","properties":{},"geometry":{"type":"LineString","coordinates":[[96.3334,46.43365],[96.32543,46.42229],[96.3187,46.41269],[96.31801,46.41166]]}},{"type":"Feature","properties":{},"geometry":{"type":"LineString","coordinates":[[99.26408,46.17612],[99.26526,46.17671]]}},{"type":"Feature","properties":{},"geometry":{"type":"LineString","coordinates":[[96.52559,46.71343],[96.52533,46.71274],[96.52611,46.71209],[96.52603,46.70764],[96.52608,46.70649],[96.52598,46.70569],[96.52587,46.70542],[96.52537,46.70488],[96.52509,46.70471],[96.52406,46.70384],[96.52365,46.70337],[96.52297,46.70153],[96.52267,46.70027],[96.52289,46.69887],[96.52252,46.69739],[96.52173,46.69525],[96.52139,46.69471],[96.51965,46.69255],[96.51887,46.69116],[96.51838,46.68985],[96.51832,46.68941],[96.51775,46.68825],[96.5168,46.6861],[96.51558,46.6847],[96.5149,46.68352],[96.51431,46.68238],[96.51338,46.68092],[96.51242,46.67974],[96.51159,46.67841],[96.5104,46.67556],[96.51041,46.67503],[96.51025,46.67375],[96.50938,46.67269],[96.50925,46.67228],[96.50946,46.67128],[96.50968,46.66787],[96.50973,46.66527],[96.50982,46.66399],[96.50972,46.66238],[96.50972,46.66042],[96.50937,46.65819],[96.50905,46.65733],[96.50869,46.65587],[96.50865,46.65557],[96.50818,46.65414],[96.50816,46.65334],[96.50848,46.65268],[96.50868,46.65188],[96.5088,46.65001],[96.50892,46.64919],[96.5089,46.64871],[96.50925,46.64707],[96.50919,46.64617],[96.50937,46.64591],[96.5096,46.64536],[96.50941,46.64523],[96.50889,46.64504],[96.50859,46.64474],[96.50869,46.64454],[96.5089,46.6429],[96.50851,46.64131],[96.5091,46.63905],[96.50856,46.63617],[96.50814,46.63123],[96.50745,46.62964],[96.50706,46.62814],[96.50643,46.62431],[96.50585,46.6216],[96.50522,46.61968],[96.5048,46.619],[96.50466,46.61795],[96.5032,46.61472],[96.50281,46.61341],[96.50207,46.61234],[96.50199,46.61188],[96.50234,46.60956],[96.48917,46.59539],[96.48662,46.59253],[96.48452,46.59044],[96.48422,46.58964],[96.48457,46.58666],[96.48203,46.58444],[96.47987,46.58368],[96.47896,46.58331],[96.4772,46.58232],[96.47656,46.58106],[96.47536,46.58042],[96.47331,46.57957],[96.4709,46.5788],[96.46897,46.57785],[96.468,46.57744],[96.46667,46.577],[96.46595,46.57655],[96.46527,46.57589],[96.46428,46.57462],[96.46375,46.57353],[96.4621,46.57161],[96.4617,46.5699],[96.46142,46.56948],[96.46131,46.56876],[96.46113,46.56834],[96.4611,46.56771],[96.46064,46.56698],[96.4596,46.56605],[96.45831,46.56499],[96.45673,46.56356],[96.45554,46.56265],[96.45529,46.56239],[96.45452,46.56199],[96.45387,46.5615],[96.45117,46.55851],[96.44742,46.55672],[96.44695,46.55643],[96.44728,46.555],[96.44689,46.55322],[96.44662,46.55224],[96.44664,46.55088],[96.44631,46.54975],[96.44522,46.54909],[96.4435,46.5483],[96.44206,46.54755],[96.43737,46.54458],[96.41643,46.52969],[96.4079,46.52363],[96.39981,46.51662],[96.39965,46.51641],[96.39962,46.516],[96.39985,46.5146],[96.40038,46.51198],[96.4002,46.51131],[96.39772,46.50911],[96.3963,46.50805],[96.39495,46.50691],[96.38622,46.49924],[96.38499,46.49825],[96.37988,46.49499],[96.37899,46.49438],[96.37831,46.49379],[96.37811,46.49358],[96.37801,46.49339],[96.37804,46.49323],[96.3782,46.49302],[96.37875,46.49247],[96.37876,46.49201],[96.37851,46.49187],[96.37778,46.49128],[96.37672,46.48964],[96.37351,46.48726],[96.37257,46.48582],[96.37147,46.48431],[96.37054,46.4834],[96.36989,46.48312],[96.36804,46.48266],[96.36755,46.48254],[96.3662,46.48198],[96.36349,46.47956],[96.36181,46.4782],[96.35508,46.47316],[96.35312,46.47175],[96.34717,46.46814],[96.34509,46.46633],[96.34381,46.46488],[96.34247,46.46305],[96.33872,46.45658],[96.3369,46.4536],[96.33431,46.4476],[96.33421,46.44636],[96.33477,46.44447],[96.33664,46.43891],[96.33668,46.43874],[96.33671,46.43839],[96.3334,46.43365]]}},{"type":"Feature","properties":{},"geometry":{"type":"LineString","coordinates":[[92.22862,47.46658],[92.22934,47.46626]]}},{"type":"Feature","properties":{},"geometry":{"type":"LineString","coordinates":[[96.86262,47.73089],[96.86264,47.72969]]}},{"type":"Feature","properties":{},"geometry":{"type":"LineString","coordinates":[[111.89924,43.72025],[111.89879,43.72061],[111.89865,43.72072],[111.89761,43.72163],[111.89711,43.72208],[111.89708,43.7221],[111.89674,43.7224],[111.8965,43.72261],[111.89633,43.72275],[111.8962,43.72285],[111.89561,43.72335],[111.89495,43.72378],[111.89391,43.72433],[111.89383,43.72437],[111.89378,43.7244],[111.89352,43.72455],[111.89313,43.72479],[111.89281,43.72497],[111.89277,43.72499],[111.89227,43.72523],[111.89126,43.72576],[111.89083,43.72598],[111.89019,43.7263],[111.88948,43.72665],[111.88937,43.7267],[111.88901,43.7269],[111.88865,43.72708],[111.88854,43.72714],[111.88779,43.72753],[111.88748,43.72768],[111.88698,43.72794],[111.88607,43.72837],[111.88404,43.7294],[111.88354,43.72965],[111.88096,43.73096],[111.8798,43.73154],[111.87738,43.73276],[111.87684,43.73305],[111.87643,43.73331],[111.87534,43.73404],[111.87495,43.73436],[111.86969,43.73879],[111.86683,43.74124],[111.86646,43.74154],[111.86618,43.74174],[111.8658,43.74199],[111.86537,43.7422],[111.85955,43.74471],[111.85902,43.7449],[111.85862,43.74504],[111.85736,43.74536]]}},{"type":"Feature","properties":{},"geometry":{"type":"LineString","coordinates":[[105.41641,48.00951],[105.41623,48.01009],[105.41606,48.01058],[105.41678,48.01084],[105.41701,48.01094],[105.41842,48.01147],[105.41858,48.01186],[105.42001,48.01287],[105.42086,48.01339],[105.42161,48.01383],[105.42504,48.01561],[105.42554,48.01587],[105.42573,48.01641],[105.42592,48.01745],[105.42483,48.01947],[105.42371,48.02121],[105.42142,48.02517],[105.41705,48.02873],[105.41408,48.03296],[105.40751,48.04003],[105.4074,48.04082],[105.40429,48.04544],[105.39897,48.05083],[105.3818,48.06689],[105.37671,48.07091],[105.37155,48.07357],[105.37084,48.07422],[105.37041,48.0752],[105.37059,48.07712],[105.37061,48.08072],[105.37105,48.08195],[105.37154,48.08296],[105.37141,48.0835],[105.37103,48.08397],[105.35544,48.09567],[105.34521,48.10337],[105.34454,48.10358],[105.33199,48.10458],[105.32972,48.10478]]}},{"type":"Feature","properties":{},"geometry":{"type":"LineString","coordinates":[[103.54578,48.62451],[103.54392,48.62478]]}},{"type":"Feature","properties":{},"geometry":{"type":"LineString","coordinates":[[103.54392,48.62478],[103.5428,48.62498],[103.54229,48.62517],[103.54189,48.62546],[103.54165,48.62576],[103.54153,48.62607],[103.54157,48.62643],[103.54166,48.62669],[103.5418,48.62696],[103.54305,48.6284],[103.54519,48.6311],[103.54624,48.63242],[103.54635,48.6326],[103.54678,48.63327],[103.54698,48.63359],[103.54747,48.63436],[103.54759,48.63454],[103.55441,48.64622],[103.55497,48.64753],[103.55695,48.65244],[103.55706,48.65284],[103.55709,48.65353],[103.55713,48.65437],[103.55727,48.65658],[103.55736,48.65758],[103.55758,48.65886],[103.55799,48.66029],[103.55864,48.662],[103.55959,48.66379],[103.56754,48.67554],[103.56875,48.67717],[103.57002,48.67871],[103.58147,48.69136],[103.58205,48.69205],[103.58244,48.69265],[103.58266,48.69318],[103.58283,48.69374],[103.5829,48.69431],[103.58288,48.69489],[103.58275,48.69562],[103.58249,48.69627],[103.582,48.69711],[103.57867,48.70163],[103.57821,48.70237],[103.5779,48.70313],[103.57772,48.70394],[103.57766,48.70479],[103.57777,48.70553],[103.57803,48.70646],[103.57849,48.7074],[103.58324,48.71575],[103.58344,48.71626],[103.58353,48.7168],[103.58344,48.71787],[103.58346,48.71829],[103.58364,48.71878],[103.58402,48.71929],[103.58725,48.72269],[103.58763,48.72328],[103.5878,48.72383],[103.5878,48.72432],[103.58765,48.72485],[103.58566,48.72976],[103.58522,48.73055],[103.5847,48.7312],[103.58375,48.73222],[103.58334,48.7328],[103.58311,48.73332],[103.58297,48.73388],[103.58298,48.7345],[103.58308,48.73515],[103.5837,48.73758],[103.58376,48.73823],[103.58372,48.73891],[103.58348,48.7396],[103.58306,48.74027],[103.57668,48.74802],[103.57614,48.7485],[103.57548,48.74897],[103.57358,48.74991],[103.57268,48.75051],[103.57185,48.7512],[103.56489,48.7574],[103.5639,48.7582],[103.56303,48.75874],[103.55743,48.76114],[103.55444,48.76237],[103.55291,48.76316],[103.55129,48.76416],[103.55003,48.76514],[103.54979,48.76536],[103.54892,48.76614],[103.54791,48.76732],[103.547,48.76866],[103.54622,48.76994],[103.54578,48.77095],[103.54561,48.77183],[103.54567,48.77367],[103.54543,48.77647],[103.54518,48.77723],[103.54475,48.77788],[103.54408,48.77854],[103.54292,48.7794],[103.5424,48.77999],[103.54215,48.78054],[103.54203,48.78119],[103.54184,48.78543],[103.54177,48.78598],[103.54148,48.78652],[103.5409,48.78706],[103.53909,48.78826],[103.53792,48.78914]]}},{"type":"Feature","properties":{},"geometry":{"type":"LineString","coordinates":[[107.16095,47.92899],[107.16119,47.92893],[107.16129,47.92891],[107.16135,47.92887],[107.16141,47.92874],[107.16142,47.92863],[107.16144,47.9285],[107.16147,47.92844],[107.16157,47.9284],[107.16187,47.92837],[107.16205,47.92835],[107.16247,47.92828],[107.16255,47.92824],[107.16263,47.92818],[107.16298,47.92768],[107.1632,47.92751],[107.16339,47.92729],[107.16357,47.92715],[107.16374,47.92699],[107.16417,47.9266],[107.16474,47.92618],[107.16495,47.92599],[107.16568,47.92551],[107.16568,47.92529],[107.16573,47.92514],[107.16616,47.9247],[107.16662,47.92424],[107.16694,47.9237],[107.16724,47.92334],[107.16752,47.92311],[107.16759,47.92305],[107.16787,47.92284],[107.16829,47.92254],[107.1685,47.92236],[107.16883,47.92209],[107.16898,47.92197],[107.1694,47.92167],[107.16959,47.92152],[107.16972,47.92145],[107.16991,47.92139],[107.17031,47.92115],[107.17067,47.9209],[107.17176,47.91996],[107.17305,47.9189],[107.17399,47.91804],[107.17439,47.91775],[107.17464,47.91761],[107.17495,47.91749],[107.17504,47.91743],[107.17542,47.9172],[107.17597,47.91684],[107.1761,47.91677],[107.17638,47.91669],[107.17704,47.9163],[107.17717,47.91621],[107.17724,47.91612],[107.17734,47.916],[107.17737,47.91555],[107.17731,47.91536],[107.17711,47.91489],[107.17708,47.91478],[107.17695,47.91447],[107.17677,47.91393],[107.17663,47.91343],[107.17646,47.91273],[107.17636,47.91203],[107.17628,47.91174],[107.17626,47.91149],[107.1763,47.9113],[107.17627,47.91114],[107.17619,47.91099],[107.17601,47.91082],[107.17584,47.91063],[107.1758,47.9105],[107.17576,47.91025],[107.17585,47.90989],[107.17643,47.90931],[107.17717,47.90867],[107.17755,47.90834],[107.17796,47.90806],[107.17835,47.90773],[107.17859,47.90757],[107.17913,47.90719],[107.17934,47.90705],[107.1798,47.90672],[107.18006,47.9065],[107.18042,47.90605],[107.18066,47.90577],[107.18079,47.90565],[107.18101,47.90549],[107.18116,47.90538],[107.18161,47.90513],[107.18228,47.90477],[107.18286,47.9045],[107.18387,47.9042],[107.18471,47.90401],[107.18549,47.90388],[107.18642,47.9039],[107.18745,47.90387],[107.18795,47.90385],[107.18977,47.90386],[107.18983,47.90392],[107.19008,47.90419],[107.19028,47.90441],[107.19106,47.90526],[107.19168,47.90597],[107.19192,47.90624],[107.19225,47.9066],[107.19299,47.90744],[107.19307,47.90755],[107.194,47.90851],[107.1948,47.90911],[107.19574,47.90946],[107.19698,47.9101],[107.19785,47.91077],[107.19797,47.91087],[107.1985,47.91135],[107.1987,47.91158],[107.19914,47.91201],[107.19982,47.91261],[107.20095,47.91373],[107.20139,47.91434],[107.20197,47.91486],[107.20277,47.91577],[107.20337,47.91657],[107.20371,47.91714],[107.20419,47.91807],[107.20492,47.91901],[107.20529,47.91961],[107.20595,47.92035],[107.20633,47.9208],[107.20673,47.92119],[107.20737,47.92187],[107.20797,47.92253],[107.20802,47.92262],[107.20883,47.924],[107.20905,47.92423],[107.20918,47.92441],[107.20933,47.92453],[107.20968,47.92487],[107.20995,47.92524],[107.21014,47.92544],[107.21075,47.92604],[107.21133,47.92661],[107.21212,47.92729],[107.21419,47.92963],[107.21471,47.9302],[107.21557,47.93124],[107.21663,47.93235],[107.21802,47.93371],[107.21825,47.93398],[107.21846,47.93425],[107.21855,47.93442],[107.21875,47.93468],[107.21911,47.93511],[107.21964,47.93556],[107.21999,47.93594],[107.22018,47.93615],[107.22021,47.93618],[107.22065,47.93674],[107.22077,47.93699],[107.22095,47.93732],[107.22112,47.93748],[107.22143,47.93768],[107.22191,47.93804],[107.22248,47.93834],[107.22261,47.9384],[107.22286,47.9385],[107.22342,47.93867],[107.22396,47.93884],[107.22467,47.93935],[107.22505,47.93968],[107.22543,47.93993],[107.22556,47.94008],[107.22569,47.94026],[107.22598,47.94061],[107.22611,47.9408],[107.22626,47.94105],[107.22662,47.9416],[107.22707,47.94191],[107.22812,47.94273],[107.22832,47.94299],[107.2285,47.94328],[107.22869,47.94369],[107.22888,47.94382],[107.22907,47.94399],[107.22951,47.9442],[107.22983,47.94441],[107.23031,47.94478],[107.23068,47.94501],[107.2311,47.94525],[107.2322,47.94619],[107.23273,47.9466],[107.23306,47.94689],[107.23488,47.9482],[107.23625,47.94942],[107.23681,47.94997],[107.23724,47.95034],[107.23764,47.95058],[107.23789,47.95072],[107.23914,47.95134],[107.23975,47.95161],[107.24064,47.95206],[107.24105,47.95219],[107.24166,47.95232],[107.24272,47.95284],[107.24335,47.95299],[107.24364,47.95312],[107.24394,47.95326],[107.24529,47.95369],[107.24702,47.95397],[107.24847,47.95451],[107.24904,47.95467],[107.25125,47.95596],[107.25175,47.9562],[107.25286,47.9569],[107.25478,47.95875],[107.25561,47.95998],[107.25638,47.96091],[107.25676,47.96153],[107.2573,47.96215],[107.25857,47.96325],[107.25913,47.96384],[107.25943,47.96431],[107.25974,47.96459],[107.26007,47.96484],[107.26189,47.96578],[107.26283,47.96619],[107.26327,47.96642],[107.26387,47.96693],[107.26494,47.96792],[107.26534,47.96845],[107.26628,47.96943],[107.26681,47.97009],[107.26732,47.97057],[107.26781,47.971],[107.2691,47.97188],[107.26968,47.97236],[107.27084,47.97335],[107.27113,47.97376],[107.27128,47.9743],[107.27137,47.97483],[107.27141,47.97629],[107.27131,47.9767],[107.27117,47.97726],[107.27121,47.97755],[107.2713,47.97779],[107.27203,47.97851],[107.27278,47.97959],[107.27539,47.98208],[107.27606,47.98271],[107.27761,47.98453],[107.27818,47.98511],[107.27863,47.98544],[107.27916,47.98568],[107.28026,47.98631],[107.28097,47.98678],[107.28149,47.98718],[107.28269,47.98789],[107.28401,47.98876],[107.28463,47.98929],[107.28521,47.98978],[107.28575,47.99015],[107.2893,47.99234],[107.28991,47.99271],[107.29133,47.99329],[107.29172,47.99345],[107.29358,47.99437],[107.29498,47.99483],[107.29637,47.99535],[107.29699,47.99552],[107.29748,47.99573],[107.29797,47.99585],[107.29903,47.99622],[107.2993,47.9962],[107.29977,47.99615],[107.30008,47.99611],[107.30037,47.99613],[107.30082,47.99639],[107.3013,47.99656],[107.30167,47.99668],[107.30203,47.99678],[107.30233,47.9969],[107.30325,47.99739],[107.30331,47.99742],[107.30404,47.99723],[107.30451,47.99719],[107.305,47.9972],[107.30625,47.99726],[107.30759,47.99731],[107.30837,47.99736],[107.30901,47.99735],[107.30948,47.99733],[107.30977,47.99731],[107.31018,47.99733],[107.31075,47.9974],[107.31153,47.99751],[107.31171,47.99752],[107.31322,47.99756],[107.31422,47.99744],[107.3149,47.9974],[107.31534,47.99737],[107.31734,47.99745],[107.3192,47.99743],[107.32043,47.99742],[107.32154,47.99751],[107.32305,47.99776],[107.32376,47.99786],[107.32401,47.99786],[107.32432,47.99778],[107.32475,47.99751],[107.32538,47.99728],[107.32625,47.99702],[107.32679,47.99666],[107.32893,47.99624],[107.33052,47.99593],[107.33096,47.99592],[107.33139,47.99596],[107.33224,47.99642],[107.33254,47.99659],[107.33266,47.99667],[107.33271,47.99678],[107.33275,47.99694],[107.33284,47.99704],[107.33299,47.99711],[107.33323,47.9971],[107.33358,47.99689],[107.3338,47.99672],[107.33396,47.99666],[107.33426,47.99661],[107.33465,47.99663],[107.33654,47.99672],[107.33717,47.99663],[107.33851,47.99639],[107.33929,47.99612],[107.34016,47.9958],[107.34069,47.99568],[107.34131,47.99557],[107.34227,47.99528],[107.34322,47.99486],[107.34394,47.9946],[107.34495,47.99392],[107.3451,47.99385],[107.34526,47.99381],[107.34549,47.99378],[107.34559,47.99375],[107.34589,47.99358],[107.34627,47.9932],[107.34664,47.99289],[107.34683,47.99273],[107.34699,47.99254],[107.3471,47.99194],[107.34729,47.99145],[107.3477,47.99079],[107.34803,47.99043],[107.34825,47.99018],[107.34866,47.98986],[107.34918,47.98953],[107.34949,47.98927],[107.34993,47.98897],[107.35081,47.98897],[107.35119,47.98903],[107.3519,47.98928],[107.35299,47.98967],[107.35377,47.98995],[107.35527,47.99072],[107.35668,47.99153],[107.35743,47.99168],[107.35863,47.99218],[107.3595,47.99236],[107.36032,47.99244],[107.36143,47.9928],[107.36319,47.99299],[107.36401,47.99297],[107.36476,47.99307],[107.36538,47.99307],[107.36577,47.99306],[107.36638,47.99306],[107.36759,47.99276],[107.36796,47.99281],[107.36901,47.99253],[107.36948,47.99245],[107.37011,47.99225],[107.37042,47.99185],[107.37075,47.99169],[107.37117,47.99148],[107.37205,47.99084],[107.37268,47.9903],[107.37409,47.98928],[107.37479,47.98909],[107.37539,47.98894],[107.37612,47.98882],[107.37711,47.98856],[107.37735,47.98847],[107.37742,47.98844],[107.37764,47.98823],[107.37777,47.98781],[107.37789,47.98764],[107.37809,47.98758],[107.37834,47.98752],[107.37869,47.98749],[107.37937,47.98739],[107.37998,47.98738],[107.38031,47.98732],[107.38069,47.98712],[107.38119,47.98676],[107.3821,47.98641],[107.38407,47.98566],[107.38457,47.98542],[107.38473,47.98534],[107.38485,47.98522],[107.38487,47.98513],[107.38484,47.98488],[107.38483,47.98474],[107.38493,47.98457],[107.38506,47.98447],[107.38535,47.9843],[107.38559,47.98414],[107.38578,47.98397],[107.38618,47.98338],[107.38637,47.98325],[107.38683,47.98302],[107.38734,47.9827],[107.38754,47.98262],[107.38775,47.98256],[107.38798,47.98255],[107.38831,47.98255],[107.38858,47.98256],[107.38895,47.98262],[107.3892,47.98261],[107.38981,47.98248],[107.3901,47.98247],[107.39035,47.98241],[107.39114,47.98218],[107.39172,47.98205],[107.39216,47.98196],[107.39307,47.98173],[107.39358,47.98165],[107.39384,47.98162],[107.39523,47.9816],[107.39596,47.98161],[107.3965,47.98165],[107.39792,47.98165],[107.39884,47.9816],[107.39966,47.98158],[107.40022,47.98158],[107.4008,47.98163],[107.40151,47.98181],[107.4018,47.98185],[107.40236,47.98186],[107.40265,47.98194],[107.40307,47.98212],[107.40341,47.98221],[107.40372,47.98223],[107.40402,47.98221],[107.40439,47.98216],[107.40477,47.98214],[107.40561,47.98203],[107.40584,47.98204],[107.40614,47.98211],[107.40684,47.98225],[107.40765,47.98234],[107.40822,47.98237],[107.40888,47.98247],[107.4101,47.98242],[107.41079,47.98235],[107.41114,47.98236],[107.41183,47.98242],[107.41225,47.9825],[107.41251,47.98253],[107.41282,47.98252],[107.41344,47.98239],[107.41417,47.98231],[107.41526,47.98229],[107.41667,47.98235],[107.41895,47.98251],[107.42213,47.98286],[107.42323,47.98291],[107.42587,47.98321],[107.42627,47.98326],[107.4268,47.98336],[107.42773,47.9836],[107.42812,47.98369],[107.42861,47.98375],[107.42879,47.98382],[107.42889,47.98392],[107.42905,47.984],[107.42923,47.98403],[107.42997,47.98422],[107.43073,47.98432],[107.43152,47.98438],[107.43331,47.98474],[107.43456,47.98526],[107.43515,47.98569],[107.43548,47.98594],[107.43578,47.986],[107.43959,47.98684],[107.44135,47.9872],[107.44157,47.98727],[107.44178,47.98734],[107.44325,47.98766],[107.44593,47.98821],[107.44666,47.98839],[107.4475,47.98863],[107.449,47.98898],[107.44997,47.98916],[107.45223,47.98932],[107.45243,47.98938],[107.45329,47.98962],[107.45485,47.99031],[107.45512,47.99036],[107.45532,47.99036]]}},{"type":"Feature","properties":{},"geometry":{"type":"LineString","coordinates":[[106.16694,49.75759],[106.1666,49.75744],[106.16631,49.7573]]}},{"type":"Feature","properties":{},"geometry":{"type":"LineString","coordinates":[[98.67598,49.52973],[98.67677,49.52965]]}},{"type":"Feature","properties":{},"geometry":{"type":"LineString","coordinates":[[106.93289,47.90822],[106.93279,47.90822],[106.93215,47.90823]]}},{"type":"Feature","properties":{},"geometry":{"type":"LineString","coordinates":[[106.94099,47.92748],[106.94082,47.92743],[106.94069,47.92733],[106.94063,47.92721],[106.94071,47.92714],[106.94084,47.92702]]}},{"type":"Feature","properties":{},"geometry":{"type":"LineString","coordinates":[[100.79706,46.08446],[100.79794,46.08482]]}},{"type":"Feature","properties":{},"geometry":{"type":"LineString","coordinates":[[114.49555,48.0657],[114.4948,48.06605],[114.4938,48.06622],[114.49077,48.06667],[114.4881,48.06711],[114.48699,48.0674],[114.48567,48.0679],[114.485,48.06823],[114.48422,48.06914],[114.48332,48.06987],[114.48085,48.07147],[114.47991,48.07192],[114.47871,48.07237],[114.47737,48.07271],[114.47561,48.073],[114.4711,48.0734],[114.46921,48.07319],[114.46796,48.07309],[114.467,48.07312],[114.46632,48.07322],[114.46526,48.07353],[114.46035,48.07491],[114.45932,48.07529],[114.45807,48.07585],[114.45697,48.07646],[114.4557,48.0769],[114.45528,48.07713],[114.45474,48.07758],[114.45363,48.07823],[114.4528,48.07884],[114.4522,48.07915],[114.44923,48.08022],[114.44791,48.08076],[114.44579,48.08192],[114.44497,48.0823],[114.4424,48.08318],[114.44142,48.0836],[114.44017,48.08414],[114.4397,48.08446],[114.43928,48.08487],[114.43866,48.08557],[114.43805,48.0861],[114.43753,48.08646],[114.43528,48.0878],[114.43427,48.08824],[114.43358,48.08843],[114.43139,48.08858],[114.43034,48.08857],[114.42959,48.08867],[114.42782,48.08912],[114.42687,48.08937],[114.42599,48.08949],[114.42414,48.08966],[114.42241,48.08996],[114.42123,48.09029],[114.40599,48.09508],[114.36752,48.10717],[114.35427,48.11131],[114.35223,48.11198],[114.35107,48.1125],[114.34965,48.11326],[114.34517,48.11585],[114.32937,48.1249],[114.328,48.12556],[114.32697,48.12594],[114.2944,48.13561],[114.2812,48.13952],[114.22229,48.15698],[114.14981,48.17838],[114.07129,48.20144],[114.03913,48.21087],[114.01503,48.21797],[114.00153,48.22191],[113.9063,48.24964],[113.90383,48.25042],[113.89123,48.25581],[113.86961,48.265],[113.81317,48.28898],[113.7608,48.31113],[113.75908,48.31202],[113.74279,48.32161],[113.71675,48.33687],[113.71563,48.33756],[113.71462,48.33832],[113.71374,48.33915],[113.71314,48.3399],[113.71245,48.34093],[113.69273,48.3706],[113.68848,48.37696],[113.6876,48.37802],[113.68655,48.37894],[113.68027,48.38309],[113.6784,48.38439]]}},{"type":"Feature","properties":{},"geometry":{"type":"LineString","coordinates":[[111.75719,47.67526],[111.75731,47.67591],[111.75725,47.67653],[111.75658,47.6797],[111.75598,47.68244],[111.75569,47.68376],[111.75577,47.68446],[111.75633,47.68516],[111.75703,47.6859],[111.75763,47.68653],[111.75843,47.687],[111.75932,47.68738],[111.76035,47.68768],[111.76166,47.68785],[111.76789,47.68826],[111.77163,47.68844],[111.77579,47.68884]]}},{"type":"Feature","properties":{},"geometry":{"type":"LineString","coordinates":[[112.65008,49.11654],[112.64246,49.11284],[112.62403,49.10828],[112.61142,49.10517],[112.60013,49.10248],[112.58039,49.09795],[112.55876,49.09323],[112.51551,49.08401],[112.50435,49.0803],[112.48564,49.07198],[112.47189,49.06634],[112.45283,49.05813],[112.43412,49.04632],[112.42657,49.03653],[112.4197,49.02673],[112.41318,49.0193],[112.39361,49.00163],[112.37129,48.98068],[112.35447,48.96817],[112.34194,48.96118],[112.32855,48.95273],[112.32323,48.95025],[112.31911,48.94337],[112.30246,48.93525],[112.29439,48.93085],[112.28443,48.92206],[112.26692,48.90784],[112.25371,48.89757],[112.24186,48.88979],[112.23225,48.88414],[112.22521,48.882],[112.21663,48.86901],[112.21096,48.86664],[112.20015,48.85975],[112.19122,48.85637],[112.17762,48.85142],[112.16358,48.8453],[112.15122,48.83976],[112.13715,48.83366],[112.12891,48.82936],[112.12221,48.82552],[112.11792,48.82111],[112.11088,48.81365],[112.09509,48.79692],[112.08874,48.79421],[112.08222,48.78573],[112.06247,48.76706],[112.04582,48.75076],[112.03654,48.74407],[112.03447,48.74214],[112.03288,48.74029],[112.03156,48.7392],[112.03089,48.73786],[112.02643,48.72971],[112.02568,48.72919],[112.00909,48.71759],[111.99876,48.70956],[111.99628,48.70736],[111.99379,48.70556],[111.99296,48.70494]]}},{"type":"Feature","properties":{},"geometry":{"type":"LineString","coordinates":[[111.99296,48.70494],[111.98983,48.70252],[111.98825,48.70129],[111.98291,48.69715],[111.97641,48.6921],[111.97025,48.68735],[111.94651,48.66902],[111.94354,48.66674],[111.92339,48.65114],[111.91285,48.64299],[111.89602,48.62991],[111.89211,48.62687],[111.89165,48.62642],[111.89144,48.62597],[111.89113,48.62442],[111.89078,48.62376],[111.89,48.62271],[111.88976,48.62244],[111.88854,48.62154],[111.88724,48.61863],[111.88691,48.61815],[111.88644,48.61776],[111.88583,48.61749],[111.8852,48.61733],[111.88451,48.6173],[111.87796,48.61768],[111.87289,48.61795],[111.87203,48.61793],[111.87113,48.61774],[111.87024,48.61737],[111.86954,48.61689],[111.86627,48.61317],[111.86475,48.61133],[111.86352,48.60863],[111.86215,48.60511],[111.8582,48.60216],[111.84172,48.59251],[111.83657,48.58706],[111.82026,48.56628],[111.80121,48.54174],[111.7782,48.51241],[111.75486,48.48351],[111.73254,48.45551],[111.73082,48.45381],[111.73014,48.44811],[111.72602,48.41759],[111.7243,48.40209],[111.71881,48.38408],[111.71503,48.37063],[111.71383,48.36823],[111.71126,48.36629],[111.70628,48.36253],[111.70439,48.36128],[111.7037,48.35922],[111.70387,48.3574],[111.70542,48.35272],[111.70977,48.34116],[111.71005,48.32671],[111.71005,48.31655],[111.70885,48.30353],[111.70937,48.29268],[111.71074,48.27429],[111.71177,48.26046],[111.70696,48.25532],[111.70113,48.25075],[111.6989,48.24926],[111.69769,48.24675],[111.69666,48.24526],[111.69426,48.24378],[111.69254,48.24195],[111.69066,48.24012],[111.68928,48.23429],[111.68739,48.22838],[111.68475,48.22222],[111.68259,48.21725],[111.68245,48.21669],[111.68238,48.21609],[111.68213,48.21206],[111.68204,48.21118],[111.68144,48.2099],[111.68015,48.20693],[111.67911,48.20534],[111.6727,48.19517],[111.67238,48.19485],[111.67149,48.19434],[111.66096,48.18855],[111.64401,48.17923],[111.63492,48.17424],[111.63435,48.17386],[111.63295,48.17256],[111.62496,48.16512],[111.62431,48.16433],[111.6181,48.15478],[111.61601,48.15158],[111.61347,48.14775],[111.61081,48.14367],[111.60793,48.13915],[111.60536,48.13532],[111.60299,48.13164],[111.6022,48.13047],[111.60188,48.12999],[111.60162,48.12966],[111.60118,48.12921],[111.60054,48.12858],[111.59989,48.12796],[111.59947,48.12746],[111.59919,48.12703],[111.59896,48.12659],[111.59878,48.12614],[111.59867,48.12548],[111.59864,48.12482],[111.59865,48.12422],[111.5987,48.12361],[111.59873,48.12302],[111.59873,48.12272],[111.59867,48.12232],[111.59856,48.12188],[111.59835,48.1213],[111.59797,48.12062],[111.59738,48.11993],[111.59671,48.11931],[111.59359,48.11646],[111.59061,48.11376],[111.58766,48.1111],[111.58485,48.10854],[111.58107,48.10515],[111.57884,48.10313],[111.57774,48.10212],[111.57665,48.1011],[111.57622,48.10064],[111.57604,48.10039],[111.57582,48.10004],[111.57563,48.09964],[111.57548,48.0992],[111.57537,48.09874],[111.57526,48.09818],[111.57511,48.09709],[111.57503,48.09661],[111.57489,48.09602],[111.5747,48.09556],[111.57445,48.09511],[111.57423,48.09478],[111.57396,48.09445],[111.57351,48.09401],[111.57296,48.09356],[111.57212,48.09293],[111.57123,48.09226],[111.5647,48.08742],[111.56042,48.0842],[111.55663,48.08139],[111.5538,48.07928],[111.55169,48.0777],[111.55127,48.07742],[111.55083,48.07715],[111.5501,48.07678],[111.54931,48.07644],[111.54852,48.07614],[111.54756,48.07571],[111.54681,48.07531],[111.54631,48.07496],[111.54587,48.07461],[111.54549,48.07424],[111.54509,48.0738],[111.54417,48.07268],[111.54379,48.07223],[111.54295,48.07121],[111.54217,48.07027],[111.5418,48.06984],[111.54139,48.06941],[111.54091,48.06896],[111.54025,48.06843],[111.53929,48.06773],[111.53796,48.06679],[111.53663,48.06584],[111.52242,48.05566],[111.5221,48.05532],[111.52184,48.05491],[111.52173,48.05435],[111.52138,48.05078],[111.52119,48.05025],[111.51626,48.04571],[111.51583,48.04513],[111.5157,48.04475],[111.5157,48.04435],[111.51624,48.04169],[111.51645,48.04066],[111.5164,48.03965],[111.51627,48.03686],[111.51584,48.02876],[111.5157,48.02668],[111.51606,48.02439],[111.5171,48.01729],[111.51721,48.0165],[111.51713,48.01608],[111.51461,48.01026],[111.51371,48.00817],[111.51058,47.99453],[111.50788,47.98241],[111.50705,47.97753],[111.50706,47.97625],[111.50637,47.96986],[111.50563,47.96675],[111.5047,47.96266],[111.50387,47.96044],[111.50341,47.95818],[111.50304,47.95511],[111.50298,47.9546],[111.50296,47.95441],[111.50286,47.95414],[111.50269,47.95365],[111.5025,47.95307],[111.50245,47.95251],[111.50243,47.95195],[111.50249,47.95121],[111.50251,47.95076],[111.50256,47.95022],[111.50258,47.94999],[111.50245,47.94767],[111.50242,47.94713],[111.50237,47.94666]]}},{"type":"Feature","properties":{},"geometry":{"type":"LineString","coordinates":[[112.11894,47.78406],[112.11901,47.78386],[112.11916,47.78354],[112.11942,47.78323],[112.11975,47.78258],[112.11987,47.7824],[112.12001,47.78238],[112.12032,47.78243],[112.12069,47.78246],[112.1215,47.78245],[112.1221,47.78242],[112.12249,47.78234],[112.12279,47.7822],[112.12317,47.78198],[112.12451,47.78113],[112.12669,47.78023],[112.13302,47.77943],[112.13834,47.77804],[112.14212,47.77723],[112.1471,47.77666],[112.15052,47.77465],[112.15147,47.77421],[112.15557,47.77149],[112.15757,47.76939],[112.15905,47.76748],[112.16103,47.76655],[112.16258,47.76667],[112.16351,47.76637],[112.16395,47.76514]]}},{"type":"Feature","properties":{},"geometry":{"type":"LineString","coordinates":[[112.34793,47.58081],[112.3467,47.58197],[112.34447,47.58544],[112.34186,47.58795],[112.33794,47.59181],[112.33503,47.59308],[112.33022,47.59459],[112.32713,47.5954],[112.32318,47.59586],[112.32026,47.59656],[112.31817,47.59791],[112.31597,47.59922],[112.31323,47.60072],[112.31117,47.60258],[112.30825,47.60396],[112.30773,47.60512],[112.30722,47.60674],[112.30636,47.60859],[112.30602,47.61045],[112.30464,47.61207],[112.30396,47.61426],[112.30275,47.61785],[112.30207,47.6204],[112.30138,47.62213],[112.30035,47.6241],[112.29795,47.62665],[112.29414,47.62996],[112.29348,47.63081],[112.28936,47.63532],[112.28782,47.63648],[112.28627,47.63844],[112.28473,47.64087],[112.28336,47.64191],[112.28095,47.64411],[112.27889,47.64573],[112.27821,47.647],[112.27803,47.64909],[112.27735,47.65244],[112.27563,47.65579],[112.27357,47.65857],[112.27288,47.66111],[112.2722,47.66319],[112.27019,47.66568],[112.26952,47.66677],[112.26933,47.66702],[112.2691,47.66726],[112.26874,47.66754],[112.26783,47.6681],[112.26533,47.66909],[112.2631,47.67071],[112.26035,47.67221],[112.25814,47.67322],[112.25568,47.67495],[112.25308,47.67701],[112.25076,47.67906],[112.24731,47.68273],[112.24611,47.684],[112.24396,47.68634],[112.24177,47.68911],[112.23855,47.69245],[112.23457,47.69551],[112.23141,47.69653],[112.22986,47.69742],[112.22669,47.69942],[112.22465,47.70098],[112.22338,47.70124],[112.22059,47.70134],[112.21684,47.70168],[112.21112,47.70292],[112.20679,47.70456],[112.20308,47.70659],[112.201,47.70884],[112.19903,47.71213],[112.19665,47.71583],[112.19618,47.71644],[112.19547,47.7172],[112.19395,47.71871],[112.19332,47.71938],[112.19308,47.71983],[112.19263,47.72123],[112.19235,47.72185],[112.19163,47.72322],[112.19126,47.72377],[112.18999,47.72545],[112.18963,47.72587],[112.18936,47.72618],[112.18465,47.73032],[112.18036,47.73344],[112.17495,47.73635],[112.1716,47.73794],[112.16856,47.74091],[112.16729,47.74272],[112.16686,47.74446],[112.16736,47.74531],[112.16587,47.75427],[112.16531,47.75998],[112.16547,47.76051],[112.16537,47.76114],[112.16531,47.76176],[112.16496,47.76217]]}},{"type":"Feature","properties":{},"geometry":{"type":"LineString","coordinates":[[106.97692,47.91159],[106.97718,47.9117],[106.97752,47.91182],[106.97778,47.91192]]}},{"type":"Feature","properties":{},"geometry":{"type":"LineString","coordinates":[[115.64755,49.72621],[115.64779,49.72604],[115.64825,49.7257],[115.64926,49.72486],[115.64931,49.72479],[115.64932,49.72473],[115.64929,49.72466],[115.64922,49.72459],[115.6491,49.72449],[115.64875,49.72423],[115.64828,49.72383],[115.64762,49.72315],[115.6469,49.72243],[115.64616,49.72153],[115.64523,49.72035],[115.64283,49.71699],[115.64216,49.71608],[115.64173,49.7154],[115.64144,49.71491],[115.64112,49.71429],[115.64084,49.71384],[115.64056,49.71345],[115.63992,49.71266],[115.63926,49.7118],[115.63892,49.71131],[115.63763,49.70951],[115.6372,49.70902],[115.6369,49.70873],[115.63654,49.7084],[115.63612,49.70805],[115.63586,49.70783],[115.6357,49.70765],[115.63558,49.70746],[115.63546,49.70723],[115.63537,49.70702],[115.63517,49.70652],[115.63498,49.7061],[115.63472,49.70566],[115.6338,49.70441],[115.63345,49.70393],[115.63311,49.70338],[115.63278,49.7028],[115.63259,49.70236],[115.63229,49.70181],[115.63207,49.70149],[115.63189,49.70128],[115.6317,49.701],[115.63155,49.70072],[115.63116,49.69945],[115.631,49.69908],[115.63082,49.69879],[115.63005,49.6977],[115.62893,49.69615],[115.62796,49.69487],[115.62775,49.69459],[115.62761,49.69437],[115.6275,49.6941],[115.62738,49.69373],[115.62731,49.69356],[115.62723,49.69342],[115.62709,49.69326],[115.62623,49.69229],[115.62599,49.69202],[115.62576,49.69182],[115.62537,49.69154],[115.62517,49.69138],[115.62501,49.69121],[115.62492,49.69102],[115.62485,49.69074],[115.62484,49.6905],[115.62485,49.6902],[115.62489,49.68984],[115.62492,49.68961],[115.62487,49.68938],[115.62477,49.68913],[115.62462,49.68888],[115.62381,49.68791],[115.62349,49.6876],[115.62323,49.68737],[115.62254,49.68681],[115.62221,49.68653],[115.62186,49.68612],[115.62144,49.6856],[115.62127,49.68529],[115.62073,49.68397],[115.62065,49.6837],[115.6206,49.68334],[115.6206,49.68307],[115.62059,49.68281],[115.62051,49.68245],[115.62036,49.68201],[115.62024,49.68168],[115.61966,49.68014],[115.61949,49.67966],[115.61897,49.67818],[115.61883,49.67774],[115.61877,49.67742],[115.61864,49.67659],[115.61854,49.67627],[115.61838,49.67579],[115.61729,49.67248],[115.61638,49.66823],[115.61634,49.66794],[115.61637,49.66768],[115.61649,49.66691],[115.61647,49.66665],[115.61645,49.66635],[115.6161,49.66475],[115.61603,49.66452],[115.61595,49.66436],[115.61584,49.66424],[115.61573,49.66413],[115.6156,49.66403],[115.61521,49.66375],[115.61503,49.6636],[115.61462,49.66316],[115.61416,49.6626],[115.61394,49.66234],[115.61361,49.66187],[115.61318,49.66119],[115.61286,49.66072],[115.61247,49.66022],[115.61205,49.6597],[115.61128,49.65884],[115.61092,49.65839],[115.61062,49.65798],[115.61004,49.65728],[115.60958,49.65681],[115.60889,49.65612],[115.60826,49.65546],[115.60789,49.65501],[115.60749,49.65448],[115.60718,49.65404],[115.60696,49.6537],[115.60646,49.65285],[115.60618,49.65227],[115.60564,49.65098],[115.60479,49.64902],[115.60443,49.64831],[115.60389,49.64748],[115.60361,49.64713],[115.60336,49.6469],[115.6027,49.64637],[115.60235,49.64605],[115.60209,49.64575],[115.60185,49.64542],[115.6016,49.64509],[115.60131,49.64484],[115.60096,49.64458],[115.59926,49.64338],[115.59864,49.64297],[115.59594,49.64133],[115.5934,49.63994],[115.59306,49.63974],[115.59282,49.63961],[115.59264,49.63954],[115.59245,49.63947],[115.59218,49.63938],[115.59156,49.63917],[115.59137,49.63908],[115.5912,49.63899],[115.5906,49.63859],[115.59047,49.63848],[115.59033,49.63834],[115.59017,49.63814],[115.58998,49.63795],[115.58983,49.63784],[115.58966,49.63773],[115.58914,49.63749],[115.58818,49.63702],[115.58789,49.63685],[115.58733,49.63649],[115.58702,49.63629],[115.58688,49.63619],[115.58672,49.63605],[115.58649,49.6358],[115.58626,49.63554],[115.58607,49.63537],[115.58559,49.63512],[115.58514,49.63488],[115.58492,49.63471],[115.58473,49.6345],[115.58447,49.63417],[115.58426,49.63395],[115.58309,49.63284],[115.58271,49.63253],[115.58219,49.6322],[115.58167,49.63185],[115.58144,49.63168],[115.58125,49.63147],[115.58105,49.63125],[115.5808,49.63093],[115.58031,49.63029],[115.57992,49.62984],[115.57919,49.6291],[115.5788,49.62871],[115.57852,49.62847],[115.57667,49.62711],[115.57623,49.62682],[115.57567,49.62642],[115.57523,49.62611],[115.57478,49.62576],[115.57435,49.62536],[115.57404,49.62499],[115.57345,49.62415],[115.5729,49.6234],[115.57232,49.62274],[115.57127,49.62176],[115.57081,49.62136],[115.56947,49.62034],[115.56896,49.61989],[115.56865,49.6196],[115.56719,49.618],[115.56686,49.61761],[115.56654,49.61721],[115.56627,49.61694],[115.56596,49.61667],[115.56538,49.61605],[115.56463,49.61514],[115.56372,49.61388],[115.56347,49.6134],[115.56333,49.61309],[115.56317,49.61282],[115.56296,49.61247],[115.56272,49.61217],[115.56236,49.61187],[115.56168,49.61143],[115.56117,49.61107],[115.56075,49.6107],[115.56055,49.6104],[115.56042,49.61016],[115.5603,49.60995],[115.56016,49.60969],[115.55985,49.60934],[115.55895,49.60847],[115.55782,49.60722],[115.55754,49.60687],[115.55725,49.60639],[115.55664,49.60506],[115.55646,49.60478],[115.55622,49.60454],[115.55598,49.60437],[115.55537,49.60405],[115.55513,49.60389],[115.55479,49.60358],[115.55431,49.60298],[115.55395,49.60245],[115.55167,49.59911],[115.55017,49.59661],[115.54894,49.59474],[115.54781,49.59314],[115.5471,49.59198],[115.54669,49.5913],[115.54595,49.58998],[115.54491,49.58836],[115.5446,49.58787],[115.544,49.58711],[115.54366,49.58663],[115.54346,49.58629],[115.54289,49.58532],[115.54254,49.58461],[115.54233,49.58416],[115.54216,49.58375],[115.54193,49.58334],[115.54165,49.5829],[115.54105,49.58203],[115.54095,49.58177],[115.54088,49.58151],[115.54071,49.58066],[115.54051,49.58005],[115.54011,49.57899],[115.53895,49.57647],[115.53849,49.57565],[115.53742,49.57404],[115.53685,49.57322],[115.53665,49.5728],[115.53656,49.57237],[115.53654,49.57211],[115.53654,49.57179],[115.53656,49.57143],[115.53648,49.57112],[115.5363,49.57079],[115.53579,49.57011],[115.53533,49.56959],[115.535,49.56926],[115.53431,49.56866],[115.53398,49.56836],[115.5337,49.56809],[115.53306,49.56723],[115.53278,49.56691],[115.53253,49.56669],[115.53226,49.5665],[115.53131,49.56593],[115.53072,49.56556],[115.53008,49.56511],[115.52946,49.56462],[115.52865,49.56397],[115.52823,49.56368],[115.52786,49.56349],[115.52736,49.56325],[115.52683,49.56302],[115.52646,49.56281],[115.5259,49.56238],[115.52555,49.56213],[115.52513,49.5619],[115.52401,49.56137],[115.52349,49.56111],[115.52316,49.56091],[115.52274,49.56054],[115.52199,49.55983],[115.5216,49.55944],[115.52111,49.5591],[115.52049,49.55879],[115.51982,49.55846],[115.51906,49.55804],[115.51822,49.55756],[115.5172,49.55705],[115.51659,49.55668],[115.51616,49.55637],[115.51565,49.55598],[115.51531,49.55575],[115.51479,49.55547],[115.51451,49.55527],[115.51426,49.55502],[115.51389,49.55453],[115.51352,49.5541],[115.51296,49.55356],[115.51258,49.55317],[115.51209,49.55263],[115.51175,49.55225],[115.51141,49.55195],[115.5109,49.55156],[115.51039,49.55121],[115.5097,49.55066],[115.50913,49.55013],[115.50819,49.54903],[115.50775,49.54858],[115.50699,49.5479],[115.5056,49.54682],[115.5051,49.54639],[115.50488,49.54613],[115.50463,49.54573],[115.50422,49.545],[115.5038,49.5442],[115.50298,49.54296],[115.50244,49.5421],[115.50162,49.54101],[115.50016,49.53896],[115.49969,49.53834],[115.49896,49.53745],[115.49875,49.53715],[115.49854,49.5369],[115.49839,49.53675],[115.49822,49.5366],[115.49801,49.53645],[115.4975,49.53612],[115.49697,49.53568],[115.49663,49.53531],[115.49545,49.53375],[115.49494,49.53308],[115.49445,49.53247],[115.49404,49.53211],[115.49349,49.53175],[115.49258,49.53112],[115.49229,49.53087],[115.49204,49.53055],[115.49169,49.52993],[115.49128,49.52896],[115.491,49.5282],[115.49035,49.52677],[115.49001,49.52594],[115.4898,49.52506],[115.48977,49.52467],[115.48978,49.52443],[115.48985,49.52418],[115.49002,49.5238],[115.49029,49.52326],[115.4907,49.52276],[115.49146,49.52202],[115.49233,49.52126],[115.49313,49.52067],[115.49475,49.51955],[115.49754,49.51762],[115.49802,49.51724],[115.49836,49.51692],[115.49861,49.51659],[115.49883,49.51615],[115.49903,49.51579],[115.49977,49.51474],[115.50047,49.51381],[115.5017,49.51231],[115.50326,49.5105],[115.50385,49.50987],[115.50577,49.50819],[115.50712,49.50703],[115.50787,49.50638],[115.50889,49.50551],[115.51006,49.50457],[115.51037,49.50434],[115.51068,49.50417],[115.51114,49.50402],[115.51171,49.50383],[115.51262,49.50355],[115.51313,49.50336],[115.51349,49.50316],[115.51381,49.50286],[115.51428,49.50229],[115.51466,49.50164],[115.51484,49.50124],[115.51497,49.50079],[115.51508,49.50029],[115.51522,49.49964],[115.51533,49.49892],[115.51554,49.49806],[115.51561,49.49741],[115.51565,49.4969],[115.51577,49.49636],[115.516,49.49578],[115.51629,49.49525],[115.51706,49.49389],[115.51717,49.49357],[115.51722,49.49334],[115.51721,49.49307],[115.51716,49.49255],[115.51702,49.49158],[115.51692,49.49104],[115.51658,49.49012],[115.51596,49.48833],[115.51552,49.48681],[115.51461,49.48392],[115.51444,49.48331],[115.51425,49.48263],[115.51404,49.48173],[115.51383,49.48106],[115.51366,49.48041],[115.51351,49.47963],[115.51326,49.47868],[115.51302,49.47795],[115.51257,49.47695],[115.51234,49.47631],[115.5121,49.47546],[115.51184,49.47444],[115.51168,49.47377],[115.51146,49.47312],[115.51108,49.47212],[115.51052,49.47014],[115.5104,49.46966],[115.51,49.46807],[115.50981,49.46719],[115.50945,49.46593],[115.50889,49.46441],[115.50834,49.46254],[115.50762,49.45953],[115.50756,49.459],[115.50741,49.45819],[115.50724,49.45748],[115.50718,49.45733],[115.5071,49.4572],[115.50691,49.45695],[115.5066,49.45653],[115.50648,49.45629],[115.50645,49.45596],[115.50654,49.45557],[115.50661,49.45522],[115.50658,49.45492],[115.50648,49.45463],[115.50632,49.45434],[115.50627,49.45407],[115.50629,49.45377],[115.50622,49.45336],[115.506,49.45277],[115.50585,49.45224],[115.50569,49.45176],[115.50536,49.45062],[115.50494,49.44921],[115.50476,49.44848],[115.50459,49.44738],[115.50452,49.44713],[115.50439,49.44685],[115.50421,49.44661],[115.50394,49.44636],[115.5036,49.44606],[115.50342,49.44585],[115.50319,49.44554],[115.50283,49.44487],[115.50214,49.44359],[115.5019,49.44316],[115.5016,49.44275],[115.50124,49.44225],[115.50062,49.44132],[115.50034,49.44092],[115.49992,49.44015],[115.49971,49.43967],[115.49941,49.43885],[115.49906,49.43812],[115.49837,49.43679],[115.49793,49.43585],[115.49772,49.4353],[115.4975,49.43445],[115.49732,49.43371],[115.49726,49.43328],[115.4971,49.43279],[115.49689,49.43228],[115.49663,49.43157],[115.4964,49.43068],[115.49632,49.43025],[115.4963,49.42966],[115.49631,49.42917],[115.49645,49.42839],[115.4966,49.42788],[115.49684,49.42736],[115.49706,49.4269],[115.49718,49.42653],[115.49725,49.42611],[115.49725,49.42578],[115.49722,49.4256],[115.49714,49.42535],[115.49699,49.42496],[115.49692,49.42474],[115.49681,49.42449],[115.49612,49.42334],[115.49594,49.42306],[115.4958,49.42288],[115.49562,49.42266],[115.49542,49.42241],[115.49485,49.42156],[115.49288,49.41885],[115.49269,49.41858],[115.49259,49.41841],[115.49249,49.41817],[115.49238,49.4179],[115.49227,49.41767],[115.49201,49.41725],[115.49174,49.41678],[115.49155,49.41645],[115.49138,49.41611],[115.4912,49.41562],[115.49112,49.41535],[115.49107,49.41511],[115.49105,49.41466],[115.49104,49.4141],[115.49102,49.4137],[115.49099,49.41314],[115.49092,49.4122],[115.49087,49.41142],[115.49085,49.41117],[115.49085,49.41089],[115.49087,49.41068],[115.49088,49.4105],[115.49085,49.41034],[115.49076,49.41005],[115.49073,49.4097],[115.49076,49.40934],[115.4908,49.40903],[115.49086,49.40876],[115.49091,49.40801],[115.49092,49.40697],[115.49089,49.40514],[115.49088,49.40474],[115.49092,49.40427],[115.49103,49.40372],[115.49116,49.40314],[115.49122,49.40267],[115.49121,49.4021],[115.49115,49.40159],[115.49106,49.40127],[115.49078,49.40068],[115.4906,49.40025],[115.49054,49.4],[115.49054,49.39961],[115.4906,49.39922],[115.49061,49.39879],[115.49059,49.39794],[115.49056,49.39775],[115.4905,49.39747],[115.49042,49.39719],[115.49032,49.39662],[115.49032,49.39641],[115.49033,49.39623],[115.49036,49.39607],[115.4904,49.39593],[115.49042,49.3958],[115.49044,49.39563],[115.49045,49.3954],[115.49045,49.39522],[115.49047,49.39507],[115.49054,49.39478],[115.49063,49.39448],[115.49068,49.3942],[115.49081,49.39338],[115.49087,49.39299],[115.49095,49.39268],[115.49143,49.39096],[115.4916,49.3904],[115.49167,49.3901],[115.49173,49.38977],[115.49185,49.38889],[115.49193,49.38856],[115.49209,49.38799],[115.49213,49.38775],[115.49213,49.38752],[115.49203,49.38713],[115.49152,49.38549],[115.49146,49.3852],[115.4914,49.38477],[115.49132,49.38445],[115.4911,49.38398],[115.49098,49.38364],[115.49095,49.38339],[115.49101,49.38304],[115.49112,49.38264],[115.49143,49.38199],[115.49162,49.38149],[115.49168,49.38116],[115.49171,49.38064],[115.49178,49.3803],[115.4919,49.37982],[115.49212,49.37893],[115.49217,49.37856],[115.49215,49.37837],[115.4921,49.37821],[115.492,49.37804],[115.49181,49.37787],[115.49127,49.37752],[115.4903,49.37695],[115.48988,49.37664],[115.48949,49.3763],[115.48911,49.37593],[115.48851,49.37529],[115.48834,49.37514],[115.48808,49.37496],[115.48781,49.37481],[115.48691,49.37441],[115.48673,49.37427],[115.48659,49.37415],[115.48645,49.37399],[115.48622,49.37373],[115.48584,49.37339],[115.48511,49.37271],[115.48477,49.37228],[115.48421,49.37163],[115.48399,49.37134],[115.48373,49.37105],[115.4835,49.37075],[115.48299,49.36982],[115.48288,49.36953],[115.48284,49.3693],[115.48284,49.3691],[115.48287,49.36846],[115.48287,49.36793],[115.4829,49.36717],[115.48292,49.36678],[115.48291,49.36656],[115.48288,49.36633],[115.48281,49.36603],[115.4828,49.36572],[115.48283,49.36541],[115.48291,49.36478],[115.48304,49.36379],[115.48311,49.36353],[115.48318,49.3633],[115.48334,49.36294],[115.48342,49.36271],[115.48346,49.36249],[115.4835,49.36227],[115.48355,49.36205],[115.48364,49.36187],[115.48387,49.36152],[115.48409,49.36109],[115.48417,49.36087],[115.48421,49.3606],[115.48416,49.36028],[115.48405,49.35984],[115.48404,49.35942],[115.48405,49.35804],[115.48394,49.35522],[115.48385,49.35415],[115.48379,49.35331],[115.48382,49.35223],[115.48402,49.35064],[115.48408,49.35026],[115.48417,49.34987],[115.48423,49.34943],[115.48424,49.34896],[115.48425,49.34848],[115.48432,49.34807],[115.48479,49.34661],[115.48486,49.34627],[115.48489,49.34603],[115.48502,49.34284],[115.48502,49.3424],[115.48498,49.34214],[115.48483,49.34168],[115.48468,49.3412],[115.48467,49.34088],[115.48469,49.34057],[115.48472,49.34013],[115.48467,49.33978],[115.48441,49.33832],[115.48423,49.33771],[115.48402,49.3371],[115.48376,49.3365],[115.48356,49.33611],[115.48334,49.33563],[115.48317,49.33514],[115.48296,49.33439],[115.48282,49.33389],[115.48276,49.33373],[115.48265,49.33352],[115.48251,49.33333],[115.4809,49.3313],[115.48053,49.3308],[115.4804,49.3306],[115.48024,49.3303],[115.48015,49.33015],[115.47997,49.32994],[115.47913,49.32913],[115.47892,49.32893],[115.47866,49.32865],[115.47852,49.32845],[115.47843,49.32827],[115.47828,49.32796],[115.47815,49.32769],[115.47804,49.32751],[115.47781,49.32724],[115.4771,49.32646],[115.47674,49.32605],[115.47642,49.32565],[115.47609,49.32522],[115.47572,49.3248],[115.47359,49.3229],[115.47339,49.32271],[115.4733,49.3226],[115.47327,49.32249],[115.47325,49.32235],[115.47326,49.32219],[115.47329,49.32199],[115.47338,49.32173],[115.47346,49.32145],[115.47349,49.32118],[115.47351,49.32093],[115.47349,49.32067],[115.47345,49.32036],[115.47334,49.32008],[115.47315,49.31972],[115.47291,49.31923],[115.47254,49.31847],[115.47222,49.31766],[115.47202,49.31719],[115.47168,49.31654],[115.47143,49.31611],[115.47099,49.3154],[115.47077,49.31494],[115.47062,49.31455],[115.47043,49.31403],[115.4703,49.31366],[115.47017,49.31326],[115.47007,49.31281],[115.46998,49.31238],[115.46987,49.31205],[115.46978,49.31182],[115.46965,49.31155],[115.46876,49.30981],[115.46841,49.30913],[115.46732,49.30716],[115.46719,49.30693],[115.46714,49.30678],[115.46712,49.30662],[115.46713,49.30514],[115.46715,49.30501],[115.46717,49.30494],[115.46722,49.30483],[115.46741,49.30457],[115.46774,49.30416],[115.46814,49.30365],[115.46881,49.3028],[115.46918,49.30244],[115.46944,49.30216],[115.4696,49.30192],[115.46968,49.30174],[115.46973,49.30154],[115.46974,49.30135],[115.46971,49.3006],[115.4697,49.30036],[115.46972,49.30014],[115.46981,49.2997],[115.46983,49.29943],[115.46984,49.29901],[115.46987,49.29863],[115.46985,49.29836],[115.46983,49.29811],[115.46984,49.29788],[115.46988,49.29768],[115.46996,49.29742],[115.47007,49.29708],[115.47013,49.29678],[115.47012,49.29653],[115.47003,49.29598],[115.4698,49.29509],[115.46948,49.29378],[115.46933,49.29304],[115.46924,49.29219],[115.46915,49.2913],[115.46874,49.28882],[115.46844,49.28695],[115.46826,49.28584],[115.46809,49.28466],[115.46807,49.28392],[115.46803,49.28359],[115.46795,49.28338],[115.46774,49.28274],[115.46753,49.28202],[115.4673,49.28076],[115.46724,49.2796],[115.46724,49.27875],[115.46722,49.27827],[115.46714,49.27766],[115.46704,49.27692],[115.46697,49.27609],[115.46693,49.27548],[115.46685,49.2751],[115.46668,49.27465],[115.4657,49.27226],[115.46556,49.27186],[115.46543,49.2714],[115.46528,49.27102],[115.46498,49.27029],[115.46476,49.26946],[115.46422,49.26728],[115.46403,49.26663],[115.46387,49.26614],[115.46376,49.26584],[115.4637,49.26554],[115.46367,49.26525],[115.46358,49.26472],[115.46345,49.26423],[115.46338,49.264],[115.46329,49.26382],[115.46297,49.26333],[115.46286,49.26312],[115.46281,49.26297],[115.46274,49.26255],[115.46259,49.26202],[115.46248,49.26173],[115.46228,49.26126],[115.46207,49.26073],[115.46203,49.26057],[115.462,49.26032],[115.46197,49.26008],[115.46193,49.25992],[115.46184,49.25973],[115.46171,49.2595],[115.46156,49.25932],[115.46128,49.25902],[115.46111,49.25878],[115.46102,49.25861],[115.46098,49.25837],[115.46095,49.25781],[115.46087,49.25721],[115.4606,49.25607],[115.46052,49.25564],[115.46049,49.25538],[115.46046,49.25521],[115.46034,49.25492],[115.46003,49.25419],[115.45984,49.25361],[115.45946,49.25253],[115.45933,49.25218],[115.4592,49.25152],[115.45918,49.25111],[115.45911,49.25071],[115.45896,49.25024],[115.45867,49.2493],[115.4585,49.24845],[115.45841,49.24768],[115.45817,49.24627],[115.45798,49.24536],[115.45737,49.24253],[115.45719,49.24184],[115.457,49.24136],[115.45681,49.24086],[115.45651,49.2399],[115.45592,49.23764],[115.45505,49.23394],[115.45495,49.23339],[115.45481,49.23248],[115.45472,49.23191],[115.45459,49.23139],[115.45427,49.23047],[115.45413,49.2299],[115.45406,49.22919],[115.45397,49.22861],[115.45388,49.22804],[115.45338,49.2255],[115.45275,49.22181],[115.45267,49.2211],[115.45262,49.22036],[115.4526,49.21992],[115.45258,49.21932],[115.45253,49.21887],[115.45241,49.21806],[115.45237,49.21758],[115.45232,49.21709],[115.45226,49.21657],[115.45227,49.21593],[115.45235,49.21514],[115.45251,49.21377],[115.45261,49.21301],[115.45273,49.21152],[115.45275,49.21031],[115.45276,49.20986],[115.45285,49.20911],[115.45297,49.20865],[115.45321,49.20801],[115.45338,49.2074],[115.45368,49.206],[115.45391,49.20508],[115.45461,49.2029],[115.45496,49.20155],[115.45512,49.2008],[115.45521,49.20031],[115.45533,49.19949],[115.45538,49.19902],[115.45541,49.19858],[115.45548,49.19804],[115.45568,49.19725],[115.45612,49.19573],[115.45671,49.19424],[115.45733,49.19263],[115.45751,49.19212],[115.45764,49.19158],[115.45769,49.1913],[115.45772,49.19094],[115.45785,49.18994],[115.45788,49.18942],[115.45786,49.18907],[115.4579,49.18866],[115.45796,49.18832],[115.45812,49.18772],[115.45826,49.18731],[115.45845,49.18684],[115.45859,49.18611],[115.45866,49.18542],[115.45869,49.18509],[115.45868,49.18456],[115.45859,49.1841],[115.45851,49.18379],[115.4584,49.1835],[115.45818,49.18306],[115.45773,49.18216],[115.45732,49.18128],[115.45715,49.18095],[115.45704,49.1808],[115.4569,49.18063],[115.45632,49.18006],[115.45557,49.17932],[115.45451,49.17832],[115.45399,49.17784],[115.45259,49.17663],[115.45175,49.17589],[115.45156,49.17572],[115.45045,49.17466],[115.44978,49.17398],[115.44952,49.17368],[115.44936,49.17348],[115.44924,49.1733],[115.44902,49.17276],[115.44884,49.17242],[115.44865,49.17211],[115.4477,49.17064],[115.44743,49.17026],[115.44732,49.17011],[115.44706,49.16981],[115.44688,49.16962],[115.44666,49.16944],[115.44636,49.16923],[115.44611,49.16903],[115.44588,49.16876],[115.44546,49.16826],[115.44525,49.16798],[115.4449,49.16743],[115.44416,49.16613],[115.44369,49.16531],[115.44337,49.16477],[115.44317,49.1645],[115.44267,49.16397],[115.44238,49.16369],[115.44179,49.16303],[115.44148,49.16265],[115.44119,49.16226],[115.44081,49.16158],[115.44057,49.16114],[115.44014,49.16026],[115.43987,49.15972],[115.43943,49.1589],[115.43919,49.15849],[115.43889,49.15811],[115.43851,49.15775],[115.43809,49.15743],[115.43745,49.15694],[115.43674,49.15638],[115.43577,49.15559],[115.4353,49.15517],[115.43475,49.1547],[115.43392,49.15397],[115.43344,49.15344],[115.43232,49.15213],[115.4314,49.15084],[115.4303,49.14924],[115.42983,49.14857],[115.42951,49.14803],[115.42941,49.1478],[115.42936,49.14759],[115.42938,49.14729],[115.4294,49.14697],[115.4294,49.1467],[115.42935,49.14647],[115.4292,49.1462],[115.42898,49.14593],[115.42821,49.14514],[115.42778,49.14458],[115.42709,49.14354],[115.42615,49.14191],[115.42494,49.14009],[115.42407,49.13876],[115.42381,49.13826],[115.42365,49.13762],[115.42365,49.13702],[115.42376,49.13558],[115.42375,49.13504],[115.42369,49.13464],[115.42352,49.13411],[115.42337,49.1338],[115.42316,49.13352],[115.42287,49.13325],[115.42256,49.13298],[115.42148,49.13185],[115.42107,49.13139],[115.42016,49.13031],[115.41977,49.12983],[115.41947,49.12953],[115.41907,49.12919],[115.41877,49.12892],[115.41855,49.12865],[115.41825,49.1282],[115.41798,49.12782],[115.4177,49.12747],[115.4175,49.12722],[115.4174,49.12702],[115.41727,49.12662],[115.41711,49.126],[115.41701,49.12555],[115.41692,49.12519],[115.41684,49.12501],[115.4167,49.1248],[115.41528,49.12328],[115.41494,49.12286],[115.41473,49.12261],[115.41464,49.12242],[115.41443,49.12166],[115.41424,49.12091],[115.4141,49.12055],[115.4139,49.12017],[115.4136,49.11961],[115.4132,49.11851],[115.41305,49.11817],[115.41292,49.11795],[115.41272,49.11771],[115.41246,49.11741],[115.41205,49.11695],[115.41164,49.11653],[115.4114,49.11624],[115.41115,49.11576],[115.41075,49.11492],[115.41047,49.11434],[115.41021,49.11378],[115.41004,49.11353],[115.40976,49.11326],[115.40938,49.11294],[115.40912,49.11268],[115.40871,49.11217],[115.40798,49.11121],[115.4067,49.10969],[115.4064,49.10926],[115.40599,49.10853],[115.40548,49.10754],[115.40511,49.1069],[115.40484,49.10649],[115.4044,49.10601],[115.40389,49.10558],[115.40328,49.10507],[115.40306,49.10482],[115.40291,49.10459],[115.40282,49.10428],[115.40276,49.10375],[115.40261,49.10327],[115.40243,49.10294],[115.40199,49.10244],[115.39911,49.0992],[115.39817,49.09818],[115.39773,49.09759],[115.39561,49.09469],[115.39248,49.09002],[115.39192,49.0893],[115.39154,49.08886],[115.39116,49.08834],[115.39096,49.08797],[115.39081,49.08757],[115.38964,49.08368],[115.38946,49.08294],[115.38936,49.08218],[115.38945,49.08027],[115.38953,49.07943],[115.38969,49.07851],[115.38991,49.07751],[115.39001,49.07695],[115.39003,49.07638],[115.38998,49.07448],[115.38997,49.07407],[115.38987,49.07329],[115.38967,49.07207],[115.38957,49.07134],[115.38954,49.07082],[115.3895,49.07045],[115.38938,49.06985],[115.38928,49.06921],[115.38925,49.06843],[115.38929,49.06745],[115.38933,49.06681],[115.38946,49.06632],[115.38958,49.06598],[115.39021,49.0645],[115.39036,49.06398],[115.39041,49.06371],[115.39044,49.0634],[115.39042,49.06296],[115.39035,49.06252],[115.39027,49.06221],[115.39,49.06156],[115.38992,49.06136],[115.3899,49.06117],[115.38994,49.061],[115.39002,49.06084],[115.39022,49.0606],[115.39115,49.05967],[115.39123,49.05951],[115.39129,49.05932],[115.39132,49.05915],[115.39131,49.05899],[115.39125,49.05878],[115.39094,49.05772],[115.39092,49.05743],[115.39094,49.0573],[115.39102,49.05719],[115.39114,49.05712],[115.39136,49.05704],[115.39177,49.05685],[115.39193,49.05673],[115.39199,49.05661],[115.39201,49.05649],[115.39198,49.05635],[115.39161,49.05521],[115.39157,49.05489],[115.39158,49.05471],[115.39165,49.0545],[115.39179,49.05429],[115.39199,49.05413],[115.39521,49.05285],[115.39581,49.05255],[115.39606,49.05234],[115.39621,49.05213],[115.39627,49.05192],[115.39629,49.05164],[115.39632,49.05109],[115.39638,49.05057],[115.39661,49.04925],[115.39689,49.04736],[115.39701,49.04597],[115.39765,49.03959],[115.39803,49.03775],[115.39847,49.03543],[115.39863,49.03455],[115.39877,49.03337],[115.39898,49.03154],[115.39938,49.02923],[115.39956,49.02841],[115.39988,49.02719],[115.40013,49.0264],[115.4004,49.02539],[115.4009,49.02375],[115.40104,49.02331],[115.40113,49.02294],[115.40117,49.02256],[115.40116,49.02198],[115.40114,49.02152],[115.40113,49.02128],[115.40108,49.02105],[115.40103,49.02086],[115.40092,49.02062],[115.40049,49.01979],[115.39986,49.0186],[115.39755,49.01434],[115.39697,49.01335],[115.39659,49.01272],[115.39635,49.0124],[115.39564,49.01153],[115.39488,49.01042],[115.39468,49.01007],[115.39455,49.00979],[115.39334,49.00663],[115.39311,49.00608],[115.39287,49.00564],[115.3924,49.00487],[115.39157,49.00327],[115.3915,49.00312],[115.39138,49.00274],[115.39137,49.00262],[115.39138,49.00251],[115.39155,49.00195],[115.39162,49.00165],[115.39164,49.00144],[115.3918,48.99901],[115.3919,48.99834],[115.39232,48.99678],[115.3924,48.99647],[115.39245,48.99606],[115.39231,48.99558],[115.3922,48.99541],[115.39206,48.99524],[115.39175,48.99501],[115.39102,48.99465],[115.39035,48.99426],[115.38959,48.99378],[115.38719,48.99219],[115.38674,48.99187],[115.38645,48.99158],[115.38625,48.99129],[115.386,48.99079],[115.38549,48.98969],[115.38421,48.98697],[115.38267,48.98437],[115.38137,48.98202],[115.37991,48.979],[115.3771,48.97405],[115.37514,48.97045],[115.37245,48.96621],[115.37175,48.96511],[115.37087,48.96375],[115.36995,48.96233],[115.36843,48.95996],[115.36679,48.95766],[115.3662,48.95697],[115.36557,48.95638],[115.36501,48.95575],[115.36449,48.95507],[115.36346,48.95364],[115.36249,48.95248],[115.36071,48.95074],[115.36036,48.95036],[115.36006,48.94998],[115.35972,48.94949],[115.35887,48.94801],[115.35707,48.94454],[115.35585,48.94258],[115.35517,48.94154],[115.355,48.94133],[115.35484,48.94115],[115.35463,48.94087],[115.35448,48.94053],[115.35437,48.93997],[115.35433,48.93936],[115.3544,48.93778],[115.35439,48.93712],[115.35425,48.93564],[115.35422,48.93543],[115.35416,48.93523],[115.35406,48.93505],[115.35391,48.93488],[115.35308,48.93414],[115.35291,48.93397],[115.35277,48.9338],[115.35226,48.93303],[115.35194,48.93265],[115.35142,48.93217],[115.35112,48.93195],[115.35068,48.93164],[115.35016,48.93136],[115.34951,48.9311],[115.34858,48.93085],[115.34705,48.9305],[115.3427,48.9297],[115.34077,48.92926],[115.34049,48.92918],[115.34026,48.92909],[115.3396,48.92877],[115.33887,48.92847],[115.33845,48.92833],[115.33725,48.92799],[115.33623,48.92768],[115.33583,48.92752],[115.33559,48.92737],[115.33528,48.92708],[115.335,48.9267],[115.33467,48.92607],[115.33417,48.92493],[115.33403,48.9244],[115.33398,48.92373],[115.33396,48.92352],[115.33391,48.92335],[115.33372,48.92288],[115.33358,48.9226],[115.33345,48.92242],[115.33325,48.92219],[115.33298,48.92184],[115.3328,48.92154],[115.33205,48.92003],[115.33145,48.91905],[115.33126,48.91877],[115.33107,48.91858],[115.33085,48.9184],[115.3297,48.91751],[115.3296,48.91742],[115.3295,48.9173],[115.32946,48.91721],[115.32943,48.9171],[115.32938,48.91694],[115.32925,48.91673],[115.32819,48.91497],[115.32709,48.91362],[115.32589,48.91244],[115.32303,48.90921],[115.31984,48.90525],[115.31869,48.90359],[115.318,48.90269],[115.31738,48.90157],[115.31691,48.90024],[115.31657,48.8989],[115.31592,48.89747],[115.31449,48.89502],[115.31416,48.89447],[115.31397,48.8942],[115.31364,48.89379],[115.31343,48.8935],[115.31325,48.89312],[115.31317,48.89272],[115.31308,48.89214],[115.31307,48.89171],[115.31317,48.89112],[115.31333,48.89025],[115.31353,48.8883],[115.31353,48.88767],[115.31341,48.88721],[115.3132,48.88667],[115.31303,48.88635],[115.31268,48.88586],[115.31231,48.88554],[115.31179,48.88522],[115.31085,48.88473],[115.30425,48.88214],[115.30215,48.88125],[115.29749,48.87894],[115.29591,48.87822],[115.29445,48.87766],[115.29305,48.87704],[115.29191,48.87649],[115.2905,48.87575],[115.28493,48.87293],[115.28166,48.87121],[115.2794,48.87006],[115.27582,48.86804],[115.27473,48.86742],[115.27314,48.86658],[115.2729,48.86644],[115.27268,48.86629],[115.271,48.86517],[115.27071,48.86501],[115.26918,48.86423],[115.26861,48.86387],[115.268,48.86355],[115.26731,48.86318],[115.26504,48.86224],[115.26435,48.86193],[115.26359,48.86161],[115.26324,48.86143],[115.26205,48.86073],[115.26065,48.86002],[115.26032,48.85988],[115.26008,48.85979],[115.25975,48.85969],[115.25948,48.85959],[115.2592,48.85943],[115.25875,48.85915],[115.25719,48.85813],[115.25648,48.85773],[115.25561,48.85724],[115.25482,48.85683],[115.25367,48.8563],[115.25312,48.85596],[115.25268,48.85568],[115.25211,48.85535],[115.25121,48.85484],[115.25078,48.85453],[115.25022,48.85401],[115.24985,48.85355],[115.24854,48.85159],[115.248,48.85089],[115.2476,48.85045],[115.24738,48.85026],[115.2471,48.85003],[115.24678,48.84982],[115.24545,48.84907],[115.24507,48.84886],[115.24476,48.84872],[115.2441,48.84845],[115.24385,48.84831],[115.24327,48.84796],[115.24275,48.84767],[115.2421,48.84737],[115.24165,48.84722],[115.24084,48.84698],[115.2404,48.84682],[115.23888,48.84611],[115.2374,48.84547],[115.23515,48.84459],[115.23473,48.8444],[115.23429,48.84414],[115.23031,48.84153],[115.22984,48.84125],[115.22826,48.84037],[115.22784,48.84009],[115.22754,48.83987],[115.22612,48.83875],[115.22571,48.83843],[115.22518,48.83805],[115.22464,48.83763],[115.22391,48.83714],[115.22332,48.83684],[115.22217,48.83627],[115.22143,48.83575],[115.22071,48.83516],[115.21914,48.83367],[115.21878,48.83336],[115.21852,48.83317],[115.21772,48.83258],[115.21702,48.83198],[115.21653,48.83156],[115.2162,48.83134],[115.21585,48.83113],[115.21514,48.83069],[115.21455,48.83027],[115.21106,48.82766],[115.21095,48.82754],[115.21085,48.82738],[115.21082,48.82724],[115.21084,48.82673],[115.2109,48.82494],[115.21088,48.82466],[115.21082,48.82444],[115.2104,48.82331],[115.21025,48.82301],[115.21013,48.82277],[115.20991,48.82244],[115.20974,48.82218],[115.20908,48.82141],[115.20893,48.8212],[115.2084,48.82035],[115.20831,48.82014],[115.20825,48.81996],[115.20823,48.81981],[115.20816,48.81963],[115.20803,48.81941],[115.20725,48.81839],[115.20701,48.81813],[115.20687,48.81799],[115.20676,48.81789],[115.20657,48.81776],[115.20647,48.81767],[115.20638,48.81757],[115.20624,48.81734],[115.20606,48.81712],[115.20595,48.817],[115.2058,48.81689],[115.20489,48.81626],[115.20475,48.81615],[115.20469,48.81607],[115.2046,48.81595],[115.20453,48.81582],[115.20444,48.81573],[115.20416,48.81548],[115.20401,48.81536],[115.20327,48.81488],[115.20308,48.81473],[115.20297,48.81461],[115.20245,48.81399],[115.20232,48.81386],[115.20215,48.81374],[115.20182,48.81349],[115.20142,48.81307],[115.20098,48.81255],[115.2,48.81111],[115.19967,48.81064],[115.1984,48.80845],[115.19807,48.80779],[115.19789,48.80733],[115.19775,48.80675],[115.19759,48.8063],[115.19738,48.80591],[115.19702,48.80537],[115.19682,48.80502],[115.19673,48.80474],[115.19667,48.80444],[115.1966,48.80416],[115.19641,48.80375],[115.19565,48.80236],[115.19524,48.8015],[115.19511,48.80111],[115.19491,48.80031],[115.19478,48.79972],[115.19471,48.79902],[115.19456,48.79839],[115.19438,48.79789],[115.19425,48.79754],[115.19402,48.79684],[115.19382,48.79587],[115.19368,48.79492],[115.19352,48.79425],[115.19307,48.7926],[115.19301,48.79233],[115.19299,48.79214],[115.19296,48.79118],[115.19298,48.79074],[115.19324,48.78882],[115.19328,48.78863],[115.19334,48.78846],[115.19346,48.78827],[115.19366,48.78802],[115.19379,48.78783],[115.19385,48.78771],[115.19389,48.78756],[115.1939,48.78734],[115.19386,48.78715],[115.1938,48.78695],[115.19359,48.78637],[115.19345,48.78579],[115.19341,48.78535],[115.19323,48.78123],[115.19316,48.77643],[115.19318,48.77592],[115.19328,48.77535],[115.19342,48.77472],[115.19348,48.77428],[115.1935,48.77361],[115.19364,48.77213],[115.19372,48.77171],[115.19405,48.77034],[115.1941,48.76998],[115.19417,48.76906],[115.19424,48.76871],[115.19432,48.76842],[115.19471,48.76731],[115.19491,48.76675],[115.19499,48.76642],[115.19495,48.76585],[115.19497,48.76532],[115.19506,48.76477],[115.19519,48.76441],[115.19538,48.764],[115.19554,48.76368],[115.19567,48.7632],[115.19593,48.76242],[115.19613,48.76195],[115.1964,48.76153],[115.19721,48.76061],[115.19863,48.75913],[115.19965,48.75768],[115.20131,48.75548],[115.20221,48.75434],[115.20279,48.75342],[115.20292,48.75308],[115.20296,48.75267],[115.20295,48.75229],[115.20286,48.75193],[115.2024,48.75023],[115.20231,48.74959],[115.20229,48.74807],[115.20221,48.74753],[115.20189,48.74582],[115.20186,48.74556],[115.20186,48.74537],[115.20204,48.74453],[115.20219,48.74409],[115.20233,48.74382],[115.20252,48.74347],[115.20259,48.74318],[115.20255,48.74294],[115.20244,48.74269],[115.20219,48.74196],[115.20202,48.74126],[115.20199,48.74098],[115.20205,48.7406],[115.20237,48.73979],[115.20248,48.73942],[115.20251,48.73911],[115.20246,48.7384],[115.20243,48.73812],[115.20233,48.73775],[115.20218,48.73739],[115.20193,48.73692],[115.20135,48.73607],[115.20098,48.73544],[115.2006,48.73455],[115.2002,48.73317],[115.19996,48.73223],[115.19946,48.73063],[115.19894,48.72889],[115.19848,48.72712],[115.19807,48.72508],[115.19722,48.72207],[115.19699,48.72143],[115.19658,48.72037],[115.19625,48.71969],[115.19593,48.71891],[115.1949,48.71631],[115.19446,48.715],[115.19401,48.71394],[115.19297,48.71158],[115.19237,48.7104],[115.19152,48.7087],[115.19081,48.70711],[115.18989,48.70512],[115.18851,48.70268],[115.18606,48.69873],[115.18592,48.69856],[115.18578,48.69841],[115.18555,48.69823],[115.18525,48.69806],[115.18484,48.69786],[115.18322,48.69722],[115.18198,48.69665],[115.18143,48.69642],[115.18094,48.69616],[115.18067,48.69597],[115.18021,48.69562],[115.17956,48.69519],[115.17874,48.69476],[115.1775,48.69419],[115.1769,48.69392],[115.17637,48.69376],[115.17473,48.69334],[115.17395,48.69313],[115.17302,48.69282],[115.17211,48.69244],[115.17121,48.69191],[115.17038,48.69133],[115.16984,48.69091],[115.16891,48.69013],[115.1682,48.68962],[115.16753,48.68922],[115.16636,48.68876],[115.16548,48.68839],[115.16442,48.68777],[115.16254,48.68639],[115.16169,48.68566],[115.16073,48.68481],[115.1603,48.6842],[115.15926,48.6822],[115.15839,48.68013],[115.15804,48.67883],[115.15765,48.67793],[115.15727,48.67689],[115.15625,48.67535],[115.15504,48.67378],[115.15348,48.6716],[115.15264,48.67044],[115.15165,48.66893],[115.15056,48.66719],[115.1496,48.66516],[115.14931,48.66459],[115.14821,48.66238],[115.14765,48.66115],[115.14746,48.66065],[115.14732,48.6603],[115.14712,48.65991],[115.14688,48.65961],[115.1465,48.65916],[115.1461,48.65868],[115.14572,48.6581],[115.14454,48.65635],[115.14406,48.65548],[115.14345,48.6542],[115.14305,48.65314],[115.14285,48.6528],[115.14251,48.65242],[115.14208,48.65182],[115.14193,48.6515],[115.14179,48.65105],[115.14155,48.65055],[115.14128,48.65012],[115.14084,48.64949],[115.14035,48.64847],[115.13971,48.64693],[115.13949,48.64642],[115.13902,48.64548],[115.13857,48.64471],[115.1384,48.64441],[115.13823,48.64406],[115.1381,48.64368],[115.13796,48.64336],[115.13706,48.64221],[115.13628,48.641],[115.13541,48.63983],[115.13504,48.63936],[115.13472,48.63888],[115.1345,48.63841],[115.13409,48.63699],[115.13387,48.6364],[115.13368,48.636],[115.13344,48.63568],[115.13321,48.63538],[115.13276,48.63489],[115.13221,48.63431],[115.13094,48.63316],[115.13054,48.63278],[115.12995,48.63217],[115.12934,48.63141],[115.12905,48.63096],[115.12853,48.62989],[115.12825,48.62948],[115.1275,48.62862],[115.1272,48.62809],[115.12688,48.62745],[115.12664,48.6271],[115.12619,48.62668],[115.12582,48.62633],[115.12535,48.62579],[115.12494,48.62508],[115.12464,48.62434],[115.12438,48.62376],[115.12415,48.62342],[115.12326,48.62214],[115.12281,48.62129],[115.12245,48.6204],[115.12183,48.61864],[115.12165,48.61815],[115.12137,48.61747],[115.12125,48.61728],[115.12109,48.6171],[115.12096,48.61697],[115.12001,48.61634],[115.11975,48.61618],[115.11917,48.61589],[115.11888,48.61571],[115.11869,48.61553],[115.11859,48.61536],[115.11846,48.61496],[115.11829,48.61447],[115.11812,48.6141],[115.11748,48.61307],[115.11706,48.61237],[115.11695,48.61215],[115.11646,48.6109],[115.1164,48.61062],[115.11635,48.61036],[115.11619,48.60983],[115.116,48.60927],[115.11573,48.60862],[115.11534,48.60766],[115.11493,48.60676],[115.11485,48.60664],[115.11474,48.60654],[115.11449,48.60633],[115.11438,48.60621],[115.11425,48.60606],[115.11413,48.60583],[115.11408,48.60569],[115.11405,48.60557],[115.114,48.60498],[115.11396,48.60482],[115.11389,48.60463],[115.11271,48.60253],[115.11257,48.60221],[115.11243,48.6019],[115.11227,48.60162],[115.11212,48.60142],[115.11196,48.60127],[115.11182,48.60115],[115.11166,48.60099],[115.11155,48.60086],[115.11144,48.60071],[115.11126,48.60052],[115.11092,48.60022],[115.11028,48.59964],[115.10984,48.59918],[115.10833,48.59772],[115.10701,48.59663],[115.10671,48.59634],[115.10641,48.59604],[115.10617,48.59578],[115.10572,48.59539],[115.10518,48.595],[115.10454,48.59465],[115.10375,48.59423],[115.10323,48.59387],[115.1022,48.59288],[115.10201,48.59259],[115.10187,48.59232],[115.10176,48.59182],[115.10169,48.59147],[115.10151,48.59093],[115.10052,48.58921],[115.10018,48.58866],[115.09944,48.58771],[115.09798,48.58585],[115.09762,48.58526],[115.09731,48.58459],[115.09686,48.5831],[115.09602,48.58174],[115.09527,48.5807],[115.09468,48.58013],[115.09376,48.57902],[115.09354,48.57879],[115.09333,48.57859],[115.09257,48.57807],[115.09198,48.57754],[115.09132,48.57698],[115.0902,48.5761]]}},{"type":"Feature","properties":{},"geometry":{"type":"LineString","coordinates":[[115.0902,48.5761],[115.0895,48.57565],[115.08885,48.5753],[115.08787,48.57474],[115.08728,48.57437],[115.08682,48.57408],[115.0859,48.57343],[115.08532,48.57303],[115.08411,48.57215],[115.08381,48.57192],[115.08354,48.57163],[115.08328,48.5713],[115.08294,48.57083],[115.08189,48.56965],[115.08104,48.56864],[115.0793,48.56665],[115.07872,48.56598],[115.07832,48.56562],[115.07514,48.56282],[115.07486,48.56253],[115.07451,48.56213],[115.0741,48.56162],[115.07359,48.56088],[115.07282,48.55986],[115.07268,48.55971],[115.0725,48.55955],[115.07203,48.55918],[115.07129,48.55851],[115.06961,48.55683],[115.06888,48.55616],[115.06719,48.55476],[115.06566,48.5538],[115.06518,48.55359],[115.06476,48.55345],[115.06432,48.55329],[115.06391,48.55309],[115.06363,48.55291],[115.06322,48.55252],[115.06262,48.55197],[115.06135,48.55102],[115.06039,48.55036],[115.05995,48.55009],[115.05964,48.54994],[115.05918,48.54971],[115.05771,48.54914],[115.05734,48.54898],[115.05614,48.54848],[115.05584,48.54832],[115.05566,48.54819],[115.055,48.54753],[115.0548,48.54736],[115.05452,48.54719],[115.05234,48.54595],[115.05182,48.54568],[115.05159,48.54556],[115.05145,48.54547],[115.05129,48.54531],[115.05049,48.5444],[115.05022,48.54414],[115.04995,48.54393],[115.04957,48.54371],[115.04933,48.54362],[115.0488,48.54342],[115.04823,48.54318],[115.04758,48.54281],[115.04696,48.5425],[115.0462,48.54218],[115.0458,48.54196],[115.0452,48.54157],[115.04438,48.54095],[115.04383,48.54051],[115.04338,48.54009],[115.04262,48.53948],[115.04187,48.53895],[115.0411,48.53854],[115.04069,48.53839],[115.04012,48.53819],[115.03946,48.538],[115.03853,48.53776],[115.03492,48.53699],[115.03443,48.53689],[115.03398,48.53677],[115.03333,48.53658],[115.03289,48.53648],[115.03234,48.53639],[115.03204,48.53634],[115.03179,48.53631],[115.03146,48.53631],[115.03114,48.5363],[115.03067,48.53626],[115.03024,48.53621],[115.02991,48.53617],[115.02957,48.5361],[115.02932,48.53606],[115.02899,48.53604],[115.02829,48.53605],[115.02683,48.53602],[115.02638,48.536],[115.02585,48.53595],[115.02543,48.53588],[115.02497,48.53576],[115.02472,48.53569],[115.02448,48.53562],[115.02419,48.53554],[115.02357,48.53543],[115.02309,48.53532],[115.02208,48.53502],[115.01978,48.53427],[115.01914,48.53404],[115.01836,48.53379],[115.01749,48.53351],[115.01652,48.53315],[115.01602,48.53292],[115.01533,48.53257],[115.0142,48.53205],[115.01263,48.53142],[115.01178,48.53104],[115.01086,48.53059],[115.00987,48.53006],[115.00921,48.52968],[115.00846,48.52924],[115.00755,48.52862],[115.00683,48.52812],[115.00611,48.52756],[115.00561,48.52712],[115.00424,48.52573],[115.00358,48.52506],[115.00283,48.52412],[115.00204,48.52308],[115.0015,48.52239],[115.00048,48.52129],[114.99972,48.52054],[114.99912,48.51991],[114.99855,48.51937],[114.99687,48.51811],[114.99614,48.51758],[114.99535,48.51704],[114.99435,48.51644],[114.99345,48.51597],[114.9931,48.5158],[114.99164,48.51514],[114.99144,48.51503],[114.99134,48.51496],[114.99111,48.5148],[114.99098,48.51469],[114.99082,48.5145],[114.99063,48.51428],[114.99052,48.51414],[114.99034,48.51397],[114.98998,48.51365],[114.98892,48.51275],[114.98862,48.51251],[114.9884,48.51237],[114.98704,48.51159],[114.98678,48.51143],[114.98648,48.51117],[114.98617,48.51091],[114.98582,48.51058],[114.98551,48.51033],[114.9852,48.51015],[114.98467,48.5099],[114.98333,48.50936],[114.98276,48.50907],[114.98231,48.50882],[114.98083,48.50793],[114.98025,48.5076],[114.97941,48.50717],[114.97882,48.5069],[114.9778,48.50649],[114.97584,48.50575],[114.97523,48.5055],[114.97467,48.50524],[114.97424,48.50499],[114.97265,48.50394],[114.97079,48.50288],[114.97065,48.50281],[114.97044,48.50272],[114.97027,48.50267],[114.97008,48.50263],[114.96949,48.50251],[114.96927,48.50245],[114.96903,48.50238],[114.96884,48.5023],[114.96852,48.50213],[114.9674,48.50151],[114.96675,48.50118],[114.96623,48.50096],[114.96547,48.5007],[114.96292,48.49979],[114.96233,48.49954],[114.96199,48.49934],[114.96167,48.49909],[114.96117,48.49866],[114.95991,48.49738],[114.95862,48.49614],[114.95811,48.49562],[114.95774,48.49525],[114.95652,48.49381],[114.95572,48.49297],[114.95508,48.49242],[114.95298,48.49082],[114.95086,48.48899],[114.94959,48.48804],[114.94922,48.4878],[114.94916,48.48778],[114.94909,48.48777],[114.94901,48.48777],[114.94866,48.48788],[114.94856,48.48789],[114.94845,48.48786],[114.94833,48.48783],[114.94816,48.48772],[114.94799,48.48757],[114.94712,48.48662],[114.94682,48.48629],[114.94603,48.48547],[114.94563,48.48511],[114.94479,48.48444],[114.94455,48.48418],[114.94433,48.48391],[114.94371,48.48291],[114.94355,48.48249],[114.9434,48.48194],[114.94334,48.48163],[114.94338,48.48138],[114.94346,48.48096],[114.94356,48.4803],[114.94363,48.48],[114.94381,48.47921],[114.94386,48.47901],[114.94383,48.47878],[114.94364,48.47758],[114.94364,48.47729],[114.94368,48.47683],[114.9437,48.47662],[114.94359,48.47599],[114.94356,48.47582],[114.94345,48.47555],[114.94293,48.47435],[114.94262,48.47364],[114.94223,48.47288],[114.94145,48.47168],[114.94117,48.47124],[114.94074,48.47068],[114.94044,48.47035],[114.93906,48.46911],[114.9388,48.46889],[114.93837,48.46862],[114.93533,48.46685],[114.93496,48.46662],[114.93447,48.46635],[114.93385,48.46599],[114.93343,48.46567],[114.93302,48.46535],[114.93246,48.46496],[114.93193,48.46464],[114.93126,48.46419],[114.93106,48.46402],[114.93086,48.46387],[114.93068,48.46378],[114.92966,48.46329],[114.92942,48.46316],[114.92929,48.46307],[114.92911,48.46294],[114.92895,48.46279],[114.9281,48.46218],[114.92762,48.46178],[114.92638,48.46086],[114.92537,48.46015],[114.92374,48.45897],[114.9222,48.45803],[114.9204,48.45699],[114.91974,48.45668],[114.91907,48.45629],[114.91876,48.45603],[114.91814,48.45558],[114.91767,48.45526],[114.91713,48.45497],[114.91634,48.45458],[114.9155,48.4541],[114.91474,48.45357],[114.91422,48.45315],[114.91146,48.45074],[114.9097,48.4492],[114.90839,48.44797],[114.9061,48.44588],[114.90329,48.44343],[114.90199,48.4423],[114.90076,48.44133],[114.90042,48.44111],[114.89998,48.4409],[114.89918,48.44047],[114.89873,48.44019],[114.89793,48.43965],[114.89763,48.4394],[114.89715,48.4389],[114.89699,48.43868],[114.89693,48.43858],[114.89688,48.43835],[114.89686,48.43811],[114.89691,48.43785],[114.89692,48.43772],[114.8969,48.43759],[114.89673,48.43732],[114.89645,48.43702],[114.89618,48.43677],[114.8954,48.43612],[114.89528,48.43603],[114.89516,48.43596],[114.89493,48.43585],[114.89455,48.43568],[114.89438,48.43557],[114.89424,48.43547],[114.89181,48.43347],[114.89148,48.43318],[114.89129,48.43296],[114.88985,48.43133],[114.88971,48.43116],[114.88964,48.43104],[114.88948,48.43071],[114.88935,48.43038],[114.88927,48.43018],[114.88914,48.42994],[114.88894,48.42968],[114.8885,48.42928],[114.88827,48.42912],[114.88801,48.42902],[114.88762,48.42893],[114.88729,48.42881],[114.88703,48.42862],[114.88605,48.42775],[114.88499,48.42669],[114.88488,48.42656],[114.88482,48.4264],[114.88481,48.42632]]}},{"type":"Feature","properties":{},"geometry":{"type":"LineString","coordinates":[[115.0902,48.5761],[115.09209,48.57677],[115.09606,48.57836],[115.0984,48.58023],[115.10253,48.58132],[115.10552,48.58187],[115.1086,48.58185],[115.11247,48.58241],[115.11722,48.58247],[115.12605,48.58421],[115.13178,48.58501],[115.14453,48.58623],[115.1501,48.5876],[115.15407,48.58803],[115.1722,48.59018],[115.18375,48.59094],[115.19368,48.5923],[115.20834,48.59555],[115.20932,48.59581],[115.21263,48.59672],[115.21679,48.59772],[115.22059,48.59868],[115.22324,48.60033],[115.22834,48.60124],[115.23467,48.60309],[115.24224,48.60451],[115.24799,48.60557],[115.25657,48.60885],[115.26025,48.60979],[115.26775,48.61213],[115.27685,48.6146],[115.28975,48.61833],[115.3061,48.62077],[115.31805,48.62245],[115.32209,48.62303],[115.32529,48.62384],[115.32762,48.62369],[115.3411,48.62295],[115.35138,48.62273],[115.35779,48.62342],[115.3623,48.62323],[115.36792,48.62373],[115.37895,48.62343],[115.38289,48.62331],[115.38419,48.62298],[115.38923,48.62072],[115.3917,48.61898],[115.39588,48.61484],[115.39909,48.61434],[115.40157,48.61345],[115.40777,48.61289],[115.41403,48.61282],[115.42028,48.61333],[115.4303,48.61207],[115.43993,48.61164],[115.44303,48.61169],[115.44717,48.61205],[115.45023,48.61201],[115.45437,48.61038],[115.45897,48.60837],[115.46172,48.60795],[115.4671,48.60793],[115.47384,48.60824],[115.48008,48.60953],[115.48637,48.61156],[115.48971,48.61301],[115.49081,48.61379],[115.49272,48.6139],[115.49512,48.61452],[115.50012,48.61695],[115.50611,48.61888],[115.50986,48.62108],[115.51263,48.62218],[115.51661,48.6235],[115.52115,48.6245],[115.52541,48.62549],[115.53033,48.6261],[115.53888,48.62678],[115.54349,48.62672],[115.54812,48.62764],[115.54986,48.62815],[115.55213,48.62839],[115.55438,48.62933],[115.55684,48.6295],[115.55894,48.63003],[115.56379,48.63084],[115.56649,48.63094],[115.56999,48.63085],[115.57233,48.63078],[115.57477,48.63126],[115.57726,48.63203],[115.57939,48.63177],[115.58182,48.63195],[115.58394,48.63203],[115.58607,48.63233],[115.58765,48.63219],[115.58945,48.63247],[115.59278,48.63248],[115.59516,48.63278],[115.59692,48.63251],[115.59918,48.63279],[115.60244,48.63265],[115.60778,48.63284],[115.60962,48.63308],[115.6176,48.63359],[115.61917,48.6338],[115.62207,48.63338],[115.62644,48.63364],[115.6314,48.63415],[115.63536,48.63539],[115.64174,48.63827],[115.64779,48.63993],[115.65286,48.641],[115.65904,48.64114],[115.66174,48.64059],[115.66552,48.64053],[115.67554,48.63828],[115.67739,48.63819],[115.68126,48.63755],[115.68781,48.63733],[115.69659,48.63624],[115.69718,48.63626],[115.69992,48.63639],[115.70251,48.63695],[115.7051,48.63678],[115.70641,48.63675],[115.71221,48.63722],[115.71562,48.63793],[115.71807,48.63821],[115.72092,48.63778],[115.72294,48.63733],[115.72341,48.63723]]}},{"type":"Feature","properties":{},"geometry":{"type":"LineString","coordinates":[[110.64845,47.31884],[110.64941,47.31902],[110.65012,47.31913],[110.65422,47.31979],[110.65683,47.3202],[110.65742,47.3203],[110.65799,47.32039],[110.65854,47.32048],[110.65914,47.32057],[110.65991,47.32069],[110.66048,47.32078],[110.66094,47.32086],[110.66249,47.3211],[110.66362,47.32129],[110.66387,47.32133],[110.66465,47.32145],[110.66478,47.32147],[110.66629,47.32173],[110.66674,47.32179],[110.66777,47.32193],[110.66949,47.32213],[110.6697,47.32214],[110.67002,47.32219],[110.67022,47.32222],[110.67214,47.32253],[110.67326,47.32272],[110.67343,47.32275],[110.67452,47.32289],[110.67831,47.32341],[110.67843,47.32345],[110.67851,47.3235],[110.67859,47.32358],[110.67862,47.32365],[110.67862,47.3237],[110.67856,47.32392],[110.67848,47.32423]]}},{"type":"Feature","properties":{},"geometry":{"type":"LineString","coordinates":[[110.67753,47.33174],[110.6777,47.33124],[110.67776,47.33105],[110.67794,47.33048],[110.6781,47.32987],[110.67783,47.32783],[110.67779,47.32701],[110.67779,47.32679],[110.67783,47.32654],[110.67806,47.32575],[110.67838,47.32464],[110.67848,47.32423]]}},{"type":"Feature","properties":{},"geometry":{"type":"LineString","coordinates":[[94.30336,49.69639],[94.30426,49.69625],[94.30468,49.69619],[94.30538,49.69601],[94.30593,49.6961],[94.30629,49.6961],[94.30689,49.69583],[94.30798,49.69546],[94.30999,49.69456],[94.31601,49.69214],[94.31901,49.69045],[94.3201,49.6899],[94.32079,49.68967],[94.3248,49.68743],[94.32754,49.68572],[94.33493,49.6814],[94.34711,49.67412],[94.35119,49.67177],[94.35331,49.67055],[94.35484,49.66957],[94.35776,49.66784],[94.36049,49.66623],[94.36192,49.66532],[94.36412,49.66405],[94.36539,49.66321],[94.36639,49.66262],[94.36892,49.66107],[94.36945,49.66081],[94.37042,49.66037],[94.37088,49.66019],[94.37137,49.66001],[94.37208,49.65996],[94.37249,49.6599],[94.37355,49.65986],[94.37588,49.65996],[94.37642,49.66001],[94.37699,49.66],[94.37743,49.65975],[94.37776,49.65944],[94.37819,49.65922],[94.37937,49.65875],[94.3801,49.65847],[94.38047,49.65838],[94.38215,49.65839],[94.38304,49.65841],[94.38371,49.6584]]}},{"type":"Feature","properties":{},"geometry":{"type":"LineString","coordinates":[[98.6934,49.59687],[98.69282,49.5967],[98.69232,49.59654],[98.6903,49.5959],[98.68842,49.59521],[98.68796,49.59495],[98.6876,49.59489],[98.68728,49.59483],[98.68557,49.59421],[98.68282,49.59253],[98.68195,49.5921],[98.68155,49.59185],[98.68051,49.59142],[98.67908,49.59083],[98.67654,49.58941],[98.6753,49.5883],[98.67496,49.58792],[98.67386,49.58703],[98.67247,49.58614],[98.67161,49.58579],[98.67062,49.58548],[98.66918,49.58492],[98.66461,49.58276],[98.66368,49.58238],[98.66184,49.58145],[98.66025,49.58073],[98.6593,49.58045],[98.65796,49.57997],[98.65659,49.57973],[98.65609,49.57958],[98.65526,49.5792],[98.6548,49.57886],[98.65427,49.57837],[98.65295,49.57796],[98.64992,49.57669],[98.64823,49.57605],[98.64606,49.57555],[98.64526,49.5753],[98.64456,49.57495],[98.64343,49.57455],[98.64269,49.57405],[98.64187,49.57314],[98.64123,49.57187],[98.6409,49.5714],[98.64078,49.57099],[98.64046,49.57036],[98.6397,49.56931],[98.63944,49.56879],[98.63854,49.56796],[98.63743,49.56713],[98.63708,49.56702],[98.63612,49.56656],[98.63504,49.56593],[98.63206,49.56438],[98.63108,49.56399],[98.62952,49.56357],[98.62835,49.56319],[98.62689,49.56261],[98.62139,49.56018],[98.61817,49.55884],[98.61361,49.55724],[98.6125,49.55701],[98.61193,49.55683],[98.61124,49.55685],[98.61075,49.5567],[98.60906,49.55636],[98.60821,49.55604],[98.60514,49.55545],[98.60352,49.55488],[98.59967,49.55392],[98.59747,49.55309],[98.5961,49.55266],[98.59501,49.55212],[98.5937,49.55187],[98.58975,49.55137],[98.58892,49.55113],[98.58822,49.551],[98.58667,49.55092],[98.58511,49.5509],[98.58251,49.55065],[98.58115,49.55031],[98.57835,49.55],[98.57547,49.54953],[98.57299,49.54936],[98.56892,49.54895],[98.56749,49.54876],[98.56695,49.54877],[98.56597,49.54871],[98.56539,49.54855],[98.56394,49.54802],[98.5627,49.54777],[98.56118,49.54763],[98.56056,49.5477],[98.55963,49.54767],[98.55912,49.5477],[98.55854,49.5476],[98.55791,49.54761],[98.55731,49.54752],[98.55559,49.54698],[98.55304,49.54645],[98.55262,49.54649],[98.55219,49.54647],[98.55085,49.54613],[98.54856,49.54577],[98.54631,49.54548],[98.54305,49.54494],[98.54171,49.54476],[98.54143,49.54477],[98.53991,49.54427],[98.53879,49.54365],[98.5373,49.54327],[98.53624,49.54293],[98.53436,49.54243]]}},{"type":"Feature","properties":{},"geometry":{"type":"LineString","coordinates":[[93.22738,47.04414],[93.22734,47.04384],[93.22735,47.04377],[93.22741,47.04366],[93.22751,47.04356],[93.22756,47.04351],[93.22761,47.04344],[93.22761,47.04336],[93.22757,47.0433],[93.22744,47.04318],[93.22738,47.0431],[93.22734,47.04304],[93.22726,47.04237],[93.22654,47.03598],[93.2253,47.02575],[93.225,47.02291],[93.22454,47.01905],[93.22301,47.00599],[93.22214,46.99883],[93.22202,46.99744],[93.22055,46.98494],[93.21986,46.97905],[93.21899,46.97186],[93.2187,46.96919],[93.21868,46.96833],[93.21874,46.96777],[93.21894,46.96694],[93.21931,46.96601],[93.21975,46.96524],[93.2204,46.96425],[93.22184,46.96245],[93.22846,46.95402],[93.23584,46.94458],[93.24304,46.93531],[93.24409,46.93386],[93.24478,46.9323],[93.24535,46.9305],[93.24555,46.92888],[93.24528,46.92639],[93.24311,46.92196],[93.23771,46.91416],[93.22998,46.90387],[93.22706,46.89967],[93.2229,46.88941],[93.2229,46.88756],[93.22311,46.88648],[93.22371,46.88516],[93.22466,46.8839],[93.23045,46.87856],[93.24092,46.86888],[93.25032,46.85872],[93.25655,46.85159],[93.2598,46.84723],[93.26167,46.84495],[93.26349,46.84334],[93.26544,46.84214],[93.26646,46.84154],[93.26761,46.8411],[93.26885,46.84055],[93.27056,46.83999],[93.27205,46.83964],[93.27373,46.83935],[93.28302,46.83779],[93.28667,46.83712],[93.28918,46.83627],[93.28969,46.83608],[93.28989,46.8359],[93.29006,46.83546],[93.29064,46.83132],[93.29134,46.82975],[93.29333,46.82737],[93.29457,46.8258],[93.29521,46.82444],[93.29548,46.82317],[93.29575,46.82109],[93.29593,46.82034],[93.29625,46.81974],[93.29707,46.81905],[93.29965,46.81665],[93.30178,46.81437],[93.30318,46.8127],[93.3035,46.81219],[93.3037,46.81163]]}},{"type":"Feature","properties":{},"geometry":{"type":"LineString","coordinates":[[106.81906,47.91006],[106.81902,47.91027],[106.81897,47.91069],[106.81876,47.91189],[106.81865,47.91264],[106.81854,47.91298]]}},{"type":"Feature","properties":{},"geometry":{"type":"LineString","coordinates":[[106.81854,47.91298],[106.81856,47.91263],[106.81885,47.9107],[106.81891,47.91026],[106.81896,47.91005]]}},{"type":"Feature","properties":{},"geometry":{"type":"LineString","coordinates":[[106.90726,47.90829],[106.90727,47.90839],[106.90727,47.90845],[106.90729,47.90875],[106.90732,47.9092],[106.90734,47.90953],[106.90735,47.90962],[106.90736,47.90989],[106.90738,47.91034],[106.90744,47.91049],[106.90747,47.91056],[106.90755,47.91062],[106.90791,47.91093],[106.90824,47.9112],[106.9084,47.91133],[106.90851,47.91144],[106.90856,47.91148],[106.90858,47.91154],[106.90856,47.91171],[106.90848,47.9122],[106.90844,47.91228],[106.90839,47.91235],[106.90832,47.91242],[106.90793,47.91269],[106.90787,47.91275],[106.90783,47.9128],[106.90774,47.91318]]}},{"type":"Feature","properties":{},"geometry":{"type":"LineString","coordinates":[[106.91441,47.90824],[106.91393,47.90828],[106.9135,47.90829],[106.91296,47.90829],[106.912,47.90824],[106.91166,47.90824]]}},{"type":"Feature","properties":{},"geometry":{"type":"LineString","coordinates":[[106.97407,47.91559],[106.97412,47.91565],[106.97415,47.91568],[106.97418,47.91571],[106.97422,47.91574],[106.97426,47.91578],[106.97431,47.91581],[106.97437,47.91584],[106.97442,47.91586],[106.97448,47.91588],[106.97454,47.91589],[106.97462,47.91592]]}},{"type":"Feature","properties":{},"geometry":{"type":"LineString","coordinates":[[106.97721,47.91213],[106.97706,47.91189],[106.97683,47.91167]]}},{"type":"Feature","properties":{},"geometry":{"type":"LineString","coordinates":[[106.48917,50.32172],[106.48923,50.32134],[106.48935,50.32126],[106.48971,50.32106],[106.48981,50.32055],[106.48983,50.32048],[106.48987,50.32038]]}},{"type":"Feature","properties":{},"geometry":{"type":"LineString","coordinates":[[106.91986,47.91714],[106.91979,47.91721]]}},{"type":"Feature","properties":{},"geometry":{"type":"LineString","coordinates":[[106.91628,47.91687],[106.91623,47.91669]]}},{"type":"Feature","properties":{},"geometry":{"type":"LineString","coordinates":[[106.94227,47.92692],[106.94178,47.92718],[106.94164,47.92723],[106.94146,47.92731]]}},{"type":"Feature","properties":{},"geometry":{"type":"LineString","coordinates":[[106.9071,47.91383],[106.90707,47.91395],[106.90696,47.91454],[106.90679,47.91547],[106.90668,47.91607],[106.90669,47.91608],[106.90671,47.91612],[106.90674,47.91616],[106.90683,47.91621]]}},{"type":"Feature","properties":{},"geometry":{"type":"LineString","coordinates":[[106.90727,47.91633],[106.90719,47.91635],[106.90715,47.91638],[106.90713,47.91642],[106.90709,47.9166]]}},{"type":"Feature","properties":{},"geometry":{"type":"LineString","coordinates":[[106.89483,47.91527],[106.89483,47.91549],[106.89482,47.91569],[106.89484,47.91578],[106.89488,47.91587],[106.89509,47.91606],[106.89548,47.91635],[106.89553,47.91644]]}},{"type":"Feature","properties":{},"geometry":{"type":"LineString","coordinates":[[106.92804,47.90494],[106.92795,47.90493],[106.92781,47.9049],[106.92776,47.90489],[106.92772,47.90488],[106.9273,47.90482],[106.92714,47.9048]]}},{"type":"Feature","properties":{},"geometry":{"type":"LineString","coordinates":[[106.91108,47.90362],[106.911,47.90361],[106.91083,47.90361],[106.91067,47.90364],[106.91053,47.90371],[106.91042,47.90381]]}},{"type":"Feature","properties":{},"geometry":{"type":"LineString","coordinates":[[106.91109,47.90256],[106.91192,47.90312],[106.91218,47.90329],[106.91283,47.90374]]}},{"type":"Feature","properties":{},"geometry":{"type":"LineString","coordinates":[[115.71991,49.87405],[115.71959,49.87394],[115.71937,49.87392],[115.71911,49.8739],[115.71889,49.87383],[115.71871,49.87378],[115.71851,49.87376],[115.71615,49.87379],[115.71592,49.87381],[115.71564,49.87392],[115.71534,49.87397],[115.71433,49.87392],[115.71391,49.87393],[115.71342,49.87386],[115.71305,49.87391],[115.71252,49.87413],[115.71214,49.87411],[115.7115,49.87398],[115.71123,49.87399],[115.71028,49.87389],[115.70946,49.87397],[115.7077,49.87395],[115.70579,49.87396],[115.70365,49.8739],[115.70129,49.87358],[115.6996,49.87337],[115.69899,49.87321],[115.69857,49.87312],[115.69812,49.87297],[115.698,49.87293],[115.69636,49.87212]]}},{"type":"Feature","properties":{},"geometry":{"type":"Polygon","coordinates":[[[106.91317,47.90398],[106.91316,47.90396],[106.91316,47.90394],[106.91316,47.90392],[106.91316,47.90391],[106.91317,47.90389],[106.91317,47.90388],[106.91318,47.90387],[106.91318,47.90385],[106.91319,47.90384],[106.91321,47.90383],[106.91322,47.90381],[106.91324,47.9038],[106.91325,47.90379],[106.91327,47.90378],[106.91329,47.90378],[106.91332,47.90377],[106.91334,47.90377],[106.91336,47.90376],[106.91339,47.90376],[106.91342,47.90376],[106.91345,47.90376],[106.91348,47.90376],[106.91351,47.90376],[106.91354,47.90377],[106.91357,47.90377],[106.9136,47.90378],[106.91362,47.90378],[106.91364,47.90379],[106.91367,47.9038],[106.91369,47.90381],[106.91372,47.90382],[106.91374,47.90383],[106.91376,47.90384],[106.91378,47.90385],[106.9138,47.90387],[106.91383,47.90388],[106.91385,47.90389],[106.91387,47.90391],[106.91393,47.90396],[106.91395,47.90404],[106.91384,47.90416],[106.91381,47.90416],[106.91378,47.90416],[106.91374,47.90416],[106.91371,47.90416],[106.91367,47.90416],[106.91363,47.90415],[106.9136,47.90415],[106.91356,47.90415],[106.91353,47.90414],[106.91349,47.90413],[106.91346,47.90413],[106.91342,47.90412],[106.91339,47.90411],[106.91336,47.9041],[106.91331,47.90409],[106.91324,47.90403],[106.91317,47.90398]]]}},{"type":"Feature","properties":{},"geometry":{"type":"LineString","coordinates":[[106.91406,47.90456],[106.91388,47.90445],[106.91368,47.90433],[106.91331,47.90409]]}},{"type":"Feature","properties":{},"geometry":{"type":"LineString","coordinates":[[106.91283,47.90374],[106.91302,47.90377],[106.91314,47.90377],[106.91324,47.9038]]}},{"type":"Feature","properties":{},"geometry":{"type":"LineString","coordinates":[[106.91317,47.90398],[106.91283,47.90374]]}},{"type":"Feature","properties":{},"geometry":{"type":"LineString","coordinates":[[106.91396,47.90415],[106.91396,47.90423],[106.91395,47.90428],[106.91395,47.90431],[106.91395,47.90435],[106.91395,47.90438],[106.91397,47.90442],[106.91401,47.90448],[106.91406,47.90456]]}},{"type":"Feature","properties":{},"geometry":{"type":"LineString","coordinates":[[106.93218,47.90812],[106.93296,47.90811]]}},{"type":"Feature","properties":{},"geometry":{"type":"LineString","coordinates":[[107.02901,47.90228],[107.02889,47.90211],[107.02889,47.90209],[107.02875,47.90192],[107.02841,47.90149],[107.02814,47.90115],[107.02793,47.90089],[107.02771,47.90057]]}},{"type":"Feature","properties":{},"geometry":{"type":"LineString","coordinates":[[106.93215,47.90823],[106.93091,47.90824]]}},{"type":"Feature","properties":{},"geometry":{"type":"LineString","coordinates":[[104.01885,49.01283],[104.0186,49.013]]}},{"type":"Feature","properties":{},"geometry":{"type":"LineString","coordinates":[[106.8901,47.89795],[106.88991,47.89819],[106.88935,47.89896],[106.88926,47.89909],[106.88878,47.89974],[106.8885,47.90013],[106.88839,47.90028],[106.88827,47.90044],[106.88801,47.90081],[106.88771,47.90121],[106.88766,47.90129],[106.88763,47.90135],[106.8876,47.90174],[106.8876,47.90177],[106.88759,47.902],[106.88757,47.90232]]}},{"type":"Feature","properties":{},"geometry":{"type":"LineString","coordinates":[[98.681,49.52919],[98.68131,49.52916]]}},{"type":"Feature","properties":{},"geometry":{"type":"LineString","coordinates":[[97.67931,49.48852],[97.67987,49.48782]]}},{"type":"Feature","properties":{},"geometry":{"type":"LineString","coordinates":[[92.21731,49.90878],[92.21747,49.90947]]}},{"type":"Feature","properties":{},"geometry":{"type":"LineString","coordinates":[[96.85393,47.7155],[96.85384,47.71529],[96.85314,47.71303],[96.85306,47.71265],[96.8531,47.71211],[96.85319,47.71134],[96.85327,47.71062],[96.85326,47.70843],[96.85323,47.70791],[96.85327,47.7076],[96.85328,47.70754],[96.85345,47.70694],[96.8536,47.70617],[96.85421,47.70071],[96.85465,47.69715],[96.85475,47.69652],[96.85477,47.69598],[96.85474,47.69473],[96.85471,47.69335],[96.85467,47.69244],[96.85458,47.69155],[96.85462,47.69029],[96.85451,47.68872],[96.8545,47.68837],[96.85442,47.68807],[96.85419,47.6874],[96.85385,47.6865],[96.85379,47.68628],[96.85374,47.68604],[96.85365,47.68556],[96.85316,47.6837],[96.85263,47.68184],[96.85213,47.67999],[96.85175,47.67905],[96.85136,47.67817],[96.85085,47.67709],[96.85056,47.67656],[96.8503,47.67602],[96.84948,47.67457],[96.84937,47.67432],[96.84924,47.67411],[96.84882,47.67354],[96.84865,47.67328],[96.84835,47.6726],[96.8482,47.6723],[96.84817,47.67216],[96.84822,47.67197],[96.84835,47.67179],[96.84848,47.67168],[96.84869,47.67162],[96.85003,47.67139],[96.85126,47.67111],[96.85199,47.67086],[96.85235,47.67071],[96.85269,47.6705],[96.85343,47.66989],[96.85365,47.66978],[96.85399,47.66963],[96.85436,47.66952],[96.85489,47.66938],[96.85518,47.66924],[96.85531,47.66912],[96.85537,47.66904],[96.85539,47.66887],[96.85528,47.66867],[96.85512,47.66848],[96.85487,47.66831],[96.85438,47.66818],[96.85393,47.66814],[96.85341,47.66817],[96.85286,47.66825],[96.85248,47.66827],[96.85116,47.66811],[96.85087,47.66807],[96.85064,47.66812],[96.85036,47.66827],[96.85002,47.66845],[96.84965,47.66854],[96.84935,47.66856],[96.84908,47.66853],[96.84876,47.66847],[96.84858,47.6684],[96.84846,47.66827],[96.84838,47.66797],[96.84833,47.6678],[96.84824,47.66764],[96.84797,47.66732],[96.84784,47.66719],[96.84765,47.66705],[96.84622,47.66637],[96.84538,47.66587],[96.84524,47.66582],[96.8451,47.6658],[96.84487,47.66581],[96.84459,47.66585],[96.84421,47.66594],[96.84338,47.66617],[96.84252,47.6664],[96.84098,47.66671],[96.84043,47.66675],[96.8401,47.66675],[96.83974,47.6667],[96.83865,47.66638],[96.83805,47.66624],[96.83711,47.66605],[96.83603,47.66568],[96.83493,47.66538],[96.83473,47.66527],[96.83471,47.66516],[96.83474,47.66505],[96.83515,47.66463],[96.83517,47.66454],[96.83513,47.66439],[96.83499,47.66414],[96.83497,47.66396],[96.83502,47.66385],[96.83578,47.66345],[96.83593,47.66328],[96.83599,47.66316],[96.83598,47.66305],[96.83593,47.66283],[96.83596,47.66259],[96.83611,47.66202],[96.83624,47.66157],[96.83686,47.66026],[96.83712,47.65987],[96.83748,47.65945],[96.83788,47.65906],[96.83826,47.65877],[96.83841,47.65855],[96.83871,47.65808],[96.83887,47.65776],[96.839,47.65736],[96.83946,47.65648],[96.84003,47.65551],[96.84058,47.65498],[96.84091,47.65453],[96.84119,47.65422],[96.84197,47.65367],[96.84299,47.65269],[96.84322,47.65245],[96.84356,47.65219],[96.84494,47.65117],[96.84589,47.65058],[96.84679,47.65006],[96.84806,47.6492],[96.84954,47.64825],[96.85183,47.64666],[96.8535,47.64559],[96.85428,47.64509],[96.85506,47.64452],[96.85603,47.64396],[96.85664,47.64359],[96.85703,47.64336],[96.85751,47.64317],[96.85953,47.64233],[96.86675,47.63919],[96.86747,47.63889],[96.86814,47.63856],[96.86879,47.63821],[96.86951,47.63777],[96.87079,47.6371],[96.87352,47.63549],[96.87534,47.63433],[96.87626,47.63372],[96.87719,47.63309],[96.87809,47.63257],[96.87857,47.63231],[96.8791,47.6321],[96.88066,47.63148],[96.88235,47.6309],[96.88314,47.63067],[96.88354,47.63056],[96.88408,47.6305],[96.88483,47.63044],[96.88618,47.63039],[96.88808,47.63031],[96.88917,47.63028],[96.89382,47.62981],[96.8943,47.62978],[96.89472,47.62972],[96.89522,47.62961],[96.89579,47.62942],[96.89673,47.62915],[96.89808,47.62891],[96.9047,47.62753],[96.90498,47.62745],[96.90519,47.62735],[96.90592,47.6269],[96.90737,47.62595],[96.90775,47.62572],[96.90834,47.62544],[96.90891,47.62525],[96.90981,47.62496],[96.91064,47.62458],[96.91147,47.62409],[96.912,47.62368],[96.91227,47.62348],[96.91261,47.62335],[96.91318,47.62319],[96.91445,47.6228],[96.91522,47.62256],[96.91727,47.6219],[96.92072,47.62081],[96.92113,47.62064],[96.92137,47.62044],[96.92275,47.61904],[96.92329,47.61855],[96.92373,47.61829],[96.92471,47.61784],[96.92532,47.61754],[96.92583,47.61712],[96.92635,47.61663],[96.92657,47.61632],[96.92677,47.61588],[96.92707,47.61518],[96.92736,47.61477],[96.92819,47.61371],[96.92838,47.61344],[96.92862,47.61324],[96.9294,47.61256],[96.92956,47.61238],[96.92981,47.61199],[96.93,47.61182],[96.93165,47.61059],[96.93184,47.61049],[96.93208,47.61044],[96.93227,47.61047],[96.93246,47.61053],[96.93386,47.61113],[96.93406,47.6112],[96.93427,47.61119],[96.9346,47.6111],[96.93513,47.61081],[96.93577,47.61037],[96.93615,47.61004],[96.93624,47.60985],[96.9364,47.60943],[96.93649,47.60916],[96.93656,47.60885],[96.93664,47.60871],[96.93675,47.6086],[96.93692,47.60851],[96.93707,47.6085],[96.93804,47.6086],[96.93833,47.60858],[96.93865,47.60851],[96.93896,47.60837],[96.9391,47.60816],[96.9393,47.60781],[96.93941,47.60769],[96.93958,47.60756],[96.94006,47.60733],[96.94068,47.60707],[96.94081,47.60702],[96.94089,47.60692],[96.94092,47.60681],[96.94094,47.60664],[96.94078,47.60608],[96.9406,47.60566],[96.94045,47.6055],[96.94031,47.60545],[96.94015,47.60544],[96.93997,47.6055],[96.93992,47.60557],[96.93982,47.60583],[96.93965,47.60609],[96.93946,47.60622],[96.93908,47.60629],[96.9388,47.60632],[96.93813,47.60629],[96.9374,47.60625],[96.93682,47.60618],[96.93624,47.60605],[96.93562,47.6058],[96.93511,47.60556],[96.93459,47.60524],[96.93385,47.60486],[96.93378,47.60475],[96.93377,47.60462],[96.93388,47.60448],[96.93462,47.60381],[96.93498,47.60354],[96.94184,47.5988],[96.94204,47.59866],[96.94216,47.5985],[96.94224,47.59835],[96.94226,47.59812],[96.94213,47.59672]]}},{"type":"Feature","properties":{},"geometry":{"type":"LineString","coordinates":[[96.54925,46.71165],[96.54811,46.70964]]}},{"type":"Feature","properties":{},"geometry":{"type":"LineString","coordinates":[[96.54811,46.70964],[96.54799,46.70944],[96.54791,46.70931],[96.54774,46.70924],[96.5475,46.70921],[96.5468,46.70921],[96.54393,46.70922],[96.54048,46.70933],[96.53821,46.70959],[96.53571,46.71],[96.5342,46.71041],[96.5327,46.7107]]}},{"type":"Feature","properties":{},"geometry":{"type":"LineString","coordinates":[[106.9005,47.92156],[106.90034,47.92155],[106.90018,47.92158]]}},{"type":"Feature","properties":{},"geometry":{"type":"LineString","coordinates":[[106.9355,47.92887],[106.93586,47.92851],[106.93596,47.92842],[106.93617,47.92822],[106.9367,47.9277]]}},{"type":"Feature","properties":{},"geometry":{"type":"LineString","coordinates":[[106.92636,47.90819],[106.92678,47.90817],[106.92763,47.90817],[106.9289,47.90815],[106.92906,47.90815],[106.9292,47.90814],[106.92975,47.90814],[106.92984,47.90814],[106.92995,47.90814],[106.93034,47.90814],[106.93092,47.90813]]}},{"type":"Feature","properties":{},"geometry":{"type":"LineString","coordinates":[[106.91633,47.89942],[106.91631,47.8994],[106.9163,47.89938],[106.9163,47.89937],[106.91631,47.89936],[106.91632,47.89935],[106.91636,47.89933]]}},{"type":"Feature","properties":{},"geometry":{"type":"LineString","coordinates":[[106.91608,47.8993],[106.9161,47.89932],[106.91611,47.89934],[106.91611,47.89935],[106.9161,47.89937],[106.91609,47.89938],[106.91607,47.8994]]}},{"type":"Feature","properties":{},"geometry":{"type":"LineString","coordinates":[[106.49179,50.32018],[106.49164,50.32021],[106.49115,50.32025],[106.49021,50.32031],[106.4901,50.32036],[106.49005,50.32045],[106.48993,50.32107],[106.49019,50.32127],[106.49028,50.32137],[106.49022,50.32178]]}},{"type":"Feature","properties":{},"geometry":{"type":"LineString","coordinates":[[106.48962,50.32288],[106.48942,50.32287]]}},{"type":"Feature","properties":{},"geometry":{"type":"LineString","coordinates":[[110.13695,44.88729],[110.13767,44.88609],[110.13779,44.88588],[110.13816,44.88519],[110.13822,44.88507],[110.13832,44.88485],[110.13839,44.8847],[110.13838,44.88449],[110.13828,44.88437],[110.13814,44.88423],[110.13793,44.8841],[110.13736,44.88391],[110.13701,44.8838],[110.13629,44.88357],[110.13475,44.88308],[110.13459,44.88303],[110.13419,44.88289],[110.1338,44.88273],[110.13303,44.88241],[110.13212,44.88203]]}},{"type":"Feature","properties":{},"geometry":{"type":"LineString","coordinates":[[111.9153,43.71089],[111.9139,43.71082],[111.91348,43.71082],[111.91324,43.7108]]}},{"type":"Feature","properties":{},"geometry":{"type":"LineString","coordinates":[[110.04794,44.49939],[110.04303,44.49331],[110.04249,44.49266],[110.04241,44.49257],[110.04237,44.49246],[110.04235,44.49229]]}},{"type":"Feature","properties":{},"geometry":{"type":"LineString","coordinates":[[109.63664,43.61009],[109.63735,43.60885],[109.63761,43.60771],[109.63766,43.60738],[109.63783,43.60708],[109.63794,43.60692],[109.6381,43.60678],[109.63815,43.60661],[109.63817,43.6064],[109.63822,43.60537],[109.63817,43.60439],[109.63809,43.60415],[109.6377,43.60338],[109.63756,43.60296],[109.63752,43.60265],[109.63755,43.60233],[109.63744,43.60107],[109.63735,43.60043],[109.63711,43.5996],[109.63663,43.59853],[109.63593,43.59753],[109.63517,43.59574],[109.63483,43.59453],[109.63453,43.59331],[109.63436,43.59197],[109.63432,43.59175],[109.6343,43.59146],[109.63431,43.59093],[109.63421,43.58864],[109.63415,43.58622],[109.63381,43.58432],[109.63319,43.58227],[109.63255,43.5809],[109.63142,43.57961],[109.63042,43.57793],[109.62986,43.57649],[109.62913,43.57488],[109.62896,43.57388],[109.62788,43.5717],[109.62635,43.56944],[109.62497,43.5672],[109.62388,43.5653],[109.6232,43.56393],[109.6225,43.56248],[109.62211,43.56096],[109.62202,43.56002],[109.62206,43.55774],[109.62167,43.55664],[109.6211,43.5542],[109.61969,43.55162],[109.61842,43.54927],[109.6179,43.5471],[109.61764,43.54515],[109.61643,43.54268],[109.61529,43.54029],[109.61416,43.53799],[109.61305,43.53568],[109.61186,43.53314],[109.61096,43.5309],[109.60993,43.52867],[109.60857,43.52616],[109.6074,43.52359],[109.60622,43.52103],[109.60501,43.51836],[109.6037,43.51645],[109.60241,43.51335],[109.60108,43.51043],[109.5999,43.50824],[109.59794,43.50423],[109.59723,43.50253],[109.59596,43.50014],[109.59546,43.4992],[109.59436,43.49818],[109.59401,43.49776],[109.59388,43.49727],[109.59359,43.49648],[109.59353,43.49526],[109.59219,43.49277],[109.59143,43.49107],[109.59027,43.48887],[109.58905,43.48673],[109.58766,43.48432],[109.58641,43.48238],[109.5844,43.47995],[109.58345,43.47695],[109.58293,43.47622],[109.58246,43.47586],[109.58071,43.47535],[109.58042,43.47525],[109.58017,43.47503],[109.57905,43.47353],[109.57873,43.47326],[109.57818,43.47306],[109.5766,43.47267],[109.57596,43.47239],[109.57384,43.47092],[109.57087,43.46894],[109.5695,43.46816],[109.56897,43.4677],[109.56874,43.46725],[109.56874,43.46673],[109.5689,43.46455],[109.56861,43.46341],[109.56813,43.46218],[109.56777,43.46117],[109.56721,43.46002],[109.5662,43.45766],[109.56541,43.45513],[109.56488,43.4528],[109.56432,43.45034],[109.56354,43.44788],[109.56309,43.44512],[109.56265,43.4433],[109.56207,43.44139],[109.56147,43.4396],[109.56051,43.43833],[109.56039,43.43777],[109.56024,43.43753],[109.55974,43.43713],[109.55957,43.43693],[109.55936,43.43624],[109.55803,43.43434],[109.5576,43.43322],[109.55711,43.43187],[109.55667,43.4306],[109.55628,43.42956],[109.55572,43.42828],[109.55608,43.42744],[109.55618,43.42668],[109.55574,43.42462],[109.55495,43.42236],[109.55491,43.42136],[109.55392,43.4191],[109.55282,43.41705],[109.55246,43.41639],[109.55116,43.41454],[109.55013,43.41255],[109.54945,43.41124],[109.54844,43.40951],[109.54721,43.4078],[109.54598,43.40576],[109.54593,43.40552],[109.54605,43.40432],[109.54592,43.40318],[109.54563,43.40131],[109.54474,43.39922],[109.54453,43.397],[109.54449,43.39601],[109.54416,43.39465],[109.54405,43.39161],[109.54392,43.38979],[109.54375,43.38751],[109.54398,43.38676],[109.54369,43.38372],[109.54352,43.38332],[109.54262,43.38218],[109.54212,43.37991],[109.54179,43.37927],[109.54125,43.37866],[109.54052,43.37842],[109.53957,43.37824],[109.53768,43.37846],[109.53643,43.37828],[109.53538,43.37818],[109.53408,43.378],[109.53372,43.37782],[109.53344,43.37758],[109.53265,43.37667],[109.53179,43.37525],[109.53106,43.37425],[109.52943,43.37261],[109.52754,43.37136],[109.52597,43.36978],[109.52445,43.36818],[109.52158,43.36574],[109.52103,43.36502],[109.52026,43.36383],[109.51939,43.36268],[109.51859,43.36228],[109.51656,43.36053],[109.51509,43.35918],[109.51393,43.35781],[109.51219,43.35633],[109.51028,43.35465],[109.50962,43.35411],[109.50904,43.35369],[109.50763,43.35271],[109.50654,43.35189],[109.50606,43.35162],[109.5034,43.35055],[109.50095,43.34956],[109.49865,43.34862],[109.49584,43.34719],[109.49319,43.34583],[109.49072,43.34459],[109.48859,43.34304],[109.48634,43.34141],[109.48406,43.33989],[109.48158,43.33818],[109.47956,43.33674],[109.47803,43.33574],[109.47637,43.33476],[109.47442,43.33347],[109.47236,43.33227],[109.46996,43.33074],[109.46748,43.32923],[109.46592,43.32847],[109.46434,43.32746],[109.46244,43.32617],[109.46196,43.3258],[109.46176,43.32557],[109.46155,43.32516],[109.46147,43.32505],[109.46134,43.32496],[109.46111,43.32485],[109.46085,43.32474],[109.4602,43.32454],[109.45965,43.32427],[109.45765,43.32278],[109.45551,43.32135],[109.45402,43.32049],[109.4527,43.31954],[109.45045,43.318],[109.44767,43.31628],[109.44701,43.31586],[109.44585,43.31503],[109.44531,43.31468],[109.44504,43.31457],[109.44458,43.31447],[109.44427,43.31438],[109.44402,43.31427],[109.44371,43.31404],[109.44344,43.31378],[109.44253,43.31306],[109.4408,43.3123],[109.43927,43.3117],[109.43894,43.31154],[109.43794,43.31075],[109.43778,43.31066],[109.43742,43.31055],[109.43716,43.31038],[109.437,43.31023],[109.43654,43.30962],[109.43611,43.30919],[109.43546,43.30837],[109.43509,43.30781],[109.43457,43.30734],[109.43385,43.30686],[109.43317,43.30641],[109.43085,43.30542],[109.42903,43.30469],[109.42736,43.30376],[109.42509,43.30243],[109.42486,43.30234],[109.42463,43.30229],[109.42441,43.30227],[109.42412,43.30227],[109.4239,43.30223],[109.42275,43.30164],[109.41841,43.29901],[109.41697,43.29833],[109.41355,43.29592],[109.41111,43.29403],[109.40909,43.29296],[109.40876,43.29259],[109.40836,43.29232],[109.40776,43.29219],[109.40655,43.29196],[109.40331,43.29017],[109.40087,43.28879],[109.39878,43.28797],[109.396,43.2869],[109.39457,43.28633],[109.39343,43.28573],[109.39123,43.28495],[109.38867,43.2838],[109.38659,43.28281],[109.38458,43.2819],[109.38247,43.28088],[109.37921,43.27928],[109.37743,43.27854],[109.37509,43.2776],[109.37256,43.27605],[109.37064,43.27491]]}},{"type":"Feature","properties":{},"geometry":{"type":"LineString","coordinates":[[106.90971,47.89936],[106.90939,47.89937],[106.90927,47.89938]]}},{"type":"Feature","properties":{},"geometry":{"type":"LineString","coordinates":[[112.3516,47.57105],[112.35145,47.57085],[112.35076,47.57029],[112.3504,47.56979],[112.35021,47.5694],[112.35013,47.56904],[112.3501,47.56835],[112.34996,47.56785],[112.34966,47.56747],[112.3492,47.56703],[112.34836,47.5665],[112.34687,47.56571],[112.34568,47.56469],[112.34508,47.56426],[112.34497,47.56413],[112.34486,47.56388],[112.34474,47.56247],[112.34478,47.56179],[112.34483,47.55992],[112.34496,47.55867],[112.34512,47.55825],[112.34526,47.55783],[112.34529,47.55703],[112.34533,47.55635],[112.34521,47.55488],[112.34512,47.55428],[112.34498,47.55362],[112.34482,47.55209],[112.34469,47.55111],[112.3448,47.54947],[112.34483,47.54876],[112.34525,47.54793],[112.34548,47.54765],[112.34622,47.54708],[112.34708,47.54628],[112.34775,47.54564],[112.34811,47.54511],[112.34835,47.54456],[112.3487,47.54332],[112.3491,47.54218],[112.34911,47.54106],[112.34886,47.54001],[112.34814,47.53908],[112.34703,47.53843],[112.34614,47.53797],[112.34516,47.53693],[112.34488,47.53573],[112.3442,47.53464],[112.34383,47.53381],[112.34378,47.53323],[112.34294,47.53185],[112.34241,47.53106],[112.34195,47.53005],[112.34144,47.52933],[112.3414,47.52911],[112.34072,47.52841],[112.34053,47.52767],[112.34005,47.5267],[112.33952,47.52567],[112.33848,47.52404],[112.33736,47.52229],[112.33655,47.52014],[112.33567,47.51788],[112.33428,47.51598],[112.33274,47.51391],[112.33113,47.51172],[112.33018,47.51044],[112.32951,47.51018],[112.32889,47.50876],[112.32831,47.50759],[112.32708,47.50598],[112.32558,47.50403],[112.32419,47.50221],[112.32336,47.50114],[112.3231,47.50049],[112.32245,47.50011],[112.32205,47.49945],[112.31932,47.49772],[112.31854,47.49739],[112.31746,47.49606],[112.31672,47.49441],[112.31567,47.49339],[112.31534,47.49205],[112.31434,47.4912],[112.31284,47.48912],[112.31144,47.48724],[112.31099,47.48666],[112.3099,47.48434],[112.30935,47.48365],[112.30837,47.48185],[112.30755,47.47937],[112.30646,47.47605],[112.30631,47.47556],[112.30581,47.47499],[112.30467,47.47265],[112.30362,47.47106],[112.30208,47.46879],[112.3005,47.46642],[112.29957,47.46558],[112.29831,47.46329],[112.29754,47.46194],[112.29721,47.46043],[112.29666,47.45817],[112.29667,47.45597],[112.2967,47.45367],[112.29669,47.45343],[112.29632,47.4513],[112.296,47.44955],[112.295,47.44713],[112.29411,47.44581],[112.29265,47.44436],[112.29168,47.44296],[112.29103,47.44202],[112.29002,47.43966],[112.28908,47.43844],[112.2884,47.43795],[112.28814,47.43734],[112.28671,47.43611],[112.2861,47.43574],[112.28596,47.43529],[112.28547,47.4347],[112.28487,47.43391],[112.28336,47.43302],[112.28188,47.43179],[112.28036,47.43013],[112.2793,47.42895],[112.2779,47.42723],[112.27624,47.42517],[112.2746,47.42316],[112.27291,47.42109],[112.27106,47.41882],[112.26937,47.41672],[112.26859,47.41612],[112.26758,47.41459],[112.26693,47.41358],[112.26637,47.41222],[112.26585,47.41182],[112.26478,47.41158],[112.26268,47.40944],[112.26174,47.40846],[112.25993,47.40619],[112.2587,47.40489],[112.257,47.40307],[112.25555,47.40061],[112.25471,47.39917],[112.25309,47.39723],[112.25232,47.3963],[112.25083,47.39386],[112.25007,47.39262],[112.24808,47.39065],[112.24741,47.39],[112.24696,47.38928],[112.24706,47.38809],[112.24761,47.38696],[112.2474,47.38618],[112.24809,47.38525],[112.24831,47.3844],[112.24751,47.38235],[112.24616,47.38036],[112.24448,47.37933],[112.24336,47.37851],[112.24211,47.37828],[112.2414,47.37804],[112.23989,47.37779],[112.23885,47.37753],[112.23638,47.37722],[112.23559,47.3769],[112.23507,47.37633],[112.23377,47.37468],[112.23273,47.37367],[112.23246,47.37272],[112.23225,47.37172],[112.23214,47.36979],[112.23172,47.36835],[112.23073,47.36608],[112.22989,47.36417],[112.22934,47.36298],[112.2282,47.36081],[112.22713,47.35875],[112.22604,47.35664],[112.22487,47.35441],[112.22372,47.35223],[112.22274,47.35172],[112.22142,47.35149],[112.22028,47.35105],[112.21839,47.35082],[112.21668,47.35054],[112.21311,47.34955],[112.21299,47.34941],[112.21302,47.34919],[112.21396,47.34743],[112.21528,47.34491],[112.21674,47.34214],[112.21743,47.34037],[112.21776,47.33987],[112.21793,47.33953],[112.21806,47.33916],[112.21792,47.33878],[112.21737,47.33765],[112.21616,47.33575],[112.21566,47.33494],[112.2139,47.33256],[112.21214,47.33018],[112.21035,47.32778],[112.20846,47.3252],[112.20675,47.32288],[112.2054,47.32105],[112.20366,47.3187],[112.20205,47.31653],[112.20072,47.31473],[112.19957,47.31257],[112.19862,47.31077],[112.19782,47.3085],[112.19715,47.30657],[112.19635,47.30422],[112.19548,47.30174],[112.19463,47.29932],[112.19423,47.29813],[112.19351,47.29645],[112.19271,47.29438],[112.1921,47.29275],[112.19165,47.29106],[112.1906,47.28873],[112.18999,47.28737],[112.18927,47.2854],[112.18839,47.283],[112.18729,47.27999],[112.18617,47.27694],[112.18539,47.27481],[112.18483,47.27327],[112.18364,47.27101],[112.18246,47.26875],[112.18127,47.2665],[112.18106,47.26607],[112.1807,47.26455],[112.18024,47.26254],[112.17976,47.26046],[112.17915,47.25788],[112.17867,47.25581],[112.17792,47.25349],[112.1778,47.25311],[112.17819,47.25142],[112.17892,47.24837],[112.17954,47.24593],[112.18013,47.24355],[112.18001,47.241],[112.17999,47.23849],[112.18002,47.23797],[112.18218,47.23517],[112.18272,47.23444],[112.18499,47.2327],[112.1861,47.23185],[112.18747,47.22976],[112.18823,47.22859],[112.19058,47.22687],[112.19184,47.2248],[112.19261,47.22358],[112.19293,47.22156],[112.19422,47.21935],[112.19522,47.21763],[112.19591,47.21647],[112.19611,47.21395],[112.19533,47.21214],[112.19531,47.21097],[112.19375,47.20876],[112.19334,47.20817],[112.19118,47.20662],[112.18989,47.20567],[112.18834,47.20464],[112.18777,47.20425],[112.18591,47.20236],[112.185,47.20145],[112.1845,47.19989],[112.18463,47.19781],[112.18477,47.19595],[112.18562,47.19373],[112.18584,47.19313],[112.18614,47.19104],[112.1864,47.18944],[112.1864,47.18678],[112.18518,47.18449],[112.18392,47.18217],[112.18255,47.1796],[112.18134,47.17736],[112.18022,47.17529],[112.17892,47.1729],[112.17774,47.17071],[112.17654,47.16852],[112.17526,47.16613],[112.17408,47.16392],[112.17377,47.16336],[112.17302,47.16184],[112.17203,47.1599],[112.17122,47.15827],[112.17005,47.15598],[112.16917,47.15425],[112.16813,47.15215],[112.16777,47.15143],[112.16698,47.14989],[112.16591,47.14776],[112.16474,47.14545],[112.16371,47.1434],[112.16271,47.14141],[112.16163,47.13928],[112.15947,47.13713],[112.15806,47.13491],[112.15769,47.13432],[112.15705,47.13174],[112.15659,47.12984],[112.15658,47.12743],[112.15656,47.12637],[112.15714,47.12392],[112.15757,47.12201],[112.15743,47.11976],[112.15739,47.1191],[112.1559,47.1166],[112.15514,47.11532],[112.15404,47.11327],[112.15318,47.11162],[112.15219,47.10975],[112.15097,47.10748],[112.1499,47.10541],[112.14952,47.10464],[112.14824,47.10327],[112.14733,47.10232],[112.14645,47.10028],[112.14547,47.098],[112.1452,47.09741],[112.14419,47.09563],[112.14286,47.09335],[112.14201,47.09194],[112.14142,47.091],[112.14118,47.08868],[112.14067,47.08693],[112.13925,47.08548],[112.13753,47.08352],[112.13552,47.08124],[112.13493,47.08056],[112.13307,47.07908],[112.1321,47.07656],[112.13119,47.07525],[112.13037,47.07405],[112.12851,47.07228],[112.12649,47.07033],[112.12442,47.06835],[112.12376,47.067],[112.12342,47.06657],[112.1225,47.06593],[112.12175,47.06534],[112.12128,47.06488],[112.12095,47.06449],[112.12065,47.06402],[112.12044,47.06356],[112.11983,47.06153],[112.11979,47.05914],[112.11977,47.05833],[112.1198,47.05779],[112.11972,47.05733],[112.11961,47.05696],[112.11958,47.05648],[112.11948,47.05584],[112.11946,47.0554],[112.11941,47.05512],[112.11895,47.05406],[112.11877,47.05357],[112.11854,47.05316],[112.11814,47.05259],[112.11769,47.05159],[112.11745,47.0509],[112.11702,47.04982],[112.11665,47.04911],[112.11668,47.0483],[112.11659,47.04735],[112.11634,47.04526],[112.11624,47.04473],[112.11539,47.04262],[112.11458,47.04039],[112.11371,47.03827],[112.11299,47.03691],[112.11238,47.03586],[112.11064,47.03379],[112.10907,47.03164],[112.10786,47.03018],[112.107,47.02924],[112.10507,47.0271],[112.1023,47.02402],[112.10076,47.02225],[112.09966,47.02102],[112.09897,47.02008],[112.09792,47.01866],[112.09747,47.01807],[112.09605,47.01595],[112.0946,47.01365],[112.09412,47.01288],[112.09375,47.01081],[112.09337,47.00869],[112.09314,47.00732],[112.09231,47.00534],[112.09089,47.00341],[112.08874,47.00144],[112.08662,46.9995],[112.08419,46.99725],[112.08238,46.99559],[112.08021,46.99441],[112.07873,46.99361],[112.07697,46.99143],[112.07664,46.99102],[112.07646,46.99078],[112.07449,46.98899],[112.07267,46.98733],[112.07078,46.98559],[112.06906,46.98401],[112.0676,46.98272],[112.06689,46.98203],[112.06401,46.98031],[112.06177,46.97895],[112.05981,46.97778],[112.05798,46.97647],[112.05775,46.97597],[112.05742,46.97572],[112.0573,46.97552]]}},{"type":"Feature","properties":{},"geometry":{"type":"LineString","coordinates":[[91.62697,47.97337],[91.62737,47.97333],[91.62784,47.97325],[91.62853,47.97304],[91.62863,47.97298],[91.62867,47.9729],[91.6286,47.97213],[91.62854,47.97178],[91.62855,47.97154],[91.62867,47.97129],[91.62896,47.97111],[91.62951,47.97081],[91.63206,47.97065],[91.63233,47.96955],[91.63275,47.96711],[91.63304,47.9654],[91.63337,47.96398],[91.63371,47.9626],[91.63426,47.95986],[91.6348,47.95671],[91.63509,47.95424],[91.63526,47.9526],[91.63555,47.95112],[91.63582,47.95002],[91.63596,47.94948],[91.63671,47.94726],[91.63682,47.94702],[91.63723,47.94615],[91.63785,47.9442],[91.63844,47.94185],[91.63842,47.93992],[91.63822,47.93927],[91.63796,47.93845],[91.63801,47.93785],[91.63769,47.93632],[91.63767,47.93612],[91.63777,47.93557],[91.63744,47.93451],[91.63713,47.93336],[91.6372,47.9327],[91.63712,47.93198],[91.63661,47.93061],[91.63645,47.93028],[91.63442,47.92766],[91.63407,47.92683],[91.63392,47.92669],[91.6337,47.92645],[91.63353,47.92626],[91.63324,47.92571],[91.63286,47.92516],[91.6315,47.92382],[91.63021,47.9226],[91.6294,47.9219],[91.62918,47.92165],[91.62882,47.92025],[91.62875,47.91963],[91.62836,47.91826],[91.62815,47.91698],[91.62782,47.91497],[91.6277,47.91411],[91.62754,47.91278],[91.62745,47.91138],[91.62741,47.909],[91.62737,47.90693],[91.62734,47.90637],[91.62703,47.90448],[91.62677,47.90235],[91.62671,47.90178],[91.62657,47.90018],[91.62643,47.89796],[91.62625,47.89639],[91.626,47.89472],[91.62579,47.89277],[91.62561,47.89034],[91.62539,47.88788],[91.62516,47.88544],[91.62505,47.88409],[91.62485,47.88247],[91.62471,47.88029],[91.62465,47.87955],[91.62449,47.87841],[91.62398,47.87633],[91.62345,47.87417],[91.62292,47.87203],[91.62227,47.86939],[91.62172,47.86716],[91.62158,47.86657],[91.6212,47.86478],[91.62081,47.8628],[91.62039,47.86076],[91.6199,47.85836],[91.61954,47.85656],[91.61918,47.85417],[91.61882,47.8518],[91.61855,47.8501],[91.61816,47.84841],[91.6176,47.84595],[91.61749,47.84545],[91.61732,47.84333],[91.61716,47.84132],[91.61713,47.84099],[91.61716,47.83907],[91.6172,47.83723],[91.61702,47.83494],[91.61711,47.83283],[91.6172,47.83107],[91.6172,47.82863],[91.61739,47.82608],[91.61742,47.82433],[91.6174,47.82265],[91.61676,47.81983],[91.61625,47.81732],[91.61569,47.81483],[91.61527,47.8121],[91.61515,47.81049],[91.61497,47.80884],[91.6145,47.80744],[91.61413,47.8061],[91.61398,47.80502],[91.61308,47.80188],[91.61204,47.79958],[91.61145,47.79844],[91.61104,47.79733],[91.61086,47.7963],[91.61108,47.79189],[91.61128,47.79052],[91.61132,47.78978],[91.61057,47.78685],[91.61023,47.78564],[91.60975,47.78316],[91.60828,47.78063],[91.60764,47.77973],[91.60695,47.77892],[91.60612,47.7779],[91.60461,47.77628],[91.60294,47.77414],[91.60154,47.77246],[91.59881,47.77007],[91.59732,47.76852],[91.59528,47.76704],[91.5931,47.76555],[91.59036,47.76365],[91.58993,47.7632],[91.58937,47.76225],[91.58801,47.75972],[91.58756,47.7587],[91.58728,47.75767],[91.58723,47.75647],[91.58738,47.75517],[91.5877,47.75368],[91.58817,47.75218],[91.58845,47.75088],[91.5886,47.74989],[91.58801,47.74765],[91.58777,47.74643],[91.58742,47.74557],[91.58696,47.74429],[91.58659,47.74351],[91.58651,47.74294],[91.58668,47.74223],[91.58693,47.74164],[91.58713,47.74103],[91.58717,47.74044],[91.58696,47.73935],[91.58636,47.738],[91.58574,47.73659],[91.58502,47.73371],[91.58479,47.73275],[91.58419,47.73144],[91.58385,47.73039],[91.58356,47.72975],[91.58335,47.72912],[91.58317,47.72838],[91.58175,47.72626],[91.58088,47.72484],[91.58003,47.72319],[91.579,47.7212],[91.57819,47.71977],[91.5778,47.71898],[91.57755,47.71842],[91.57745,47.71793],[91.57766,47.71714],[91.57798,47.71554],[91.5782,47.71472],[91.57861,47.71383],[91.57888,47.71348],[91.57964,47.7127],[91.58049,47.71183],[91.581,47.71114],[91.58127,47.7105],[91.58138,47.71003],[91.58123,47.70014],[91.58119,47.69782],[91.58109,47.69699],[91.58103,47.69627],[91.5811,47.69537],[91.58128,47.69442],[91.58179,47.69289],[91.58295,47.69041],[91.58338,47.68867],[91.58302,47.68816],[91.58328,47.68759],[91.58368,47.68684],[91.5842,47.68494],[91.58499,47.68421],[91.58599,47.68361],[91.58703,47.68326],[91.58721,47.68275],[91.58788,47.68108],[91.5884,47.68018],[91.58975,47.67836],[91.59059,47.67756],[91.59098,47.67664],[91.59146,47.67581],[91.59171,47.67508],[91.59168,47.67417],[91.5897,47.67021],[91.58933,47.66898],[91.58927,47.66824],[91.58932,47.66751],[91.58944,47.66691],[91.59005,47.66564],[91.59045,47.665],[91.59153,47.66315],[91.59226,47.66235],[91.59279,47.66168],[91.59317,47.66101],[91.59329,47.66055],[91.59324,47.66005],[91.59295,47.65925],[91.5913,47.65703],[91.59117,47.65677],[91.59106,47.65649],[91.59089,47.65598],[91.59096,47.65538],[91.59359,47.6512],[91.59399,47.65076],[91.59575,47.64951],[91.59655,47.64914],[91.59923,47.64654],[91.60033,47.64515],[91.60145,47.64369],[91.60213,47.64272],[91.60271,47.6417],[91.60345,47.6402],[91.60486,47.63782],[91.60551,47.6372],[91.60785,47.63558],[91.60956,47.63442],[91.61049,47.63343],[91.61112,47.6323],[91.61192,47.63086],[91.61275,47.62918],[91.61388,47.62736],[91.61435,47.62658],[91.61458,47.62595],[91.61463,47.62519],[91.61445,47.62431],[91.61393,47.62192],[91.61323,47.6195],[91.61282,47.61829],[91.61254,47.61813],[91.61216,47.618],[91.61175,47.61765],[91.61151,47.61717],[91.61117,47.6164],[91.61128,47.61566],[91.61164,47.61532],[91.61249,47.61483],[91.61297,47.61457],[91.61383,47.61407],[91.61454,47.61408],[91.61522,47.61399],[91.61636,47.61265],[91.61699,47.61244],[91.61711,47.61183],[91.61746,47.61133],[91.61823,47.61149],[91.61872,47.61158],[91.61906,47.61152],[91.61915,47.61137],[91.61915,47.61092],[91.61929,47.61071],[91.61994,47.61035],[91.62039,47.60979],[91.62079,47.60932],[91.62094,47.60875],[91.62137,47.60836],[91.6215,47.60814],[91.6214,47.6078],[91.62149,47.60717],[91.62187,47.60694],[91.62238,47.60676],[91.62267,47.60679],[91.62318,47.60698],[91.62334,47.60711],[91.62348,47.60726],[91.62393,47.60735],[91.62425,47.60737],[91.62467,47.60726],[91.62579,47.60682],[91.62661,47.60647],[91.6273,47.60611],[91.62755,47.60593],[91.62802,47.60545],[91.6291,47.60503],[91.6294,47.60474],[91.63075,47.60368],[91.63078,47.60334],[91.63089,47.60305],[91.63125,47.60267],[91.63197,47.60252],[91.63241,47.60244],[91.63264,47.60228],[91.63277,47.60205],[91.633,47.60178],[91.63345,47.60149],[91.63378,47.60079],[91.63437,47.59992],[91.63472,47.59954],[91.63577,47.59795],[91.63568,47.59755],[91.63619,47.5969],[91.63741,47.59569],[91.63834,47.59422],[91.63846,47.59339],[91.6387,47.59273],[91.63851,47.59229],[91.63813,47.59206],[91.63797,47.5913],[91.63812,47.59077],[91.63802,47.59016],[91.63779,47.58988],[91.63745,47.58964],[91.63723,47.58945],[91.63717,47.58889],[91.63723,47.58856],[91.63721,47.58826],[91.6373,47.58781],[91.6373,47.58759],[91.6372,47.58742],[91.63703,47.58709],[91.63708,47.58681],[91.63729,47.58651],[91.6375,47.58618],[91.63771,47.58592],[91.63809,47.58541],[91.63849,47.58518],[91.63866,47.58498],[91.63903,47.5842],[91.6393,47.58362],[91.63932,47.58323],[91.63926,47.5829],[91.63907,47.58258],[91.63897,47.58239],[91.63908,47.58225],[91.63924,47.58214],[91.63931,47.58202],[91.63934,47.58176],[91.63953,47.58141],[91.63965,47.58117],[91.63976,47.58097],[91.63983,47.58066],[91.63991,47.58038],[91.63992,47.5801],[91.64007,47.57979],[91.64036,47.57949],[91.64064,47.57937],[91.64103,47.57929],[91.64134,47.57918],[91.64187,47.57893],[91.64191,47.57878],[91.64208,47.57858],[91.64226,47.57853],[91.64253,47.57848],[91.64289,47.57823],[91.64348,47.57804],[91.644,47.57774],[91.64493,47.57705],[91.64613,47.57639],[91.64628,47.57623],[91.64631,47.57605],[91.64717,47.57523],[91.64761,47.57522],[91.64791,47.57518],[91.64798,47.57507],[91.64819,47.57471],[91.64857,47.57448],[91.64927,47.57417],[91.64969,47.57397],[91.65021,47.57361],[91.65109,47.57264],[91.65156,47.57231],[91.65219,47.57202],[91.65249,47.57185],[91.65308,47.57183],[91.6533,47.57177],[91.65384,47.57133],[91.65431,47.57097],[91.65455,47.57058],[91.6549,47.57033],[91.65541,47.56977],[91.65559,47.5694],[91.65581,47.56928],[91.65605,47.56918],[91.65672,47.56879],[91.65699,47.5686],[91.65756,47.5684],[91.65826,47.56806],[91.65866,47.56794],[91.65906,47.56769],[91.65932,47.56738],[91.65937,47.56728],[91.65931,47.56705],[91.65932,47.56686],[91.65927,47.56671],[91.65928,47.56662],[91.65939,47.56642],[91.65942,47.56635],[91.65941,47.56623],[91.65941,47.56611],[91.65943,47.56602],[91.65962,47.56576],[91.65976,47.56544],[91.65977,47.56538],[91.65973,47.56522],[91.65976,47.56515],[91.66009,47.56488],[91.66015,47.56479],[91.66018,47.56452],[91.66026,47.5644],[91.6607,47.56417],[91.66078,47.56405],[91.66078,47.56381],[91.6607,47.56358],[91.66074,47.56348],[91.66103,47.56332],[91.66119,47.56318],[91.66142,47.56285],[91.66151,47.56271],[91.66155,47.5625],[91.66159,47.56222],[91.66164,47.56191],[91.66166,47.56187],[91.66185,47.56169],[91.66209,47.56111],[91.66265,47.55988],[91.66299,47.559],[91.66328,47.55855],[91.66436,47.55791],[91.66564,47.5574],[91.6667,47.55692],[91.66734,47.55646],[91.66782,47.55598],[91.6683,47.55516],[91.66881,47.55446],[91.66932,47.5539],[91.66985,47.55332],[91.67038,47.5523],[91.67068,47.55121],[91.67061,47.55047],[91.67058,47.55031],[91.67042,47.55022],[91.67025,47.55023],[91.67,47.55029],[91.66949,47.55049],[91.66899,47.55052],[91.66858,47.55055],[91.66822,47.55051],[91.66803,47.55048],[91.66787,47.55039],[91.66686,47.54978],[91.66626,47.54939],[91.66593,47.54915],[91.66572,47.54907],[91.66547,47.54904],[91.6651,47.54903],[91.66473,47.54896],[91.66431,47.54892],[91.66403,47.54894],[91.66358,47.54897],[91.66312,47.54895],[91.6628,47.54885],[91.66237,47.54862],[91.66191,47.54851],[91.66145,47.54849],[91.66081,47.54844],[91.66027,47.54842],[91.66013,47.5484],[91.65976,47.5482],[91.65952,47.54804],[91.65924,47.54794],[91.65904,47.54788],[91.65888,47.54772],[91.6587,47.5475],[91.65828,47.54715],[91.65778,47.54665],[91.65738,47.54641],[91.65664,47.54612],[91.65624,47.54601],[91.65601,47.54589],[91.65583,47.54575],[91.65568,47.54555],[91.65551,47.54533],[91.65533,47.54508],[91.65502,47.54491],[91.65366,47.54414],[91.65324,47.54367],[91.65274,47.5433],[91.65136,47.54267],[91.6503,47.54227],[91.64993,47.5421],[91.64971,47.54181],[91.6495,47.54145],[91.64929,47.54118],[91.64905,47.54105],[91.64869,47.54103],[91.64832,47.54099],[91.64793,47.54089],[91.64745,47.5409],[91.64697,47.54098],[91.6462,47.54109],[91.64538,47.54152],[91.64501,47.54167],[91.64461,47.54171],[91.64439,47.54173],[91.64419,47.54171],[91.64394,47.54163],[91.64374,47.54152],[91.64356,47.54138],[91.64338,47.54119],[91.6431,47.54089],[91.64293,47.54066],[91.64289,47.54044],[91.6428,47.54032],[91.6426,47.54013],[91.64241,47.53974],[91.64227,47.53941],[91.64218,47.53892],[91.64204,47.53873],[91.64191,47.53861],[91.64166,47.53846],[91.64142,47.5383],[91.64121,47.53811],[91.64106,47.53803],[91.64073,47.53793],[91.64047,47.53786],[91.64029,47.53778],[91.64016,47.53768],[91.64007,47.53758],[91.63996,47.53743],[91.63989,47.53728],[91.63991,47.53714],[91.64,47.53695],[91.64006,47.53676],[91.64007,47.53661],[91.64011,47.53645],[91.64025,47.5361],[91.64052,47.53555],[91.64062,47.53522],[91.64061,47.53497],[91.64055,47.53457],[91.64048,47.53436],[91.6403,47.53402],[91.64019,47.53353],[91.64008,47.53292],[91.6401,47.53226],[91.64014,47.53169],[91.64006,47.53139],[91.64,47.53104],[91.63989,47.53083],[91.63969,47.53053],[91.63936,47.53013],[91.63915,47.52994],[91.63893,47.52981],[91.63868,47.5297],[91.63837,47.52962],[91.63812,47.52953],[91.63782,47.52939],[91.63746,47.52917],[91.63727,47.52902],[91.63717,47.52882],[91.63706,47.52871],[91.63632,47.52837],[91.63606,47.52808],[91.63587,47.52794],[91.63563,47.5278],[91.63522,47.52764],[91.63491,47.52746],[91.63448,47.52717],[91.63433,47.527],[91.63391,47.52633],[91.63258,47.5233],[91.63227,47.52271],[91.63209,47.52243],[91.63177,47.52215],[91.63149,47.5219],[91.63136,47.52174],[91.63127,47.52156]]}},{"type":"Feature","properties":{},"geometry":{"type":"LineString","coordinates":[[114.5244,48.07347],[114.52459,48.07332],[114.52497,48.07302],[114.52563,48.07245],[114.52595,48.07217],[114.5264,48.07178],[114.52724,48.07106],[114.52772,48.07065],[114.52798,48.07043],[114.52818,48.07026],[114.52824,48.0702]]}},{"type":"Feature","properties":{},"geometry":{"type":"LineString","coordinates":[[110.13212,44.88203],[110.13204,44.88197],[110.13176,44.88179],[110.13167,44.88166],[110.13147,44.88135],[110.13144,44.88129],[110.13126,44.88086],[110.13107,44.88045],[110.13102,44.8803],[110.13097,44.88005],[110.13096,44.87999],[110.13097,44.87919],[110.13099,44.87898],[110.131,44.87881]]}},{"type":"Feature","properties":{},"geometry":{"type":"LineString","coordinates":[[105.40764,50.10563],[105.4064,50.10577],[105.4034,50.10632],[105.39553,50.10779],[105.38367,50.10999],[105.38272,50.11016],[105.38145,50.11038],[105.37972,50.11071],[105.37825,50.11097],[105.37714,50.11115],[105.3761,50.1113],[105.37197,50.11172],[105.37073,50.11183],[105.36987,50.11191],[105.36885,50.11203],[105.3679,50.11218],[105.36695,50.11238],[105.36468,50.11292],[105.36293,50.11332],[105.36222,50.11348],[105.36162,50.1136],[105.35946,50.11398],[105.35808,50.11422],[105.35711,50.11439],[105.35571,50.11465],[105.35398,50.11493],[105.35208,50.11527],[105.34812,50.11596],[105.34652,50.11624],[105.34379,50.11675],[105.33974,50.11753],[105.33665,50.11814],[105.33511,50.11845],[105.33369,50.11865],[105.32938,50.1191],[105.32521,50.11957],[105.32106,50.12],[105.31704,50.12039],[105.31511,50.12057],[105.31318,50.12071],[105.31177,50.12084],[105.30965,50.12105],[105.30764,50.12128],[105.30366,50.12178],[105.29917,50.12234],[105.29785,50.12249],[105.29676,50.12255],[105.29571,50.12256],[105.29357,50.12246],[105.29145,50.12232],[105.28931,50.12226],[105.28809,50.12241],[105.28664,50.12278],[105.28308,50.12428],[105.27951,50.12583],[105.2758,50.12736],[105.27256,50.12874],[105.2708,50.12946],[105.26645,50.13101],[105.2655,50.13135],[105.26459,50.13172],[105.26297,50.13256],[105.26041,50.13415],[105.2571,50.1362],[105.25343,50.13842],[105.24773,50.14188],[105.24459,50.14349],[105.24156,50.1451],[105.23898,50.14651],[105.23656,50.14798],[105.23231,50.15059],[105.23114,50.15131],[105.2292,50.15265],[105.22669,50.15456],[105.22542,50.15534],[105.22368,50.15614],[105.22189,50.15682],[105.21886,50.15799],[105.21674,50.15882],[105.21376,50.15986],[105.21189,50.16058],[105.21025,50.1612],[105.2087,50.16181],[105.20719,50.16228],[105.20594,50.16261],[105.20466,50.16281],[105.20345,50.16286],[105.20229,50.16289],[105.20046,50.16301],[105.19957,50.16309],[105.1988,50.16321],[105.19647,50.16375],[105.19489,50.16422],[105.19085,50.16543],[105.18925,50.16572],[105.1876,50.16601],[105.18576,50.16628],[105.18173,50.16683],[105.1786,50.16728],[105.17422,50.16794],[105.1702,50.16852],[105.16837,50.1688],[105.16657,50.16901],[105.16244,50.16963],[105.16176,50.16971],[105.15793,50.17017],[105.15374,50.17024],[105.15247,50.17028],[105.15185,50.17032],[105.15129,50.17042],[105.15082,50.17053],[105.1504,50.17072],[105.14974,50.17118],[105.14946,50.1715],[105.14926,50.17182],[105.14914,50.17217],[105.14911,50.17253],[105.14927,50.17397],[105.14938,50.17454],[105.14933,50.17515],[105.14899,50.17589],[105.14862,50.17642],[105.14715,50.17755],[105.14429,50.1799],[105.14286,50.18118],[105.14236,50.18189],[105.14207,50.18287],[105.14268,50.18544],[105.14307,50.187],[105.1435,50.1889],[105.14402,50.19149],[105.14429,50.19338],[105.14427,50.19472],[105.14408,50.19633],[105.14386,50.19914],[105.14382,50.20087],[105.14358,50.20243],[105.14278,50.205],[105.14182,50.20739],[105.14126,50.20869],[105.14016,50.21087],[105.13931,50.21213],[105.13638,50.2166],[105.13468,50.2186],[105.13388,50.21979],[105.1334,50.22105],[105.13286,50.2227],[105.13157,50.22476],[105.13021,50.22688],[105.12846,50.22948],[105.12688,50.23209],[105.12544,50.23436],[105.12488,50.23533],[105.12427,50.23624],[105.12389,50.2373],[105.12355,50.23881],[105.12297,50.24161],[105.12248,50.24371],[105.12205,50.24611],[105.1217,50.2477],[105.12131,50.24922],[105.12039,50.25177],[105.11989,50.25323],[105.11983,50.25368],[105.1198,50.25404],[105.11981,50.2543],[105.11986,50.2548],[105.11993,50.25529],[105.11998,50.25559],[105.1201,50.25601],[105.12013,50.25613],[105.12027,50.25666],[105.12045,50.25761],[105.12065,50.25866],[105.12073,50.25926],[105.12075,50.2595],[105.12075,50.25969],[105.12073,50.25987],[105.12067,50.26006],[105.12026,50.2609],[105.12004,50.2614],[105.11962,50.26234],[105.11954,50.26259],[105.11948,50.26281],[105.11921,50.26425],[105.1189,50.26561],[105.11876,50.26607],[105.11861,50.26642],[105.11842,50.26685],[105.11822,50.26724],[105.118,50.26759],[105.11764,50.26811],[105.1174,50.26841],[105.11715,50.26867],[105.11671,50.26907],[105.1158,50.26993],[105.11497,50.2707],[105.11436,50.27122],[105.11331,50.27226],[105.11278,50.27281],[105.11253,50.27307],[105.11224,50.27341],[105.11206,50.27369],[105.11184,50.27404],[105.11154,50.27461],[105.11078,50.27589],[105.11062,50.27611],[105.11049,50.27629],[105.11025,50.27657],[105.10986,50.27696],[105.10927,50.27751],[105.10773,50.27897],[105.10641,50.28019],[105.10513,50.28141],[105.10462,50.28186],[105.10336,50.2832],[105.10299,50.28361],[105.10271,50.28396],[105.10241,50.2844],[105.10152,50.2857],[105.10086,50.28678],[105.1002,50.28778],[105.09866,50.29011],[105.09702,50.29261],[105.09533,50.29517],[105.09399,50.29736],[105.09365,50.29809],[105.09368,50.29886],[105.09393,50.30038],[105.0951,50.30295],[105.09614,50.30534],[105.09701,50.3073],[105.09717,50.30817],[105.09714,50.30901],[105.09693,50.31015],[105.09631,50.31102],[105.09431,50.31365],[105.09232,50.31632],[105.09056,50.31867],[105.08861,50.32126],[105.0866,50.32396],[105.08507,50.32599],[105.08322,50.32844],[105.08121,50.33111],[105.07928,50.33369],[105.07769,50.33592],[105.07704,50.33653],[105.07639,50.33694],[105.07577,50.33731],[105.07482,50.33768],[105.07335,50.3382]]}},{"type":"Feature","properties":{},"geometry":{"type":"LineString","coordinates":[[112.58253,49.50485],[112.58347,49.5056],[112.58412,49.50617],[112.5847,49.50644],[112.58528,49.50662],[112.58605,49.50671],[112.5922,49.50679],[112.59438,49.50739],[112.59565,49.50916],[112.59635,49.50972],[112.59743,49.51012],[112.59923,49.51074]]}},{"type":"Feature","properties":{},"geometry":{"type":"LineString","coordinates":[[109.60748,43.77049],[109.61021,43.76319],[109.61178,43.75369],[109.61308,43.74856],[109.62491,43.73482],[109.62367,43.72219],[109.62543,43.71493],[109.62373,43.70214],[109.62481,43.69519],[109.62689,43.68917],[109.62751,43.68429],[109.62869,43.67781],[109.6279,43.67305],[109.63036,43.66401],[109.62853,43.65663],[109.62863,43.6493],[109.62367,43.64296],[109.62371,43.63615],[109.62313,43.63419],[109.62437,43.63007],[109.63013,43.61991],[109.63354,43.61508],[109.63583,43.61196],[109.63664,43.61009]]}},{"type":"Feature","properties":{},"geometry":{"type":"LineString","coordinates":[[106.93265,47.95008],[106.93268,47.95014],[106.93274,47.95027],[106.93296,47.95076],[106.93308,47.95104],[106.93315,47.9512],[106.93322,47.95135],[106.93326,47.95142],[106.93342,47.95179],[106.93347,47.95191],[106.93352,47.95204],[106.93356,47.95216]]}},{"type":"Feature","properties":{},"geometry":{"type":"LineString","coordinates":[[106.91855,47.97598],[106.9186,47.97588],[106.91867,47.97582],[106.91876,47.97577],[106.91887,47.97574],[106.91899,47.97573],[106.91916,47.97572]]}},{"type":"Feature","properties":{},"geometry":{"type":"Polygon","coordinates":[[[102.7683,46.25871],[102.76838,46.25867],[102.76847,46.25866],[102.76856,46.25867],[102.76864,46.2587],[102.7687,46.25874],[102.76874,46.25879],[102.76875,46.25885],[102.76873,46.25891],[102.76869,46.25897],[102.76863,46.25901],[102.76854,46.25903],[102.76845,46.25904],[102.76836,46.25902],[102.76828,46.25898],[102.76823,46.25893],[102.7682,46.25887],[102.76821,46.25881],[102.76824,46.25875],[102.7683,46.25871]]]}},{"type":"Feature","properties":{},"geometry":{"type":"LineString","coordinates":[[102.77285,46.26148],[102.773,46.26175],[102.77371,46.26297],[102.77405,46.26354]]}},{"type":"Feature","properties":{},"geometry":{"type":"LineString","coordinates":[[102.769,46.25914],[102.76918,46.25926],[102.77067,46.26015],[102.77074,46.26019],[102.77102,46.26036],[102.77206,46.26078],[102.77272,46.26139],[102.77285,46.26148]]}},{"type":"Feature","properties":{},"geometry":{"type":"LineString","coordinates":[[107.45216,47.93987],[107.45221,47.94001]]}},{"type":"Feature","properties":{},"geometry":{"type":"LineString","coordinates":[[111.18056,47.80754],[111.17572,47.80575],[111.13503,47.79068],[111.13448,47.79028],[111.13403,47.78978],[111.13391,47.78934],[111.13327,47.77978],[111.13316,47.7787],[111.13227,47.77574],[111.13223,47.77528],[111.13366,47.76873],[111.1357,47.75881],[111.13709,47.75201],[111.13706,47.75154],[111.13692,47.75117],[111.13608,47.74999],[111.13383,47.74683],[111.13345,47.74647],[111.12562,47.74074],[111.09137,47.71557],[111.07739,47.70529],[111.07039,47.70014],[111.04982,47.68501],[111.04917,47.68453],[111.04872,47.68404],[111.04283,47.67717],[111.04046,47.67476],[111.02898,47.66307],[111.02013,47.65407],[111.01963,47.65367],[111.01432,47.65092],[110.99413,47.64037],[110.99308,47.63987],[110.96856,47.63154],[110.94993,47.62517],[110.9294,47.61819],[110.92883,47.61792],[110.92833,47.61752],[110.92061,47.61017],[110.91922,47.60885],[110.91883,47.60856],[110.91834,47.60827],[110.91733,47.6078],[110.90465,47.60173],[110.88638,47.59298],[110.86716,47.58374],[110.86665,47.58347],[110.86613,47.58309],[110.84632,47.56246],[110.82721,47.54248],[110.82694,47.5421],[110.82682,47.54164],[110.82702,47.53611],[110.82712,47.53527],[110.82757,47.53316],[110.82799,47.53128],[110.82885,47.52915],[110.84149,47.4974],[110.84219,47.49565],[110.84236,47.49512],[110.84232,47.49421],[110.8416,47.48701],[110.84151,47.48676],[110.8413,47.48646],[110.83232,47.47918],[110.83213,47.47888],[110.82943,47.46574],[110.82927,47.45997],[110.82923,47.45952],[110.82747,47.45511],[110.82713,47.45429],[110.8268,47.45385],[110.80593,47.43021],[110.77604,47.39623],[110.76076,47.37875],[110.7603,47.37825],[110.75998,47.37794],[110.75892,47.37725]]}},{"type":"Feature","properties":{},"geometry":{"type":"LineString","coordinates":[[102.55608,42.98201],[102.5567,42.98202],[102.55725,42.98198],[102.55788,42.98188],[102.55964,42.98126],[102.56052,42.98083],[102.56133,42.98052],[102.56301,42.97992],[102.56339,42.97976],[102.56383,42.97944],[102.5644,42.9789],[102.56519,42.97842],[102.56657,42.9777],[102.56701,42.97755],[102.56762,42.97747],[102.56931,42.97736],[102.57094,42.97726],[102.57134,42.97725],[102.57191,42.97729],[102.57304,42.9775],[102.57679,42.97813],[102.57883,42.97831],[102.58047,42.97841],[102.58162,42.97834],[102.58403,42.97817],[102.58592,42.97812],[102.58656,42.97811],[102.58753,42.97823],[102.58937,42.97858],[102.59024,42.97868],[102.59102,42.9787],[102.59162,42.97882],[102.59206,42.97899],[102.59239,42.97919],[102.59299,42.97978],[102.5933,42.9802],[102.59364,42.9805],[102.59423,42.98088],[102.595,42.98118],[102.5955,42.98132],[102.59601,42.9814],[102.59658,42.9814],[102.5972,42.9813],[102.59861,42.98119],[102.59998,42.98111],[102.60193,42.98111],[102.60395,42.98096],[102.6057,42.98107],[102.6079,42.98092],[102.6093,42.98067],[102.61064,42.98025],[102.61851,42.9778],[102.63279,42.97375],[102.63604,42.97322],[102.63888,42.97301],[102.65127,42.97288],[102.65751,42.97258],[102.65892,42.97265],[102.66017,42.97287],[102.66325,42.97408],[102.66403,42.97424],[102.66462,42.97431],[102.66507,42.97429],[102.66709,42.97422],[102.66879,42.97426],[102.69235,42.9727],[102.70094,42.97322],[102.70847,42.97305],[102.70993,42.97289],[102.71498,42.97203],[102.71564,42.97199],[102.71626,42.97201],[102.71872,42.97245],[102.74081,42.97557],[102.74425,42.97643],[102.75122,42.9777],[102.75375,42.97791],[102.75873,42.97817],[102.76307,42.97771],[102.76645,42.97686],[102.76928,42.97657],[102.77594,42.97613],[102.77976,42.97575],[102.79027,42.97475],[102.82383,42.97442],[102.84375,42.97391],[102.85832,42.97406],[102.88546,42.9752],[102.90237,42.97735],[102.9061,42.97819],[102.91379,42.98088],[102.91945,42.984],[102.92797,42.98842],[102.93865,42.99624],[102.9449,43.00079],[102.95288,43.00524],[102.96187,43.01141],[102.96964,43.01712],[102.98226,43.02726],[102.98528,43.02948],[102.98777,43.0306],[102.98979,43.03184],[102.99088,43.03257],[102.99196,43.03403],[102.99423,43.03629],[102.99704,43.03985],[102.99944,43.04388],[103.01124,43.05844],[103.01363,43.06197],[103.01894,43.06977],[103.01934,43.07051],[103.01972,43.07136],[103.01999,43.07199],[103.02031,43.07285],[103.02065,43.07378],[103.02093,43.07433],[103.0212,43.07479],[103.02153,43.07531],[103.02191,43.07584],[103.02238,43.07646],[103.02258,43.07678],[103.02272,43.07703],[103.02282,43.07736],[103.02292,43.07784],[103.02309,43.07961],[103.02324,43.08107],[103.02334,43.08213],[103.02334,43.08243],[103.02325,43.08274],[103.02303,43.08362],[103.02258,43.08603],[103.02236,43.08706],[103.02227,43.08766],[103.02212,43.08838],[103.02181,43.08928],[103.02143,43.08992],[103.02088,43.09049],[103.02064,43.09084],[103.02056,43.09121],[103.02049,43.09195],[103.02056,43.09258],[103.02065,43.09295],[103.02064,43.09315],[103.02054,43.09334],[103.02014,43.09399],[103.01986,43.09451],[103.01966,43.09507],[103.01964,43.09544],[103.01966,43.09635],[103.01968,43.09685],[103.01965,43.09709],[103.01957,43.09739],[103.01952,43.0976],[103.01931,43.09837],[103.01923,43.09899],[103.01916,43.09952],[103.0189,43.10029],[103.01895,43.10105],[103.01921,43.10163],[103.01916,43.10258],[103.01956,43.10625],[103.01993,43.10806],[103.02008,43.10889],[103.01996,43.10986],[103.0197,43.11064],[103.01971,43.11164],[103.01993,43.11255],[103.02014,43.11381],[103.0202,43.11485],[103.02013,43.11567],[103.0199,43.1162],[103.01985,43.1169],[103.02032,43.11801],[103.0209,43.11875],[103.0216,43.11921],[103.02326,43.12009],[103.02463,43.12042],[103.02619,43.12065],[103.02703,43.12091],[103.0277,43.12128],[103.03075,43.12344],[103.03195,43.12414],[103.03289,43.12469],[103.03389,43.12565],[103.03688,43.12872],[103.04031,43.13225],[103.04196,43.13409],[103.04298,43.13517],[103.04364,43.13562],[103.04512,43.13637],[103.04666,43.13706],[103.04841,43.13761],[103.05138,43.13835],[103.05969,43.14162],[103.06247,43.14339],[103.06605,43.14664],[103.06978,43.14927],[103.0727,43.15162],[103.07558,43.1546],[103.07713,43.15612],[103.07949,43.15892],[103.08073,43.16081],[103.08141,43.16145],[103.08226,43.16194]]}},{"type":"Feature","properties":{},"geometry":{"type":"LineString","coordinates":[[89.72515,49.49734],[89.72551,49.49783],[89.72642,49.49937],[89.72678,49.49999],[89.72694,49.50025],[89.72725,49.50078],[89.72754,49.5016],[89.72749,49.50236],[89.72739,49.50378],[89.72737,49.50407],[89.72742,49.50413],[89.72767,49.50448],[89.72846,49.50505],[89.72918,49.5058],[89.72941,49.50609],[89.72949,49.50624],[89.72949,49.50637],[89.72933,49.50664],[89.72929,49.50717],[89.72893,49.50768],[89.72887,49.50786],[89.7287,49.50811],[89.7286,49.50832],[89.72872,49.50869],[89.72869,49.50944],[89.72876,49.50983],[89.72867,49.51026],[89.72865,49.51038],[89.72863,49.51049],[89.72856,49.51082],[89.72849,49.51105],[89.7281,49.51365],[89.72809,49.51395],[89.72806,49.51424],[89.72828,49.51509],[89.7283,49.51533],[89.72829,49.5154],[89.72828,49.51559],[89.72831,49.51573],[89.72849,49.51634],[89.72859,49.51676],[89.72866,49.5172]]}},{"type":"Feature","properties":{},"geometry":{"type":"LineString","coordinates":[[94.53524,45.0461],[94.53526,45.046],[94.53531,45.04592],[94.53544,45.04578],[94.53617,45.04502],[94.53652,45.04463],[94.53676,45.04435],[94.53691,45.04408],[94.53699,45.0439],[94.53702,45.0437],[94.53715,45.0425],[94.53721,45.04224],[94.53728,45.04205],[94.53782,45.04095],[94.53906,45.03852],[94.53915,45.03832],[94.53921,45.03808],[94.53925,45.03782],[94.53943,45.03603],[94.53951,45.03573],[94.5396,45.0355],[94.54014,45.03461],[94.5402,45.03448],[94.54025,45.03433],[94.54023,45.03417],[94.54019,45.03401],[94.53991,45.03294],[94.53988,45.03277],[94.53988,45.0326],[94.5399,45.03218],[94.53988,45.03203],[94.53983,45.0319],[94.53963,45.03152],[94.53945,45.03117],[94.53941,45.03103],[94.53937,45.03083],[94.53934,45.03057],[94.53933,45.03038],[94.53935,45.03014],[94.53945,45.02988],[94.53953,45.02971],[94.53986,45.02915],[94.53995,45.02895],[94.53998,45.02884],[94.53999,45.02873],[94.53996,45.02829],[94.53992,45.02816],[94.53986,45.02804],[94.53969,45.02778],[94.5396,45.0276],[94.53957,45.02748],[94.53958,45.02727],[94.53966,45.02676],[94.53974,45.02614],[94.53973,45.026],[94.5397,45.02591],[94.53963,45.02579],[94.53952,45.02566],[94.53939,45.02555],[94.53921,45.02544],[94.53903,45.02528],[94.53895,45.02516],[94.53892,45.02503],[94.53894,45.02492],[94.53899,45.0248],[94.53908,45.02469],[94.53925,45.02461],[94.5395,45.02452],[94.53972,45.02445],[94.54006,45.02429],[94.54029,45.02414],[94.54059,45.0239],[94.54131,45.02317],[94.5416,45.02285],[94.54173,45.02267],[94.54188,45.02229],[94.54196,45.02209],[94.54203,45.02186],[94.54203,45.0217],[94.54202,45.02147],[94.54204,45.02126],[94.54211,45.02098],[94.54217,45.0207],[94.54219,45.02043],[94.54216,45.0202],[94.54209,45.02001],[94.54194,45.01982],[94.54178,45.01967],[94.54163,45.01959],[94.54143,45.01948],[94.54102,45.01931],[94.54077,45.0192],[94.54066,45.0191],[94.54057,45.01901],[94.54044,45.01881],[94.54039,45.01871],[94.54035,45.0186],[94.54033,45.01842],[94.54037,45.01828],[94.54048,45.01804],[94.54071,45.01777],[94.54085,45.01764],[94.5411,45.01747],[94.54149,45.01732],[94.54185,45.01716],[94.54199,45.01708],[94.54212,45.01697],[94.54222,45.01682],[94.54227,45.01662],[94.54229,45.01646],[94.54234,45.01624],[94.54246,45.01588],[94.54265,45.01544],[94.54283,45.01507],[94.54295,45.0148],[94.54307,45.01455],[94.5432,45.01418],[94.54332,45.01375],[94.54337,45.01343],[94.54349,45.01305],[94.54353,45.01288],[94.54354,45.01261],[94.54353,45.01225],[94.54343,45.01192],[94.54334,45.0116],[94.54326,45.01128],[94.54323,45.01093],[94.54317,45.00984],[94.54315,45.0095],[94.54312,45.00917],[94.54312,45.00887],[94.54323,45.00849],[94.54329,45.00829],[94.54345,45.00797],[94.54398,45.00718],[94.54441,45.0066],[94.54482,45.00617],[94.5465,45.00431],[94.54687,45.00385],[94.54704,45.0036],[94.54718,45.00327],[94.54755,45.00216],[94.54813,45.00037],[94.5482,45.00007],[94.54828,44.99957],[94.54839,44.99921],[94.54866,44.9986],[94.54894,44.99807],[94.5491,44.99786],[94.54927,44.99769],[94.54988,44.99726],[94.55041,44.99687],[94.55127,44.99624],[94.55164,44.99604],[94.55208,44.99585],[94.55282,44.99559],[94.55337,44.9954],[94.55393,44.9951],[94.55432,44.99479],[94.55465,44.99452],[94.55495,44.99416],[94.55516,44.99378],[94.55554,44.99257],[94.55601,44.9915],[94.55643,44.99076],[94.55675,44.99014],[94.55682,44.98981],[94.55681,44.98952],[94.55672,44.98899],[94.55665,44.98865],[94.55651,44.98827],[94.55631,44.9879],[94.55599,44.98761],[94.55565,44.98741],[94.5551,44.98721],[94.55456,44.98705],[94.55423,44.98692],[94.55347,44.98653],[94.55275,44.98616],[94.55158,44.9856],[94.55121,44.98534],[94.55096,44.98509],[94.55063,44.98446],[94.55007,44.98321],[94.54991,44.9828],[94.54969,44.98242],[94.54957,44.98215],[94.54935,44.9819],[94.54915,44.98176],[94.54878,44.98154],[94.54857,44.98139],[94.54848,44.98124],[94.54848,44.98104],[94.54857,44.98087],[94.54872,44.98072],[94.5491,44.98039],[94.54928,44.98021],[94.54971,44.97961],[94.54984,44.97941],[94.54994,44.97922],[94.54999,44.97903],[94.55,44.97881],[94.54996,44.97848],[94.5499,44.97815],[94.54984,44.97789],[94.54983,44.97767],[94.54988,44.97745],[94.54994,44.97725],[94.55008,44.97682],[94.55011,44.97666],[94.5501,44.97652],[94.55005,44.97638],[94.54992,44.97617],[94.54976,44.97595],[94.54954,44.97573],[94.54941,44.97563],[94.54927,44.97556],[94.54909,44.97552],[94.54874,44.97549],[94.54806,44.97548],[94.54759,44.97547],[94.54688,44.97541],[94.54587,44.9753],[94.54464,44.97515],[94.54406,44.97508],[94.54324,44.97495],[94.54274,44.97489],[94.54232,44.97486],[94.54078,44.97473],[94.54024,44.97466],[94.53953,44.97456],[94.53885,44.97442],[94.53827,44.97427],[94.5378,44.97416],[94.53722,44.97399],[94.53695,44.97389],[94.53673,44.97377],[94.53657,44.97361],[94.53648,44.97345],[94.53647,44.97331],[94.53651,44.97315],[94.53666,44.97291],[94.53682,44.9727],[94.53706,44.97251],[94.53732,44.97236],[94.53756,44.9722],[94.53774,44.97209],[94.5379,44.97192],[94.53818,44.97157],[94.53848,44.97112],[94.53861,44.97089],[94.53869,44.97069],[94.53873,44.97054],[94.53874,44.97034],[94.53873,44.97021],[94.53868,44.97009],[94.53848,44.96984],[94.53842,44.96971],[94.53843,44.9696],[94.53849,44.96947],[94.53861,44.9693],[94.53888,44.96897],[94.53919,44.96852],[94.53927,44.96836],[94.53932,44.96816],[94.53931,44.96798],[94.53926,44.96774],[94.53909,44.96736],[94.53875,44.96635],[94.53872,44.96608],[94.53877,44.96581],[94.53898,44.96504],[94.53908,44.96461],[94.53913,44.96423],[94.53909,44.96366],[94.539,44.96288],[94.53898,44.96238],[94.53903,44.96203],[94.53923,44.96155],[94.53961,44.96084],[94.54011,44.95992],[94.54043,44.95945],[94.54077,44.95903],[94.54183,44.95808],[94.5424,44.95747],[94.54303,44.95661],[94.54348,44.95591],[94.544,44.95496],[94.54438,44.95432],[94.54445,44.95415],[94.54447,44.95396],[94.54433,44.95284],[94.54424,44.95258],[94.54415,44.95243],[94.54398,44.95232],[94.54374,44.95223],[94.54336,44.95216],[94.54252,44.95211],[94.54207,44.95208],[94.54176,44.95202],[94.54125,44.95183],[94.54094,44.95175],[94.54059,44.95169],[94.53985,44.95165],[94.53889,44.95161],[94.53772,44.95161],[94.53634,44.95168],[94.53552,44.95177],[94.53503,44.95186],[94.53416,44.9521],[94.53392,44.95212],[94.53366,44.95209],[94.53331,44.95198],[94.53308,44.95196],[94.53283,44.95196],[94.53246,44.95201],[94.53185,44.95222],[94.53088,44.95268],[94.53058,44.9528],[94.53023,44.95289],[94.52934,44.95302],[94.52899,44.95307],[94.52857,44.95306],[94.52789,44.95298],[94.52748,44.95295],[94.52661,44.95299],[94.52618,44.95298],[94.52577,44.95296],[94.52444,44.95274],[94.52399,44.95264],[94.52362,44.95255],[94.52295,44.95227],[94.52266,44.95214],[94.52242,44.95207],[94.52219,44.95204],[94.52165,44.95203],[94.52132,44.95201],[94.52072,44.9519],[94.52038,44.95179],[94.52019,44.95167],[94.51999,44.95141],[94.51945,44.95025],[94.51925,44.94968],[94.51924,44.94943],[94.51932,44.94909],[94.51944,44.94878],[94.51969,44.94838],[94.52025,44.94782],[94.52076,44.94729],[94.52107,44.9469],[94.52125,44.94644],[94.52134,44.94593],[94.52131,44.94542],[94.52119,44.94494],[94.52106,44.94442],[94.52078,44.9438],[94.52049,44.94313],[94.52037,44.94253],[94.52043,44.94203],[94.52071,44.94119],[94.5208,44.94086],[94.52082,44.9406],[94.52071,44.94022],[94.52055,44.93983],[94.52021,44.93906],[94.51945,44.9379],[94.5168,44.93424],[94.50579,44.91733],[94.49719,44.90338],[94.49661,44.90254],[94.49568,44.90142],[94.49165,44.89687],[94.48771,44.89267],[94.48558,44.89044],[94.48414,44.8891],[94.48241,44.88773],[94.48005,44.88606],[94.47661,44.8838],[94.47256,44.88118],[94.46968,44.87934],[94.46823,44.8784],[94.46553,44.87661],[94.45826,44.87187],[94.45569,44.87031],[94.45488,44.86986],[94.45408,44.86947],[94.4309,44.85811],[94.41333,44.8489],[94.39536,44.83933],[94.39338,44.83819],[94.3918,44.83722],[94.36949,44.82317],[94.36756,44.82199],[94.36601,44.82109],[94.36542,44.82077],[94.36495,44.82053],[94.36383,44.82002],[94.36151,44.81908],[94.35679,44.81727],[94.35496,44.81652],[94.34742,44.81359],[94.33119,44.80724],[94.32848,44.8062],[94.32643,44.80536],[94.32551,44.80489],[94.32483,44.80451],[94.31176,44.79598],[94.30073,44.78888],[94.29976,44.7882],[94.29925,44.7878],[94.29809,44.78672],[94.29782,44.7864],[94.29761,44.78606],[94.29139,44.77522],[94.29121,44.77489],[94.2911,44.77453],[94.29109,44.77412],[94.29171,44.76745],[94.29168,44.76697],[94.29163,44.76668],[94.29147,44.76635],[94.29106,44.76589],[94.28519,44.75934],[94.28193,44.75607],[94.26936,44.74339],[94.26601,44.74014],[94.26572,44.73989],[94.26549,44.73975],[94.26521,44.73964],[94.26475,44.73951],[94.26441,44.73943],[94.264,44.73932],[94.26357,44.73917],[94.26311,44.73893],[94.26279,44.73873],[94.26248,44.73847],[94.26211,44.73813],[94.26184,44.73795],[94.26152,44.73782],[94.26081,44.73762],[94.24492,44.73419],[94.23486,44.73196],[94.22369,44.72939],[94.22074,44.72865],[94.21831,44.72794],[94.20226,44.72291],[94.19905,44.72191],[94.1978,44.72145],[94.19538,44.7205],[94.19455,44.72017],[94.19352,44.71971],[94.19273,44.71932],[94.19211,44.71894],[94.18653,44.71483],[94.18503,44.71377],[94.18386,44.71313],[94.18214,44.71229],[94.18077,44.7118],[94.17932,44.71156],[94.17783,44.71153],[94.17606,44.71165],[94.15576,44.71541],[94.15213,44.71615],[94.13785,44.71975],[94.13762,44.71979],[94.13745,44.71981],[94.13715,44.71982],[94.13653,44.7198],[94.13363,44.7196],[94.13168,44.71945],[94.12963,44.71928],[94.12893,44.71923],[94.12848,44.71917],[94.12812,44.71912],[94.12769,44.71902],[94.12719,44.71889],[94.12669,44.71872],[94.12589,44.71852],[94.12464,44.71835],[94.12393,44.71823],[94.12338,44.71813],[94.12257,44.71797],[94.12186,44.71782],[94.11605,44.71649],[94.11535,44.71631],[94.11477,44.71612],[94.11436,44.71596],[94.11399,44.71579],[94.1136,44.71562],[94.11345,44.71558],[94.11338,44.71555],[94.11332,44.71552],[94.11324,44.71546],[94.11293,44.71523],[94.11152,44.71415],[94.11115,44.71389],[94.11078,44.71371],[94.10868,44.71282],[94.10318,44.7105],[94.10277,44.71029],[94.10235,44.71006]]}},{"type":"Feature","properties":{},"geometry":{"type":"LineString","coordinates":[[118.18102,48.03883],[118.18106,48.03841]]}},{"type":"Feature","properties":{},"geometry":{"type":"LineString","coordinates":[[118.18106,48.03841],[118.18112,48.038],[118.18124,48.03764],[118.18144,48.03734],[118.18157,48.03712],[118.18165,48.03696],[118.1817,48.03678],[118.18171,48.0366],[118.18171,48.03625],[118.18157,48.03589],[118.18145,48.03565],[118.17615,48.02774],[118.17593,48.02741],[118.17582,48.02708]]}},{"type":"Feature","properties":{},"geometry":{"type":"LineString","coordinates":[[118.18091,48.03991],[118.18102,48.03883]]}},{"type":"Feature","properties":{},"geometry":{"type":"LineString","coordinates":[[99.01608,48.24227],[99.01606,48.24173],[99.0161,48.24153],[99.01622,48.24135],[99.01644,48.24118],[99.01673,48.24105],[99.01771,48.24067],[99.01811,48.24048],[99.01835,48.2403],[99.01851,48.24011],[99.01867,48.23984],[99.01878,48.23948]]}},{"type":"Feature","properties":{},"geometry":{"type":"LineString","coordinates":[[98.28766,48.76299],[98.28718,48.76372],[98.28666,48.76463],[98.28642,48.76512],[98.28543,48.76724]]}},{"type":"Feature","properties":{},"geometry":{"type":"LineString","coordinates":[[103.52943,48.57103],[103.53072,48.57142],[103.53171,48.57185],[103.53283,48.57253],[103.53372,48.57323],[103.53961,48.5792],[103.54085,48.58087],[103.54191,48.58277],[103.54413,48.58796],[103.54497,48.58967],[103.54586,48.59125],[103.54691,48.59302],[103.55026,48.59787],[103.55106,48.59932],[103.55176,48.60102],[103.55217,48.60256],[103.55236,48.60362],[103.55243,48.60462],[103.55244,48.60548],[103.55184,48.61026],[103.55153,48.6129],[103.55125,48.61519],[103.55072,48.61967],[103.55045,48.62169],[103.5503,48.62218],[103.54998,48.62268]]}},{"type":"Feature","properties":{},"geometry":{"type":"LineString","coordinates":[[105.32972,48.10478],[105.2879,48.10817],[105.27022,48.11299],[105.25168,48.11757],[105.23795,48.1209],[105.2328,48.12107],[105.22456,48.12135],[105.21495,48.12147],[105.20705,48.12273],[105.1983,48.12491],[105.19658,48.12582]]}},{"type":"Feature","properties":{},"geometry":{"type":"LineString","coordinates":[[105.34679,48.01891],[105.34835,48.01819],[105.34964,48.0178],[105.35116,48.01721],[105.35262,48.01634]]}},{"type":"Feature","properties":{},"geometry":{"type":"LineString","coordinates":[[103.9395,48.44224],[103.9317,48.44618],[103.93109,48.44645],[103.93037,48.44672],[103.92153,48.44986],[103.91942,48.45066],[103.91492,48.45241],[103.9141,48.45271],[103.9133,48.45295],[103.91248,48.4532],[103.90561,48.45489],[103.90483,48.45511],[103.90431,48.45529],[103.90377,48.45546],[103.89768,48.45782],[103.88629,48.46171],[103.87903,48.46392],[103.87857,48.46408],[103.87815,48.46426],[103.87775,48.46447],[103.8694,48.46933],[103.86895,48.46956],[103.86861,48.46971],[103.86626,48.47062],[103.86568,48.47081],[103.86518,48.47093],[103.8647,48.471],[103.85306,48.47191],[103.85263,48.47199],[103.8523,48.47207],[103.85206,48.47215],[103.8518,48.47227],[103.83947,48.47855],[103.83888,48.47875],[103.83822,48.47889],[103.83738,48.47892],[103.8368,48.47888],[103.82707,48.47753],[103.79977,48.47467],[103.79909,48.47457],[103.79852,48.47445],[103.79596,48.47358],[103.79488,48.47333],[103.79426,48.47326],[103.79362,48.47326],[103.79293,48.47333],[103.78813,48.4742],[103.78733,48.47429],[103.7866,48.47433],[103.78541,48.4743],[103.77454,48.47332],[103.76595,48.47249],[103.75857,48.47172],[103.74673,48.4707],[103.7314,48.46972],[103.73008,48.46968],[103.72899,48.46967],[103.71111,48.47142],[103.70564,48.47113]]}},{"type":"Feature","properties":{},"geometry":{"type":"LineString","coordinates":[[103.54998,48.62268],[103.55329,48.62228],[103.56822,48.62024],[103.57391,48.61952],[103.57743,48.61913],[103.57926,48.61887],[103.58065,48.61843],[103.58196,48.61731],[103.58265,48.61711],[103.58575,48.61693],[103.58632,48.61687],[103.58694,48.6166],[103.59002,48.61435],[103.59041,48.61386],[103.59061,48.61291],[103.59089,48.61149],[103.59091,48.61001],[103.59065,48.60154],[103.59095,48.60027],[103.59232,48.59289],[103.59423,48.58364],[103.5952,48.5789],[103.59514,48.57772],[103.59575,48.57177],[103.5966,48.56683],[103.59693,48.56647],[103.59741,48.56612],[103.5977,48.56506],[103.5991,48.56216],[103.60077,48.5582],[103.60266,48.55365],[103.60574,48.54666],[103.60595,48.54565],[103.60565,48.54482],[103.60576,48.54439],[103.60636,48.54348],[103.60694,48.54128],[103.60758,48.54043],[103.60846,48.53987],[103.60979,48.53956],[103.61355,48.53913],[103.61499,48.53893],[103.61595,48.53849],[103.61618,48.53812],[103.61628,48.53774],[103.61661,48.53743],[103.61734,48.53653],[103.61818,48.53555],[103.61824,48.53501],[103.61859,48.53443],[103.61917,48.53351],[103.61995,48.53261],[103.62111,48.5316],[103.62353,48.53042]]}},{"type":"Feature","properties":{},"geometry":{"type":"LineString","coordinates":[[105.36175,48.01031],[105.35835,48.01198],[105.35543,48.01401],[105.35262,48.01634]]}},{"type":"Feature","properties":{},"geometry":{"type":"LineString","coordinates":[[105.43832,47.98665],[105.43671,47.98662],[105.43528,47.98676],[105.43401,47.98718],[105.43345,47.98714],[105.43194,47.98654],[105.43104,47.98668],[105.43057,47.98692],[105.42869,47.98689],[105.42749,47.98698],[105.42435,47.98751],[105.42328,47.98763],[105.42231,47.98805],[105.42162,47.98883],[105.42076,47.98996],[105.41973,47.99031],[105.41955,47.9904],[105.4194,47.99045],[105.41924,47.99049],[105.41904,47.99048],[105.41882,47.99043],[105.41725,47.98962],[105.41525,47.98886],[105.41438,47.98867],[105.41366,47.98835],[105.41255,47.98839],[105.40993,47.98819],[105.40671,47.98829],[105.40371,47.98879],[105.40238,47.98937],[105.39917,47.98958],[105.39814,47.98942],[105.39737,47.98954],[105.39646,47.98988]]}},{"type":"Feature","properties":{},"geometry":{"type":"LineString","coordinates":[[105.30861,48.02557],[105.31524,48.02212]]}},{"type":"Feature","properties":{},"geometry":{"type":"LineString","coordinates":[[105.44127,47.98558],[105.43873,47.98642],[105.43832,47.98665],[105.43815,47.98688],[105.43699,47.98979],[105.43658,47.99055],[105.4356,47.99167],[105.43401,47.99307],[105.4332,47.99361],[105.43171,47.99498],[105.42931,47.99773],[105.42849,47.99907],[105.42821,48.0001],[105.42796,48.00048],[105.42758,48.00068],[105.42568,48.00124],[105.42484,48.00153],[105.42361,48.00246],[105.42267,48.00292],[105.42089,48.00407],[105.41812,48.00624],[105.41697,48.00812],[105.41674,48.00875],[105.4166,48.00914],[105.41641,48.00951]]}},{"type":"Feature","properties":{},"geometry":{"type":"LineString","coordinates":[[103.70564,48.47113],[103.70546,48.47113],[103.70493,48.47111],[103.70382,48.47114],[103.70331,48.47121],[103.7028,48.47138],[103.69975,48.47265],[103.69858,48.47324],[103.69698,48.47401],[103.69497,48.47516],[103.69047,48.47753],[103.69005,48.47772],[103.68981,48.47779],[103.68944,48.47795],[103.68925,48.47805],[103.68814,48.47882],[103.68791,48.47897],[103.68779,48.47901],[103.68768,48.47906],[103.68729,48.47919],[103.68709,48.4793],[103.68613,48.47988],[103.68569,48.48007],[103.68539,48.4802],[103.68465,48.4806],[103.68456,48.48067],[103.68448,48.48074],[103.68437,48.48087],[103.68414,48.48114],[103.68403,48.48128],[103.68388,48.48142],[103.68361,48.48161],[103.68333,48.4818],[103.68296,48.48207],[103.67984,48.48469],[103.67842,48.48581],[103.67746,48.48644],[103.67636,48.48714],[103.67572,48.48763],[103.67475,48.48817],[103.67315,48.48888],[103.67227,48.48931],[103.67188,48.48948],[103.67159,48.48959],[103.66996,48.48998],[103.66865,48.49023],[103.66831,48.49033],[103.66798,48.4905],[103.66769,48.49075],[103.66742,48.49097],[103.66697,48.4914],[103.66667,48.49187],[103.66644,48.49229],[103.66629,48.49248],[103.66617,48.49263],[103.66593,48.49283],[103.66555,48.49311],[103.66288,48.49519],[103.66249,48.49551],[103.66228,48.49562],[103.66192,48.4958],[103.66157,48.49602],[103.66133,48.49622],[103.66105,48.49648],[103.65976,48.49756],[103.65926,48.49791],[103.65915,48.498],[103.65896,48.49811],[103.65884,48.49823],[103.6587,48.49837],[103.65853,48.49859],[103.65833,48.49876],[103.65794,48.49915],[103.65784,48.49929],[103.65778,48.49942],[103.6576,48.50014],[103.65756,48.50041],[103.65752,48.50085],[103.65745,48.50107],[103.65737,48.50126],[103.65622,48.50277],[103.65593,48.50312],[103.6557,48.50336],[103.65483,48.50418],[103.65433,48.50466],[103.65396,48.50509],[103.65125,48.50834],[103.65091,48.50882],[103.65074,48.50897],[103.6505,48.50912],[103.65022,48.50926],[103.6499,48.50937],[103.64941,48.50949],[103.64916,48.50959],[103.64898,48.50967],[103.64835,48.51032],[103.64816,48.51043],[103.64803,48.51047],[103.64794,48.51049],[103.64784,48.51049],[103.64771,48.5105],[103.64758,48.51047],[103.64733,48.51044],[103.64705,48.51046],[103.64686,48.5105],[103.64672,48.51058],[103.64653,48.51069],[103.64634,48.5108],[103.6461,48.5109],[103.64584,48.51096],[103.64566,48.51098],[103.64549,48.511],[103.64523,48.511],[103.64496,48.51102],[103.64475,48.51107],[103.64454,48.51115],[103.6443,48.51128],[103.644,48.51146],[103.64379,48.51164],[103.64359,48.51185],[103.64341,48.51199],[103.64323,48.5121],[103.64302,48.51229],[103.64285,48.51247],[103.64278,48.51259],[103.64267,48.51278],[103.64236,48.5134],[103.64178,48.51421],[103.641,48.51532],[103.64087,48.51556],[103.64082,48.51575],[103.64084,48.51593],[103.64087,48.51605],[103.6409,48.51617],[103.64096,48.51635],[103.64106,48.51651],[103.64113,48.51658],[103.64126,48.51668],[103.64136,48.51679],[103.64139,48.51685],[103.64141,48.51693],[103.6414,48.51702],[103.64135,48.51713],[103.64125,48.51729],[103.64112,48.51746],[103.64103,48.51755],[103.64094,48.51762],[103.64085,48.51774],[103.64082,48.51782],[103.64081,48.51789],[103.64077,48.5181],[103.64072,48.51833],[103.64068,48.51846],[103.64062,48.51859],[103.6405,48.51873],[103.64033,48.51893],[103.64022,48.51903],[103.6401,48.51913],[103.63992,48.51932],[103.63954,48.51979],[103.63898,48.52057],[103.63887,48.52067],[103.63876,48.52076],[103.63821,48.52109],[103.63799,48.52121],[103.63775,48.52138],[103.6366,48.5224],[103.63647,48.52247],[103.63633,48.52253],[103.636,48.52265],[103.63568,48.52276],[103.63543,48.52287],[103.63525,48.52297],[103.63501,48.52309],[103.63468,48.52327],[103.63441,48.52351],[103.63416,48.52374],[103.63394,48.52402],[103.63385,48.52418],[103.63379,48.52441],[103.63371,48.52454],[103.63357,48.52469],[103.6335,48.5248],[103.63342,48.52495],[103.63332,48.52517],[103.63304,48.52571],[103.63291,48.52586],[103.63276,48.52602],[103.63256,48.52619],[103.63218,48.52642],[103.6319,48.5266],[103.63122,48.52713],[103.63033,48.52774],[103.63007,48.52789],[103.62979,48.52799],[103.62945,48.52813],[103.62907,48.52825],[103.62858,48.52846],[103.62824,48.52856],[103.62801,48.52862],[103.62771,48.5287],[103.62734,48.52883],[103.62705,48.52893],[103.62654,48.52913],[103.62624,48.52925],[103.62578,48.52945],[103.62549,48.52958],[103.62517,48.52974],[103.62447,48.5301],[103.62369,48.5304],[103.62353,48.53042]]}},{"type":"Feature","properties":{},"geometry":{"type":"LineString","coordinates":[[97.71639,49.50356],[97.7157,49.50334],[97.71281,49.50139],[97.70933,49.49921],[97.7067,49.49798],[97.70372,49.49703],[97.69969,49.49518],[97.69771,49.4946],[97.6972,49.49463],[97.69619,49.49454],[97.69399,49.49462],[97.69022,49.49456],[97.68988,49.4946],[97.68801,49.49441],[97.68783,49.49434],[97.68707,49.49405],[97.68666,49.49375],[97.68625,49.49326],[97.68539,49.49266],[97.6838,49.49204],[97.68266,49.49167],[97.68258,49.49138],[97.68291,49.491],[97.68272,49.49064],[97.6821,49.49039],[97.68073,49.49009],[97.67976,49.48951],[97.67932,49.48908],[97.67922,49.48882],[97.67931,49.48852]]}},{"type":"Feature","properties":{},"geometry":{"type":"LineString","coordinates":[[94.38501,49.65841],[94.38601,49.65837],[94.38644,49.65838],[94.38695,49.65864],[94.38779,49.6593],[94.3883,49.65961],[94.38865,49.6599],[94.38972,49.66035],[94.39091,49.66072],[94.39188,49.66101],[94.39243,49.66097],[94.39332,49.66067],[94.39391,49.66042],[94.39447,49.66017],[94.39467,49.66007],[94.39499,49.65993]]}},{"type":"Feature","properties":{},"geometry":{"type":"LineString","coordinates":[[91.6279,47.97573],[91.6309,47.97573],[91.63189,47.97576],[91.63281,47.97576],[91.63567,47.97581],[91.63728,47.97583],[91.63736,47.97583],[91.63865,47.97584],[91.64197,47.97588],[91.64241,47.97589],[91.64246,47.97589],[91.64723,47.97595],[91.65211,47.97601],[91.6523,47.97601],[91.65433,47.97603],[91.65493,47.976],[91.6576,47.97607],[91.65765,47.97608],[91.65769,47.97609],[91.65771,47.9761],[91.65773,47.97611],[91.65774,47.97614],[91.65855,47.97975],[91.65856,47.9798],[91.65935,47.98347],[91.65977,47.98525],[91.65991,47.98574],[91.66001,47.98608],[91.66045,47.98761],[91.66106,47.98972],[91.66162,47.99171],[91.66213,47.99342],[91.66265,47.99532],[91.66275,47.99575],[91.66293,47.99627],[91.66337,47.99774],[91.66413,48.00061],[91.66429,48.00121],[91.66447,48.00193],[91.66448,48.002],[91.66451,48.00211],[91.66452,48.00216]]}},{"type":"Feature","properties":{},"geometry":{"type":"LineString","coordinates":[[91.6279,47.97573],[91.62808,47.97619],[91.62876,47.97798],[91.62879,47.97804],[91.62964,47.98029],[91.63028,47.98192],[91.63177,47.98584],[91.63203,47.98649],[91.63215,47.9868],[91.63226,47.98708],[91.63239,47.9874],[91.63315,47.98934],[91.63336,47.98988],[91.63417,47.99193],[91.63471,47.99341],[91.63476,47.99356],[91.63476,47.99372],[91.63475,47.99388],[91.63469,47.99417],[91.63455,47.99488],[91.63453,47.99504],[91.63453,47.9952],[91.63453,47.99528],[91.63459,47.99622],[91.63463,47.99674],[91.63465,47.9972],[91.63468,47.99763],[91.63469,47.9979],[91.63471,47.99821],[91.63472,47.9984],[91.63475,47.99875],[91.63477,47.9992],[91.63479,47.99949],[91.6348,47.99964],[91.63487,48.00055],[91.63491,48.00109],[91.63494,48.00146],[91.63499,48.00166],[91.63527,48.00182],[91.63576,48.00207],[91.6372,48.00282],[91.6384,48.00343],[91.63878,48.00363],[91.63888,48.00367],[91.63898,48.0037],[91.63909,48.00372],[91.6392,48.00373],[91.64027,48.00375],[91.64046,48.00375],[91.64141,48.00377]]}},{"type":"Feature","properties":{},"geometry":{"type":"LineString","coordinates":[[108.36804,47.77852],[108.36802,47.77863],[108.368,47.77868],[108.36784,47.77905],[108.36778,47.77922],[108.36776,47.77944],[108.36775,47.77971],[108.36777,47.77993],[108.36785,47.78022],[108.36809,47.78067],[108.36828,47.78093]]}},{"type":"Feature","properties":{},"geometry":{"type":"LineString","coordinates":[[109.47313,47.49264],[109.47321,47.49252],[109.47342,47.4922],[109.47367,47.49183],[109.47374,47.49172],[109.47395,47.49141],[109.47402,47.49131],[109.47421,47.49102],[109.47433,47.49084],[109.47468,47.49033],[109.47479,47.49016],[109.47484,47.49007],[109.47514,47.48961],[109.47529,47.48935],[109.47539,47.48916],[109.4755,47.48896],[109.47586,47.48831],[109.47744,47.48548]]}},{"type":"Feature","properties":{},"geometry":{"type":"LineString","coordinates":[[96.0294,45.76243],[96.02969,45.76285],[96.02989,45.76308],[96.03019,45.76331],[96.03125,45.76391],[96.03167,45.76419],[96.03189,45.7644],[96.03213,45.76472],[96.03258,45.76544],[96.03279,45.76566],[96.03306,45.76592],[96.03356,45.76628],[96.03389,45.76647],[96.03421,45.7666],[96.03441,45.76664],[96.03464,45.76664],[96.03481,45.76656],[96.03494,45.76647],[96.03506,45.76644],[96.0352,45.76644],[96.0353,45.76647],[96.03551,45.76656],[96.03585,45.76677],[96.03608,45.76693],[96.03628,45.76709],[96.03646,45.76726],[96.03668,45.76747],[96.03679,45.76761],[96.03686,45.76774],[96.0369,45.76791],[96.03696,45.76829],[96.03701,45.76855],[96.03708,45.76873],[96.03715,45.76885],[96.03732,45.76909],[96.03748,45.76928],[96.03761,45.76948],[96.03772,45.7697],[96.03779,45.76985],[96.03796,45.77032],[96.03804,45.77047],[96.03813,45.7706],[96.03833,45.77083],[96.03845,45.77099],[96.03853,45.77115],[96.0387,45.77144],[96.03881,45.77158],[96.03893,45.77171],[96.03916,45.77191],[96.03947,45.77221],[96.03973,45.77249],[96.03999,45.7728],[96.04013,45.77297],[96.04025,45.7731],[96.04038,45.7732],[96.04051,45.77333],[96.04063,45.77348],[96.04073,45.77362],[96.04092,45.774],[96.041,45.77424],[96.04109,45.77442],[96.04121,45.77458],[96.04144,45.7749],[96.04159,45.77512],[96.04164,45.77524],[96.04168,45.77539],[96.0417,45.77554],[96.04171,45.77569],[96.0417,45.77576],[96.04168,45.77582],[96.04164,45.7759],[96.04158,45.77598],[96.04147,45.77608],[96.04126,45.77625],[96.04124,45.77629],[96.04123,45.77633],[96.04124,45.77637],[96.0413,45.77642],[96.0414,45.77645],[96.04158,45.7765],[96.04174,45.77655],[96.04193,45.77661],[96.04216,45.77669],[96.0424,45.77682],[96.04291,45.7771],[96.04317,45.77727],[96.04343,45.77744],[96.04369,45.7776],[96.04384,45.77771],[96.04395,45.77782],[96.04427,45.7782],[96.04458,45.77861],[96.04493,45.7791],[96.04511,45.77938],[96.04554,45.78018],[96.04563,45.78046],[96.0457,45.78074],[96.04577,45.78147],[96.04578,45.78175],[96.04582,45.78195],[96.04589,45.7821],[96.04601,45.78227],[96.04613,45.78239],[96.0465,45.78269],[96.04708,45.78317],[96.04769,45.78369],[96.04797,45.78391],[96.04831,45.78409],[96.04878,45.78432],[96.0492,45.78449],[96.05006,45.78481],[96.05074,45.78504],[96.05114,45.78517],[96.05143,45.78528],[96.05209,45.78558],[96.05255,45.78579],[96.0529,45.78596],[96.05313,45.78608],[96.0533,45.78622],[96.05343,45.78635],[96.05366,45.78662],[96.05377,45.78674],[96.05391,45.78686],[96.05398,45.78696],[96.05402,45.78708],[96.05401,45.78721],[96.05397,45.78748],[96.05398,45.78768],[96.05402,45.78785],[96.0541,45.78802],[96.05423,45.78822],[96.05443,45.78849],[96.05465,45.78874],[96.05486,45.78891],[96.05517,45.78914],[96.05534,45.78924],[96.05559,45.78934],[96.056,45.78944],[96.05639,45.78951],[96.05689,45.78958],[96.05775,45.78967],[96.06055,45.79001],[96.06123,45.79007],[96.06205,45.79011],[96.06314,45.79014],[96.06794,45.79037],[96.06984,45.79045],[96.07085,45.7905],[96.07152,45.79053],[96.0718,45.79056],[96.07204,45.7906],[96.07249,45.79066],[96.07306,45.79076],[96.07438,45.79096],[96.07488,45.79103],[96.07557,45.79111],[96.07623,45.79117],[96.07682,45.79124],[96.0777,45.79134],[96.07835,45.7914],[96.07916,45.79147],[96.07951,45.7915],[96.07979,45.79149],[96.08023,45.79144],[96.08048,45.79139],[96.08069,45.79133],[96.08077,45.79131],[96.08085,45.7913],[96.08095,45.79131],[96.08112,45.79133],[96.08161,45.79135],[96.08207,45.79138],[96.08224,45.7914],[96.08233,45.79139],[96.08241,45.79137],[96.0826,45.79128],[96.08268,45.79125],[96.08277,45.79124],[96.08289,45.79123],[96.08369,45.79127],[96.08383,45.79128],[96.08398,45.7913],[96.0843,45.79137],[96.08446,45.79139],[96.08462,45.7914],[96.08477,45.79139],[96.08498,45.79138],[96.08514,45.79137],[96.08533,45.79137],[96.08551,45.79138],[96.08564,45.79141],[96.08573,45.79143],[96.08594,45.79154],[96.08611,45.79162],[96.08626,45.79168],[96.0865,45.79173],[96.0869,45.79179],[96.08756,45.79189],[96.08792,45.79194],[96.08811,45.79196],[96.08827,45.79196],[96.08853,45.79195],[96.08893,45.79193],[96.08924,45.79191],[96.08957,45.7919],[96.09,45.79193],[96.09019,45.79194],[96.09035,45.79193],[96.0906,45.79189],[96.09079,45.79186],[96.09093,45.79185],[96.09108,45.79186],[96.09126,45.79188],[96.09154,45.79191],[96.09177,45.79192],[96.09202,45.7919],[96.09216,45.79191],[96.09226,45.79192],[96.09237,45.79195],[96.0925,45.79198],[96.09264,45.792],[96.09279,45.79201],[96.09297,45.79202],[96.0931,45.79201],[96.09327,45.79197],[96.09369,45.79185],[96.09403,45.79177],[96.09427,45.7917],[96.0944,45.79166],[96.0945,45.79165],[96.09467,45.79165],[96.09492,45.79164],[96.09527,45.7916],[96.09547,45.79158],[96.09571,45.79152],[96.09588,45.7915],[96.09609,45.79151],[96.09628,45.79152],[96.09651,45.79154],[96.09665,45.79154],[96.0968,45.79152],[96.09697,45.79148],[96.09707,45.79145],[96.09715,45.79139],[96.09725,45.79132],[96.09732,45.79128],[96.0974,45.79126],[96.09749,45.79125],[96.09758,45.79126],[96.09766,45.79129],[96.09773,45.79133],[96.09782,45.79141],[96.0979,45.79151],[96.098,45.79161],[96.09808,45.79166],[96.0982,45.79169],[96.09831,45.7917],[96.09905,45.79166],[96.09933,45.79166],[96.09954,45.79168],[96.09981,45.79171],[96.09999,45.79171],[96.10014,45.7917],[96.10033,45.79168],[96.10072,45.79163],[96.10128,45.79159],[96.10147,45.79157],[96.10158,45.79155],[96.10166,45.79151],[96.10177,45.79146],[96.10186,45.79141],[96.10199,45.79139],[96.10213,45.79137],[96.10226,45.79137],[96.10239,45.79138],[96.10257,45.7914],[96.10306,45.79148],[96.1033,45.79153],[96.1035,45.79159],[96.10387,45.79171],[96.10411,45.79178],[96.10434,45.79185],[96.10456,45.79192],[96.10478,45.79201],[96.10491,45.79205],[96.10506,45.79207],[96.10563,45.79214],[96.10597,45.79217],[96.10616,45.79219],[96.10634,45.79223],[96.1066,45.79231],[96.10682,45.79237],[96.10702,45.7924],[96.10719,45.79241],[96.10734,45.79243],[96.10749,45.79245],[96.10761,45.79246],[96.10783,45.79247],[96.10818,45.79247],[96.10845,45.79247],[96.10856,45.79247],[96.10864,45.79248],[96.10872,45.79251],[96.10885,45.79257],[96.10906,45.79266],[96.10919,45.7927],[96.1094,45.79274],[96.10948,45.79277],[96.10958,45.79281],[96.10968,45.79285],[96.10983,45.79293],[96.11001,45.793],[96.11033,45.79311],[96.11045,45.79313],[96.11055,45.79315],[96.11068,45.79314],[96.11088,45.79312],[96.11098,45.79309],[96.11106,45.79305],[96.11109,45.79299],[96.11115,45.79284],[96.11118,45.79277],[96.11122,45.79272],[96.11128,45.79268],[96.11136,45.79266],[96.11169,45.79262],[96.11203,45.79257],[96.11219,45.79254],[96.11235,45.79249],[96.11284,45.79225],[96.113,45.7922],[96.11327,45.79211],[96.11381,45.79196],[96.11407,45.79189],[96.11432,45.79185],[96.11469,45.79182],[96.11487,45.79179],[96.11506,45.79175],[96.11523,45.79171],[96.11557,45.79163],[96.11576,45.7916],[96.11594,45.79158],[96.11611,45.79156],[96.11635,45.79153],[96.1166,45.79151],[96.11691,45.79149],[96.11712,45.79148],[96.11728,45.79145],[96.11743,45.79142],[96.11758,45.7914],[96.11777,45.79141],[96.11792,45.79143],[96.1181,45.79149],[96.11824,45.79154],[96.11838,45.79157],[96.11852,45.79159],[96.1187,45.79161],[96.11907,45.79164],[96.11936,45.79169],[96.11962,45.79175],[96.11984,45.79181],[96.11994,45.79183],[96.12006,45.79184],[96.12059,45.79185],[96.12073,45.79183],[96.12087,45.7918],[96.12103,45.79176],[96.12117,45.79174],[96.12132,45.79174],[96.12149,45.79176],[96.12166,45.79178],[96.12181,45.79179],[96.12197,45.7918],[96.1221,45.79183],[96.12226,45.79187],[96.12244,45.79189],[96.1227,45.79189],[96.12281,45.79191],[96.12294,45.79194],[96.12303,45.79195],[96.12314,45.79196],[96.12326,45.79195],[96.12361,45.79186],[96.12374,45.79183],[96.12389,45.79182],[96.12403,45.79182],[96.12417,45.79185],[96.12432,45.79187],[96.12445,45.79188],[96.1247,45.79186],[96.12496,45.79185],[96.12524,45.79184],[96.12538,45.79184],[96.1255,45.79186],[96.12575,45.79191],[96.12607,45.79197],[96.12635,45.79199],[96.12658,45.792],[96.12705,45.79198],[96.12747,45.79197],[96.12783,45.79197],[96.12827,45.79198],[96.12867,45.79198],[96.12892,45.79199],[96.12911,45.79202],[96.12931,45.79207],[96.1297,45.79216],[96.12994,45.7922],[96.13009,45.79221],[96.13025,45.7922],[96.13061,45.79217],[96.13106,45.79215],[96.13137,45.79212],[96.1316,45.7921],[96.13182,45.79209],[96.13201,45.7921],[96.13217,45.7921],[96.13236,45.79208],[96.1326,45.79206],[96.13276,45.79205],[96.13289,45.79206],[96.13305,45.7921],[96.13319,45.79213],[96.13333,45.79214],[96.13349,45.79214],[96.13382,45.79211],[96.13399,45.79207],[96.13413,45.79205],[96.13429,45.79204],[96.13441,45.79205],[96.13459,45.79209],[96.13478,45.79214],[96.13497,45.79219],[96.13509,45.79223],[96.13522,45.79225],[96.13535,45.79228],[96.13554,45.79235],[96.1359,45.79249],[96.13608,45.79255],[96.13625,45.7926],[96.13651,45.79265],[96.13689,45.79269],[96.13714,45.7927],[96.13739,45.79269],[96.13754,45.79266],[96.13762,45.79263],[96.13772,45.79257],[96.13791,45.79248],[96.13813,45.79243],[96.13829,45.79237],[96.13847,45.79229],[96.13866,45.79221],[96.13884,45.79214],[96.13897,45.79208],[96.13914,45.79196],[96.13927,45.79191],[96.13941,45.79187],[96.13962,45.79184],[96.14009,45.79176],[96.14034,45.79169],[96.14046,45.79164],[96.14056,45.79157],[96.14066,45.79152],[96.14074,45.79149],[96.14087,45.79148],[96.14115,45.79147],[96.1413,45.79145],[96.14145,45.79141],[96.1417,45.79136],[96.14194,45.79135],[96.14215,45.79136],[96.14239,45.79139],[96.14271,45.79142],[96.14302,45.79146],[96.14328,45.79149],[96.1436,45.79149],[96.1438,45.79148],[96.14392,45.79149],[96.14408,45.79151],[96.1443,45.79155],[96.14457,45.79158],[96.14485,45.7916],[96.14506,45.79161],[96.14539,45.79159],[96.14564,45.79156],[96.1458,45.79155],[96.14599,45.79155],[96.14613,45.79157],[96.14629,45.79162],[96.14677,45.79182],[96.14696,45.7919],[96.1471,45.79193],[96.14722,45.79195],[96.14734,45.79195],[96.14767,45.79194],[96.14787,45.79195],[96.14805,45.79198],[96.14831,45.79203],[96.14842,45.79204],[96.14859,45.79204],[96.14888,45.79202],[96.14907,45.792],[96.14919,45.792],[96.14935,45.79202],[96.14966,45.79205],[96.1499,45.79207],[96.15048,45.7921],[96.15084,45.79214],[96.15106,45.79217],[96.1513,45.79222],[96.15149,45.79226],[96.15161,45.79227],[96.15173,45.79227],[96.15195,45.79223],[96.15217,45.7922],[96.15234,45.79219],[96.15252,45.7922],[96.15287,45.79222],[96.15331,45.79231],[96.1536,45.79234],[96.15387,45.79237],[96.15402,45.79239],[96.15413,45.79243],[96.15426,45.79247],[96.15447,45.79255],[96.15457,45.79258],[96.15468,45.79259],[96.15476,45.79259],[96.15509,45.79258],[96.15521,45.79257],[96.15532,45.79257],[96.15543,45.79259],[96.1556,45.79261],[96.15571,45.79262],[96.15589,45.79262],[96.15607,45.7926],[96.15637,45.79258],[96.15649,45.79257],[96.15658,45.79254],[96.15674,45.79251],[96.15685,45.79251],[96.15717,45.79253],[96.15744,45.79256],[96.15779,45.7926],[96.15807,45.79265],[96.15821,45.79266],[96.15839,45.79265],[96.15882,45.7926],[96.15898,45.79259],[96.15936,45.79259],[96.15953,45.79258],[96.1599,45.79251],[96.16003,45.79248],[96.16014,45.79245],[96.16024,45.79244],[96.16043,45.79243],[96.16053,45.79242],[96.16064,45.79239],[96.16085,45.7923],[96.16097,45.79227],[96.16131,45.79222],[96.16144,45.79221],[96.16155,45.79219],[96.16177,45.79212],[96.16185,45.79211],[96.16196,45.7921],[96.16206,45.79212],[96.1625,45.79219],[96.16268,45.79222],[96.16295,45.79224],[96.16338,45.79229],[96.16365,45.79232],[96.16378,45.79231],[96.16388,45.79229],[96.16405,45.79225],[96.16425,45.79221],[96.16445,45.79219],[96.16477,45.79218],[96.16487,45.79217],[96.16497,45.79214],[96.16513,45.79208],[96.16524,45.79206],[96.16537,45.79205],[96.16552,45.79206],[96.16567,45.79205],[96.16608,45.79202],[96.16679,45.79192],[96.16695,45.79187],[96.16716,45.79177],[96.16735,45.79169],[96.16752,45.79165],[96.16776,45.79164],[96.16806,45.79164],[96.16856,45.79167],[96.16914,45.79171],[96.16961,45.79174],[96.17014,45.79178],[96.17053,45.79185],[96.17094,45.79198],[96.17146,45.79218],[96.17186,45.7923],[96.17233,45.79235],[96.17273,45.79236],[96.17316,45.79236],[96.17359,45.7923],[96.17399,45.79225],[96.17438,45.79222],[96.17507,45.79224],[96.17557,45.79225],[96.17585,45.79223],[96.17695,45.79207],[96.17757,45.79197],[96.17839,45.79186],[96.17872,45.7918],[96.17894,45.79179],[96.17915,45.7918],[96.17941,45.79184],[96.17965,45.79191],[96.17995,45.79201],[96.18016,45.79213],[96.18036,45.79225],[96.18065,45.79246],[96.18083,45.79255],[96.18102,45.79262],[96.18148,45.79275],[96.18183,45.79286],[96.1821,45.79297],[96.18244,45.79307],[96.1828,45.79316],[96.18316,45.79327],[96.18349,45.79341],[96.18375,45.79351],[96.1842,45.79365],[96.18463,45.79377],[96.18488,45.79385],[96.18512,45.79395],[96.18542,45.7941],[96.1859,45.79437],[96.18623,45.79459],[96.18644,45.79477],[96.18658,45.79493],[96.18667,45.79504],[96.18674,45.79515],[96.18681,45.7953],[96.18692,45.7955],[96.18717,45.79587],[96.18728,45.796],[96.1874,45.79612],[96.18763,45.79628],[96.18792,45.79641],[96.18815,45.7965],[96.18839,45.79655],[96.18868,45.79656],[96.189,45.79654],[96.18926,45.79648],[96.18964,45.79638],[96.18982,45.79636],[96.19001,45.79635],[96.19022,45.79638],[96.19129,45.79654],[96.19156,45.79658],[96.19174,45.79658],[96.19194,45.79657],[96.19236,45.79647],[96.19267,45.79641],[96.19297,45.79638],[96.19334,45.79638],[96.19401,45.79645],[96.19421,45.79646],[96.19441,45.79643],[96.19487,45.79628],[96.19506,45.79623],[96.19526,45.7962],[96.19609,45.79617],[96.19649,45.79618],[96.1967,45.7962],[96.19689,45.79624],[96.1972,45.7963],[96.19733,45.79633],[96.19747,45.79633],[96.1977,45.79631],[96.19845,45.79614],[96.19861,45.79611],[96.19895,45.79609],[96.19931,45.79607],[96.19951,45.79604],[96.19974,45.79602],[96.20014,45.79596],[96.20028,45.79593],[96.20052,45.79583],[96.20069,45.79578],[96.20089,45.79575],[96.20114,45.79574],[96.20152,45.79575],[96.20177,45.79577],[96.20194,45.79582],[96.20226,45.79592],[96.20262,45.79603],[96.20325,45.79619],[96.20349,45.79623],[96.20367,45.79626],[96.20391,45.79627],[96.2047,45.79622],[96.20511,45.79619],[96.20532,45.7962],[96.20551,45.79624],[96.20649,45.79655],[96.2078,45.79705],[96.20826,45.79721],[96.20873,45.79734],[96.20909,45.7974],[96.20946,45.79744],[96.20989,45.79749],[96.21009,45.79752],[96.21024,45.79757],[96.21037,45.79764],[96.21061,45.79781],[96.21089,45.79803],[96.21126,45.79828],[96.21145,45.79839],[96.2117,45.79848],[96.21206,45.79857],[96.21224,45.79864],[96.21242,45.79872],[96.21287,45.79894],[96.2132,45.79908],[96.21338,45.79918],[96.21359,45.79932],[96.21376,45.79945],[96.21391,45.79959],[96.21397,45.79968],[96.21405,45.7998],[96.21414,45.79992],[96.21427,45.80003],[96.21436,45.80012],[96.21444,45.80024],[96.21452,45.80037],[96.2146,45.80049],[96.21474,45.80062],[96.21491,45.80076],[96.21509,45.80087],[96.21525,45.80094],[96.21631,45.80132],[96.21664,45.80142],[96.21684,45.80144],[96.21713,45.80144],[96.21748,45.80143],[96.21773,45.8014],[96.21803,45.80136],[96.21911,45.80113],[96.21953,45.80104],[96.21974,45.80101],[96.22,45.80097],[96.22042,45.80092],[96.22084,45.80089],[96.2211,45.80088],[96.2213,45.80089],[96.22144,45.80092],[96.22157,45.80096],[96.2218,45.80106],[96.22195,45.80111],[96.22212,45.80116],[96.22228,45.80121],[96.2224,45.80127],[96.22252,45.80136],[96.22264,45.80145],[96.22309,45.80182],[96.22324,45.80194],[96.22342,45.80204],[96.22376,45.80218],[96.22405,45.8023],[96.22428,45.80239],[96.22462,45.80252],[96.22497,45.80265],[96.22519,45.80272],[96.22545,45.80277],[96.22569,45.8028],[96.22609,45.8028],[96.22641,45.80279],[96.22661,45.8028],[96.2268,45.80285],[96.22706,45.80292],[96.22731,45.80301],[96.22754,45.80309],[96.22776,45.80315],[96.22798,45.80319],[96.22826,45.80321],[96.22856,45.80324],[96.22882,45.80329],[96.22926,45.8034],[96.22946,45.80343],[96.22968,45.80344],[96.22996,45.80341],[96.23017,45.8034],[96.23036,45.80343],[96.23066,45.8035],[96.23083,45.80351],[96.23104,45.80351],[96.23163,45.80345],[96.23195,45.80343],[96.23232,45.80343],[96.23266,45.80343],[96.23287,45.80343],[96.23314,45.80345],[96.23352,45.8035],[96.23374,45.80353],[96.23399,45.8036],[96.23429,45.8037],[96.23449,45.80374],[96.23472,45.80376],[96.235,45.80378],[96.23537,45.80385],[96.23578,45.80391],[96.23612,45.804],[96.23651,45.80414],[96.23676,45.80423],[96.23705,45.80429],[96.23722,45.8043],[96.23743,45.8043],[96.23767,45.80429],[96.23789,45.80429],[96.23814,45.80427],[96.23831,45.80428],[96.23845,45.80431],[96.23857,45.80438],[96.23873,45.80449],[96.23899,45.80463],[96.23927,45.80478],[96.2395,45.80493],[96.23985,45.80519],[96.24006,45.80534],[96.24048,45.80564],[96.24076,45.80582],[96.24202,45.80662],[96.24222,45.80678],[96.24244,45.80704],[96.24265,45.80734],[96.24277,45.80761],[96.24321,45.80897],[96.24342,45.80954],[96.24363,45.8099],[96.24404,45.81032],[96.24485,45.81092],[96.24552,45.81145],[96.2459,45.81188],[96.24615,45.81224],[96.24646,45.81275],[96.24679,45.81324],[96.24716,45.81379],[96.24777,45.81453],[96.24846,45.81536],[96.24881,45.81575],[96.2491,45.81605],[96.24934,45.81638],[96.24956,45.81671],[96.24976,45.81701],[96.25001,45.81729],[96.25045,45.81756],[96.25109,45.81779],[96.25157,45.81792],[96.25207,45.81799],[96.25267,45.81801],[96.25317,45.81808],[96.25355,45.81817],[96.25396,45.81831],[96.25441,45.81856],[96.25499,45.8189],[96.25527,45.81896],[96.25565,45.81899],[96.25617,45.81893],[96.25661,45.81884],[96.25728,45.8186],[96.25791,45.81828],[96.25856,45.81785],[96.25911,45.81739],[96.25981,45.81676],[96.2603,45.81645],[96.26083,45.81617],[96.26136,45.81603],[96.26173,45.81594],[96.26218,45.81588],[96.26266,45.81586],[96.26326,45.81591],[96.26376,45.816],[96.26435,45.81615],[96.26516,45.8164],[96.26554,45.81654],[96.26583,45.81669],[96.26608,45.81686],[96.26643,45.81718],[96.26663,45.81742],[96.26676,45.81766],[96.26692,45.81805],[96.26694,45.81823],[96.26693,45.81838],[96.26687,45.81852],[96.26672,45.8188],[96.26665,45.81902],[96.26661,45.81921],[96.26662,45.81939],[96.26664,45.81954],[96.2667,45.81972],[96.26693,45.82016],[96.26704,45.82054],[96.26712,45.82097],[96.26718,45.82158],[96.26726,45.82254],[96.26723,45.82285],[96.26722,45.82312],[96.26713,45.82346],[96.26695,45.82386],[96.26665,45.82435],[96.26652,45.82461],[96.26645,45.82485],[96.26644,45.82507],[96.2665,45.82535],[96.26665,45.82574],[96.26679,45.82603],[96.267,45.82629],[96.26744,45.82674],[96.26808,45.82738],[96.26835,45.8276],[96.26866,45.8278],[96.26922,45.82809],[96.26971,45.8283],[96.26995,45.82845],[96.2702,45.82864],[96.27041,45.82885],[96.27057,45.82903],[96.27071,45.82927],[96.27093,45.82972],[96.27125,45.83046],[96.27139,45.83074],[96.27157,45.83102],[96.27176,45.83124],[96.272,45.83142],[96.27247,45.8317],[96.27435,45.83254],[96.2748,45.83279],[96.27519,45.83305],[96.27651,45.83404],[96.27674,45.83424],[96.27686,45.83439],[96.27699,45.83466],[96.27706,45.83481],[96.27714,45.83491],[96.27726,45.83502],[96.27741,45.83511],[96.27755,45.83518],[96.27777,45.83526],[96.27791,45.83531],[96.27801,45.83537],[96.27812,45.83546],[96.27877,45.83621],[96.27918,45.83671],[96.27938,45.83692],[96.27963,45.83713],[96.28003,45.83741],[96.2828,45.83902],[96.28487,45.84014],[96.28542,45.84039],[96.28621,45.84073],[96.2868,45.84096],[96.28749,45.84124],[96.28811,45.84152],[96.2885,45.84173],[96.28876,45.84193],[96.28891,45.84207],[96.28907,45.84228],[96.28925,45.84254],[96.28938,45.84269],[96.28958,45.84284],[96.28999,45.84308],[96.29019,45.84322],[96.29034,45.84334],[96.29094,45.844],[96.29105,45.84412],[96.2912,45.84424],[96.29177,45.84469],[96.29192,45.84483],[96.29208,45.84502],[96.29243,45.84547],[96.29255,45.84558],[96.29269,45.84567],[96.29298,45.8458],[96.29389,45.84621],[96.29412,45.84632],[96.2943,45.84643],[96.2947,45.84673],[96.29485,45.8469],[96.295,45.8471],[96.29527,45.8475],[96.2963,45.84946],[96.29675,45.85034],[96.2969,45.85056],[96.29705,45.85069],[96.29722,45.85078],[96.29742,45.85084],[96.29768,45.85087],[96.29814,45.85089],[96.29829,45.8509],[96.29843,45.85093],[96.29856,45.851],[96.29874,45.85116],[96.29886,45.8513],[96.29891,45.85139],[96.29892,45.85148],[96.29891,45.85156],[96.29888,45.85167],[96.29869,45.85201],[96.29816,45.85277],[96.2981,45.85288],[96.29807,45.85301],[96.29808,45.85313],[96.29812,45.85321],[96.2982,45.8533],[96.29837,45.8534],[96.29856,45.85349],[96.29867,45.85357],[96.29879,45.85369],[96.29887,45.8538],[96.2989,45.85392],[96.29889,45.85416],[96.29881,45.85461],[96.29845,45.85603],[96.29841,45.85621],[96.2984,45.85635],[96.29843,45.85653],[96.29847,45.8567],[96.29858,45.85691],[96.2995,45.85812],[96.29959,45.85831],[96.29965,45.85851],[96.29967,45.85876],[96.29958,45.85969],[96.2995,45.86062],[96.29945,45.86085],[96.29937,45.86103],[96.29918,45.8613],[96.2983,45.86265],[96.29769,45.86374],[96.29762,45.86399],[96.29758,45.86421],[96.29759,45.86444],[96.29767,45.86468],[96.29783,45.865],[96.29798,45.86528],[96.29813,45.86548]]}},{"type":"Feature","properties":{},"geometry":{"type":"LineString","coordinates":[[95.86287,45.56272],[95.8625,45.56262],[95.86195,45.56252],[95.86152,45.56245],[95.86112,45.56237],[95.86088,45.5623],[95.86073,45.56223],[95.86054,45.56213],[95.86028,45.56202],[95.85997,45.56187],[95.85963,45.56172],[95.85921,45.56153],[95.85874,45.56135],[95.85815,45.56105],[95.85738,45.56062],[95.8569,45.56033],[95.85607,45.55969],[95.85556,45.5593],[95.85511,45.5591],[95.85452,45.55888],[95.85386,45.55867],[95.85207,45.55829],[95.85132,45.55805],[95.85102,45.55791],[95.85067,45.55766],[95.85043,45.55746],[95.85001,45.55716],[95.84936,45.55676],[95.84906,45.55658],[95.84873,45.55638],[95.8482,45.55607],[95.84728,45.55557],[95.84683,45.55532],[95.84653,45.55512],[95.84615,45.55496],[95.84575,45.55476],[95.84537,45.55453],[95.84508,45.55426],[95.84488,45.55404],[95.8447,45.55384],[95.84448,45.55363],[95.84419,45.55344],[95.84348,45.55306],[95.84241,45.55262],[95.84186,45.55243],[95.8414,45.55221],[95.84003,45.55142],[95.8396,45.55124],[95.83914,45.55111],[95.83869,45.55099],[95.83822,45.55083],[95.83764,45.55059],[95.83684,45.55018],[95.83661,45.54997],[95.83645,45.54974],[95.8364,45.54953],[95.83628,45.54928],[95.83606,45.54908],[95.83582,45.54889],[95.83541,45.54871],[95.83487,45.54856],[95.83403,45.54825],[95.83296,45.54789],[95.8305,45.54712],[95.82963,45.54678],[95.82833,45.54619],[95.82726,45.54577],[95.82636,45.54537],[95.82563,45.54509],[95.82477,45.54479],[95.82303,45.54429],[95.81995,45.5434],[95.81817,45.54286],[95.81498,45.54199],[95.81176,45.54116],[95.80931,45.54058],[95.80854,45.54043],[95.80702,45.54019],[95.80548,45.53983],[95.80435,45.53951],[95.8038,45.53938],[95.80299,45.53925],[95.80201,45.53909],[95.79913,45.53865],[95.79763,45.53841],[95.79698,45.53832],[95.79511,45.5382],[95.79378,45.5381],[95.79301,45.53796],[95.79269,45.53786],[95.79243,45.53774],[95.79188,45.53752],[95.79149,45.53741],[95.79102,45.53731],[95.79015,45.5372],[95.78983,45.53716],[95.78942,45.53711],[95.78898,45.53708],[95.78768,45.53715],[95.7872,45.53717],[95.7863,45.53711],[95.7856,45.53709],[95.78498,45.53711],[95.78452,45.53717],[95.78415,45.53719],[95.78355,45.53717],[95.78309,45.53717],[95.78223,45.53725],[95.78184,45.53733],[95.78148,45.53737],[95.78104,45.5374],[95.78068,45.53742],[95.7803,45.53751],[95.7798,45.53765],[95.77927,45.53771],[95.77893,45.53769],[95.77858,45.53764],[95.7781,45.5376],[95.77766,45.53757],[95.77701,45.53763],[95.77652,45.53768],[95.77604,45.53771],[95.77536,45.53773],[95.77479,45.53772],[95.77439,45.53777],[95.77403,45.53785],[95.77361,45.53791],[95.77327,45.53793],[95.77293,45.53791],[95.77248,45.53787],[95.77181,45.53787],[95.77121,45.53792],[95.77069,45.53797],[95.77021,45.53806],[95.76957,45.53809],[95.76913,45.53811],[95.76873,45.53809],[95.76841,45.53802],[95.76817,45.53794],[95.76773,45.53776],[95.76733,45.53766],[95.76684,45.5376],[95.7664,45.53752],[95.76598,45.53746],[95.76545,45.53746],[95.76464,45.53746],[95.76381,45.53753],[95.76324,45.53758],[95.76152,45.53764],[95.7609,45.53768],[95.7604,45.53772],[95.75963,45.53785],[95.75878,45.53797],[95.75799,45.53813],[95.7575,45.53816],[95.75707,45.53812],[95.75638,45.53798],[95.75553,45.53786],[95.75474,45.53778],[95.75347,45.53775],[95.749,45.53768],[95.74729,45.53769],[95.74623,45.53765],[95.74553,45.53761],[95.74449,45.53753],[95.74367,45.53744],[95.74247,45.53734],[95.74129,45.53718],[95.74031,45.5371],[95.7397,45.53712],[95.73912,45.53719],[95.73871,45.53726],[95.73819,45.53732],[95.73771,45.53738],[95.73719,45.53739],[95.73654,45.53737],[95.73604,45.53737],[95.73524,45.53747],[95.73386,45.53771],[95.73306,45.53778],[95.73238,45.5378],[95.73102,45.53772],[95.73015,45.53771],[95.72885,45.5378],[95.7282,45.53785],[95.72746,45.53789],[95.72696,45.5379],[95.72645,45.53784],[95.72553,45.53763],[95.72457,45.53736],[95.72352,45.53713],[95.72172,45.53684],[95.71947,45.53655],[95.7165,45.53624],[95.71323,45.5358],[95.71254,45.53569],[95.71156,45.53549],[95.70808,45.53469],[95.70727,45.53453],[95.70648,45.53439],[95.70588,45.53422],[95.70525,45.5341],[95.70447,45.53402],[95.70355,45.53398],[95.70126,45.53396],[95.69783,45.534],[95.69647,45.53403],[95.69515,45.53403],[95.69362,45.53407],[95.6919,45.53426],[95.69018,45.53447],[95.68829,45.53474],[95.68721,45.53491],[95.68553,45.53513],[95.68526,45.53516],[95.68508,45.53517],[95.68489,45.53515],[95.68397,45.535],[95.68372,45.53497],[95.68349,45.53497],[95.68177,45.53503],[95.68156,45.53506],[95.6814,45.53514],[95.68128,45.53526],[95.68116,45.53538],[95.68099,45.53546],[95.68073,45.53554],[95.68054,45.53556],[95.67926,45.5356],[95.67903,45.53563],[95.67885,45.53568],[95.67854,45.5358],[95.6784,45.53587],[95.67826,45.53597],[95.67806,45.53611],[95.67795,45.53617],[95.67778,45.53621],[95.67746,45.53623],[95.67715,45.53624],[95.67688,45.53624],[95.6765,45.53618],[95.676,45.53604],[95.67562,45.53591],[95.67539,45.53579],[95.67478,45.53543],[95.67454,45.53533],[95.67436,45.53529],[95.67407,45.53522],[95.67382,45.53515],[95.67364,45.53508],[95.67304,45.53481],[95.67268,45.53466],[95.67228,45.53455],[95.67199,45.5345],[95.67174,45.53447],[95.67127,45.53445],[95.67021,45.53438],[95.66982,45.53433],[95.66958,45.53428],[95.66886,45.53409],[95.6686,45.53405],[95.66826,45.53406],[95.66753,45.53412],[95.66662,45.53416],[95.66575,45.53413],[95.66478,45.53404],[95.66422,45.53398],[95.66386,45.53391],[95.66354,45.53382],[95.66335,45.53373],[95.66316,45.5336],[95.66301,45.53351],[95.66281,45.53346],[95.66253,45.53342],[95.66216,45.53344],[95.66189,45.53346],[95.66154,45.53354],[95.66125,45.53358],[95.66093,45.53359],[95.66067,45.53355],[95.66043,45.53348],[95.66015,45.53339],[95.65998,45.53337],[95.65983,45.53341],[95.6597,45.53348],[95.65958,45.53358],[95.65943,45.53364],[95.65912,45.53367],[95.65839,45.53364],[95.65789,45.5336],[95.65763,45.53357],[95.65738,45.53349],[95.65712,45.53337],[95.65686,45.53323],[95.65657,45.5331],[95.6558,45.53286],[95.65464,45.53252],[95.65382,45.53225],[95.65332,45.53205],[95.65289,45.53187],[95.65249,45.53174],[95.65206,45.53165],[95.65186,45.53163],[95.65175,45.53162],[95.65161,45.53162],[95.65145,45.53165],[95.65087,45.5318],[95.6507,45.53183],[95.65058,45.53183],[95.65047,45.53182],[95.65031,45.53178],[95.64969,45.53165],[95.64955,45.53162],[95.64945,45.53158],[95.64936,45.53151],[95.64919,45.53133],[95.64879,45.53092],[95.64865,45.53084],[95.64849,45.5308],[95.64831,45.53079],[95.64808,45.53082],[95.64761,45.53098],[95.64746,45.53107],[95.64738,45.53117],[95.64734,45.53132],[95.64736,45.53154],[95.64776,45.53311],[95.64825,45.53518],[95.64826,45.53543],[95.64827,45.53572],[95.64819,45.53634],[95.64807,45.53714],[95.64798,45.53765],[95.64774,45.53804],[95.64744,45.53829],[95.647,45.53848],[95.64444,45.53911],[95.64373,45.53926],[95.64362,45.53929],[95.64202,45.5395],[95.64165,45.53956],[95.64104,45.53967],[95.64033,45.5398],[95.63987,45.53988],[95.63939,45.53997],[95.63884,45.54002],[95.63735,45.54003],[95.63679,45.54007],[95.6364,45.54019],[95.63603,45.54039],[95.63585,45.5405],[95.63555,45.54061],[95.63509,45.54074],[95.63428,45.54086],[95.63351,45.54104],[95.63251,45.54134],[95.63165,45.54159],[95.63084,45.5418],[95.62916,45.54218],[95.62846,45.54239],[95.62732,45.54262],[95.62636,45.54277],[95.62584,45.54288],[95.62533,45.543],[95.62461,45.54315],[95.62405,45.54328],[95.62349,45.54344],[95.62283,45.54362],[95.62195,45.54383],[95.62158,45.54394],[95.62131,45.54407],[95.62097,45.5442],[95.62057,45.5443],[95.61986,45.54437],[95.61897,45.54442],[95.61823,45.54453],[95.61774,45.5447],[95.6174,45.54488],[95.61726,45.54492],[95.61718,45.54492],[95.61709,45.54489],[95.61556,45.54346],[95.61172,45.54006],[95.61098,45.53933],[95.61049,45.53893],[95.61005,45.5387],[95.60953,45.53848],[95.60866,45.53821],[95.60101,45.53568],[95.59324,45.53302],[95.58584,45.53046],[95.57359,45.5262],[95.57061,45.52531],[95.56728,45.52451],[95.54853,45.52156],[95.52436,45.51778],[95.51757,45.51663],[95.50196,45.51348],[95.47954,45.50899],[95.47578,45.50824],[95.47332,45.50765],[95.44437,45.50063],[95.41198,45.49424],[95.3523,45.48453],[95.34566,45.48312],[95.30741,45.47497],[95.29996,45.47345],[95.28973,45.47179],[95.27717,45.46993],[95.27088,45.46898],[95.26054,45.46749],[95.25766,45.46698],[95.25514,45.46637],[95.25203,45.46538],[95.25037,45.46478],[95.22275,45.45365],[95.21432,45.45025],[95.14543,45.42576],[95.13227,45.42108],[95.12613,45.41918],[95.12257,45.41823],[95.10174,45.41244],[95.08789,45.40866],[95.0857,45.40816],[95.08312,45.40758],[95.05365,45.40133],[95.028,45.39569],[95.02285,45.39453],[95.02047,45.39395],[95.01869,45.39344],[95.0154,45.39228],[95.01083,45.39048],[95.00893,45.38973],[95.00817,45.38948],[95.00683,45.38915],[95.00077,45.38795],[94.99338,45.38656],[94.98825,45.38531],[94.98646,45.38468],[94.98478,45.38389],[94.98268,45.38275],[94.98088,45.38159],[94.97921,45.3804],[94.97779,45.37908],[94.97613,45.3771],[94.97546,45.37613],[94.97468,45.37481],[94.974,45.37321],[94.97353,45.37169],[94.97326,45.37006],[94.97329,45.3682],[94.97347,45.36529],[94.97363,45.36348],[94.9738,45.3602],[94.97371,45.35931],[94.97344,45.358],[94.97289,45.35671],[94.97227,45.35566],[94.97155,45.35463],[94.96778,45.34954],[94.96284,45.34327],[94.95591,45.33424],[94.94434,45.31958],[94.94234,45.31713],[94.94136,45.31613],[94.93978,45.31476],[94.93649,45.31235],[94.93498,45.3114],[94.91878,45.30075],[94.91258,45.29656],[94.90799,45.29326],[94.90731,45.29274],[94.89282,45.28104],[94.88809,45.277],[94.88093,45.27118],[94.86857,45.26233],[94.84781,45.24812],[94.84266,45.24501],[94.82544,45.2352],[94.81975,45.2321],[94.81418,45.22898],[94.79132,45.21321],[94.77731,45.20373],[94.74605,45.1825],[94.72298,45.16703],[94.71959,45.16501],[94.67121,45.13945],[94.66855,45.13795],[94.64655,45.12559],[94.64497,45.12456],[94.61673,45.10502],[94.61562,45.10427],[94.61418,45.10345],[94.58633,45.08966],[94.58331,45.08803],[94.58262,45.08761],[94.58187,45.08698],[94.56254,45.06956],[94.56069,45.06795],[94.55952,45.06698],[94.54255,45.05512],[94.54203,45.0547],[94.54147,45.05409],[94.54085,45.05332],[94.53981,45.0515],[94.53657,45.0479],[94.53535,45.04644],[94.53526,45.04625],[94.53524,45.0461]]}},{"type":"Feature","properties":{},"geometry":{"type":"LineString","coordinates":[[107.0051,47.91036],[107.00505,47.91023],[107.00498,47.91007],[107.00482,47.90963],[107.00455,47.90889],[107.0044,47.90847],[107.00436,47.90836],[107.00421,47.90795],[107.00412,47.9077],[107.00396,47.90725],[107.00393,47.90718],[107.00391,47.90712],[107.0038,47.90675],[107.00377,47.90665],[107.00368,47.90641],[107.00362,47.90624],[107.00361,47.9062],[107.00352,47.90595],[107.00348,47.90587],[107.00343,47.90579],[107.00339,47.90572],[107.00332,47.90564],[107.00328,47.90558],[107.00322,47.90552],[107.00315,47.90545],[107.00308,47.9054],[107.00304,47.90537],[107.00268,47.90513],[107.00251,47.905],[107.00194,47.90461],[107.00186,47.90455],[107.00179,47.90449],[107.00169,47.90441],[107.00158,47.90432],[107.00149,47.90423],[107.00143,47.90418],[107.00137,47.90411],[107.00129,47.90402],[107.00121,47.90392],[107.00113,47.90383],[107.0009,47.90355]]}},{"type":"Feature","properties":{},"geometry":{"type":"LineString","coordinates":[[106.74631,47.7668],[106.74649,47.76648],[106.74658,47.76632]]}},{"type":"Feature","properties":{},"geometry":{"type":"LineString","coordinates":[[106.63081,47.79727],[106.63084,47.7971],[106.63091,47.79698],[106.63114,47.7967],[106.63216,47.79556],[106.63248,47.79519],[106.63319,47.7944],[106.63391,47.79359],[106.6348,47.79256],[106.63552,47.79191],[106.63614,47.79151],[106.63636,47.79139],[106.63657,47.79127],[106.63687,47.79108],[106.63711,47.79093],[106.63765,47.79061],[106.638,47.7904],[106.6384,47.79019],[106.63939,47.78971],[106.64053,47.7893],[106.64112,47.7891],[106.64159,47.78897]]}},{"type":"Feature","properties":{},"geometry":{"type":"LineString","coordinates":[[106.74631,47.7668],[106.74511,47.76882],[106.74475,47.7694],[106.74449,47.76968],[106.74427,47.76985],[106.74402,47.77004],[106.74333,47.77055],[106.74271,47.77101],[106.74239,47.77128],[106.74193,47.77177],[106.74182,47.77189],[106.74019,47.77378],[106.74007,47.77397],[106.73998,47.7742],[106.73997,47.77433],[106.73998,47.77449],[106.74001,47.77463],[106.74009,47.77478],[106.74023,47.77498],[106.74064,47.77558],[106.74116,47.77631],[106.74123,47.77642],[106.74147,47.77686]]}},{"type":"Feature","properties":{},"geometry":{"type":"LineString","coordinates":[[106.98486,47.92369],[106.98512,47.92352],[106.98546,47.92333],[106.98551,47.9233],[106.98554,47.92328],[106.98557,47.92326],[106.98559,47.92324],[106.98561,47.92321],[106.98562,47.92319],[106.98562,47.92317],[106.98563,47.92314],[106.98564,47.92309]]}},{"type":"Feature","properties":{},"geometry":{"type":"LineString","coordinates":[[102.04014,47.42715],[102.04033,47.42727],[102.04067,47.42729],[102.04135,47.42732],[102.04244,47.42735],[102.04358,47.42746],[102.04408,47.42756],[102.04848,47.42878],[102.05659,47.43097],[102.05732,47.43116],[102.06599,47.43349],[102.06697,47.4337],[102.07994,47.43658],[102.08412,47.43848],[102.09244,47.44301],[102.0958,47.44381],[102.09789,47.44502],[102.10377,47.44698],[102.1068,47.45039],[102.11121,47.45251],[102.11467,47.45553],[102.11643,47.45895],[102.11705,47.45967],[102.11748,47.46203],[102.11853,47.46334],[102.12002,47.46455],[102.12043,47.46523],[102.12085,47.46525],[102.12224,47.46532],[102.13147,47.473],[102.15154,47.49255],[102.15359,47.49504],[102.15728,47.49898],[102.15798,47.5014],[102.16451,47.50538],[102.1697,47.50767],[102.17293,47.51019],[102.18213,47.51298],[102.1907,47.51408],[102.20681,47.5186],[102.20829,47.51866],[102.23136,47.52628],[102.23405,47.52778],[102.2371,47.53184],[102.24765,47.53998],[102.2543,47.54131],[102.25911,47.54461],[102.26606,47.54632],[102.27327,47.5478],[102.27516,47.54882],[102.28035,47.54962],[102.28306,47.54928],[102.28334,47.54927],[102.28359,47.5493],[102.2838,47.54935],[102.28406,47.54947],[102.28563,47.55029],[102.28722,47.55183],[102.29138,47.55353],[102.29499,47.55426],[102.31117,47.56075],[102.31276,47.56109]]}},{"type":"Feature","properties":{},"geometry":{"type":"LineString","coordinates":[[102.63117,47.78033],[102.63362,47.78051]]}},{"type":"Feature","properties":{},"geometry":{"type":"LineString","coordinates":[[101.9059,45.81094],[101.90567,45.81075]]}},{"type":"Feature","properties":{},"geometry":{"type":"LineString","coordinates":[[105.85684,50.07192],[105.85706,50.07024]]}},{"type":"Feature","properties":{},"geometry":{"type":"LineString","coordinates":[[105.85036,50.07455],[105.8494,50.07462],[105.84834,50.07484],[105.8479,50.07498],[105.84741,50.0752],[105.84483,50.07657],[105.83531,50.08165],[105.83428,50.08222],[105.83396,50.0824],[105.83246,50.08345],[105.8318,50.08405],[105.83136,50.08451],[105.8293,50.0871],[105.82742,50.08952]]}},{"type":"Feature","properties":{},"geometry":{"type":"LineString","coordinates":[[112.66269,49.12859],[112.66287,49.12723]]}},{"type":"Feature","properties":{},"geometry":{"type":"LineString","coordinates":[[112.66269,49.12859],[112.66239,49.13008],[112.66218,49.13123],[112.66212,49.132],[112.66194,49.13309],[112.66159,49.1359],[112.66163,49.13617],[112.66477,49.14222],[112.66483,49.14253],[112.66451,49.14291],[112.6595,49.14758],[112.6438,49.16223],[112.64017,49.1656],[112.63931,49.16611],[112.62794,49.17088],[112.61344,49.17987],[112.61303,49.1805],[112.61279,49.18191],[112.61248,49.18378],[112.61244,49.1847],[112.61398,49.19869],[112.61392,49.19936],[112.61114,49.21032],[112.61048,49.21376],[112.60948,49.21806],[112.60781,49.22513],[112.60696,49.22877],[112.60582,49.23354],[112.60386,49.24187],[112.60297,49.24564],[112.60274,49.24612],[112.59366,49.25587],[112.59004,49.25974],[112.58943,49.26077],[112.58821,49.26307],[112.58698,49.26522],[112.58554,49.26795],[112.58447,49.27003],[112.58373,49.27444],[112.58395,49.27615],[112.58421,49.27778],[112.58938,49.28836],[112.58937,49.28885],[112.58802,49.29161],[112.58725,49.29587],[112.58743,49.29645],[112.59157,49.30106],[112.59174,49.30141],[112.59167,49.30173],[112.58998,49.30443],[112.58982,49.30484],[112.59013,49.30647],[112.59038,49.30693],[112.59078,49.30731],[112.59447,49.30925],[112.59518,49.30963],[112.59666,49.31152],[112.5973,49.31206],[112.59754,49.31241],[112.59741,49.31373],[112.59703,49.31423],[112.59432,49.31611],[112.594,49.31759],[112.59378,49.31932],[112.5939,49.31961],[112.59413,49.31977],[112.59608,49.32057],[112.59896,49.32214],[112.59913,49.32234],[112.59913,49.32248],[112.59916,49.32384],[112.59907,49.32414],[112.5978,49.32561],[112.59673,49.32675],[112.59638,49.32697],[112.59554,49.32733],[112.5949,49.3275],[112.59423,49.32767],[112.594,49.32792],[112.59378,49.32851],[112.59338,49.3292],[112.59247,49.33019],[112.59155,49.33101],[112.59139,49.3314],[112.5915,49.3316],[112.59234,49.33219],[112.59334,49.33293],[112.5942,49.33371],[112.59477,49.33414],[112.5956,49.33455],[112.59584,49.33474],[112.59588,49.33494],[112.59578,49.33522],[112.59553,49.33559],[112.5955,49.33586],[112.59565,49.33613],[112.5961,49.33657],[112.59898,49.33887],[112.59936,49.33955],[112.59968,49.3404],[112.60032,49.34323],[112.60034,49.34355],[112.60005,49.34638],[112.59983,49.34669],[112.59451,49.35004],[112.59395,49.35051],[112.59159,49.35279],[112.59036,49.35418],[112.58935,49.35573],[112.58901,49.35657],[112.58825,49.36186],[112.58941,49.36477],[112.58944,49.36514],[112.58936,49.36555],[112.58705,49.37046],[112.58321,49.37858],[112.58245,49.38046],[112.58183,49.38345],[112.58015,49.39151],[112.57984,49.39241],[112.57676,49.39664],[112.57476,49.39949],[112.57365,49.4008],[112.56986,49.40376],[112.56761,49.40551],[112.5633,49.40889],[112.56051,49.41121],[112.56007,49.41189],[112.55862,49.41478],[112.55479,49.42244],[112.55323,49.42561],[112.55283,49.42621],[112.5493,49.42977],[112.54491,49.43409],[112.54455,49.43492],[112.54314,49.44172],[112.54124,49.45094],[112.53804,49.46584],[112.53787,49.46659],[112.53788,49.46712],[112.53828,49.46785],[112.5388,49.4684],[112.5528,49.48004],[112.55426,49.48126],[112.58253,49.50485]]}},{"type":"Feature","properties":{},"geometry":{"type":"LineString","coordinates":[[110.66078,47.31012],[110.66202,47.30835]]}},{"type":"Feature","properties":{},"geometry":{"type":"LineString","coordinates":[[110.03762,44.48448],[110.03615,44.48248],[110.0332,44.4787],[110.03074,44.47558],[110.02657,44.47053],[110.02163,44.46772],[110.01635,44.46499],[110.01084,44.46177],[110.00596,44.45878],[110.00173,44.45484],[109.99796,44.45133],[109.99306,44.44719],[109.98933,44.44383],[109.98512,44.44047],[109.98113,44.43728],[109.9753,44.43234],[109.97195,44.43011],[109.96667,44.42575],[109.96221,44.42211],[109.95569,44.41676],[109.95242,44.41401],[109.94672,44.40923],[109.94431,44.40736],[109.94204,44.40561],[109.93813,44.40232],[109.93504,44.39974],[109.92835,44.39445],[109.92225,44.38929],[109.91792,44.38603],[109.91341,44.38215],[109.91045,44.37967],[109.90642,44.37615],[109.90529,44.37338],[109.90328,44.37215],[109.89934,44.37028],[109.89268,44.3643],[109.88831,44.36127],[109.88427,44.35774],[109.87844,44.35252],[109.87359,44.34849],[109.86758,44.3433],[109.86179,44.33905],[109.85831,44.33589],[109.85157,44.33048],[109.84749,44.32698],[109.84229,44.32262],[109.83883,44.31978],[109.83438,44.31625],[109.8262,44.30951],[109.82101,44.30512],[109.81632,44.30112],[109.81088,44.29833],[109.80695,44.29651],[109.80225,44.29429],[109.79904,44.29276],[109.79256,44.29146],[109.78746,44.28894],[109.78492,44.28548],[109.78334,44.28328],[109.78029,44.28135],[109.77518,44.27899],[109.76878,44.27771],[109.76067,44.27622],[109.75526,44.27709],[109.75212,44.27705],[109.75197,44.27703],[109.75185,44.27699],[109.75179,44.27696],[109.75173,44.27692],[109.74805,44.27341],[109.74791,44.27327],[109.74782,44.27314],[109.74776,44.27299],[109.74523,44.26528],[109.74279,44.26073],[109.7444,44.25592],[109.74875,44.25329],[109.74877,44.25326],[109.74879,44.25322],[109.74882,44.25316],[109.74882,44.25313],[109.74882,44.25311],[109.74788,44.24923],[109.75053,44.24306],[109.75151,44.24046],[109.75152,44.24043],[109.75151,44.24039],[109.75149,44.24035],[109.74436,44.23162],[109.73805,44.22095],[109.73662,44.21841],[109.73609,44.21587],[109.73246,44.21263],[109.73132,44.21045],[109.72426,44.2067],[109.72176,44.20562],[109.72172,44.2056],[109.72167,44.20557],[109.72164,44.20553],[109.72163,44.20551],[109.72161,44.20547],[109.71922,44.19799],[109.71705,44.18972],[109.71709,44.18506],[109.71566,44.18352],[109.71427,44.18157],[109.71376,44.17876],[109.71269,44.17752],[109.71139,44.17477],[109.70834,44.17154],[109.70724,44.16879],[109.70449,44.16247],[109.70152,44.15449],[109.69924,44.15007],[109.69583,44.1424],[109.69259,44.1384],[109.6904,44.13402],[109.68595,44.12662],[109.68483,44.12316],[109.68517,44.11975],[109.68671,44.11445],[109.68677,44.11295],[109.6837,44.10605],[109.68199,44.10121],[109.67957,44.09462],[109.67739,44.08965],[109.67505,44.0838],[109.67082,44.07457],[109.66928,44.0697],[109.66835,44.06248],[109.66895,44.05929],[109.66931,44.05864],[109.66932,44.05861],[109.66932,44.05858],[109.66932,44.05856],[109.66932,44.05853],[109.6693,44.05852],[109.66928,44.05849],[109.66404,44.05324],[109.66042,44.04891],[109.65809,44.0433],[109.65535,44.03909],[109.65403,44.03333],[109.65269,44.02888],[109.64951,44.02375],[109.64711,44.01866],[109.6452,44.01461],[109.64321,44.0104],[109.63982,44.00468],[109.63941,44.0012],[109.63894,43.99689],[109.64028,43.99212],[109.64035,43.98697],[109.63672,43.98041],[109.63413,43.97532],[109.63221,43.9696],[109.631,43.96627],[109.6293,43.96098],[109.62796,43.95605],[109.62648,43.95045],[109.62515,43.94489],[109.62348,43.93921],[109.62221,43.93423],[109.62112,43.92983],[109.61913,43.92446],[109.61615,43.91279],[109.61346,43.90326],[109.61078,43.89461],[109.60855,43.88648],[109.60653,43.8793],[109.60398,43.87088],[109.60155,43.85998],[109.59798,43.85026],[109.59641,43.84424],[109.5955,43.83999],[109.59567,43.83683],[109.59688,43.83158],[109.59774,43.82664],[109.59891,43.81996],[109.6006,43.81136],[109.60231,43.80288],[109.60365,43.79711],[109.60498,43.78949],[109.60632,43.78262],[109.60736,43.77653],[109.60748,43.77049]]}},{"type":"Feature","properties":{},"geometry":{"type":"LineString","coordinates":[[112.16395,47.76514],[112.16437,47.76382]]}},{"type":"Feature","properties":{},"geometry":{"type":"LineString","coordinates":[[112.11863,47.78534],[112.11887,47.78425],[112.11871,47.78436],[112.11854,47.78465],[112.11824,47.78482],[112.1178,47.78503],[112.11709,47.78508],[112.11672,47.78514]]}},{"type":"Feature","properties":{},"geometry":{"type":"LineString","coordinates":[[92.53814,46.04186],[92.5384,46.04162]]}},{"type":"Feature","properties":{},"geometry":{"type":"LineString","coordinates":[[92.53154,46.05397],[92.53122,46.05363],[92.53105,46.05324]]}},{"type":"Feature","properties":{},"geometry":{"type":"LineString","coordinates":[[92.59131,49.39114],[92.59119,49.39103],[92.58996,49.38996],[92.58857,49.38873],[92.5885,49.38867],[92.58736,49.38768],[92.58666,49.3873],[92.58576,49.38697],[92.58472,49.38666],[92.58436,49.38643],[92.58251,49.38469],[92.58229,49.38453]]}},{"type":"Feature","properties":{},"geometry":{"type":"LineString","coordinates":[[90.99849,46.14131],[91.001,46.14108],[91.00227,46.14095],[91.00352,46.14082],[91.00497,46.14061],[91.00619,46.1404],[91.007,46.14024],[91.00867,46.13997],[91.00902,46.13992],[91.0094,46.13989],[91.00978,46.13988],[91.01021,46.13987],[91.01065,46.13988],[91.01195,46.13994],[91.01249,46.13998],[91.01301,46.14002],[91.01358,46.14009],[91.01448,46.14022],[91.01842,46.14082],[91.02272,46.14146],[91.02705,46.14211],[91.03483,46.14328],[91.03513,46.14331],[91.03612,46.14341],[91.03648,46.14345],[91.03788,46.14357],[91.04332,46.14395],[91.04393,46.14399],[91.04851,46.14428],[91.05329,46.14459],[91.06468,46.14537],[91.07469,46.14604],[91.07689,46.1462]]}},{"type":"Feature","properties":{},"geometry":{"type":"LineString","coordinates":[[91.6414,48.01078],[91.6416,48.01078],[91.64231,48.0108],[91.64305,48.01084],[91.64343,48.01085],[91.64422,48.01088],[91.64471,48.0109],[91.64598,48.01096],[91.64683,48.011],[91.64721,48.011],[91.64736,48.01101],[91.64799,48.011],[91.64826,48.01098],[91.64864,48.01096],[91.64896,48.01095],[91.64931,48.01093],[91.64958,48.01092],[91.64986,48.01091],[91.65014,48.01089],[91.65113,48.01084],[91.65123,48.01083],[91.65203,48.01079],[91.65268,48.01075],[91.65301,48.01074],[91.65338,48.01074],[91.65452,48.01077],[91.65532,48.0108],[91.65607,48.01082],[91.65625,48.01082],[91.65664,48.01084],[91.65682,48.01084],[91.65831,48.01089]]}},{"type":"Feature","properties":{},"geometry":{"type":"LineString","coordinates":[[115.72341,48.63723],[115.72466,48.6369],[115.728,48.63576],[115.73191,48.63432],[115.7344,48.63345],[115.73594,48.63303],[115.73913,48.63273],[115.74331,48.63246],[115.7455,48.63199],[115.74921,48.63043],[115.7514,48.62948],[115.75352,48.62854],[115.75584,48.62753],[115.75831,48.62641],[115.75869,48.62622],[115.75935,48.6259],[115.76051,48.62531],[115.76106,48.62511],[115.76168,48.62497],[115.76402,48.62449],[115.76623,48.624],[115.76704,48.62383],[115.76941,48.62343],[115.76968,48.6234],[115.77035,48.62339],[115.77047,48.62338],[115.77302,48.62292],[115.77354,48.62284],[115.77396,48.62274],[115.77469,48.6226],[115.7756,48.62246],[115.77616,48.62242],[115.77679,48.62239],[115.77765,48.62236],[115.7786,48.62236],[115.77948,48.62234],[115.77991,48.62236],[115.78065,48.62243],[115.7821,48.6225],[115.78302,48.62259],[115.78357,48.62262],[115.78417,48.62263],[115.78498,48.62266],[115.78579,48.62271],[115.78607,48.62272],[115.78673,48.62267],[115.78704,48.62266],[115.78794,48.62264],[115.78891,48.62259],[115.78971,48.62257],[115.79024,48.62257],[115.79096,48.62261],[115.79201,48.62264],[115.7957,48.62267],[115.79712,48.62272],[115.79797,48.62279],[115.79836,48.62278],[115.79932,48.62267],[115.80056,48.62259],[115.80122,48.62254],[115.80426,48.62224],[115.80493,48.62222],[115.80529,48.62219],[115.80585,48.62211],[115.80619,48.62204],[115.8065,48.62197],[115.80681,48.62186],[115.80701,48.62177],[115.80715,48.62168],[115.80727,48.62156],[115.80749,48.6213],[115.80836,48.62062],[115.80941,48.6198],[115.81056,48.61895],[115.82114,48.61084],[115.82199,48.61022],[115.82312,48.60959],[115.827,48.60751],[115.82839,48.6067],[115.83098,48.60543],[115.83171,48.60507],[115.83222,48.60486],[115.83242,48.60476],[115.83259,48.60465],[115.83283,48.60448],[115.83297,48.6044],[115.83315,48.6043],[115.83902,48.6017],[115.84021,48.60117],[115.84176,48.60035],[115.84352,48.59934],[115.84424,48.59887],[115.8443,48.59883],[115.84472,48.59856],[115.84506,48.59834],[115.84529,48.59815]]}},{"type":"Feature","properties":{},"geometry":{"type":"LineString","coordinates":[[90.99374,46.14233],[90.99483,46.14164],[90.99515,46.14148],[90.99538,46.14139],[90.99664,46.14118],[90.99789,46.14136],[90.99849,46.14131]]}},{"type":"Feature","properties":{},"geometry":{"type":"LineString","coordinates":[[101.4639,45.95915],[101.46431,45.95893]]}},{"type":"Feature","properties":{},"geometry":{"type":"LineString","coordinates":[[113.67798,48.38466],[113.6731,48.38786],[113.67124,48.38876],[113.65588,48.39398],[113.64232,48.39857],[113.64107,48.39909],[113.62016,48.40921],[113.60428,48.41689],[113.57973,48.42876],[113.54128,48.44729],[113.51802,48.45851],[113.50011,48.46713],[113.49852,48.46777],[113.49044,48.47022],[113.48228,48.47263],[113.46673,48.47721],[113.46153,48.47874],[113.45896,48.47955],[113.4574,48.48015],[113.45597,48.48079],[113.45377,48.48196],[113.45243,48.48278],[113.44177,48.4902],[113.42045,48.50504],[113.41744,48.50713],[113.41576,48.50818],[113.41396,48.50909],[113.4119,48.51004],[113.39678,48.51681],[113.37332,48.52729],[113.37074,48.52874],[113.35244,48.54008],[113.33462,48.55122],[113.32459,48.55747],[113.32305,48.55873],[113.32178,48.56001],[113.32051,48.56155],[113.31952,48.56307],[113.31863,48.56489],[113.31457,48.5732],[113.31291,48.57637],[113.31177,48.57794],[113.31082,48.57901],[113.30931,48.58044],[113.30757,48.58176],[113.30577,48.58289],[113.28023,48.59779]]}},{"type":"Feature","properties":{},"geometry":{"type":"LineString","coordinates":[[113.6784,48.38439],[113.67798,48.38466]]}},{"type":"Feature","properties":{},"geometry":{"type":"LineString","coordinates":[[90.03286,49.57704],[90.03276,49.57677]]}},{"type":"Feature","properties":{},"geometry":{"type":"LineString","coordinates":[[90.03276,49.57677],[90.03272,49.57663],[90.03259,49.5765],[90.03245,49.57645],[90.0322,49.57641],[90.03142,49.57659],[90.03108,49.57673],[90.0308,49.57704],[90.03056,49.57744],[90.03027,49.57772],[90.02995,49.57784],[90.02936,49.57785],[90.02903,49.57786],[90.02872,49.57795],[90.02805,49.57861],[90.0277,49.57881],[90.02716,49.57895],[90.02675,49.57894],[90.02578,49.57855],[90.02551,49.57839],[90.02476,49.57785],[90.02346,49.57686],[90.02234,49.57618],[90.02202,49.57605],[90.02023,49.57529],[90.01978,49.57505],[90.01949,49.57476],[90.01903,49.57441],[90.01881,49.57428],[90.01841,49.57383],[90.01806,49.5736],[90.01773,49.57328],[90.01737,49.57256],[90.01722,49.57239],[90.01693,49.57215],[90.0167,49.57192],[90.01664,49.57154],[90.01653,49.57136],[90.01629,49.57112],[90.01571,49.57072],[90.01451,49.56967],[90.01193,49.56907],[90.00971,49.5684],[90.00866,49.56826],[90.00797,49.56811],[90.00697,49.56801],[90.00645,49.56809],[90.0056,49.5684],[90.00508,49.56841],[90.00352,49.56793],[90.00272,49.56739],[90.00238,49.56725],[90.00174,49.56677],[90.00161,49.5666],[90.00158,49.56634],[90.00119,49.56574],[90.00008,49.56488],[89.99953,49.5642],[89.99933,49.5638],[89.99879,49.56301],[89.99824,49.56133],[89.99799,49.56094],[89.99747,49.56062],[89.99585,49.55981],[89.99524,49.55951],[89.99367,49.55899],[89.9934,49.55893],[89.99311,49.55892],[89.99288,49.55898],[89.99272,49.55906],[89.99254,49.55912],[89.9923,49.55912],[89.99208,49.55909],[89.99193,49.55902],[89.99169,49.55886],[89.99144,49.55868],[89.99123,49.5586],[89.99106,49.55856],[89.98964,49.55831],[89.98883,49.55823],[89.98704,49.55805],[89.98661,49.55797],[89.98627,49.55783],[89.98578,49.55744],[89.98555,49.5574],[89.98514,49.55739],[89.98433,49.55747],[89.98403,49.55748],[89.98382,49.55746],[89.98268,49.55723],[89.98124,49.55691],[89.97884,49.55643],[89.97848,49.55631],[89.97749,49.55593],[89.97713,49.55575],[89.97675,49.55547],[89.97654,49.55537],[89.97626,49.55534],[89.97503,49.55531],[89.97458,49.55524],[89.97335,49.55489],[89.97305,49.55481],[89.97257,49.55468],[89.97217,49.55463],[89.97127,49.5546],[89.97051,49.55445],[89.96998,49.55429],[89.96901,49.55414],[89.96867,49.55403],[89.96817,49.55378],[89.96753,49.55351],[89.96581,49.55316],[89.9654,49.55304],[89.96496,49.5529],[89.96467,49.55275],[89.96441,49.55258],[89.96417,49.55253],[89.96366,49.55253],[89.96347,49.55252],[89.96293,49.55241],[89.96275,49.55242],[89.96256,49.55246],[89.96155,49.55288],[89.95948,49.55345],[89.958,49.55365],[89.95728,49.55369],[89.95637,49.55373],[89.95461,49.55353],[89.95392,49.55353],[89.95298,49.55358],[89.95284,49.55359],[89.95265,49.55356],[89.95251,49.55353],[89.9518,49.55328],[89.95166,49.55324],[89.95153,49.55323],[89.95138,49.55325],[89.95123,49.55327],[89.95107,49.55334],[89.94957,49.55416],[89.9492,49.55432],[89.94881,49.55443],[89.94513,49.55502],[89.94398,49.55543],[89.9436,49.55568],[89.94339,49.55591],[89.94322,49.55602],[89.94299,49.55605],[89.94271,49.55608],[89.94139,49.55612],[89.94109,49.55618],[89.94085,49.55628],[89.94022,49.55665],[89.93975,49.55705],[89.93938,49.55749],[89.93908,49.55818],[89.93872,49.55865],[89.93834,49.55893],[89.93798,49.5594],[89.93756,49.55981],[89.9372,49.55995],[89.93613,49.56004],[89.93547,49.56024],[89.93489,49.5605],[89.93357,49.56116],[89.93249,49.56129],[89.9314,49.56154],[89.92998,49.56182],[89.92902,49.56199],[89.92823,49.56202],[89.92701,49.56179],[89.92539,49.56141],[89.92503,49.56138],[89.92332,49.56102],[89.92282,49.56099],[89.92253,49.56091],[89.92179,49.56055],[89.921,49.56002],[89.92024,49.55985],[89.91745,49.56001],[89.91634,49.55966],[89.91492,49.55887],[89.91402,49.55813],[89.91363,49.55791],[89.91304,49.55793],[89.91212,49.55783],[89.91132,49.55767],[89.91041,49.55771],[89.90998,49.55768],[89.90946,49.55749],[89.90927,49.55735],[89.90863,49.55707],[89.90803,49.55665],[89.90746,49.55606],[89.90637,49.55514],[89.90523,49.5543],[89.90477,49.55341],[89.90459,49.55311],[89.90425,49.55292],[89.90335,49.5522],[89.90242,49.55161],[89.90184,49.55127],[89.90096,49.551],[89.90045,49.55086],[89.89953,49.55045],[89.89805,49.54981],[89.89758,49.54964],[89.89719,49.54939],[89.89695,49.54923],[89.89613,49.54878],[89.8955,49.54831],[89.89533,49.54808],[89.89427,49.54705],[89.89374,49.54682],[89.89334,49.54663],[89.89211,49.54621],[89.89162,49.546],[89.89085,49.54558],[89.89046,49.54544],[89.889,49.54512],[89.88848,49.54505],[89.88694,49.54426],[89.88511,49.54324],[89.88407,49.54282],[89.88329,49.5424],[89.88217,49.54201],[89.88158,49.54197],[89.88044,49.54202],[89.87959,49.54199],[89.87911,49.54188],[89.87848,49.5415],[89.87776,49.54115],[89.87665,49.54054],[89.87602,49.53978],[89.87522,49.53909],[89.875,49.53886],[89.87473,49.53863],[89.87451,49.53839],[89.87401,49.53812],[89.87346,49.53828],[89.87341,49.53831]]}},{"type":"Feature","properties":{},"geometry":{"type":"LineString","coordinates":[[100.33853,46.01158],[100.33843,46.0112],[100.33804,46.01123],[100.32416,46.01238],[100.31013,46.01483],[100.2676,46.02224],[100.24491,46.02581],[100.2214,46.0259],[100.20815,46.02612],[100.20245,46.02704],[100.19874,46.02833],[100.19449,46.0298],[100.18954,46.03047],[100.18296,46.03053],[100.17768,46.03047],[100.17201,46.03051],[100.16573,46.03072],[100.15977,46.03133],[100.15348,46.03176],[100.14706,46.03166],[100.14041,46.03118],[100.13498,46.03072],[100.12926,46.03109],[100.12428,46.03119],[100.11748,46.03146],[100.10987,46.03204],[100.10667,46.03227],[100.10312,46.03265],[100.09921,46.03312],[100.09761,46.03357],[100.09611,46.0338],[100.09419,46.03395],[100.09264,46.03409],[100.08948,46.03474],[100.08577,46.03522],[100.08231,46.03574],[100.08004,46.03594],[100.07682,46.03621],[100.07599,46.03619],[100.07563,46.03621],[100.07514,46.03629],[100.07459,46.0365],[100.07436,46.03652],[100.07382,46.03646],[100.07358,46.03648],[100.07313,46.03655],[100.07278,46.03659],[100.07171,46.03648],[100.07123,46.0364],[100.07102,46.03638],[100.07037,46.03638],[100.06915,46.03605],[100.06835,46.03546],[100.06773,46.03474],[100.06729,46.034],[100.06672,46.03342],[100.06609,46.03296],[100.06553,46.03257],[100.06479,46.03217],[100.06429,46.03196],[100.0639,46.03188],[100.06329,46.03184],[100.06178,46.03196],[100.06012,46.03212],[100.05915,46.03227],[100.05825,46.03245],[100.05678,46.03286],[100.05517,46.03303],[100.05452,46.03301],[100.05427,46.03302],[100.05409,46.03305],[100.05322,46.03334],[100.05293,46.0334],[100.05265,46.0334],[100.05205,46.03333],[100.0513,46.03323],[100.05096,46.03316],[100.05075,46.03314],[100.05059,46.03315],[100.04995,46.03337],[100.04959,46.03336],[100.04937,46.03339],[100.04912,46.03345],[100.04874,46.03346],[100.04852,46.03342],[100.04837,46.03343],[100.04786,46.03358],[100.0476,46.03358],[100.04719,46.0335],[100.04698,46.0335],[100.04671,46.03351],[100.04645,46.03353],[100.04615,46.03354],[100.04569,46.03349],[100.04537,46.03348],[100.04516,46.0335],[100.04429,46.03378],[100.04359,46.03377],[100.04333,46.03381],[100.0431,46.03392],[100.04266,46.03419],[100.04207,46.03443],[100.04005,46.03492],[100.0395,46.03514],[100.03908,46.0352],[100.03886,46.03519],[100.03859,46.03525],[100.03748,46.03558],[100.03607,46.03608],[100.03577,46.03613],[100.0355,46.03613],[100.03522,46.0361],[100.03496,46.03604],[100.03452,46.03601],[100.03383,46.0359],[100.03258,46.03531],[100.03195,46.03475],[100.03166,46.03455],[100.031,46.03389],[100.03035,46.03365],[100.03004,46.03352],[100.02963,46.03336],[100.02867,46.03307],[100.02794,46.03304],[100.0275,46.03311],[100.02607,46.03303],[100.02535,46.03285],[100.02519,46.03282],[100.02502,46.03282],[100.02453,46.03288],[100.0241,46.03289],[100.02397,46.03289],[100.02319,46.0327],[100.02237,46.03256],[100.02194,46.03242],[100.0218,46.03237],[100.02172,46.03227],[100.02167,46.03222],[100.02162,46.03214],[100.02154,46.03204],[100.02145,46.03197],[100.02139,46.03194],[100.02131,46.03191],[100.02124,46.0319],[100.02112,46.03189],[100.02096,46.03192],[100.02092,46.03194],[100.02083,46.03199],[100.02078,46.03204],[100.02068,46.0321],[100.01983,46.03226],[100.01861,46.03247],[100.01648,46.03265],[100.01486,46.03288],[100.01333,46.03322],[100.01096,46.0336],[100.00907,46.03387],[100.00423,46.03426],[100.00334,46.03427],[100.00245,46.03416],[100.00157,46.03398],[99.9995,46.03358],[99.99779,46.03323],[99.99683,46.03289],[99.99468,46.03211]]}},{"type":"Feature","properties":{},"geometry":{"type":"LineString","coordinates":[[90.21117,49.73188],[90.20958,49.7314],[90.20808,49.73106],[90.20696,49.7307]]}},{"type":"Feature","properties":{},"geometry":{"type":"LineString","coordinates":[[90.20696,49.7307],[90.2062,49.73004],[90.20489,49.72974],[90.20457,49.72947],[90.20402,49.72899],[90.20277,49.72854],[90.20095,49.72734],[90.20009,49.72727],[90.19797,49.72597],[90.19744,49.72518],[90.1931,49.72185],[90.19069,49.71959],[90.19018,49.71896],[90.18734,49.71676],[90.18705,49.7163],[90.18168,49.71242],[90.18135,49.71201],[90.17705,49.70886],[90.17477,49.70801],[90.17417,49.70723],[90.16745,49.70375],[90.16731,49.70327],[90.16717,49.70313],[90.16696,49.70308]]}},{"type":"Feature","properties":{},"geometry":{"type":"LineString","coordinates":[[90.16696,49.70308],[90.16646,49.70313],[90.1663,49.70311],[90.16585,49.70304],[90.1656,49.70292]]}},{"type":"Feature","properties":{},"geometry":{"type":"LineString","coordinates":[[90.34817,49.82314],[90.34699,49.82115],[90.33722,49.81387],[90.30455,49.78325],[90.30204,49.78113],[90.26838,49.75257],[90.26493,49.75009],[90.25612,49.74375],[90.23692,49.73524],[90.23582,49.73448],[90.23538,49.73405],[90.23418,49.73365],[90.23363,49.73248],[90.23259,49.73196],[90.23219,49.73122],[90.23173,49.73091],[90.23098,49.73084],[90.23003,49.73096],[90.22855,49.73104],[90.22766,49.73106],[90.22617,49.73124],[90.22553,49.7314],[90.22357,49.73127],[90.2228,49.73135],[90.22237,49.73132],[90.22172,49.73106],[90.22111,49.73103],[90.22044,49.73112],[90.2195,49.73165],[90.21837,49.73195],[90.21802,49.73197],[90.21745,49.73176],[90.21691,49.73174],[90.21618,49.73207],[90.21566,49.73232],[90.21409,49.73228],[90.21304,49.73251],[90.21244,49.73252],[90.21184,49.73254],[90.21117,49.73188]]}},{"type":"Feature","properties":{},"geometry":{"type":"LineString","coordinates":[[90.34849,49.82487],[90.34841,49.82393],[90.34817,49.82314]]}},{"type":"Feature","properties":{},"geometry":{"type":"LineString","coordinates":[[94.30336,49.69639],[94.30232,49.69656],[94.30221,49.69658],[94.30207,49.69664],[94.30191,49.69676],[94.30158,49.69706],[94.30146,49.69716],[94.30135,49.69731],[94.30128,49.6974],[94.30116,49.69747],[94.30088,49.69757],[94.30074,49.69762],[94.30068,49.69767],[94.30064,49.69774],[94.30062,49.6979],[94.30058,49.69799],[94.30049,49.6981],[94.29972,49.69878]]}},{"type":"Feature","properties":{},"geometry":{"type":"LineString","coordinates":[[94.39522,49.65983],[94.39499,49.65993]]}},{"type":"Feature","properties":{},"geometry":{"type":"LineString","coordinates":[[100.02162,46.03214],[100.02221,46.03202],[100.023,46.03183],[100.02354,46.03179],[100.0248,46.03157],[100.02555,46.03131],[100.02675,46.03094],[100.02767,46.03075],[100.02926,46.03027],[100.03049,46.03007],[100.03116,46.02999],[100.03166,46.02986],[100.03248,46.02965],[100.03379,46.02918],[100.03478,46.02879],[100.03572,46.02862],[100.0381,46.02815],[100.03928,46.02792],[100.04162,46.02745],[100.04347,46.02704],[100.04429,46.02695],[100.04494,46.02701],[100.04688,46.02716],[100.04886,46.02733],[100.05076,46.02733],[100.05165,46.02722],[100.0533,46.02696],[100.05414,46.02694],[100.05497,46.02701],[100.05567,46.027],[100.05698,46.02678],[100.0593,46.02633],[100.06009,46.02634],[100.06096,46.02635],[100.06161,46.0262],[100.062,46.02613],[100.06347,46.02603],[100.06463,46.02591],[100.06555,46.02592],[100.06645,46.02586],[100.06716,46.02568],[100.06796,46.02554],[100.06864,46.02548],[100.06986,46.02552],[100.07164,46.02552],[100.07279,46.02557],[100.07354,46.02574],[100.0746,46.02612],[100.07562,46.02641],[100.07683,46.02664],[100.07801,46.02666],[100.07906,46.02661],[100.08029,46.02643],[100.08155,46.02618],[100.0826,46.02602],[100.08318,46.02603],[100.08387,46.02622],[100.08502,46.02696],[100.0863,46.02764],[100.0882,46.02811],[100.08969,46.02847],[100.09074,46.02863],[100.09215,46.02855],[100.09299,46.02829],[100.09499,46.02772],[100.0978,46.02679],[100.09922,46.02643],[100.10044,46.02629],[100.10268,46.02618],[100.10299,46.02618],[100.10403,46.02591],[100.10521,46.02559],[100.10563,46.02548],[100.10776,46.02531],[100.10824,46.02515],[100.10882,46.02463],[100.10893,46.02448],[100.10939,46.02357],[100.11042,46.02288],[100.11138,46.02263],[100.11442,46.02238],[100.11658,46.02229],[100.121,46.02197],[100.12503,46.02185],[100.12644,46.02166],[100.13569,46.02093],[100.14262,46.0194],[100.14888,46.0186],[100.15223,46.01825],[100.15989,46.01819],[100.16384,46.0182],[100.16776,46.01796],[100.17124,46.01733],[100.17414,46.01675],[100.1767,46.01599],[100.1779,46.01561],[100.1799,46.01461],[100.18211,46.01369],[100.18433,46.01262],[100.18563,46.0121],[100.18702,46.01169],[100.18824,46.0116],[100.1895,46.01119],[100.19016,46.01101],[100.19067,46.01107],[100.19208,46.01161],[100.19254,46.01171],[100.19396,46.01179],[100.19585,46.01168],[100.19673,46.01155],[100.19802,46.01161],[100.19895,46.01184],[100.2005,46.01232],[100.20132,46.01272],[100.20183,46.01278],[100.20363,46.0127],[100.20516,46.01292],[100.2061,46.01295],[100.2073,46.01261],[100.20801,46.01261],[100.20879,46.0127],[100.2159,46.01403],[100.22254,46.0156],[100.22701,46.01614],[100.23042,46.01658],[100.23358,46.01688],[100.23707,46.01679],[100.2401,46.0168],[100.24198,46.01664],[100.24587,46.01615],[100.24725,46.01613],[100.24925,46.01591],[100.25134,46.01609],[100.25682,46.01604],[100.26648,46.01573],[100.27436,46.01601],[100.28239,46.01604],[100.28366,46.01607],[100.28825,46.01591],[100.29484,46.01554],[100.29828,46.01533],[100.30138,46.01533],[100.3053,46.0151],[100.31013,46.01483]]}},{"type":"Feature","properties":{},"geometry":{"type":"LineString","coordinates":[[97.64322,46.15618],[97.64518,46.15367],[97.64604,46.15202],[97.64785,46.14939],[97.65171,46.14641],[97.65394,46.14445],[97.65643,46.14308],[97.65978,46.14035],[97.66098,46.14017],[97.66536,46.13726],[97.67248,46.13113],[97.67574,46.12887],[97.67763,46.1272],[97.6808,46.125],[97.68278,46.12405],[97.68724,46.12102],[97.69171,46.11774],[97.69574,46.11501],[97.6966,46.11394],[97.70364,46.1087],[97.70715,46.10578],[97.70827,46.10549],[97.71196,46.10245],[97.71402,46.10162],[97.71639,46.09949]]}},{"type":"Feature","properties":{},"geometry":{"type":"LineString","coordinates":[[106.93265,47.92338],[106.933,47.9234],[106.93321,47.92342],[106.93338,47.92343],[106.93457,47.92354],[106.93476,47.92356]]}},{"type":"Feature","properties":{},"geometry":{"type":"LineString","coordinates":[[113.28143,46.68364],[113.28172,46.68354],[113.2819,46.68351],[113.28217,46.68353],[113.28232,46.68357]]}},{"type":"Feature","properties":{},"geometry":{"type":"LineString","coordinates":[[102.53607,47.66175],[102.53514,47.66137],[102.53459,47.66094],[102.5338,47.66029],[102.53262,47.65973],[102.53131,47.65884],[102.52834,47.65675],[102.52674,47.65589],[102.52536,47.65508],[102.52482,47.65472],[102.52383,47.65415],[102.52306,47.65362],[102.52213,47.65307],[102.52153,47.65248],[102.52047,47.6513],[102.51954,47.65016],[102.51849,47.64916],[102.51744,47.64804],[102.51642,47.64674],[102.51632,47.64632],[102.51517,47.64552],[102.51348,47.64436],[102.51279,47.64398],[102.5111,47.64259],[102.50998,47.64152],[102.50903,47.64081],[102.50835,47.64032],[102.50673,47.63942],[102.5057,47.63861],[102.50526,47.63826],[102.50458,47.63732],[102.50392,47.63659],[102.50325,47.63587],[102.50266,47.63529],[102.50127,47.63449],[102.49923,47.63346],[102.49795,47.63294],[102.49696,47.63256],[102.49468,47.63162],[102.49295,47.63062],[102.49202,47.63002],[102.49066,47.62936],[102.48823,47.62788],[102.48733,47.62707],[102.48561,47.62585],[102.48474,47.62535],[102.48408,47.62488],[102.48356,47.62467],[102.48212,47.62344],[102.48094,47.62248],[102.47999,47.62164],[102.47761,47.61938],[102.47646,47.61839],[102.47455,47.61671],[102.47378,47.61615],[102.47243,47.61521],[102.4717,47.61441],[102.46879,47.61196],[102.46806,47.61116],[102.46681,47.60969],[102.46558,47.60841],[102.46394,47.60691],[102.46298,47.60609],[102.46246,47.6056],[102.46212,47.60536],[102.46152,47.60507],[102.46078,47.60441],[102.45965,47.60336],[102.45874,47.60259],[102.45796,47.60192],[102.45611,47.60058],[102.45471,47.59974],[102.45374,47.59918],[102.4522,47.59828],[102.4509,47.59773],[102.45034,47.59722],[102.44991,47.59677],[102.44942,47.59656],[102.44923,47.59615],[102.4488,47.59592],[102.44822,47.59517],[102.4476,47.5947],[102.44742,47.59441],[102.44627,47.59352],[102.44493,47.59279],[102.4438,47.59208],[102.44354,47.5918],[102.44307,47.59111],[102.44251,47.59036],[102.44159,47.58975],[102.43966,47.58871],[102.43745,47.58744],[102.43567,47.58611],[102.43446,47.5853],[102.43356,47.58485],[102.43236,47.58395],[102.43133,47.58331],[102.42946,47.58204],[102.42792,47.5812],[102.42584,47.58026],[102.42331,47.57929],[102.42131,47.5788],[102.41835,47.57774],[102.41622,47.57729],[102.41434,47.57682],[102.4103,47.57589],[102.40786,47.57556],[102.407,47.57543],[102.40543,47.57466],[102.40318,47.57357],[102.40043,47.57239],[102.39927,47.57188],[102.39751,47.57172],[102.39535,47.57204],[102.39357,47.57181],[102.3902,47.57113],[102.38914,47.57094],[102.38509,47.57023],[102.38213,47.56975],[102.38043,47.56952],[102.37878,47.56929],[102.37642,47.56894],[102.37494,47.56907],[102.3746,47.56911],[102.37219,47.56871],[102.37142,47.56874],[102.37028,47.56853],[102.3682,47.56829],[102.36702,47.56811],[102.36584,47.568],[102.36511,47.56777],[102.3632,47.56762],[102.36164,47.56742],[102.35863,47.56713],[102.35629,47.56684],[102.35415,47.56658],[102.35194,47.56642],[102.35001,47.56616],[102.34696,47.5658],[102.34529,47.56587],[102.34385,47.56549],[102.34241,47.56529],[102.34071,47.56506],[102.3393,47.56503],[102.33793,47.5651],[102.33619,47.56481],[102.33447,47.56461],[102.33293,47.56447],[102.3311,47.56421],[102.32945,47.56395],[102.32769,47.56384],[102.32627,47.56363],[102.32398,47.56302],[102.32207,47.56256],[102.32069,47.56215],[102.31947,47.56202],[102.31844,47.56173],[102.31619,47.56086],[102.31533,47.56093],[102.31353,47.56089],[102.31276,47.56109]]}},{"type":"Feature","properties":{},"geometry":{"type":"LineString","coordinates":[[89.46849,49.60905],[89.4681,49.60866]]}},{"type":"Feature","properties":{},"geometry":{"type":"LineString","coordinates":[[89.46631,49.60688],[89.46525,49.60582],[89.46427,49.60449],[89.46371,49.6034],[89.46357,49.6031],[89.4634,49.60274],[89.46329,49.60213]]}},{"type":"Feature","properties":{},"geometry":{"type":"LineString","coordinates":[[102.64354,47.82739],[102.64335,47.83134],[102.64373,47.83301],[102.64406,47.8339],[102.64406,47.8345],[102.64436,47.83507],[102.64541,47.83554],[102.64617,47.8366],[102.64595,47.83764],[102.64541,47.83819],[102.64466,47.83889],[102.64449,47.83933],[102.64431,47.84112],[102.64421,47.84267],[102.64304,47.84665],[102.64457,47.8506],[102.64674,47.85372],[102.64956,47.85666],[102.64987,47.85718],[102.64948,47.85802],[102.64888,47.85877],[102.64776,47.85945],[102.64711,47.86024],[102.64706,47.86132]]}},{"type":"Feature","properties":{},"geometry":{"type":"LineString","coordinates":[[102.64354,47.82739],[102.6426,47.82618],[102.64193,47.82517],[102.64146,47.82422],[102.64078,47.82327],[102.63837,47.8202],[102.63761,47.8193],[102.63722,47.81868],[102.63523,47.81529],[102.63515,47.81501],[102.63546,47.81452],[102.63608,47.81376],[102.63619,47.81348],[102.63606,47.813],[102.63562,47.81274],[102.6352,47.81268],[102.63486,47.81254],[102.63437,47.81211],[102.63398,47.812],[102.63352,47.81163],[102.63341,47.81137],[102.63343,47.81085],[102.63357,47.81028],[102.63391,47.8095],[102.63406,47.80878],[102.63408,47.80831],[102.63378,47.80798],[102.63313,47.8076],[102.63214,47.80679],[102.63126,47.80564],[102.63071,47.80458],[102.62953,47.80308],[102.62868,47.80197],[102.62734,47.80063],[102.62565,47.79913],[102.6252,47.79881],[102.62502,47.79865],[102.62463,47.79809],[102.62425,47.79752],[102.62402,47.79729],[102.62387,47.79715],[102.62375,47.79701],[102.62365,47.79682],[102.62357,47.79653],[102.62352,47.79628],[102.62351,47.79573]]}},{"type":"Feature","properties":{},"geometry":{"type":"LineString","coordinates":[[106.87581,47.9228],[106.87568,47.92261]]}},{"type":"Feature","properties":{},"geometry":{"type":"LineString","coordinates":[[106.87616,47.92263],[106.87604,47.92281]]}},{"type":"Feature","properties":{},"geometry":{"type":"LineString","coordinates":[[106.87682,47.91426],[106.87675,47.91439]]}},{"type":"Feature","properties":{},"geometry":{"type":"LineString","coordinates":[[89.73815,49.51894],[89.7387,49.51904]]}},{"type":"Feature","properties":{},"geometry":{"type":"LineString","coordinates":[[106.88953,47.92342],[106.88974,47.92331]]}},{"type":"Feature","properties":{},"geometry":{"type":"LineString","coordinates":[[100.65927,51.50189],[100.65977,51.50216],[100.66081,51.5028],[100.66082,51.50287]]}},{"type":"Feature","properties":{},"geometry":{"type":"LineString","coordinates":[[115.74488,49.8875],[115.74477,49.88732],[115.744,49.88676],[115.74238,49.88579],[115.74183,49.88558],[115.74097,49.88517],[115.74091,49.88514]]}},{"type":"Feature","properties":{},"geometry":{"type":"LineString","coordinates":[[96.92277,47.52561],[96.92266,47.52546]]}},{"type":"Feature","properties":{},"geometry":{"type":"LineString","coordinates":[[96.82163,47.49339],[96.82159,47.49388],[96.82166,47.49402],[96.82184,47.49411],[96.82203,47.49417],[96.82274,47.49433],[96.8232,47.49455],[96.82352,47.49465],[96.82383,47.49477],[96.82435,47.49494],[96.82503,47.49529],[96.82584,47.4955],[96.8263,47.49568],[96.82644,47.49581],[96.82695,47.49601],[96.82762,47.49614],[96.83245,47.49671],[96.83425,47.4968],[96.8356,47.4968],[96.83659,47.49688],[96.83746,47.49692],[96.83842,47.49689],[96.83921,47.49677],[96.83973,47.49667],[96.84079,47.49647],[96.84328,47.49607],[96.84494,47.49591],[96.84565,47.49586],[96.84607,47.49589],[96.84628,47.49594],[96.84688,47.49617],[96.84768,47.49647],[96.84804,47.49663],[96.84832,47.49669],[96.84851,47.49669],[96.84933,47.4967],[96.84987,47.49673],[96.85059,47.49685],[96.85143,47.49699],[96.85183,47.49707],[96.85254,47.49731],[96.85307,47.49748],[96.85363,47.49766],[96.85409,47.49776],[96.85608,47.4979],[96.85681,47.49803],[96.85751,47.49824],[96.85843,47.49868],[96.85932,47.49898],[96.85973,47.49907],[96.86048,47.49907],[96.86111,47.49902],[96.8614,47.49907],[96.86203,47.49935],[96.86239,47.49946],[96.86253,47.49957],[96.86315,47.4998],[96.86363,47.49982],[96.86419,47.49994],[96.86504,47.49996],[96.86535,47.50004],[96.8655,47.50007],[96.86577,47.50004],[96.86591,47.50006],[96.86794,47.50078],[96.86843,47.50087],[96.86888,47.50089],[96.86978,47.50101],[96.87084,47.50098],[96.87183,47.50101],[96.87293,47.501],[96.87328,47.50111],[96.87346,47.50122],[96.87391,47.50169],[96.87412,47.5018],[96.87451,47.50183],[96.87509,47.50196],[96.87576,47.50199],[96.87611,47.50216],[96.87722,47.50246],[96.87864,47.50284],[96.88071,47.50342],[96.88137,47.50349],[96.88241,47.50329],[96.88275,47.50334],[96.88296,47.50352],[96.88326,47.50356],[96.88349,47.50364],[96.88479,47.50374],[96.8876,47.50428],[96.88811,47.50429],[96.88844,47.5042],[96.88877,47.50407],[96.88907,47.50405],[96.88966,47.5041],[96.88987,47.50408],[96.88991,47.50427],[96.88998,47.50445],[96.89009,47.5046],[96.89018,47.50471],[96.89047,47.50493],[96.89069,47.50517],[96.89078,47.50541],[96.8908,47.50576],[96.89084,47.50592],[96.89096,47.50617],[96.89115,47.50641],[96.89165,47.50701],[96.89201,47.50787],[96.89211,47.50837],[96.89221,47.50854],[96.89277,47.50914],[96.89299,47.50932],[96.89344,47.50956],[96.89474,47.51048],[96.89497,47.5106],[96.89536,47.51071],[96.8966,47.51079],[96.89708,47.51088],[96.89814,47.5112],[96.89924,47.51165],[96.90354,47.51367],[96.90666,47.51489],[96.90811,47.51562],[96.91145,47.51661],[96.91382,47.5176],[96.91553,47.51892],[96.91567,47.51908],[96.91582,47.5192],[96.91609,47.5193],[96.91649,47.5194],[96.91693,47.51955],[96.91717,47.51971],[96.918,47.52057],[96.9181,47.52097],[96.91814,47.52107],[96.91827,47.52116],[96.91855,47.52137],[96.91911,47.52163],[96.91989,47.52216],[96.92033,47.52255],[96.92091,47.52329],[96.92114,47.52373],[96.92128,47.52428],[96.92154,47.52472],[96.92162,47.52481],[96.92172,47.52491],[96.92193,47.52503],[96.9224,47.52522],[96.92254,47.52532],[96.92266,47.52546]]}},{"type":"Feature","properties":{},"geometry":{"type":"LineString","coordinates":[[109.32514,45.80486],[109.32455,45.80445],[109.32417,45.80427],[109.32367,45.80407],[109.32313,45.80393],[109.32256,45.80384],[109.32126,45.80365],[109.32027,45.80345],[109.31986,45.80334],[109.31932,45.8032],[109.31826,45.80285],[109.31655,45.80207],[109.31477,45.8013],[109.31464,45.80124],[109.31441,45.80112],[109.31355,45.80065],[109.31279,45.80015],[109.31257,45.8],[109.31141,45.79916],[109.31112,45.79895],[109.31104,45.79891],[109.31094,45.7989],[109.31083,45.7989],[109.31072,45.79893],[109.31063,45.79898],[109.30824,45.8007],[109.3081,45.80074],[109.30787,45.80072],[109.30745,45.80048],[109.30735,45.80042]]}},{"type":"Feature","properties":{},"geometry":{"type":"LineString","coordinates":[[89.46655,49.60711],[89.46736,49.60722],[89.46782,49.60767]]}},{"type":"Feature","properties":{},"geometry":{"type":"LineString","coordinates":[[106.93991,47.88604],[106.93994,47.8859],[106.93996,47.88576],[106.93999,47.88558],[106.94002,47.88542],[106.94003,47.88538],[106.94003,47.88533],[106.94002,47.88529],[106.94001,47.88526],[106.94,47.88524],[106.93998,47.88521]]}},{"type":"Feature","properties":{},"geometry":{"type":"LineString","coordinates":[[106.90033,47.92142],[106.9005,47.92156]]}},{"type":"Feature","properties":{},"geometry":{"type":"LineString","coordinates":[[106.90018,47.92158],[106.9001,47.92161],[106.90003,47.92166],[106.89987,47.92177]]}},{"type":"Feature","properties":{},"geometry":{"type":"LineString","coordinates":[[106.89987,47.92177],[106.89995,47.92163],[106.90011,47.9215],[106.90014,47.92147],[106.90033,47.92142]]}},{"type":"Feature","properties":{},"geometry":{"type":"LineString","coordinates":[[91.31094,48.32021],[91.31145,48.31925],[91.3118,48.31785],[91.31478,48.31362],[91.31563,48.31177],[91.31581,48.31089],[91.32352,48.29529]]}},{"type":"Feature","properties":{},"geometry":{"type":"LineString","coordinates":[[91.30871,48.32366],[91.30863,48.32338],[91.30853,48.3232],[91.30827,48.32299],[91.30803,48.32275],[91.30794,48.32243],[91.30798,48.32213],[91.30823,48.32184],[91.30889,48.32158],[91.30943,48.32145],[91.30954,48.32118]]}},{"type":"Feature","properties":{},"geometry":{"type":"LineString","coordinates":[[91.33908,48.33718],[91.34094,48.33631]]}},{"type":"Feature","properties":{},"geometry":{"type":"LineString","coordinates":[[91.30954,48.32118],[91.30957,48.32094]]}},{"type":"Feature","properties":{},"geometry":{"type":"LineString","coordinates":[[91.30957,48.32094],[91.3099,48.32088],[91.31015,48.32079],[91.31045,48.32043],[91.31094,48.32021]]}},{"type":"Feature","properties":{},"geometry":{"type":"LineString","coordinates":[[98.67711,49.52961],[98.681,49.52919]]}},{"type":"Feature","properties":{},"geometry":{"type":"LineString","coordinates":[[98.67677,49.52965],[98.67711,49.52961]]}},{"type":"Feature","properties":{},"geometry":{"type":"LineString","coordinates":[[97.82868,49.51354],[97.82625,49.51394],[97.82132,49.51542],[97.81931,49.51654],[97.81298,49.51867],[97.81059,49.51978],[97.81017,49.5201],[97.80966,49.5206],[97.80937,49.52073],[97.80246,49.523],[97.80011,49.52354],[97.7991,49.52346],[97.795,49.52385],[97.79112,49.524],[97.78966,49.5242],[97.78719,49.52411],[97.78642,49.52445],[97.78495,49.52521],[97.78469,49.5256],[97.78373,49.52631],[97.78283,49.52669],[97.78131,49.52696],[97.77766,49.52673],[97.77584,49.52684],[97.77472,49.52678],[97.77362,49.52665],[97.76537,49.5271],[97.76314,49.52704],[97.76178,49.527],[97.76016,49.52712]]}},{"type":"Feature","properties":{},"geometry":{"type":"LineString","coordinates":[[97.71639,49.50356],[97.71809,49.50459],[97.71989,49.50568],[97.72125,49.50658],[97.72251,49.50803],[97.72446,49.50894],[97.72783,49.51023]]}},{"type":"Feature","properties":{},"geometry":{"type":"LineString","coordinates":[[91.28609,48.36155],[91.29324,48.35434],[91.29534,48.35151],[91.29684,48.34826],[91.29761,48.34661],[91.29922,48.34313],[91.30083,48.3401],[91.30169,48.33839],[91.30255,48.33652],[91.3028,48.33598],[91.30505,48.33098],[91.30854,48.32391],[91.30871,48.32366]]}},{"type":"Feature","properties":{},"geometry":{"type":"LineString","coordinates":[[114.49555,48.0657],[114.49571,48.06545],[114.49587,48.06491],[114.49599,48.06457],[114.49607,48.06416],[114.49618,48.06373],[114.4962,48.06367],[114.49626,48.06318],[114.49631,48.06287],[114.49645,48.06261],[114.49679,48.06219],[114.49691,48.062],[114.49704,48.06172],[114.49708,48.06162],[114.4975,48.06063],[114.49781,48.05984],[114.49805,48.05915]]}},{"type":"Feature","properties":{},"geometry":{"type":"LineString","coordinates":[[99.33471,45.85321],[99.33477,45.85344],[99.33502,45.85368],[99.33553,45.8542],[99.3359,45.85446],[99.33604,45.85457],[99.33623,45.85464],[99.33644,45.85467],[99.33669,45.85473],[99.3368,45.85477],[99.33689,45.85486],[99.33697,45.85498],[99.33702,45.85518],[99.33712,45.85527],[99.33725,45.85535],[99.3377,45.85546],[99.33786,45.85555],[99.33793,45.85564],[99.33831,45.85632],[99.33877,45.85673],[99.33935,45.85753],[99.33991,45.85804],[99.33999,45.85815],[99.3408,45.85955],[99.34084,45.85961],[99.34089,45.85966],[99.34096,45.85968],[99.34109,45.85971],[99.34127,45.85971],[99.34144,45.85971],[99.34186,45.85968],[99.34268,45.85993],[99.34313,45.86025],[99.34402,45.86045],[99.34469,45.86094],[99.34579,45.86136],[99.3465,45.86182],[99.35071,45.86316],[99.35248,45.86416],[99.35393,45.86527],[99.35681,45.86663],[99.35986,45.86782],[99.36068,45.86801],[99.36315,45.86901],[99.36625,45.86999],[99.36711,45.87009],[99.37062,45.87106],[99.3712,45.8711],[99.37544,45.87218],[99.37848,45.87277],[99.38102,45.87266],[99.38241,45.87279],[99.3885,45.87286],[99.39979,45.87193],[99.4048,45.87201],[99.41034,45.87183],[99.41374,45.87197],[99.41809,45.87187],[99.41912,45.87171],[99.42302,45.87172],[99.42637,45.87206],[99.42847,45.8725],[99.4306,45.87225],[99.43371,45.87232],[99.43497,45.87247],[99.43745,45.87303],[99.43963,45.87318],[99.44244,45.87371],[99.44594,45.8746],[99.44717,45.87476],[99.4545,45.87653],[99.45567,45.87696],[99.45776,45.87717],[99.45907,45.87759],[99.46026,45.87767],[99.4658,45.87924],[99.46725,45.87943],[99.46943,45.8794],[99.47486,45.88045],[99.47681,45.88105],[99.47923,45.88138],[99.4809,45.88179],[99.48326,45.88316],[99.48452,45.88466],[99.48518,45.88579],[99.48575,45.88738],[99.48742,45.88926],[99.48993,45.89268],[99.49061,45.8931],[99.49129,45.89415],[99.4922,45.89469],[99.49473,45.89677],[99.49881,45.90013],[99.50071,45.90122],[99.50171,45.90163],[99.5047,45.90224],[99.5055,45.90253],[99.51205,45.9039],[99.51337,45.90436],[99.51477,45.90462],[99.51534,45.90455],[99.51718,45.90505],[99.51921,45.90581],[99.52121,45.90689],[99.524,45.90783],[99.52544,45.90816],[99.53453,45.91114],[99.53538,45.91132],[99.53837,45.91146],[99.54252,45.91127],[99.54428,45.91136],[99.54982,45.91101],[99.55073,45.91102],[99.55158,45.9112],[99.55321,45.91133],[99.55486,45.91116],[99.55719,45.91144],[99.56041,45.91144],[99.5631,45.91159],[99.57055,45.91326],[99.57177,45.91342],[99.57657,45.91315],[99.58164,45.91405],[99.58453,45.91472],[99.58779,45.91587],[99.58943,45.91616],[99.59075,45.91655],[99.59154,45.91705],[99.59461,45.91774],[99.59907,45.9184],[99.60582,45.91992],[99.61322,45.92091],[99.6146,45.92126],[99.61658,45.9221],[99.6189,45.92285],[99.62573,45.92446]]}},{"type":"Feature","properties":{},"geometry":{"type":"LineString","coordinates":[[99.33424,45.85182],[99.3342,45.85232],[99.33431,45.85273],[99.33471,45.85321]]}},{"type":"Feature","properties":{},"geometry":{"type":"LineString","coordinates":[[89.46655,49.60711],[89.46631,49.60688]]}},{"type":"Feature","properties":{},"geometry":{"type":"LineString","coordinates":[[89.4681,49.60866],[89.46751,49.60807]]}},{"type":"Feature","properties":{},"geometry":{"type":"LineString","coordinates":[[115.69636,49.87212],[115.69662,49.8717],[115.69682,49.87048],[115.69683,49.8698],[115.69684,49.86886],[115.69689,49.86818],[115.69693,49.86753],[115.69689,49.8669],[115.69699,49.86629],[115.69706,49.86613],[115.69721,49.86557],[115.69703,49.86477],[115.69703,49.86396],[115.69659,49.86272],[115.69601,49.86193],[115.69484,49.86088],[115.69348,49.85978]]}},{"type":"Feature","properties":{},"geometry":{"type":"LineString","coordinates":[[103.54977,43.34679],[103.54626,43.34384],[103.54504,43.34263],[103.54435,43.34196],[103.54386,43.34151],[103.54309,43.34101],[103.53131,43.33612],[103.52211,43.33095],[103.51411,43.32517],[103.51098,43.32243],[103.50749,43.31857],[103.50469,43.31529],[103.50155,43.31065],[103.49771,43.30691],[103.49542,43.30459],[103.49325,43.30305],[103.49196,43.30194],[103.49003,43.30079],[103.48881,43.29971],[103.48828,43.29907],[103.48816,43.29893],[103.48786,43.29876],[103.48769,43.29863],[103.48707,43.29789],[103.48665,43.29754],[103.48607,43.29721],[103.48593,43.29709],[103.48585,43.29693],[103.48554,43.29602],[103.48542,43.29586],[103.48493,43.29547],[103.48443,43.29493],[103.4842,43.29462],[103.48395,43.29408],[103.4838,43.29387],[103.48359,43.2937],[103.48333,43.29353],[103.48296,43.29336],[103.4826,43.29317],[103.48126,43.29236],[103.48054,43.29199],[103.4802,43.29166],[103.47988,43.29153],[103.47955,43.29146],[103.47921,43.29135],[103.47864,43.291],[103.47809,43.29063],[103.47761,43.29013],[103.47669,43.28864],[103.47638,43.28812],[103.47614,43.2875],[103.47582,43.28639],[103.47563,43.28537],[103.47552,43.28513],[103.4753,43.2848],[103.47518,43.28449],[103.47499,43.2842],[103.47438,43.28314],[103.47348,43.28209],[103.47132,43.28057],[103.47085,43.2802],[103.46957,43.27884],[103.46935,43.27865],[103.46911,43.27854],[103.46837,43.27833],[103.46775,43.27803],[103.46739,43.2779],[103.46688,43.2778],[103.46571,43.27766],[103.46513,43.27751],[103.46431,43.2771],[103.46365,43.27678],[103.46178,43.27625],[103.45936,43.27557],[103.45871,43.27521],[103.45822,43.2748],[103.45671,43.27395],[103.45484,43.27331],[103.45415,43.27305],[103.45338,43.27268],[103.45218,43.27216],[103.45172,43.27189],[103.45116,43.27148],[103.45043,43.27106],[103.44731,43.26812],[103.44161,43.26296],[103.4386,43.26024],[103.43746,43.25929],[103.43625,43.25865],[103.43608,43.25852],[103.43572,43.25824],[103.43437,43.25642],[103.43369,43.25556],[103.43302,43.25519],[103.43023,43.2535],[103.42989,43.25321],[103.42982,43.25306],[103.42965,43.25155],[103.42955,43.25144],[103.42878,43.25115],[103.42579,43.25042],[103.42515,43.25033],[103.42435,43.2504],[103.42374,43.25039],[103.4224,43.2503],[103.41994,43.24993],[103.41933,43.24989],[103.41837,43.24998],[103.41714,43.25036],[103.41616,43.2509],[103.41599,43.25093],[103.41585,43.25083],[103.41561,43.25052],[103.41533,43.25035],[103.41503,43.25027],[103.4145,43.25028],[103.41368,43.25044],[103.41323,43.25042],[103.4128,43.25034],[103.41094,43.2499],[103.40823,43.24901],[103.40371,43.24795],[103.39836,43.24671],[103.39649,43.24625],[103.39549,43.24611],[103.39342,43.24612],[103.39234,43.24602],[103.39144,43.24587],[103.38972,43.24549],[103.38776,43.24471],[103.38513,43.24387],[103.37488,43.24119],[103.36394,43.23832],[103.36258,43.23789],[103.36191,43.23778],[103.36113,43.23772],[103.36073,43.23765],[103.35987,43.23738],[103.35886,43.23714],[103.35674,43.23684],[103.3541,43.23637],[103.34734,43.23476],[103.34662,43.23448],[103.34617,43.2343],[103.34581,43.23424],[103.34538,43.23421],[103.34445,43.23421],[103.34314,43.23411],[103.33085,43.23231],[103.32567,43.23198],[103.31553,43.23048],[103.30827,43.22926],[103.30525,43.2285],[103.3023,43.22812],[103.28676,43.22619],[103.28582,43.22612],[103.27538,43.22526],[103.27438,43.22508],[103.27398,43.225],[103.27363,43.22503],[103.27329,43.22512],[103.27121,43.2256],[103.26918,43.22576],[103.26728,43.22593],[103.26564,43.22594],[103.26505,43.22589],[103.26276,43.2259],[103.26205,43.22601],[103.26011,43.22615],[103.25759,43.22644],[103.25498,43.22701],[103.25426,43.22717],[103.25378,43.22719],[103.25197,43.22707],[103.25109,43.227],[103.24995,43.22681],[103.24918,43.22681],[103.24856,43.22687],[103.2478,43.22706],[103.24736,43.22731],[103.24709,43.22735],[103.24692,43.22733],[103.24676,43.22724],[103.24655,43.22703],[103.24624,43.22655],[103.24574,43.22606],[103.24499,43.22561],[103.24336,43.22463],[103.2425,43.22398],[103.24164,43.22356],[103.24011,43.22302],[103.23879,43.22242],[103.23624,43.22165],[103.23506,43.22142],[103.23403,43.22136],[103.23177,43.22115],[103.23099,43.2211],[103.22995,43.22093],[103.22891,43.22067],[103.22626,43.22027],[103.22561,43.22016],[103.22428,43.2197],[103.22393,43.21955],[103.22374,43.21944],[103.22335,43.21907],[103.223,43.21885],[103.21963,43.21743],[103.21845,43.21705],[103.21783,43.21679],[103.21682,43.21613],[103.21439,43.21482],[103.21393,43.21455],[103.21372,43.21432],[103.21345,43.21416],[103.21296,43.2141],[103.21229,43.214],[103.21094,43.21368],[103.20951,43.21316],[103.20791,43.21245],[103.20655,43.21184],[103.20617,43.21173],[103.20579,43.21171],[103.20448,43.2118],[103.20367,43.21172],[103.20222,43.21144],[103.20035,43.21092],[103.19323,43.20941],[103.18877,43.20855],[103.18827,43.20843],[103.18814,43.2084],[103.18736,43.20808],[103.18686,43.20782],[103.18584,43.20703],[103.18457,43.20604],[103.18285,43.20501],[103.18193,43.20463],[103.18185,43.20461]]}},{"type":"Feature","properties":{},"geometry":{"type":"LineString","coordinates":[[96.52017,46.16037],[96.52012,46.15999],[96.52002,46.15916],[96.51998,46.15797],[96.51995,46.15767],[96.51997,46.15746],[96.52009,46.15694],[96.52011,46.15678],[96.5201,46.15667],[96.52005,46.15656],[96.52002,46.15646],[96.52,46.1563],[96.52003,46.15603],[96.52001,46.15586],[96.51996,46.15566],[96.51985,46.15538],[96.51957,46.15483],[96.51946,46.15456],[96.51936,46.15424],[96.51932,46.154],[96.51929,46.15363],[96.51928,46.15336],[96.51929,46.15306],[96.51941,46.15214],[96.51941,46.1519],[96.5194,46.15171],[96.51935,46.15157],[96.5192,46.15123],[96.51884,46.15053],[96.5188,46.15038],[96.51879,46.15025],[96.51882,46.15004],[96.51897,46.14952],[96.51902,46.14925],[96.51899,46.14899],[96.51894,46.14883],[96.51878,46.14856],[96.51866,46.14841],[96.51852,46.14824],[96.51838,46.14807],[96.5183,46.14792],[96.51811,46.14755],[96.51779,46.14669],[96.51741,46.14571],[96.51661,46.14391],[96.51282,46.13746],[96.51031,46.13329],[96.50985,46.13242],[96.50953,46.13178],[96.50918,46.1311],[96.50887,46.13058],[96.50847,46.13009],[96.50721,46.12842],[96.50657,46.12755],[96.50572,46.12627],[96.50497,46.12497],[96.50452,46.12424],[96.50427,46.12381],[96.50414,46.1236],[96.50392,46.12311],[96.50382,46.12281],[96.50379,46.12265],[96.50379,46.12253],[96.50383,46.12241],[96.50395,46.12222],[96.50409,46.12203],[96.50417,46.12189],[96.50427,46.12156],[96.50598,46.11427],[96.50695,46.1097],[96.50717,46.10845],[96.50829,46.0997],[96.50857,46.09774],[96.50888,46.09381],[96.50882,46.09269],[96.50876,46.09178],[96.5077,46.08617],[96.50767,46.08554],[96.50769,46.08526],[96.50773,46.08497],[96.50808,46.08308],[96.5085,46.08041],[96.50853,46.07999],[96.5085,46.07978],[96.50846,46.07966],[96.50836,46.07948],[96.50819,46.07925],[96.50789,46.07889],[96.5071,46.07808],[96.50687,46.07784],[96.50669,46.07767],[96.5065,46.07752],[96.50622,46.07734],[96.50607,46.07724],[96.50597,46.07713],[96.5059,46.07702],[96.50589,46.07692],[96.50585,46.07661],[96.50581,46.07643],[96.50567,46.07613],[96.5054,46.07573],[96.50494,46.07501],[96.50471,46.07469],[96.50455,46.07451],[96.50407,46.07397],[96.50375,46.07368],[96.50353,46.07349],[96.50246,46.07251],[96.50158,46.07173],[96.50145,46.0716],[96.50138,46.07147],[96.50136,46.07135],[96.50139,46.07111],[96.50145,46.07093],[96.50146,46.07076],[96.50143,46.07065],[96.50136,46.0705],[96.50119,46.07025],[96.5011,46.07009],[96.50107,46.06999],[96.50109,46.06987],[96.50119,46.06965],[96.50139,46.06924],[96.50156,46.06887],[96.50162,46.06862],[96.50165,46.06843],[96.50164,46.06833],[96.50158,46.06819],[96.50149,46.06805],[96.50138,46.06791],[96.50128,46.06773],[96.50117,46.06759],[96.50096,46.06738],[96.50077,46.06726],[96.50059,46.06719],[96.50011,46.06708],[96.49956,46.067],[96.49798,46.06681],[96.49734,46.06672],[96.49695,46.06665],[96.49661,46.06657],[96.49533,46.06616],[96.49501,46.0661],[96.49475,46.06607],[96.49437,46.06607],[96.49362,46.06613],[96.49331,46.06614],[96.49297,46.06611],[96.49262,46.06605],[96.49189,46.06589],[96.49148,46.06582],[96.49123,46.0658],[96.49088,46.06581],[96.49029,46.06587],[96.48926,46.06608],[96.48871,46.0662],[96.48831,46.06624],[96.48772,46.06627],[96.48699,46.06627],[96.48642,46.06624],[96.48561,46.06632],[96.48522,46.06637],[96.48505,46.06639],[96.48363,46.06668],[96.48341,46.0667],[96.48325,46.0667],[96.48271,46.06663],[96.48252,46.06661],[96.4824,46.06658],[96.48233,46.06654],[96.48217,46.06643],[96.48206,46.06637],[96.48195,46.06634],[96.48174,46.06633],[96.48128,46.06637],[96.47898,46.06663],[96.47876,46.06664],[96.47857,46.06662],[96.47824,46.06657],[96.47755,46.06643],[96.4774,46.06637],[96.47727,46.06629],[96.47698,46.06606],[96.4767,46.06578],[96.47638,46.06553],[96.47614,46.06539],[96.476,46.06534],[96.47584,46.06531],[96.47481,46.06519],[96.47461,46.06515],[96.47446,46.06511],[96.47343,46.06475],[96.47332,46.06469],[96.47323,46.06462],[96.47309,46.06444],[96.47303,46.06436],[96.47289,46.06426],[96.47248,46.06397],[96.47125,46.0632],[96.47113,46.06315],[96.47101,46.06312],[96.47087,46.06312],[96.47072,46.06316],[96.47061,46.06322],[96.47052,46.06335],[96.47033,46.06373],[96.47016,46.06408],[96.47009,46.06417],[96.47004,46.06421],[96.46995,46.06426],[96.46982,46.06429],[96.46968,46.06431],[96.46959,46.0643],[96.46936,46.06425],[96.46928,46.06424],[96.46919,46.06425],[96.46909,46.06428],[96.46878,46.06441],[96.46806,46.06473],[96.46779,46.06481],[96.46757,46.06484],[96.46698,46.06489],[96.46655,46.0649],[96.46636,46.06492],[96.46618,46.06498],[96.46565,46.06525],[96.4646,46.06585],[96.46431,46.06597],[96.46395,46.06601],[96.46361,46.06601],[96.46322,46.06594],[96.46262,46.06585],[96.4624,46.06577],[96.46206,46.06562],[96.46177,46.06549],[96.46145,46.0654],[96.46092,46.06531],[96.45988,46.06505],[96.45908,46.06477],[96.45801,46.06434],[96.45778,46.0642],[96.45762,46.06403],[96.45744,46.06382],[96.45722,46.06365],[96.45686,46.06352],[96.45526,46.06311],[96.45483,46.06296],[96.45439,46.06279],[96.45395,46.06257],[96.45344,46.06238],[96.45149,46.06177],[96.45109,46.0617],[96.45062,46.06166],[96.44977,46.06165],[96.44886,46.06163],[96.4477,46.06158],[96.44666,46.06146],[96.44609,46.06133],[96.44431,46.06071],[96.44383,46.06056],[96.44343,46.06048],[96.44179,46.0603],[96.44113,46.06022],[96.4406,46.0601],[96.43851,46.05944],[96.43707,46.05887],[96.43611,46.05854],[96.43576,46.05847],[96.43502,46.05838],[96.43444,46.05837],[96.43387,46.05842],[96.43325,46.0585],[96.4328,46.0586],[96.43249,46.05868],[96.43219,46.05878],[96.43173,46.05892],[96.43147,46.05896],[96.43126,46.05898],[96.43006,46.05899],[96.42978,46.05901],[96.42955,46.05905],[96.42916,46.05917],[96.42896,46.0592],[96.42879,46.0592],[96.42866,46.05917],[96.42844,46.05907],[96.42824,46.05901],[96.428,46.05893],[96.42779,46.05889],[96.42759,46.05889],[96.42741,46.0589],[96.42706,46.05902],[96.42682,46.05909],[96.42666,46.0591],[96.42651,46.0591],[96.42641,46.05907],[96.42634,46.05903],[96.42626,46.05895],[96.42614,46.05873],[96.42599,46.05845],[96.4259,46.05827],[96.42581,46.05818],[96.42569,46.05809],[96.42557,46.05805],[96.4253,46.05801],[96.42483,46.05798],[96.42379,46.05791],[96.42336,46.0579],[96.42303,46.05785],[96.4229,46.05782],[96.42279,46.05778],[96.42269,46.05768],[96.42257,46.05753],[96.42249,46.05737],[96.42245,46.0572],[96.42244,46.05691],[96.42241,46.05675],[96.42236,46.05665],[96.4223,46.05657],[96.42222,46.05652],[96.42211,46.05649],[96.42197,46.05648],[96.42176,46.05648],[96.42161,46.05645],[96.42148,46.05642],[96.42094,46.05623],[96.42012,46.05595],[96.41938,46.05558],[96.41916,46.05538],[96.41902,46.05517],[96.41898,46.05493],[96.41903,46.05461],[96.41917,46.05427],[96.41982,46.05312],[96.4204,46.05191],[96.42073,46.05121],[96.42085,46.05081],[96.42085,46.05071],[96.42083,46.0506],[96.42076,46.05051],[96.4206,46.05038],[96.42047,46.05031],[96.42032,46.05028],[96.42018,46.05028],[96.41982,46.05031],[96.41972,46.05031],[96.41962,46.05029],[96.41956,46.05026],[96.41951,46.05021],[96.41947,46.05015],[96.41944,46.05003],[96.41942,46.04983],[96.41942,46.0496],[96.41944,46.04926],[96.41942,46.049],[96.41934,46.04873],[96.41924,46.04854],[96.4191,46.04837],[96.4188,46.04814],[96.41816,46.04767],[96.41741,46.04713],[96.41705,46.0469],[96.41656,46.04663],[96.41608,46.04639],[96.41574,46.04621],[96.4153,46.04605],[96.41491,46.04593],[96.41402,46.04573],[96.41356,46.04561],[96.41329,46.04552],[96.41318,46.04545],[96.41312,46.04539],[96.41307,46.04528],[96.41304,46.04515],[96.41305,46.04501],[96.4132,46.04463],[96.41336,46.04431],[96.41343,46.04421],[96.41351,46.04406],[96.41354,46.04394],[96.4136,46.04375],[96.4137,46.04351],[96.41378,46.04338],[96.41393,46.04318],[96.41478,46.04228],[96.41485,46.04217],[96.41487,46.04205],[96.41484,46.04188],[96.4148,46.04174],[96.41481,46.04156],[96.41491,46.0413],[96.41505,46.04104],[96.41527,46.04078],[96.41611,46.04009],[96.41647,46.0398],[96.4166,46.03965],[96.41672,46.0394],[96.41685,46.03906],[96.41695,46.03871],[96.4171,46.03842],[96.41758,46.03773],[96.41775,46.03746],[96.41788,46.03715],[96.41796,46.03675],[96.41805,46.03637],[96.41812,46.03616],[96.41827,46.03589],[96.41844,46.03563],[96.41874,46.03521],[96.41886,46.03502],[96.41907,46.03463],[96.4194,46.03403],[96.41954,46.03381],[96.41967,46.03363],[96.41987,46.03338],[96.42003,46.03319],[96.42016,46.03294],[96.4205,46.0321],[96.42084,46.03138],[96.42103,46.03109],[96.42129,46.03073],[96.42146,46.03051],[96.42158,46.03022],[96.42168,46.02993],[96.42172,46.02964],[96.42179,46.02844],[96.42185,46.02656],[96.42184,46.0263],[96.4218,46.02611],[96.42173,46.02595],[96.42153,46.0256],[96.42117,46.02493],[96.42108,46.02473],[96.42101,46.02444],[96.42099,46.02423],[96.42102,46.02407],[96.4211,46.02387],[96.4212,46.02368],[96.42129,46.02353],[96.42189,46.02294],[96.42262,46.02216],[96.42268,46.02205],[96.42271,46.02194],[96.42269,46.0218],[96.4226,46.02166],[96.42235,46.02137],[96.4221,46.0211],[96.42202,46.02094],[96.422,46.02081],[96.42204,46.02066],[96.42228,46.0203],[96.42247,46.02002],[96.42273,46.01959],[96.42305,46.01911],[96.42345,46.0186],[96.42389,46.01811],[96.42421,46.01779],[96.42468,46.01741],[96.42498,46.01717],[96.42527,46.01684],[96.42538,46.01665],[96.42543,46.0164],[96.42551,46.01541],[96.42555,46.01482],[96.42559,46.01427],[96.42562,46.01378],[96.42563,46.01359],[96.42566,46.01349],[96.42576,46.01338],[96.42587,46.01328],[96.42608,46.01315],[96.42649,46.01298],[96.42665,46.0129],[96.4268,46.01277],[96.42691,46.01261],[96.42696,46.01248],[96.42698,46.01235],[96.42696,46.01218],[96.42691,46.01202],[96.42681,46.01175],[96.42674,46.01143],[96.42673,46.01113],[96.42681,46.01066],[96.42688,46.0104],[96.42701,46.01001],[96.42712,46.00974],[96.42723,46.00957],[96.42735,46.00944],[96.42782,46.00906],[96.42785,46.00902],[96.42787,46.00897],[96.42788,46.0089],[96.42785,46.00885],[96.42712,46.00813],[96.42705,46.00804],[96.42702,46.00798],[96.42702,46.00792],[96.42705,46.00785],[96.42709,46.00775],[96.42712,46.0076],[96.42717,46.00708],[96.42721,46.0065],[96.42724,46.00635],[96.42732,46.00619],[96.42752,46.00588],[96.42755,46.00577],[96.42757,46.00565],[96.42756,46.0052],[96.4275,46.00453],[96.42739,46.00402],[96.42735,46.00391],[96.42728,46.00384],[96.42717,46.00377],[96.42698,46.00368],[96.42677,46.0036],[96.42664,46.00351],[96.42659,46.00344],[96.42657,46.00335],[96.42661,46.00323],[96.42672,46.00301],[96.42674,46.00285],[96.42673,46.00267],[96.42668,46.00231],[96.42672,46.00215],[96.42681,46.00201],[96.42696,46.00187],[96.42729,46.00164],[96.42751,46.00147],[96.4276,46.00134],[96.42761,46.00121],[96.42754,46.00101],[96.42741,46.00085],[96.42717,46.0007],[96.42683,46.00046],[96.42664,46.00027],[96.42655,46.00014],[96.42647,45.99989],[96.42634,45.99941],[96.42625,45.99918],[96.42617,45.99901],[96.42603,45.99885],[96.42578,45.99851],[96.42557,45.99815],[96.42553,45.99805],[96.42552,45.99799],[96.42553,45.99793],[96.42556,45.99786],[96.42561,45.99781],[96.42571,45.99773],[96.42607,45.99758],[96.42633,45.99746],[96.42645,45.99734],[96.42652,45.99725],[96.42655,45.99717],[96.42655,45.99706],[96.42651,45.99696],[96.42641,45.99686],[96.42624,45.9967],[96.42604,45.99656],[96.42582,45.99644],[96.42503,45.99601],[96.42451,45.99569],[96.42427,45.99553],[96.42413,45.99542],[96.42405,45.99531],[96.42402,45.99516],[96.424,45.99477],[96.42397,45.9944],[96.42395,45.99399],[96.42406,45.99301],[96.42413,45.99259],[96.42415,45.99237],[96.42414,45.99225],[96.42407,45.9921],[96.42393,45.99194],[96.42371,45.99176],[96.42347,45.99158],[96.42332,45.99138],[96.42314,45.99105],[96.423,45.99064],[96.42294,45.99051],[96.42288,45.99039],[96.42279,45.99026],[96.42271,45.99018],[96.4226,45.99011],[96.42249,45.99005],[96.42219,45.98994],[96.42194,45.98984],[96.4217,45.98974],[96.4216,45.98967],[96.42152,45.98959],[96.4215,45.98953],[96.42151,45.98944],[96.42159,45.98926],[96.42172,45.98906],[96.42179,45.98888],[96.42183,45.98871],[96.42185,45.98855],[96.42185,45.98839],[96.42174,45.98787],[96.4217,45.98767],[96.42163,45.98748],[96.42155,45.98735],[96.42143,45.98724],[96.42128,45.98714],[96.42116,45.98709],[96.42104,45.98706],[96.42089,45.98706],[96.42063,45.98709],[96.42048,45.98711],[96.42038,45.98709],[96.42027,45.98704],[96.42016,45.98696],[96.42002,45.98682],[96.41975,45.98659],[96.41955,45.9864],[96.41921,45.986],[96.41902,45.98575],[96.41889,45.98554],[96.41881,45.98541],[96.41874,45.98523],[96.41868,45.98493],[96.41862,45.98467],[96.41856,45.98444],[96.41849,45.98425],[96.41842,45.98416],[96.41831,45.98407],[96.41816,45.98398],[96.41801,45.98394],[96.41783,45.98391],[96.41762,45.98393],[96.41723,45.98403],[96.41675,45.98419],[96.41633,45.98431],[96.41604,45.98436],[96.4158,45.98439],[96.4155,45.98441],[96.41519,45.98442],[96.41485,45.9844],[96.41463,45.98438],[96.41444,45.98434],[96.41416,45.98426],[96.41397,45.9842],[96.41379,45.98411],[96.41357,45.98394],[96.41338,45.98379],[96.41324,45.98365],[96.41296,45.98336],[96.4128,45.98326],[96.41268,45.98321],[96.41248,45.98316],[96.41205,45.98307],[96.41169,45.983],[96.41148,45.98291],[96.41129,45.98274],[96.41108,45.98247],[96.41081,45.98226],[96.41018,45.98187],[96.40951,45.98149],[96.40917,45.98126],[96.40898,45.9811],[96.40889,45.98096],[96.40878,45.98069],[96.40867,45.98042],[96.40844,45.9801],[96.40815,45.97986],[96.40773,45.97959],[96.40691,45.97914],[96.40671,45.97899],[96.40652,45.97879],[96.40641,45.97853],[96.40639,45.97833],[96.40639,45.97795],[96.40639,45.97768],[96.40632,45.97737],[96.40618,45.97707],[96.40595,45.97664],[96.4054,45.97546],[96.40525,45.97519],[96.40505,45.97498],[96.40454,45.97466],[96.40349,45.97414],[96.40266,45.97365],[96.40233,45.9734],[96.40214,45.97326],[96.40191,45.9729],[96.40182,45.9726],[96.40181,45.97229],[96.40186,45.97193],[96.40197,45.97125],[96.40197,45.97095],[96.40194,45.97065],[96.40177,45.97034],[96.40154,45.96992],[96.40147,45.96968],[96.40147,45.96944],[96.40156,45.9691],[96.40157,45.96881],[96.40155,45.96866],[96.40144,45.96838],[96.40128,45.96815],[96.40115,45.96786],[96.40091,45.96758],[96.40048,45.9671],[96.40037,45.9668],[96.40037,45.9666],[96.40043,45.96635],[96.40056,45.96602],[96.40075,45.96566],[96.40093,45.96528],[96.40105,45.96491],[96.40109,45.96459],[96.40109,45.96432],[96.401,45.96348],[96.40097,45.96312],[96.40101,45.96288],[96.40112,45.96266],[96.40132,45.96236],[96.40147,45.96205],[96.40152,45.96179],[96.40157,45.96135],[96.40151,45.96111],[96.40139,45.96095],[96.40119,45.96074],[96.40082,45.96041],[96.40012,45.95974],[96.39999,45.95956],[96.39992,45.95934],[96.3999,45.95913],[96.39993,45.9589],[96.40002,45.95865],[96.40024,45.95822],[96.40065,45.95733],[96.40079,45.95698],[96.40082,45.9568],[96.40078,45.95661],[96.40064,45.95637],[96.40042,45.95612],[96.4002,45.95592],[96.39993,45.95574],[96.39919,45.95528],[96.39898,45.9551],[96.39883,45.95491],[96.3987,45.9546],[96.39861,45.95433],[96.39846,45.95383],[96.39822,45.95334],[96.398,45.95306],[96.39784,45.95288],[96.3974,45.95247],[96.39695,45.95204],[96.39682,45.95187],[96.39669,45.95175],[96.39645,45.9516],[96.39623,45.95151],[96.39559,45.95134],[96.39493,45.95113],[96.39458,45.95097],[96.39427,45.95079],[96.3941,45.95059],[96.3937,45.95005],[96.39347,45.94981],[96.39313,45.94952],[96.39265,45.9492],[96.3921,45.94888],[96.39177,45.94862],[96.39156,45.94841],[96.39133,45.94808],[96.39115,45.94788],[96.39087,45.94765],[96.3906,45.94741],[96.39037,45.94714],[96.39009,45.94682],[96.38974,45.94652],[96.38901,45.94602],[96.38845,45.94555],[96.38748,45.94405],[96.38647,45.94236],[96.384,45.93787],[96.3836,45.93732],[96.38325,45.93686],[96.37963,45.93284],[96.37934,45.93258],[96.37894,45.93226],[96.37758,45.9313],[96.37712,45.9309],[96.37679,45.9306],[96.37501,45.92873],[96.37472,45.92843],[96.37448,45.92823],[96.37401,45.92792],[96.3735,45.92759],[96.37162,45.92638],[96.3712,45.92602],[96.37064,45.92546],[96.37024,45.92502],[96.36909,45.92371],[96.36883,45.92348],[96.3685,45.92326],[96.36566,45.92166],[96.36452,45.92104],[96.36436,45.92091],[96.36425,45.92073],[96.36411,45.92039],[96.36392,45.92018],[96.363,45.91936],[96.3626,45.9191],[96.36224,45.9189],[96.35941,45.91733],[96.35927,45.91724],[96.35918,45.91716],[96.35859,45.91647],[96.35842,45.91632],[96.35824,45.91624],[96.35784,45.9161],[96.35753,45.91599],[96.35734,45.91587],[96.35718,45.9157],[96.35645,45.91415],[96.35626,45.91384],[96.35615,45.91369],[96.35597,45.91356],[96.35581,45.91349],[96.35549,45.9134],[96.35516,45.91332],[96.35438,45.91318],[96.35415,45.9131],[96.35403,45.91302],[96.35397,45.91295],[96.35396,45.91286],[96.35402,45.91274],[96.35423,45.9125],[96.35462,45.91202],[96.35475,45.91173],[96.3548,45.91141],[96.35475,45.91113],[96.35465,45.91085],[96.35447,45.91062],[96.35389,45.91007],[96.35245,45.90886],[96.35083,45.90782],[96.34337,45.90258],[96.33606,45.89706],[96.32917,45.89129],[96.32865,45.89073],[96.32264,45.88536],[96.32227,45.88506],[96.32171,45.88468],[96.31926,45.88303],[96.31897,45.88279],[96.31875,45.88257],[96.31812,45.8818],[96.31787,45.88157],[96.3176,45.88139],[96.31611,45.88054],[96.31582,45.88036],[96.31543,45.8801],[96.30897,45.8755],[96.3087,45.8753],[96.30853,45.87513],[96.30841,45.87489],[96.30799,45.87353],[96.30755,45.87237],[96.3072,45.87163],[96.30697,45.87134],[96.30675,45.87113],[96.30215,45.86765],[96.30182,45.86745],[96.29994,45.86649],[96.29875,45.86584],[96.29813,45.86548]]}},{"type":"Feature","properties":{},"geometry":{"type":"LineString","coordinates":[[91.62972,47.51969],[91.62915,47.5196],[91.62861,47.51958],[91.62691,47.51955],[91.62642,47.51953],[91.6259,47.51952],[91.62519,47.5195],[91.62447,47.51944],[91.62364,47.51926],[91.62273,47.51899],[91.61904,47.51785],[91.61738,47.51716],[91.61686,47.51674],[91.6165,47.51645],[91.61636,47.51635],[91.61576,47.51578],[91.61551,47.51551],[91.61482,47.51494],[91.61392,47.51407],[91.61299,47.51311],[91.61207,47.51193],[91.61133,47.51124],[91.60993,47.51053],[91.59951,47.50801],[91.59591,47.50735],[91.59514,47.50713],[91.59407,47.50661],[91.59344,47.50605],[91.59178,47.50441],[91.59019,47.50282],[91.5885,47.49997],[91.58697,47.4978],[91.58545,47.49621],[91.58343,47.49492],[91.58085,47.49391],[91.57944,47.49278],[91.57679,47.49096],[91.5753,47.49006],[91.57321,47.48879],[91.57157,47.48756],[91.56904,47.48583],[91.5587,47.4795],[91.55727,47.47889],[91.55669,47.47869],[91.55579,47.47862],[91.55296,47.47856],[91.55197,47.47846],[91.55068,47.47817],[91.54934,47.47759],[91.54773,47.47664],[91.54719,47.47643],[91.54665,47.47596],[91.54626,47.47551],[91.54568,47.47508],[91.54504,47.47476],[91.54405,47.47462],[91.54304,47.47429],[91.54217,47.47395],[91.54142,47.47371],[91.54065,47.47345],[91.5396,47.47313],[91.53874,47.47279],[91.53834,47.47254],[91.53785,47.47223],[91.53721,47.47165],[91.53642,47.47111],[91.53531,47.47058],[91.53427,47.47041],[91.5331,47.47051],[91.53208,47.47055],[91.53128,47.4705],[91.52933,47.47027],[91.52791,47.47045],[91.52657,47.47066],[91.5262,47.47065],[91.52573,47.47061],[91.52464,47.47059],[91.5215,47.47048],[91.52002,47.47028],[91.51625,47.47],[91.51294,47.47015],[91.51116,47.46991],[91.50935,47.46941],[91.50691,47.46824],[91.50493,47.46724],[91.50163,47.46599],[91.49762,47.46537],[91.49545,47.46571],[91.49217,47.46637],[91.48972,47.46682],[91.48827,47.46719],[91.4848,47.4677],[91.48308,47.46793],[91.48115,47.46828],[91.48049,47.46838],[91.47968,47.46829],[91.4791,47.46801],[91.47815,47.46749],[91.47749,47.46673],[91.47679,47.46575],[91.47589,47.46477],[91.47444,47.46384],[91.47285,47.4632],[91.47181,47.46276],[91.47081,47.46172],[91.4695,47.46078],[91.46893,47.45996],[91.46803,47.45887],[91.46743,47.45797],[91.46734,47.45666],[91.46733,47.45548],[91.46696,47.45438],[91.46681,47.45333],[91.46615,47.45236],[91.4647,47.45107],[91.46371,47.4501],[91.46303,47.44845],[91.46201,47.44718],[91.46097,47.44564],[91.45918,47.44369],[91.45831,47.44209],[91.45747,47.44065],[91.45682,47.43949],[91.45605,47.43863],[91.45472,47.43782],[91.45342,47.4376],[91.45231,47.43769],[91.45167,47.43789],[91.45022,47.43807],[91.44915,47.43835],[91.44809,47.43833],[91.44603,47.43865],[91.44418,47.43881],[91.44229,47.43876],[91.4407,47.43885],[91.43867,47.43913],[91.43669,47.4395],[91.43513,47.44015],[91.43426,47.44051],[91.43295,47.44078],[91.43258,47.44097],[91.43095,47.44132],[91.42959,47.44165],[91.42763,47.44246],[91.42482,47.4435],[91.42343,47.44399],[91.42195,47.4446],[91.42092,47.4451],[91.42,47.4456],[91.41891,47.44622],[91.41799,47.44679],[91.41682,47.44751],[91.41594,47.44804],[91.41518,47.44871],[91.41426,47.44935],[91.41366,47.44976],[91.41311,47.45026],[91.41249,47.45087],[91.41189,47.45156],[91.41126,47.45193],[91.41024,47.45231],[91.40846,47.45262],[91.40622,47.45279],[91.40511,47.45298],[91.40466,47.45315],[91.40359,47.45375],[91.40242,47.45424],[91.40122,47.45479],[91.39925,47.45567],[91.39777,47.45631],[91.39662,47.45674],[91.39509,47.45734],[91.39376,47.45774],[91.39276,47.45798],[91.39207,47.45804],[91.39061,47.45835],[91.38949,47.45873],[91.38863,47.45884],[91.38816,47.45895],[91.38766,47.45907],[91.38642,47.45942],[91.38546,47.45956],[91.38453,47.45961],[91.38381,47.45958],[91.38353,47.45953],[91.38332,47.45947],[91.38299,47.45933],[91.38249,47.4591],[91.38198,47.45895],[91.38148,47.45884],[91.38108,47.45879],[91.37969,47.45883],[91.37876,47.45874],[91.37746,47.45874],[91.37672,47.45883],[91.37563,47.45885],[91.3744,47.45851],[91.37346,47.45827],[91.37233,47.45788],[91.37171,47.45769],[91.3702,47.4576],[91.36901,47.45742],[91.36812,47.45715],[91.36734,47.457],[91.36665,47.45701],[91.36552,47.45701],[91.36443,47.45681],[91.36341,47.4564],[91.3622,47.45585],[91.36126,47.45548],[91.36028,47.45498],[91.35915,47.45478],[91.35787,47.45452],[91.35608,47.4541],[91.35461,47.45374],[91.35212,47.45307],[91.35003,47.45249],[91.34743,47.45172],[91.34637,47.45114],[91.34571,47.45061],[91.34507,47.45],[91.34409,47.44943],[91.3431,47.44886],[91.34238,47.44844],[91.34053,47.44787],[91.33943,47.44726],[91.33799,47.44619],[91.33593,47.4446],[91.33514,47.44384],[91.33456,47.4432],[91.33424,47.44246],[91.33391,47.44196],[91.33311,47.44142],[91.33208,47.44109],[91.33089,47.44087],[91.32955,47.4407],[91.32817,47.44046],[91.3268,47.44011],[91.32556,47.43953],[91.32436,47.43883],[91.32305,47.43797],[91.32197,47.43767],[91.32059,47.43739],[91.31856,47.43714],[91.31681,47.43683],[91.31553,47.43659],[91.31431,47.43644],[91.31274,47.43653],[91.31153,47.43655],[91.31069,47.43674],[91.30936,47.43725],[91.30816,47.43742],[91.30668,47.43761],[91.30563,47.43793],[91.30466,47.4386],[91.30385,47.43889],[91.30252,47.43893],[91.29913,47.43895],[91.29741,47.43905],[91.29479,47.43908],[91.29313,47.43917],[91.29063,47.43939],[91.28851,47.43988],[91.2866,47.44011],[91.28565,47.44001],[91.28437,47.43985],[91.28312,47.43992],[91.28234,47.43992],[91.28156,47.43984],[91.28115,47.4399],[91.28043,47.44017],[91.27955,47.44033],[91.27842,47.44032],[91.27766,47.44039],[91.27697,47.44042],[91.27637,47.44029],[91.27464,47.43951],[91.27321,47.43908],[91.27211,47.43887],[91.27063,47.43836],[91.26936,47.43777],[91.268,47.43743],[91.26656,47.43712],[91.26475,47.43691],[91.26263,47.4367],[91.26216,47.43654],[91.26163,47.43609],[91.26091,47.43557],[91.25966,47.43486],[91.25833,47.43419],[91.25726,47.4337],[91.2557,47.43318],[91.25462,47.43253],[91.25351,47.432],[91.25275,47.43167],[91.25107,47.43113],[91.24976,47.43083],[91.24894,47.43055],[91.24844,47.43018],[91.24739,47.42904],[91.24664,47.42802],[91.24578,47.4273],[91.24472,47.42674],[91.24326,47.42592],[91.24238,47.42503],[91.24201,47.42454],[91.24121,47.42329],[91.24047,47.42251],[91.23929,47.42179],[91.23744,47.42062],[91.23552,47.41943],[91.23479,47.41897],[91.23416,47.41868],[91.23385,47.41846],[91.23318,47.41813],[91.23208,47.41771],[91.23048,47.4171],[91.22912,47.41655],[91.22832,47.41591],[91.22757,47.41515],[91.22665,47.41448],[91.22596,47.41411],[91.22546,47.41373],[91.22517,47.41343],[91.22455,47.41267],[91.22418,47.41225],[91.22322,47.41105],[91.22281,47.41074],[91.22228,47.4105],[91.22146,47.41034],[91.22095,47.41027],[91.22062,47.41011],[91.22009,47.40974],[91.21975,47.40953],[91.21945,47.40938],[91.21924,47.40918],[91.21858,47.40878],[91.21767,47.40836],[91.21713,47.40824],[91.21657,47.40818],[91.21563,47.40802],[91.2143,47.40787],[91.21356,47.40785],[91.21338,47.40782],[91.21283,47.40765],[91.21249,47.40756],[91.21217,47.40753],[91.21172,47.40754],[91.21154,47.40754],[91.2114,47.40751],[91.21123,47.40747],[91.21101,47.40747],[91.21068,47.40752],[91.21043,47.40762],[91.20992,47.40796],[91.20973,47.40805],[91.20947,47.40816],[91.20924,47.40826],[91.20892,47.40847],[91.2085,47.40871],[91.20818,47.40895],[91.20792,47.40926],[91.20776,47.40937],[91.20683,47.40953],[91.20623,47.40963],[91.20592,47.40964],[91.20575,47.40959],[91.20566,47.40952],[91.20558,47.40935],[91.20557,47.40914],[91.20566,47.40876],[91.20603,47.40799],[91.20618,47.4075],[91.20611,47.40723],[91.20587,47.40683],[91.20589,47.40659],[91.20616,47.40632],[91.20658,47.4061],[91.2077,47.4056],[91.20806,47.40534],[91.20847,47.40486],[91.20859,47.40462],[91.20871,47.40438],[91.20879,47.40397],[91.20871,47.40368],[91.20856,47.40342],[91.20825,47.40302],[91.20791,47.40273],[91.20762,47.40248],[91.20721,47.40203],[91.20625,47.40097],[91.20605,47.40065],[91.20602,47.40058],[91.20579,47.40003],[91.20556,47.3997],[91.20542,47.39963],[91.20521,47.39957],[91.20428,47.39941],[91.20416,47.39937],[91.2041,47.39931],[91.20404,47.399],[91.2039,47.39863],[91.20376,47.3985],[91.20273,47.39801],[91.20253,47.39793],[91.20152,47.39792],[91.20098,47.398],[91.20057,47.39801],[91.20003,47.39807],[91.19914,47.39823],[91.19801,47.39824],[91.19786,47.39821],[91.19779,47.39816],[91.19779,47.3981],[91.19786,47.39803],[91.19934,47.39704],[91.19951,47.3969],[91.19952,47.39685],[91.19943,47.3968],[91.19842,47.39677],[91.1982,47.39673],[91.19812,47.39661],[91.1982,47.39595],[91.19805,47.39563],[91.19779,47.39546],[91.19737,47.39537],[91.19707,47.39533],[91.19681,47.39527],[91.19667,47.39519],[91.19647,47.39487],[91.19581,47.39455],[91.19544,47.39433],[91.19492,47.39424],[91.19418,47.39433],[91.19354,47.39425],[91.19299,47.39408],[91.19277,47.39377],[91.19266,47.39345],[91.19234,47.39313],[91.19187,47.39277],[91.19124,47.39233],[91.19065,47.39188],[91.19007,47.39157],[91.18927,47.3911],[91.18835,47.3907],[91.18795,47.39043],[91.18723,47.39019],[91.18634,47.38994],[91.1856,47.38979],[91.18456,47.38951],[91.18338,47.38913],[91.1822,47.38886],[91.18148,47.38862],[91.18089,47.38838],[91.18012,47.38813],[91.17918,47.38779],[91.1787,47.38751],[91.17826,47.38726],[91.17746,47.38679],[91.17686,47.38631],[91.17549,47.38538],[91.1744,47.38464],[91.17336,47.38402],[91.17281,47.38361],[91.17185,47.38294],[91.17114,47.38236],[91.17043,47.38184],[91.16873,47.38097],[91.1674,47.38046],[91.16655,47.38015],[91.16465,47.37928],[91.16433,47.37912],[91.1629,47.37837],[91.16109,47.3774],[91.15965,47.37661],[91.1584,47.37604],[91.15724,47.37553],[91.15641,47.37514],[91.15548,47.37465],[91.15421,47.37394],[91.15262,47.37312],[91.15175,47.37267],[91.15108,47.37226],[91.15062,47.37183],[91.15036,47.37132],[91.14995,47.37058],[91.1495,47.36991],[91.14882,47.36902],[91.14829,47.36817],[91.14767,47.36742],[91.14706,47.36676],[91.14667,47.3662],[91.14635,47.36556],[91.14598,47.36482],[91.14559,47.36412],[91.14513,47.36362],[91.14384,47.36266],[91.14264,47.36135],[91.14183,47.36035],[91.14133,47.35984],[91.14031,47.35907],[91.13936,47.35855],[91.13899,47.35817],[91.13862,47.35781],[91.13827,47.35765],[91.13796,47.35756],[91.13771,47.35751],[91.1369,47.35718],[91.13607,47.35673],[91.1353,47.35615],[91.13481,47.35581],[91.13438,47.35551],[91.1335,47.35485],[91.13289,47.35444],[91.13231,47.35392],[91.13188,47.35357],[91.13049,47.35261],[91.12978,47.35216],[91.12862,47.35172],[91.12782,47.35136],[91.12695,47.35085],[91.12574,47.35],[91.12485,47.3495],[91.12379,47.34901],[91.12274,47.34862],[91.12069,47.34759],[91.12054,47.3474],[91.1205,47.34731],[91.12049,47.34724],[91.1205,47.34713],[91.12063,47.34671],[91.12057,47.34621],[91.12031,47.34555],[91.11962,47.34451],[91.11909,47.34348],[91.11851,47.34273],[91.11792,47.34221],[91.11723,47.34183],[91.11601,47.34125],[91.11452,47.34048],[91.11399,47.34002],[91.11376,47.33972],[91.11361,47.33941],[91.11359,47.33904],[91.1136,47.33886],[91.11358,47.33876],[91.11334,47.33842],[91.11253,47.33739],[91.112,47.33677],[91.11156,47.33618],[91.11112,47.33541],[91.11077,47.33469],[91.11029,47.33431],[91.10958,47.33382],[91.10901,47.33324],[91.10847,47.33258],[91.10803,47.3319],[91.10777,47.33139],[91.1076,47.33083],[91.10726,47.33046],[91.10714,47.32991],[91.10718,47.32937],[91.10673,47.32845],[91.10644,47.32766],[91.1064,47.32709],[91.10657,47.32642],[91.10659,47.32571],[91.10682,47.32503],[91.10678,47.32472],[91.10629,47.32398],[91.10626,47.32374],[91.10582,47.32309],[91.10571,47.32233],[91.10563,47.32185],[91.10536,47.3212],[91.1052,47.32051],[91.1046,47.31978],[91.10442,47.31916],[91.10385,47.31851],[91.10334,47.31797],[91.10245,47.31701],[91.10206,47.3161],[91.10178,47.31525],[91.10153,47.31456],[91.10159,47.3138],[91.10187,47.31288],[91.10188,47.31191],[91.10157,47.31103],[91.10126,47.31046],[91.10088,47.30968],[91.10032,47.30882],[91.1,47.30792],[91.10012,47.30674],[91.09982,47.30617],[91.09979,47.30543],[91.09975,47.30488],[91.09959,47.30473],[91.09952,47.30453],[91.09948,47.30422],[91.09952,47.30357],[91.09951,47.30337],[91.09951,47.30324],[91.09952,47.30313],[91.09958,47.303],[91.09967,47.30284],[91.09969,47.30271],[91.09969,47.30261],[91.09966,47.30246],[91.09968,47.30231],[91.0997,47.30226],[91.09976,47.30217],[91.09994,47.30194],[91.10009,47.30174],[91.10019,47.30154],[91.10093,47.29998],[91.101,47.29978],[91.10103,47.29966],[91.10102,47.29955],[91.10098,47.29944],[91.10089,47.2993],[91.10083,47.29917],[91.10081,47.29907],[91.10081,47.2989],[91.10084,47.29869],[91.1009,47.29851],[91.10108,47.29822],[91.10114,47.29811],[91.10118,47.29802],[91.10119,47.29791],[91.10117,47.29781],[91.10116,47.29767],[91.1012,47.29753],[91.10132,47.29741],[91.10152,47.29728],[91.10178,47.29711],[91.10212,47.29687],[91.10231,47.29676],[91.10265,47.2966],[91.10296,47.29642],[91.10311,47.29629],[91.10323,47.29614],[91.10335,47.29592],[91.10357,47.29551],[91.10381,47.29518],[91.10406,47.29493],[91.10437,47.29462],[91.10532,47.29381],[91.10625,47.29312],[91.108,47.29198],[91.10835,47.29172],[91.10846,47.29156],[91.10875,47.29105],[91.10879,47.29088],[91.10878,47.29072],[91.10867,47.29044],[91.10867,47.29032],[91.10872,47.29017],[91.10878,47.29007],[91.10905,47.28981],[91.10911,47.28971],[91.10913,47.28952],[91.10908,47.28916],[91.10907,47.28907],[91.10907,47.28888],[91.10914,47.28852],[91.10929,47.28812],[91.10969,47.28719],[91.1098,47.28688],[91.10984,47.28659],[91.10986,47.28586],[91.10984,47.28532],[91.10986,47.28478],[91.10993,47.2846],[91.11003,47.28445],[91.11023,47.28427],[91.11053,47.28408],[91.11066,47.28399],[91.11072,47.2839],[91.11079,47.28373],[91.11085,47.28346],[91.11096,47.2831],[91.11102,47.28276],[91.11103,47.28248],[91.11087,47.28206],[91.11072,47.28164],[91.11067,47.28131],[91.1108,47.28077],[91.1111,47.28023],[91.11123,47.27998],[91.11156,47.2795],[91.11189,47.27901],[91.11199,47.27886],[91.11204,47.27877],[91.11207,47.27863],[91.11205,47.27844],[91.11204,47.2783],[91.11204,47.27821],[91.11206,47.27808],[91.11211,47.27792],[91.11223,47.27764],[91.11253,47.27699],[91.11281,47.27656],[91.1131,47.27629],[91.11341,47.27603],[91.11354,47.27593],[91.11365,47.27579],[91.11372,47.27565],[91.11392,47.2753],[91.11418,47.27476],[91.11429,47.27439],[91.11441,47.27407],[91.11459,47.27365],[91.11474,47.27341],[91.11508,47.27308],[91.11544,47.27273],[91.11584,47.27211],[91.11621,47.27128],[91.11627,47.27078],[91.11645,47.27028],[91.1165,47.26993],[91.1165,47.26941],[91.11647,47.26911],[91.11644,47.26892],[91.11645,47.26875],[91.11654,47.26851],[91.1167,47.26822],[91.11679,47.26807],[91.11687,47.26793],[91.11688,47.26778],[91.11687,47.26765],[91.11679,47.2675],[91.11673,47.26739],[91.11669,47.26728],[91.11667,47.26712],[91.11663,47.26696],[91.11661,47.26691],[91.1166,47.26682],[91.11661,47.26674],[91.11661,47.26668],[91.11659,47.26664],[91.11655,47.2666],[91.11649,47.26657],[91.11646,47.26654],[91.11643,47.26649],[91.11639,47.2664],[91.11638,47.26623],[91.11636,47.26613],[91.11633,47.26605],[91.11617,47.26589],[91.11584,47.26551],[91.11568,47.26534],[91.11551,47.26515],[91.1154,47.26506],[91.11524,47.26501],[91.11509,47.26493],[91.115,47.26485],[91.11495,47.26475],[91.11488,47.2646],[91.11453,47.2642],[91.11391,47.26382],[91.11314,47.2635],[91.11266,47.26322],[91.11209,47.2627],[91.11149,47.26222],[91.11097,47.26191],[91.11035,47.26171],[91.10953,47.26146],[91.10917,47.2612],[91.10895,47.26082],[91.10905,47.26045],[91.10884,47.26003],[91.10878,47.25931],[91.10864,47.25839],[91.10871,47.25804],[91.10874,47.25763],[91.1088,47.25744],[91.10854,47.25702],[91.10842,47.25659],[91.1081,47.25622],[91.10788,47.25602],[91.10768,47.25586],[91.10741,47.25561],[91.10722,47.25541],[91.10703,47.25518],[91.10689,47.25496],[91.10676,47.25479],[91.10661,47.25466],[91.10649,47.25459],[91.10634,47.25454],[91.10621,47.25449],[91.10612,47.25445],[91.10604,47.25438],[91.1059,47.25421],[91.10573,47.25404],[91.10541,47.25375],[91.10516,47.25346],[91.10506,47.25333],[91.10493,47.25324],[91.10475,47.25312],[91.10469,47.25308],[91.10464,47.25302],[91.10462,47.25296],[91.1046,47.25292],[91.10457,47.25288],[91.10452,47.25286],[91.10442,47.25282],[91.10425,47.25274],[91.10379,47.25248],[91.10346,47.25232],[91.10327,47.25225],[91.10315,47.25223],[91.10306,47.2522],[91.10299,47.25215],[91.10291,47.25205],[91.10274,47.25186],[91.10253,47.25162],[91.10196,47.25124],[91.10142,47.25087],[91.10091,47.2504],[91.10061,47.25011],[91.10036,47.24986],[91.09998,47.24964],[91.0995,47.24945],[91.09855,47.24916],[91.09731,47.24875],[91.09619,47.2484],[91.0959,47.24832],[91.09561,47.2482],[91.0955,47.24809],[91.09536,47.24793],[91.09516,47.24766],[91.09494,47.24753],[91.09461,47.24739],[91.09433,47.24729],[91.094,47.24725],[91.09353,47.24718],[91.09327,47.24719],[91.09306,47.24725],[91.09279,47.2473],[91.09255,47.2473],[91.09222,47.24724],[91.0918,47.24713],[91.09123,47.24699],[91.09045,47.24675],[91.08957,47.2464],[91.08915,47.24628],[91.08879,47.24622],[91.08851,47.24619],[91.08819,47.24617],[91.08809,47.24616],[91.08798,47.24615],[91.08786,47.24611],[91.08773,47.24604],[91.08737,47.24587],[91.08709,47.24573],[91.08642,47.24547],[91.08573,47.24521],[91.08529,47.24494],[91.08491,47.24465],[91.08465,47.24453],[91.08442,47.2444],[91.08422,47.24431],[91.08412,47.24426],[91.08398,47.24415],[91.08369,47.24395],[91.08345,47.24382],[91.08317,47.24369],[91.0829,47.24361],[91.08275,47.24355],[91.08262,47.24346],[91.08248,47.24327],[91.08238,47.24317],[91.08221,47.24306],[91.08192,47.24294],[91.08182,47.2429],[91.08175,47.24284],[91.0815,47.24266],[91.08141,47.2426],[91.08134,47.24252],[91.08128,47.24248],[91.08119,47.24245],[91.08107,47.24242],[91.08091,47.24241],[91.08078,47.24237],[91.08066,47.24232],[91.08057,47.24227],[91.08051,47.24221],[91.08044,47.2421],[91.08039,47.24204],[91.08032,47.24199],[91.08021,47.24193],[91.08015,47.24191],[91.08009,47.2419],[91.07999,47.24189],[91.07994,47.24189],[91.07988,47.24187],[91.07983,47.24184],[91.07976,47.24177],[91.07963,47.24169],[91.07949,47.24164],[91.07926,47.24157],[91.07902,47.24149],[91.07876,47.24134],[91.0781,47.24089],[91.07797,47.24077],[91.07781,47.24062],[91.07762,47.24052],[91.07741,47.24042],[91.0771,47.24026],[91.07687,47.24009],[91.07665,47.23995],[91.07651,47.23985],[91.07628,47.23976],[91.07595,47.23962],[91.07561,47.23948],[91.07531,47.23928],[91.07475,47.23888],[91.07412,47.23851],[91.07376,47.23833],[91.0736,47.23826],[91.07346,47.23812],[91.07335,47.23801],[91.07302,47.23782],[91.07246,47.23757],[91.07185,47.23733],[91.07099,47.2369],[91.07028,47.23658],[91.06977,47.23628],[91.06909,47.23588],[91.06844,47.23561],[91.06799,47.23529],[91.06778,47.23503],[91.06755,47.23469],[91.0674,47.2345],[91.06719,47.23426],[91.06674,47.23394],[91.06609,47.23336],[91.0654,47.23287],[91.06509,47.23251],[91.0648,47.2321],[91.06459,47.23177],[91.06427,47.23147],[91.06368,47.23103],[91.0632,47.23069],[91.06298,47.23053],[91.06287,47.23044],[91.06279,47.23032],[91.06263,47.23019],[91.06252,47.23012],[91.06227,47.22998],[91.06199,47.22983],[91.06183,47.22974],[91.06174,47.22968],[91.0617,47.22964],[91.06165,47.22963],[91.06157,47.22962],[91.06149,47.22961],[91.06144,47.2296],[91.06137,47.22958],[91.06133,47.22956],[91.06126,47.22952],[91.06113,47.22945],[91.06102,47.22939],[91.06085,47.22933],[91.06062,47.22927],[91.06048,47.22922],[91.06036,47.22918],[91.06027,47.22914],[91.06021,47.22909],[91.06017,47.229],[91.06013,47.22888],[91.06009,47.22879],[91.06006,47.22875],[91.06002,47.22872],[91.05996,47.2287],[91.05984,47.22868],[91.05972,47.22863],[91.05959,47.22855],[91.05951,47.22851],[91.05942,47.2285],[91.05932,47.22849],[91.05925,47.22848],[91.05912,47.22845],[91.05896,47.22837],[91.0588,47.22823],[91.05856,47.22801],[91.05826,47.22784],[91.05788,47.22757],[91.05764,47.22745],[91.05739,47.2274],[91.05724,47.2274],[91.05713,47.22742],[91.05702,47.22746],[91.05688,47.22754],[91.05681,47.22756],[91.05672,47.22757],[91.05666,47.22756],[91.05652,47.2275],[91.05649,47.22747],[91.05647,47.22743],[91.05646,47.22736],[91.05647,47.22726],[91.05651,47.22714],[91.05655,47.22697],[91.05652,47.22685],[91.05647,47.22668],[91.05642,47.22655]]}},{"type":"Feature","properties":{},"geometry":{"type":"LineString","coordinates":[[102.27062,43.0582],[102.26997,43.05566],[102.26873,43.0507],[102.2674,43.04571],[102.26686,43.04457],[102.26629,43.04358],[102.26566,43.04283],[102.26514,43.04221],[102.26435,43.0415],[102.26331,43.04071],[102.26186,43.0399],[102.26048,43.03889],[102.25982,43.03829],[102.25907,43.03743],[102.25842,43.03647],[102.25788,43.03573],[102.25707,43.03472],[102.25654,43.03391],[102.25631,43.03355],[102.25617,43.0333],[102.2559,43.03287],[102.25575,43.03262],[102.2505,43.02271],[102.24903,43.01975],[102.24817,43.01808],[102.24733,43.01654],[102.24694,43.01589],[102.24663,43.01538],[102.24536,43.0136],[102.24311,43.0107],[102.24135,43.00835],[102.24034,43.00688],[102.2399,43.00634],[102.23943,43.00587],[102.2381,43.00487],[102.23655,43.00411],[102.23478,43.00352],[102.23295,43.00321],[102.23179,43.00302],[102.2293,43.00252],[102.22659,43.00209],[102.22187,43.0018],[102.2172,43.00161],[102.2126,43.00141],[102.20917,43.00121],[102.20263,43.00089],[102.196,43.00054],[102.18572,43.00017],[102.17949,43.0002],[102.17209,43.00034],[102.16588,43.00036],[102.16431,43.00033],[102.15786,43.00043],[102.15754,43.00046],[102.15109,43.00046],[102.14828,43.00051],[102.14282,43.00059],[102.13874,43.00058],[102.13828,43.00062],[102.13677,43.00088],[102.13614,43.00091],[102.13377,43.0009],[102.13032,43.00081],[102.12905,43.00082],[102.12636,43.00085],[102.12562,43.0008],[102.12486,43.00076],[102.11229,43.00054],[102.10459,43.00049],[102.10328,43.00042],[102.10106,43.00036],[102.1006,43.0003],[102.09977,43.00021],[102.09877,43.00002],[102.09839,42.99999],[102.09786,43.00001],[102.09735,43.00003],[102.09706,43.00002],[102.0968,43.00001],[102.09654,43.00001],[102.09339,43.00044],[102.09278,43.00051],[102.08238,43.00084],[102.08036,43.00083],[102.07993,43.00079],[102.07949,43.00072],[102.07909,43.00065],[102.07877,43.00063],[102.07829,43.00063],[102.07744,43.00065],[102.07571,43.0007],[102.07419,43.00077],[102.07381,43.00079],[102.07333,43.00083],[102.07298,43.00092],[102.07256,43.00102],[102.07217,43.00111],[102.07195,43.00114],[102.07159,43.00116],[102.07115,43.00116],[102.06829,43.00117],[102.06516,43.00117],[102.06338,43.00115],[102.05698,43.00117],[102.05598,43.00118],[102.05491,43.00112],[102.05237,43.00108],[102.05206,43.00105],[102.05177,43.00101],[102.05063,43.00075],[102.05027,43.0007],[102.04967,43.0007],[102.0438,43.00066],[102.04323,43.00067],[102.04276,43.00078],[102.04212,43.00095],[102.0418,43.00098],[102.04143,43.00098],[102.04032,43.0009],[102.0359,43.0007],[102.02377,42.99997],[102.02284,42.99993],[102.02123,42.99988],[102.0203,42.99982],[102.01954,42.9997],[102.01745,42.99952],[102.01165,42.99917],[102.00403,42.99866],[101.99628,42.99806],[101.99285,42.99784],[101.98466,42.99726],[101.98299,42.9972],[101.98129,42.99717],[101.97779,42.99708],[101.95862,42.99685],[101.95608,42.99687],[101.95471,42.99688],[101.94815,42.99679],[101.941,42.9966],[101.93775,42.99666],[101.93497,42.99668],[101.93162,42.99675],[101.92021,42.99706],[101.91536,42.99715],[101.91398,42.99719],[101.91223,42.99728],[101.9047,42.99742],[101.90006,42.9975],[101.89858,42.99753],[101.89222,42.99739],[101.88309,42.99716],[101.87544,42.99701],[101.86851,42.99682],[101.85605,42.99669],[101.84708,42.99654],[101.84663,42.99652],[101.8457,42.99645],[101.84533,42.99641],[101.84504,42.99641],[101.84475,42.99643],[101.84396,42.9966],[101.84221,42.99709],[101.84075,42.99738],[101.8393,42.99755],[101.83872,42.9976],[101.83804,42.99756],[101.83748,42.99749],[101.83688,42.99739],[101.83633,42.9972],[101.83479,42.99633],[101.83447,42.99616],[101.83421,42.99607],[101.83389,42.99601],[101.83361,42.996],[101.83338,42.99601],[101.83285,42.99605],[101.8302,42.99664],[101.82986,42.99665],[101.82948,42.9966],[101.82909,42.99647],[101.8287,42.99624],[101.82802,42.99568],[101.82781,42.99555],[101.82682,42.99513],[101.82636,42.99492],[101.82564,42.99456],[101.82535,42.99442],[101.82514,42.99436],[101.82493,42.99432],[101.82452,42.99426],[101.82388,42.99423],[101.82171,42.99405],[101.81345,42.99334],[101.80881,42.99295],[101.80848,42.99288],[101.80779,42.99264],[101.80746,42.99252],[101.8072,42.99245],[101.80692,42.99241],[101.79724,42.99168],[101.79555,42.99153],[101.79505,42.9915],[101.79461,42.99149],[101.79424,42.99151],[101.79365,42.99159],[101.79318,42.99164],[101.79281,42.99166],[101.78414,42.99095],[101.78161,42.99077],[101.7772,42.99019],[101.77113,42.98917],[101.76477,42.98809],[101.76049,42.98714],[101.75509,42.98593],[101.75465,42.98581],[101.75412,42.98556],[101.75379,42.98539],[101.75355,42.98526],[101.7533,42.98517],[101.74714,42.98386],[101.74587,42.98366],[101.74508,42.98357],[101.74453,42.98353],[101.74371,42.9835],[101.73914,42.98355],[101.73598,42.98363],[101.73251,42.98382],[101.73219,42.98387],[101.73197,42.98393],[101.73108,42.98421],[101.7308,42.98429],[101.7304,42.98434],[101.72998,42.98437],[101.72184,42.98479],[101.72136,42.98478],[101.72093,42.98473],[101.72011,42.98457],[101.7197,42.98454],[101.71771,42.98456],[101.7166,42.98468],[101.71622,42.98467],[101.71026,42.98426],[101.70625,42.98391],[101.705,42.98366],[101.70433,42.9836],[101.70267,42.98349],[101.70093,42.98334],[101.6993,42.98321],[101.69751,42.98308],[101.69693,42.98306],[101.69607,42.98303],[101.69538,42.98306],[101.69464,42.98312],[101.69379,42.98327],[101.69283,42.9835],[101.69213,42.98371],[101.69142,42.984],[101.68794,42.98564],[101.68738,42.98595],[101.68675,42.98629],[101.68619,42.98648],[101.68508,42.98667],[101.67094,42.98779],[101.66962,42.9878],[101.66804,42.98791],[101.66577,42.98801],[101.66523,42.98806],[101.66369,42.98825],[101.6631,42.98826],[101.66205,42.98811],[101.66172,42.98809],[101.66049,42.98802],[101.65973,42.98804],[101.65892,42.98795],[101.65376,42.98827],[101.65317,42.98827],[101.65178,42.98816],[101.6504,42.98814],[101.64803,42.98794],[101.64608,42.98774],[101.63648,42.9867],[101.62938,42.98588],[101.61972,42.98477],[101.61636,42.98439],[101.61344,42.98408],[101.6125,42.98398],[101.61047,42.98383],[101.60942,42.98377],[101.60824,42.98375],[101.60723,42.98378],[101.6056,42.98386],[101.60293,42.98402],[101.59533,42.9846],[101.58407,42.98544],[101.58036,42.98568],[101.57419,42.98588],[101.56539,42.98617],[101.56189,42.98625],[101.56102,42.9862],[101.5601,42.9861],[101.55601,42.98546],[101.55376,42.98488],[101.55044,42.98398],[101.54901,42.98368],[101.5466,42.98342],[101.54576,42.98339],[101.5317,42.98309],[101.53086,42.98305],[101.52967,42.98317],[101.52611,42.98362],[101.51962,42.98435],[101.51613,42.98481],[101.49715,42.98697],[101.49529,42.9872],[101.4904,42.98794],[101.48217,42.98901],[101.48076,42.98915],[101.47865,42.98931],[101.47296,42.98951],[101.46808,42.98969],[101.45986,42.98994],[101.44946,42.9903],[101.42435,42.99096],[101.41575,42.99111],[101.40672,42.99134],[101.40403,42.99139],[101.40115,42.99157],[101.39766,42.99182],[101.39226,42.99193],[101.39023,42.99198],[101.38648,42.99207],[101.38401,42.99212],[101.38234,42.99215],[101.38106,42.99226],[101.37982,42.99237],[101.37425,42.99262],[101.37176,42.99268],[101.36509,42.99299],[101.36108,42.99318],[101.35649,42.99325],[101.34891,42.99312],[101.34782,42.9931]]}},{"type":"Feature","properties":{},"geometry":{"type":"LineString","coordinates":[[92.06735,50.69549],[92.06712,50.69536],[92.06699,50.69484],[92.06713,50.6947]]}},{"type":"Feature","properties":{},"geometry":{"type":"LineString","coordinates":[[92.06713,50.6947],[92.06732,50.69481],[92.06746,50.69533],[92.06735,50.69549]]}},{"type":"Feature","properties":{},"geometry":{"type":"LineString","coordinates":[[92.06735,50.69549],[92.0676,50.69617],[92.06764,50.69629],[92.06776,50.69655],[92.06792,50.69687],[92.06811,50.69717],[92.0683,50.69748],[92.06837,50.69758],[92.06851,50.69784],[92.06857,50.69807]]}},{"type":"Feature","properties":{},"geometry":{"type":"LineString","coordinates":[[96.93938,47.56578],[96.93925,47.56572]]}},{"type":"Feature","properties":{},"geometry":{"type":"LineString","coordinates":[[96.93925,47.56572],[96.93907,47.56567],[96.93895,47.56561],[96.93886,47.5655],[96.93874,47.56532],[96.93847,47.56454],[96.9384,47.56414],[96.93836,47.56371],[96.93839,47.56315],[96.93859,47.56211],[96.93864,47.55915],[96.93856,47.55753],[96.93841,47.55681],[96.93826,47.55617],[96.93691,47.55332],[96.93604,47.55139],[96.9358,47.55043],[96.93544,47.54962],[96.93469,47.54865],[96.93407,47.54789],[96.93354,47.54711],[96.93277,47.54587],[96.93175,47.54466],[96.93123,47.54382],[96.93034,47.54226],[96.92959,47.54083],[96.92954,47.53969],[96.92978,47.53878],[96.92995,47.53767],[96.92993,47.5369],[96.92964,47.53658],[96.9295,47.53647]]}},{"type":"Feature","properties":{},"geometry":{"type":"LineString","coordinates":[[103.52037,48.82352],[103.52021,48.82344],[103.52009,48.82342],[103.51994,48.82342],[103.5198,48.82344],[103.51959,48.82352]]}},{"type":"Feature","properties":{},"geometry":{"type":"LineString","coordinates":[[110.12001,44.65884],[110.11609,44.64958],[110.11305,44.63592],[110.10989,44.62715],[110.10512,44.61222],[110.09716,44.59308],[110.08783,44.57047],[110.086,44.56082],[110.08286,44.55693],[110.07798,44.5445],[110.07638,44.54092],[110.07265,44.53773],[110.06997,44.53374],[110.06893,44.531],[110.06824,44.52864]]}},{"type":"Feature","properties":{},"geometry":{"type":"LineString","coordinates":[[101.33557,42.99233],[101.33946,42.99466],[101.34001,42.99499],[101.3407,42.99552],[101.34137,42.99623],[101.345,43.00033],[101.34542,43.00093],[101.34566,43.00151],[101.34575,43.00227],[101.34516,43.02694],[101.34515,43.02746],[101.34508,43.02788],[101.34492,43.02839],[101.34457,43.029],[101.34099,43.03426],[101.3405,43.03483],[101.33981,43.03531],[101.33881,43.03582],[101.33232,43.03845],[101.33048,43.03918],[101.32874,43.03979],[101.32001,43.04245],[101.31912,43.04278],[101.31265,43.04566],[101.31212,43.04591],[101.3116,43.04623],[101.3111,43.04665],[101.30914,43.04893],[101.30878,43.04949],[101.30861,43.0498],[101.30852,43.04996],[101.30797,43.05119],[101.30755,43.05258],[101.30706,43.05699],[101.30669,43.05996],[101.30542,43.06775],[101.30488,43.07037],[101.30458,43.07326],[101.30463,43.07718],[101.3043,43.08722],[101.30409,43.08826],[101.30366,43.0897],[101.30322,43.09096],[101.30282,43.09216],[101.30219,43.09337],[101.26755,43.14677],[101.26628,43.14848],[101.2658,43.149],[101.25236,43.16056],[101.25181,43.16099],[101.25118,43.16125],[101.24919,43.16173],[101.2439,43.16302],[101.24159,43.1638],[101.23883,43.1645],[101.23757,43.16485],[101.23644,43.16503],[101.2353,43.16518],[101.23454,43.16528],[101.22717,43.1671],[101.21641,43.16987],[101.21459,43.17036],[101.21213,43.17078],[101.20277,43.17223],[101.19381,43.17375],[101.19259,43.1739],[101.19131,43.17396],[101.19031,43.17387],[101.18596,43.17314],[101.1817,43.1721],[101.176,43.17073],[101.17486,43.17042],[101.17424,43.1704],[101.17378,43.17045],[101.17251,43.17053],[101.1714,43.17062],[101.16691,43.17049],[101.16602,43.1705],[101.16478,43.17062],[101.16306,43.17086],[101.15877,43.17126],[101.15374,43.17156],[101.15041,43.17182],[101.1461,43.17205],[101.14392,43.17209],[101.13967,43.172],[101.13917,43.172],[101.13871,43.17208],[101.13659,43.17229],[101.13425,43.1725],[101.13321,43.17268],[101.1326,43.17278],[101.13116,43.1733],[101.12945,43.17396],[101.12185,43.17653],[101.11908,43.17741],[101.113,43.17954],[101.11027,43.18053],[101.10834,43.1814],[101.10614,43.18236],[101.1055,43.18258],[101.10469,43.1828],[101.09801,43.18459],[101.09723,43.18484],[101.096,43.18526],[101.09386,43.18601],[101.09283,43.18627],[101.09101,43.18665],[101.08806,43.18723],[101.08703,43.18749],[101.08614,43.18779],[101.08349,43.18881],[101.07922,43.1906],[101.07863,43.19093],[101.07732,43.19175],[101.07222,43.1951],[101.07132,43.19562],[101.07092,43.19583],[101.07061,43.19597],[101.07034,43.19607]]}},{"type":"Feature","properties":{},"geometry":{"type":"LineString","coordinates":[[106.78138,47.91414],[106.78115,47.91408],[106.78089,47.91403],[106.78024,47.9139],[106.77976,47.91376],[106.77898,47.91342],[106.77842,47.91316],[106.7783,47.91311],[106.77819,47.91307],[106.77809,47.91304],[106.778,47.91301],[106.77791,47.913],[106.77782,47.91299],[106.77774,47.91299],[106.77766,47.91299],[106.77759,47.91301],[106.77755,47.91302],[106.77751,47.91303],[106.77745,47.91307],[106.7774,47.9131],[106.77732,47.91316],[106.77724,47.91322],[106.77697,47.91344],[106.77662,47.91373],[106.77652,47.91381],[106.77643,47.91389],[106.77636,47.91394],[106.7763,47.91398],[106.77626,47.914],[106.77621,47.91402],[106.77615,47.91404],[106.77609,47.91405],[106.77603,47.91406],[106.77597,47.91406],[106.7759,47.91405],[106.77585,47.91405],[106.77579,47.91404],[106.77569,47.91402],[106.77532,47.91393],[106.77524,47.91391],[106.77518,47.9139],[106.77512,47.91389],[106.77506,47.9139]]}},{"type":"Feature","properties":{},"geometry":{"type":"LineString","coordinates":[[106.77506,47.9139],[106.77503,47.91391],[106.77501,47.91392],[106.77498,47.91393],[106.77495,47.91395],[106.77494,47.91396],[106.77492,47.91398],[106.7749,47.91401],[106.77479,47.91421],[106.77466,47.91446],[106.77453,47.91471],[106.77439,47.91498],[106.77431,47.91511],[106.77426,47.9152],[106.77422,47.91526],[106.77419,47.9153],[106.77415,47.91534],[106.77411,47.91538],[106.77405,47.91542],[106.77401,47.91546],[106.77393,47.91552],[106.77385,47.91557],[106.77378,47.9156],[106.77363,47.91571],[106.77349,47.91582],[106.77335,47.91593],[106.7732,47.91604],[106.77309,47.91612],[106.773,47.91619],[106.77289,47.91626],[106.77278,47.91633],[106.77262,47.91644],[106.77245,47.91654],[106.77235,47.91661],[106.77205,47.91679],[106.77192,47.91688],[106.77176,47.91698],[106.77132,47.91726],[106.77033,47.91778],[106.7702,47.91783],[106.77011,47.91786],[106.76961,47.918],[106.76938,47.91803],[106.76888,47.91811],[106.76857,47.91818],[106.76843,47.9182],[106.76831,47.91823],[106.76803,47.91829],[106.76777,47.9184],[106.76752,47.91854],[106.76731,47.91873],[106.7668,47.91935]]}},{"type":"Feature","properties":{},"geometry":{"type":"LineString","coordinates":[[97.71639,46.09949],[97.72063,46.09632],[97.72376,46.09455],[97.7252,46.09321],[97.72827,46.0908],[97.72919,46.0903],[97.73089,46.08964],[97.73144,46.08936],[97.73181,46.08881],[97.73269,46.08852],[97.73329,46.08817],[97.73404,46.08729],[97.73456,46.08658],[97.73502,46.08563],[97.73502,46.08563],[97.73503,46.08561],[97.73504,46.0856],[97.73505,46.08559],[97.73507,46.08558],[97.7358,46.08538],[97.73717,46.08463],[97.7381,46.08382],[97.73964,46.08278],[97.74147,46.08116],[97.74425,46.07954],[97.7449,46.07881],[97.74647,46.07815],[97.74874,46.07656],[97.74986,46.07626],[97.75108,46.07589],[97.75179,46.07516],[97.75329,46.07324],[97.75428,46.07153],[97.75415,46.0711],[97.75415,46.07083],[97.75416,46.07075],[97.75416,46.07072],[97.75417,46.0707],[97.75418,46.07068],[97.75421,46.07065],[97.75425,46.07061],[97.75465,46.0704],[97.75557,46.06983],[97.75621,46.06935],[97.75676,46.06883],[97.75715,46.06831],[97.75722,46.0678],[97.75719,46.06733],[97.75723,46.06699],[97.75772,46.06635],[97.75913,46.06575],[97.76009,46.06533],[97.76086,46.06491],[97.76156,46.0645],[97.76221,46.06418],[97.76259,46.06389],[97.76286,46.0636],[97.76322,46.06308],[97.76365,46.06267],[97.76489,46.06188],[97.766,46.06121],[97.76672,46.06091],[97.76752,46.0606],[97.76775,46.06044],[97.76816,46.06006],[97.76859,46.05975],[97.76927,46.05926],[97.77026,46.05876],[97.77143,46.05814],[97.77225,46.05758],[97.77301,46.05691],[97.77374,46.05637],[97.77454,46.05589],[97.77548,46.05559],[97.77619,46.05529],[97.77644,46.05502],[97.77674,46.05478],[97.7775,46.0546],[97.77815,46.05429],[97.7785,46.05391],[97.77891,46.05345],[97.77991,46.05276],[97.78064,46.05194],[97.78164,46.051],[97.78206,46.05045],[97.78285,46.04997],[97.78347,46.04949],[97.78603,46.04803],[97.78685,46.04782],[97.78729,46.04768],[97.78761,46.04749],[97.78803,46.04702],[97.78901,46.04629],[97.78975,46.04592],[97.79059,46.04547],[97.79117,46.04496],[97.79168,46.04447],[97.79189,46.04415]]}},{"type":"Feature","properties":{},"geometry":{"type":"LineString","coordinates":[[102.12612,43.1429],[102.12625,43.14251],[102.12642,43.14195],[102.12655,43.14158],[102.12662,43.14139],[102.12665,43.14125],[102.12662,43.14085],[102.12664,43.14067],[102.12678,43.14018],[102.12697,43.13982],[102.12739,43.13903],[102.12767,43.13864],[102.12833,43.13793],[102.12862,43.13755],[102.12896,43.13701],[102.12908,43.13694],[102.12924,43.13693],[102.13044,43.137],[102.13086,43.137],[102.13136,43.13697],[102.13266,43.13687],[102.1344,43.13684],[102.13482,43.1368],[102.13657,43.13659],[102.13725,43.13652],[102.13867,43.13649],[102.13913,43.13643],[102.13974,43.13627],[102.14053,43.13595],[102.14105,43.13585],[102.14213,43.1357],[102.1431,43.1356],[102.14479,43.13558],[102.14529,43.13554],[102.1458,43.13549],[102.14621,43.13543],[102.14669,43.13531],[102.14691,43.13518],[102.14719,43.1348],[102.1473,43.13467],[102.14758,43.13446],[102.14799,43.13417],[102.14846,43.13402],[102.14921,43.13333],[102.14944,43.13316],[102.14967,43.1331],[102.14981,43.13309],[102.15047,43.13316],[102.15062,43.13315],[102.15077,43.1331],[102.15112,43.13283],[102.15128,43.13276],[102.15148,43.13274],[102.15194,43.13277],[102.15223,43.13278],[102.15239,43.13276],[102.15265,43.13258],[102.15275,43.13242],[102.15276,43.13218],[102.15289,43.13196],[102.15314,43.13175],[102.15343,43.13167],[102.1539,43.13162],[102.15418,43.13152],[102.15492,43.1311],[102.15609,43.12987],[102.15743,43.12876],[102.15821,43.12796],[102.15914,43.12689],[102.15963,43.12648],[102.15985,43.12619],[102.16008,43.12566],[102.16022,43.12549],[102.16055,43.12529],[102.16097,43.12499],[102.16132,43.12486],[102.16206,43.12467],[102.16308,43.12453],[102.16379,43.12446],[102.1643,43.12429],[102.16486,43.12385],[102.16559,43.12354],[102.16658,43.12334],[102.1711,43.12124],[102.17215,43.12089],[102.17501,43.11971],[102.17873,43.11779],[102.18066,43.11697],[102.18371,43.11556],[102.18452,43.11465],[102.18779,43.11218],[102.19449,43.10825],[102.19839,43.1056],[102.20233,43.10419],[102.20333,43.10371],[102.20874,43.10111],[102.21632,43.09773],[102.21903,43.09663],[102.22152,43.09598],[102.22293,43.09548],[102.22379,43.09494],[102.22712,43.0929],[102.23145,43.09102],[102.23376,43.08977],[102.23611,43.08824],[102.23839,43.08612],[102.24134,43.0835],[102.24316,43.08184],[102.2446,43.08018],[102.24606,43.0781],[102.24789,43.076],[102.24918,43.07401],[102.25023,43.07239],[102.25072,43.07141],[102.25163,43.07014],[102.25306,43.06866],[102.25469,43.06742],[102.26561,43.06069],[102.27062,43.0582]]}},{"type":"Feature","properties":{},"geometry":{"type":"LineString","coordinates":[[102.27062,43.0582],[102.2757,43.05606],[102.27707,43.05561],[102.27867,43.05525],[102.28077,43.05495],[102.2817,43.05475],[102.28563,43.05329],[102.2875,43.0529],[102.28917,43.05272],[102.29478,43.05253],[102.2962,43.05229],[102.29685,43.05229],[102.29903,43.05261],[102.30101,43.05256],[102.30275,43.05256],[102.30845,43.05202],[102.3145,43.05124],[102.31941,43.0506],[102.3249,43.04976],[102.32627,43.04953],[102.32813,43.04891],[102.33309,43.04696],[102.33446,43.0463],[102.33576,43.04591],[102.3423,43.04483],[102.34439,43.04456],[102.34548,43.04426],[102.34617,43.0439],[102.34951,43.04179],[102.35197,43.04054],[102.35577,43.0392],[102.36029,43.03726],[102.37018,43.03273],[102.37578,43.03092],[102.37986,43.02957],[102.38358,43.02811],[102.38511,43.02729],[102.38815,43.02502],[102.39235,43.02239],[102.39287,43.02184],[102.39317,43.02139],[102.39522,43.01753],[102.39687,43.01313],[102.39718,43.01253],[102.39736,43.01232],[102.39773,43.01221],[102.39952,43.01211],[102.39995,43.01199],[102.40046,43.0117],[102.40082,43.0115],[102.40313,43.01037],[102.40456,43.00983],[102.40546,43.00932],[102.40727,43.00849],[102.40886,43.00746],[102.40938,43.00722],[102.41052,43.00688],[102.4141,43.00607],[102.42177,43.00366],[102.42364,43.00331],[102.42587,43.00322],[102.42771,43.00311],[102.4306,43.00272],[102.43301,43.00252],[102.43512,43.00233],[102.4367,43.00212],[102.43916,43.00157],[102.4405,43.00113],[102.44299,43.00016],[102.44383,42.99994],[102.44448,42.99988],[102.4473,42.99981],[102.44814,42.99977],[102.45141,42.99939],[102.45197,42.99935],[102.4547,42.99938],[102.45533,42.99933],[102.46077,42.99847],[102.4615,42.99841],[102.46266,42.99837],[102.46573,42.99853],[102.46863,42.99857],[102.47182,42.99872],[102.47289,42.99868],[102.47419,42.99855],[102.48028,42.99786],[102.48163,42.99774],[102.48256,42.99756],[102.48318,42.99739],[102.48386,42.99711],[102.48714,42.99558],[102.4907,42.99391],[102.49117,42.99372],[102.49194,42.99347],[102.49264,42.99332],[102.49316,42.99329],[102.49358,42.99336],[102.49395,42.99336],[102.49508,42.99334],[102.49579,42.99345],[102.49635,42.99365],[102.49676,42.9938],[102.49727,42.99406],[102.49773,42.99431],[102.49819,42.99471],[102.49912,42.99523],[102.50003,42.99543],[102.50131,42.99549],[102.50256,42.99546],[102.50355,42.99536],[102.51154,42.99392],[102.51468,42.99344],[102.51545,42.99332],[102.51627,42.99328],[102.51688,42.99314],[102.52018,42.99205],[102.52137,42.99155],[102.52208,42.99126],[102.52283,42.99117],[102.52341,42.99105],[102.52436,42.99063],[102.52719,42.98888],[102.52843,42.98828],[102.5296,42.98783],[102.53109,42.98734],[102.53194,42.98712],[102.53294,42.98696],[102.5345,42.98672],[102.53668,42.98605],[102.53779,42.9859],[102.53852,42.9857],[102.53925,42.98538],[102.54309,42.98319],[102.54353,42.983],[102.54407,42.98286],[102.54458,42.98277],[102.55049,42.9825],[102.55374,42.98215],[102.55608,42.98201]]}},{"type":"Feature","properties":{},"geometry":{"type":"LineString","coordinates":[[103.8121,43.5402],[103.81525,43.54213],[103.81599,43.54256],[103.81725,43.54323],[103.82091,43.54498],[103.82392,43.5464],[103.8253,43.5471],[103.82627,43.54765],[103.82729,43.54824],[103.82879,43.54922],[103.8346,43.55309],[103.83953,43.55633],[103.84202,43.55799],[103.84365,43.55916],[103.84516,43.56037],[103.8455,43.56068],[103.84803,43.5631],[103.85264,43.56749],[103.85461,43.56942],[103.85512,43.56987],[103.85554,43.57017],[103.85602,43.57047],[103.85651,43.57072],[103.85711,43.57098],[103.85842,43.57155],[103.85873,43.57167],[103.85903,43.57175],[103.85961,43.57186],[103.85995,43.57191],[103.86032,43.57192]]}},{"type":"Feature","properties":{},"geometry":{"type":"LineString","coordinates":[[103.95937,43.57308],[103.95893,43.57306],[103.95849,43.57306],[103.95802,43.5731],[103.95745,43.5732],[103.95697,43.57332],[103.95643,43.57352],[103.95595,43.57374],[103.95449,43.57446],[103.95394,43.57467],[103.9534,43.57485],[103.95291,43.57495],[103.95182,43.57509],[103.94967,43.5754],[103.94873,43.57553],[103.94781,43.57561],[103.94693,43.57562],[103.94412,43.57545],[103.94294,43.57543],[103.94215,43.57544],[103.94089,43.57548],[103.93937,43.57553],[103.93899,43.57554],[103.93858,43.57559],[103.93806,43.57567],[103.93754,43.57581],[103.937,43.57599],[103.93601,43.5764],[103.93435,43.5771],[103.93298,43.57768],[103.93245,43.57787],[103.93202,43.57798],[103.93154,43.57808],[103.9311,43.57812],[103.93058,43.57815],[103.93019,43.57815],[103.92984,43.57812],[103.92911,43.57801],[103.9257,43.57737],[103.92189,43.57666],[103.92057,43.57641],[103.91979,43.57624],[103.91933,43.57613],[103.91885,43.57597],[103.91813,43.5757],[103.91753,43.57538],[103.91711,43.57511],[103.91671,43.57483],[103.91634,43.57452],[103.9151,43.5734],[103.9139,43.57227],[103.91361,43.57205],[103.91326,43.57183],[103.91287,43.57163],[103.91254,43.57146],[103.91189,43.57124],[103.91124,43.57107],[103.91071,43.57099],[103.90918,43.57083],[103.90781,43.57071],[103.90457,43.57039],[103.90293,43.57023],[103.90195,43.57016],[103.90106,43.57012],[103.90044,43.5701],[103.89905,43.57008],[103.89863,43.5701],[103.89825,43.57013],[103.89786,43.57019],[103.89752,43.57026],[103.89711,43.57037],[103.89632,43.57057],[103.89592,43.57068],[103.89558,43.57073],[103.89527,43.57076],[103.89486,43.57076],[103.89445,43.57074],[103.89165,43.57058],[103.88985,43.57049],[103.88868,43.57042],[103.88791,43.57041],[103.88721,43.57043],[103.88614,43.57049],[103.88409,43.57069],[103.88302,43.57075],[103.88183,43.57078],[103.87958,43.57077],[103.87576,43.57074],[103.87511,43.57075],[103.87455,43.57077],[103.87406,43.57081],[103.87352,43.57088],[103.8726,43.57102],[103.8717,43.57117],[103.87118,43.57122],[103.87067,43.57124],[103.87028,43.57124],[103.86936,43.57121],[103.86708,43.5711],[103.86626,43.57108],[103.86559,43.57109],[103.86493,43.57116],[103.86448,43.57124],[103.86412,43.57132],[103.86244,43.5717],[103.86183,43.57183],[103.86134,43.57188],[103.86079,43.57193],[103.86032,43.57192]]}},{"type":"Feature","properties":{},"geometry":{"type":"LineString","coordinates":[[100.16568,49.65396],[100.16531,49.65394],[100.16467,49.65396],[100.16393,49.654],[100.16309,49.65405],[100.16303,49.65406],[100.16273,49.65407],[100.16238,49.65412],[100.16157,49.65412],[100.16073,49.6541],[100.16029,49.65407],[100.15955,49.65399],[100.15907,49.65394]]}},{"type":"Feature","properties":{},"geometry":{"type":"LineString","coordinates":[[110.15033,44.89625],[110.15017,44.89613],[110.15001,44.896],[110.14986,44.89591],[110.14954,44.89573],[110.14928,44.89559],[110.14902,44.89545],[110.14875,44.89531],[110.14842,44.89517],[110.14808,44.89505],[110.14704,44.89469],[110.14676,44.8946],[110.14612,44.8944],[110.14575,44.89427],[110.14553,44.8942],[110.14423,44.89382],[110.14326,44.89352],[110.14314,44.89348],[110.14244,44.89328],[110.14211,44.89319],[110.14139,44.89299],[110.14104,44.89289],[110.14087,44.89284],[110.14057,44.89275],[110.13969,44.89249],[110.13866,44.89222],[110.1373,44.89183],[110.13633,44.89154]]}},{"type":"Feature","properties":{},"geometry":{"type":"LineString","coordinates":[[110.13678,44.88761],[110.13673,44.88776],[110.13661,44.88823],[110.13649,44.8888],[110.13643,44.88925],[110.1364,44.88982],[110.13642,44.89018],[110.13642,44.89041],[110.13639,44.89094],[110.13633,44.89154]]}},{"type":"Feature","properties":{},"geometry":{"type":"LineString","coordinates":[[106.91333,47.89627],[106.91351,47.89627],[106.91395,47.8963],[106.91465,47.89632],[106.91494,47.89633],[106.91522,47.89635],[106.91544,47.89639],[106.9156,47.89645],[106.91581,47.89652],[106.91651,47.89684],[106.91686,47.89705]]}},{"type":"Feature","properties":{},"geometry":{"type":"LineString","coordinates":[[106.9172,47.89734],[106.91711,47.89728],[106.91698,47.89719],[106.91689,47.89709],[106.91686,47.89705]]}},{"type":"Feature","properties":{},"geometry":{"type":"LineString","coordinates":[[110.64845,47.31884],[110.64706,47.3194],[110.64619,47.31975],[110.64576,47.31998]]}},{"type":"Feature","properties":{},"geometry":{"type":"Polygon","coordinates":[[[111.85031,43.74903],[111.85043,43.74907],[111.85054,43.74914],[111.85061,43.74923],[111.85063,43.74933],[111.85062,43.74943],[111.85057,43.74951],[111.8505,43.74957],[111.8504,43.74962],[111.8503,43.74965],[111.85021,43.74966],[111.85007,43.74965],[111.84995,43.74961],[111.84985,43.74954],[111.84978,43.74946],[111.84975,43.74936],[111.84976,43.74926],[111.84982,43.74917],[111.84991,43.74909],[111.85003,43.74904],[111.85017,43.74902],[111.85031,43.74903]]]}},{"type":"Feature","properties":{},"geometry":{"type":"LineString","coordinates":[[111.85083,43.74873],[111.85072,43.74892],[111.85065,43.74909],[111.85061,43.74923]]}},{"type":"Feature","properties":{},"geometry":{"type":"LineString","coordinates":[[111.85017,43.74902],[111.85043,43.74895],[111.85062,43.74886],[111.85083,43.74873]]}},{"type":"Feature","properties":{},"geometry":{"type":"LineString","coordinates":[[111.85021,43.74966],[111.84997,43.74971],[111.84979,43.74979],[111.84948,43.74997]]}},{"type":"Feature","properties":{},"geometry":{"type":"LineString","coordinates":[[111.84948,43.74997],[111.84968,43.7497],[111.84974,43.74955],[111.84975,43.74936]]}},{"type":"Feature","properties":{},"geometry":{"type":"LineString","coordinates":[[111.84948,43.74997],[111.84932,43.75012],[111.8472,43.75201],[111.84599,43.75308]]}},{"type":"Feature","properties":{},"geometry":{"type":"LineString","coordinates":[[105.57152,43.72899],[105.57164,43.7281],[105.57171,43.72781],[105.5718,43.7276],[105.57208,43.72715],[105.57221,43.72693],[105.57233,43.72671],[105.57245,43.72634]]}},{"type":"Feature","properties":{},"geometry":{"type":"LineString","coordinates":[[95.32781,46.51731],[95.32824,46.51715]]}},{"type":"Feature","properties":{},"geometry":{"type":"LineString","coordinates":[[106.94361,47.91751],[106.94349,47.91834]]}},{"type":"Feature","properties":{},"geometry":{"type":"LineString","coordinates":[[106.78784,47.85826],[106.78756,47.85828],[106.78744,47.85831],[106.78734,47.85836],[106.78727,47.85843],[106.78724,47.85857]]}},{"type":"Feature","properties":{},"geometry":{"type":"LineString","coordinates":[[100.17444,50.46043],[100.17446,50.46051],[100.17642,50.46067]]}},{"type":"Feature","properties":{},"geometry":{"type":"LineString","coordinates":[[100.17413,50.46005],[100.1744,50.46029],[100.17444,50.46043]]}},{"type":"Feature","properties":{},"geometry":{"type":"LineString","coordinates":[[114.63231,48.13516],[114.63173,48.13531],[114.63165,48.13532],[114.63159,48.13528],[114.63158,48.13524],[114.63186,48.1343]]}},{"type":"Feature","properties":{},"geometry":{"type":"LineString","coordinates":[[106.91819,47.88646],[106.91802,47.88596],[106.91784,47.88546],[106.91769,47.88501],[106.91766,47.88489],[106.91746,47.88438],[106.91732,47.88407],[106.91725,47.88391],[106.91669,47.88252],[106.91662,47.88234],[106.91655,47.88215],[106.9165,47.88207],[106.91643,47.882],[106.91641,47.88198],[106.91638,47.88196],[106.9163,47.8819],[106.91624,47.88186],[106.91617,47.88183],[106.91582,47.88166],[106.91542,47.88151],[106.91532,47.88147],[106.91519,47.88142],[106.91499,47.88138],[106.91481,47.88136],[106.91461,47.88135],[106.91439,47.88136],[106.91428,47.88137],[106.91413,47.88139],[106.91375,47.88143],[106.91327,47.88151]]}},{"type":"Feature","properties":{},"geometry":{"type":"LineString","coordinates":[[106.91327,47.88151],[106.91202,47.88172],[106.91187,47.88175],[106.91172,47.88178],[106.91142,47.88184],[106.91138,47.88186],[106.91135,47.88187],[106.91133,47.88188],[106.91131,47.88189],[106.91129,47.88191],[106.91127,47.88193]]}},{"type":"Feature","properties":{},"geometry":{"type":"LineString","coordinates":[[89.82148,49.34009],[89.81042,49.3308],[89.80182,49.32533],[89.79819,49.32347],[89.79508,49.32183],[89.79456,49.32143],[89.79423,49.32108],[89.79407,49.32079],[89.79286,49.31205]]}},{"type":"Feature","properties":{},"geometry":{"type":"LineString","coordinates":[[114.75189,48.27613],[114.75069,48.27477],[114.74881,48.27308],[114.74741,48.27134],[114.74607,48.26957],[114.74409,48.26718],[114.74349,48.26617],[114.74,48.26235],[114.73868,48.26054],[114.73861,48.26037],[114.73778,48.25931],[114.73653,48.25727],[114.73519,48.25561],[114.73109,48.25155],[114.72977,48.25014],[114.72691,48.24722],[114.72227,48.24328],[114.72048,48.24182],[114.71956,48.241],[114.71776,48.23964],[114.71689,48.23911],[114.71536,48.2378],[114.71397,48.23659],[114.71181,48.23458],[114.7099,48.23248],[114.70876,48.23158],[114.70442,48.22796],[114.70285,48.22639],[114.69996,48.22371],[114.69953,48.22322],[114.69823,48.22228],[114.69568,48.22019],[114.69408,48.21899],[114.69103,48.21634],[114.6893,48.2149],[114.68852,48.21424],[114.68581,48.21184],[114.68512,48.21118],[114.68418,48.21001],[114.67973,48.20462],[114.6789,48.2036],[114.67821,48.20286],[114.67274,48.19913],[114.66377,48.19319],[114.66311,48.19264],[114.65949,48.18921],[114.65699,48.18711],[114.65464,48.18536],[114.64599,48.17988],[114.6428,48.17757],[114.64019,48.17575],[114.63932,48.17505],[114.63863,48.17444],[114.63711,48.17291],[114.63504,48.17086],[114.63093,48.16639],[114.63018,48.16564],[114.62851,48.16428],[114.62526,48.16174],[114.61513,48.15472],[114.60452,48.14678],[114.6031,48.14535],[114.59905,48.14115],[114.59782,48.13987],[114.5965,48.13874],[114.58542,48.1298],[114.57913,48.12465],[114.57851,48.12414],[114.57838,48.12403],[114.57822,48.12377],[114.57815,48.1235],[114.57819,48.12323],[114.57835,48.1228],[114.57916,48.12037],[114.58002,48.11801],[114.58016,48.11763],[114.58055,48.11653],[114.5807,48.11596],[114.58062,48.11552],[114.58038,48.11498],[114.58007,48.1146],[114.57958,48.11422],[114.57823,48.11334],[114.57803,48.1132],[114.57652,48.11224],[114.57428,48.11078],[114.5736,48.11032]]}},{"type":"Feature","properties":{},"geometry":{"type":"LineString","coordinates":[[113.28023,48.59779],[113.24998,48.61544],[113.24723,48.61701],[113.24562,48.61776],[113.24134,48.61956],[113.23859,48.62073],[113.23686,48.62139],[113.23515,48.62187],[113.23069,48.62288],[113.22828,48.62345],[113.22644,48.62409],[113.22469,48.62477],[113.22219,48.62574],[113.19261,48.63733],[113.19102,48.63799],[113.18903,48.63896],[113.16543,48.65145],[113.15624,48.65631],[113.13318,48.6685],[113.07075,48.70133],[113.04759,48.71351],[113.02412,48.72563],[113.01934,48.7283],[113.0138,48.73118],[113.01128,48.73225],[112.99757,48.73778],[112.97068,48.74863],[112.96045,48.75275],[112.93226,48.7641],[112.92855,48.76558],[112.91398,48.77146],[112.90716,48.77429],[112.90471,48.77568],[112.903,48.77682],[112.90156,48.7779],[112.88593,48.78905],[112.85478,48.81156],[112.8533,48.81288],[112.85222,48.814],[112.85122,48.81524],[112.85021,48.81685],[112.84934,48.81874],[112.8455,48.82827],[112.83802,48.84679],[112.83113,48.86399],[112.83073,48.86588],[112.83066,48.86769],[112.83076,48.87102],[112.83108,48.87235],[112.83375,48.87905],[112.83388,48.87988],[112.83388,48.88078],[112.8335,48.88295],[112.8331,48.88465],[112.83201,48.88911],[112.83156,48.89081],[112.83135,48.89251],[112.83132,48.89277],[112.83145,48.89877],[112.83153,48.90081],[112.83155,48.90423],[112.83169,48.90803],[112.83194,48.92598],[112.83169,48.92814],[112.8312,48.93008],[112.83085,48.93083],[112.83039,48.93153],[112.82955,48.93236],[112.82697,48.93484],[112.82613,48.93543],[112.82325,48.93671],[112.82124,48.93776],[112.81989,48.93867],[112.81704,48.94125],[112.8088,48.94865],[112.80336,48.95261],[112.79974,48.95527],[112.79865,48.95637],[112.79438,48.96263],[112.79334,48.96354],[112.78783,48.96702],[112.78599,48.96833],[112.77629,48.97646],[112.76854,48.98306],[112.76088,48.98944],[112.74536,49.00239],[112.74301,49.00438],[112.74136,49.00574],[112.74057,49.00635],[112.73985,49.0068],[112.73947,49.00701],[112.73917,49.00718],[112.73653,49.00842],[112.73397,49.00958],[112.73308,49.01003],[112.73228,49.01053],[112.73173,49.01091],[112.73131,49.0113],[112.73079,49.01181],[112.73035,49.01241],[112.72722,49.0167],[112.72482,49.01985],[112.7241,49.02046],[112.72318,49.021],[112.71625,49.02431],[112.71568,49.02467],[112.7152,49.02504],[112.71471,49.02555],[112.70335,49.04152],[112.7026,49.0423],[112.70144,49.04319],[112.67884,49.05713],[112.66968,49.06279],[112.6692,49.06312],[112.66856,49.0636],[112.66818,49.06401],[112.6678,49.06448],[112.66754,49.06494],[112.66737,49.0654],[112.66505,49.07896],[112.66388,49.08573],[112.66283,49.09251],[112.66287,49.09355],[112.66528,49.10343],[112.66547,49.10454],[112.66538,49.10541],[112.66427,49.10791],[112.66409,49.10909],[112.66467,49.11154],[112.66474,49.11292],[112.66418,49.1168],[112.66374,49.12012],[112.66353,49.1217],[112.66332,49.12332]]}},{"type":"Feature","properties":{},"geometry":{"type":"LineString","coordinates":[[106.76276,47.90759],[106.7628,47.90757],[106.76284,47.90755],[106.76288,47.90754],[106.76292,47.90754]]}},{"type":"Feature","properties":{},"geometry":{"type":"LineString","coordinates":[[106.17768,50.08064],[106.17632,50.08059],[106.17485,50.08041],[106.17263,50.07994],[106.17199,50.07994],[106.1717,50.07999],[106.17141,50.0801],[106.17115,50.08019],[106.17093,50.08019],[106.1708,50.08018],[106.1706,50.08009],[106.17037,50.07995],[106.16776,50.07705],[106.1662,50.07532],[106.1658,50.07488],[106.16534,50.07437],[106.16515,50.07417],[106.1647,50.07368],[106.16427,50.07321],[106.16381,50.07272],[106.16294,50.07177],[106.16091,50.06957],[106.15818,50.06651],[106.15699,50.06517],[106.15398,50.06266],[106.15312,50.06236],[106.15191,50.06249],[106.14799,50.06354]]}},{"type":"Feature","properties":{},"geometry":{"type":"LineString","coordinates":[[106.65019,48.12168],[106.65289,48.12356],[106.6536,48.12406],[106.65399,48.12433],[106.65447,48.12467],[106.65485,48.12498],[106.65516,48.12528],[106.6557,48.12585],[106.65601,48.12617],[106.65722,48.12748],[106.65941,48.12985]]}},{"type":"Feature","properties":{},"geometry":{"type":"LineString","coordinates":[[94.44511,49.67275],[94.44378,49.67269],[94.43794,49.67177],[94.43254,49.67111],[94.42979,49.67081],[94.4293,49.67072],[94.42734,49.67087],[94.42567,49.67062],[94.42344,49.66993],[94.42198,49.66963],[94.42031,49.66912],[94.4199,49.66893],[94.41872,49.66869],[94.4143,49.66708],[94.41232,49.666],[94.41209,49.66583],[94.41194,49.66572],[94.41136,49.66461],[94.41112,49.66437],[94.41068,49.664],[94.40933,49.66287],[94.40885,49.6627],[94.40865,49.66263],[94.40815,49.66206],[94.40817,49.66188],[94.40912,49.6613],[94.4093,49.66105],[94.40927,49.66],[94.40927,49.65989],[94.40929,49.65899],[94.40951,49.65846],[94.40965,49.658],[94.40986,49.65774],[94.41006,49.65749],[94.41027,49.65732],[94.41047,49.65713],[94.41053,49.65685],[94.41037,49.6567]]}},{"type":"Feature","properties":{},"geometry":{"type":"LineString","coordinates":[[94.54319,49.68941],[94.54266,49.68938],[94.54225,49.68941],[94.54208,49.6894],[94.54195,49.68937],[94.5418,49.68932],[94.54125,49.68911]]}},{"type":"Feature","properties":{},"geometry":{"type":"LineString","coordinates":[[109.94194,42.71421],[109.94269,42.71386],[109.94387,42.71337],[109.94455,42.71309],[109.94511,42.71298],[109.94579,42.71293],[109.94672,42.71283],[109.94784,42.71271],[109.94821,42.71256],[109.9485,42.7123],[109.94892,42.7117],[109.94926,42.71124],[109.94975,42.7106],[109.95018,42.71006],[109.95085,42.70918],[109.95148,42.70835],[109.95179,42.70791],[109.95237,42.70716],[109.95322,42.70605],[109.95377,42.70528],[109.95454,42.70431],[109.95529,42.70348],[109.95561,42.70315],[109.95589,42.70284],[109.95613,42.70258],[109.95688,42.70177],[109.95775,42.70085],[109.95879,42.69981],[109.95965,42.69884],[109.96073,42.69771],[109.96103,42.69734],[109.96107,42.69708],[109.96101,42.69676],[109.9609,42.69643],[109.96071,42.69581],[109.96028,42.69478],[109.9594,42.69257],[109.95885,42.69109],[109.95776,42.68821],[109.95715,42.68664],[109.95671,42.68547],[109.95612,42.68399],[109.95601,42.68377],[109.95599,42.68345],[109.95605,42.68305],[109.95619,42.68216],[109.9566,42.67957],[109.95693,42.6779],[109.95711,42.67671],[109.95753,42.67395],[109.95759,42.67351],[109.95763,42.67341],[109.9577,42.6733],[109.95828,42.67283],[109.95869,42.67245],[109.96002,42.67136],[109.96105,42.67043],[109.9627,42.66904],[109.96452,42.66748],[109.96741,42.66498],[109.96923,42.66341],[109.97687,42.65712],[109.97954,42.65496],[109.97971,42.65473],[109.97981,42.6545],[109.97989,42.65422],[109.98106,42.64862],[109.9812,42.64814],[109.982,42.64524],[109.98267,42.64323],[109.9827,42.64305],[109.98268,42.64293],[109.98263,42.64283],[109.98253,42.64273],[109.98181,42.64212]]}},{"type":"Feature","properties":{},"geometry":{"type":"LineString","coordinates":[[109.94194,42.71421],[109.93915,42.71622],[109.938,42.71705],[109.93682,42.71794],[109.93643,42.71821],[109.93544,42.71891],[109.93441,42.71968],[109.93377,42.72014],[109.93258,42.721],[109.93119,42.722],[109.93076,42.72232],[109.92974,42.72306],[109.92789,42.72439],[109.92719,42.7249],[109.92674,42.72521],[109.92609,42.72571],[109.92558,42.72607],[109.92473,42.72669],[109.92371,42.72741],[109.92314,42.72784],[109.92244,42.72834],[109.92201,42.72865],[109.92113,42.7293],[109.92042,42.72979],[109.91997,42.73015],[109.91986,42.7303],[109.91976,42.73068],[109.91953,42.73163],[109.91926,42.7326],[109.91869,42.7334],[109.91833,42.73383],[109.91755,42.73481],[109.91667,42.73594],[109.91569,42.73708],[109.91445,42.7381],[109.9128,42.73947],[109.91162,42.74046],[109.91093,42.74107],[109.91076,42.74124],[109.91066,42.7414],[109.91061,42.74161],[109.91061,42.7423],[109.91058,42.74333],[109.91054,42.74473],[109.91053,42.74547],[109.91051,42.74658],[109.91048,42.74721],[109.91046,42.74827],[109.91045,42.74903],[109.91043,42.75019],[109.91042,42.75077],[109.91038,42.75202],[109.91036,42.75332],[109.91034,42.75407],[109.91032,42.75506],[109.91028,42.75617],[109.91024,42.75732],[109.91023,42.75888],[109.91022,42.76042],[109.91013,42.76257],[109.91011,42.76454],[109.9101,42.76543],[109.91004,42.76696],[109.91001,42.76869],[109.90997,42.77068],[109.90993,42.7723],[109.90989,42.77363],[109.90986,42.77489],[109.90983,42.7762],[109.90978,42.77773],[109.90974,42.77919],[109.90964,42.78246],[109.90959,42.78508],[109.90949,42.7898],[109.90932,42.79571],[109.90925,42.79972],[109.90908,42.80552],[109.90899,42.81073],[109.90882,42.81562],[109.90887,42.81819],[109.9091,42.81942],[109.91065,42.82493],[109.91183,42.82933],[109.91305,42.83391],[109.91438,42.83824],[109.91575,42.84293],[109.91713,42.84768],[109.91756,42.84922],[109.91754,42.84961],[109.9169,42.85237],[109.9162,42.85546],[109.91563,42.85793],[109.91537,42.85931],[109.91509,42.86193],[109.91477,42.86572],[109.9146,42.86817],[109.91445,42.8692],[109.91419,42.87008],[109.91359,42.87187],[109.91304,42.87356],[109.91249,42.87523],[109.91193,42.87698],[109.91174,42.87781],[109.91176,42.87815],[109.91191,42.87845],[109.91314,42.88119],[109.91353,42.88203],[109.91386,42.88233],[109.91427,42.88261],[109.92023,42.8862],[109.92056,42.88648],[109.92085,42.88697],[109.92142,42.88817],[109.92233,42.88995],[109.92337,42.89208],[109.92441,42.89431],[109.9252,42.89583],[109.92633,42.89819],[109.92653,42.89865],[109.92652,42.89883],[109.92646,42.89903],[109.92615,42.8996],[109.92376,42.90395],[109.92281,42.90573],[109.92267,42.90611],[109.92272,42.90658],[109.92288,42.90789],[109.92333,42.91167],[109.92377,42.9151],[109.92415,42.9184],[109.92459,42.92162],[109.925,42.92358],[109.92552,42.92621],[109.92611,42.92914],[109.9266,42.93172],[109.92695,42.93361],[109.92695,42.93389],[109.92681,42.93435],[109.92601,42.93706],[109.92569,42.93833],[109.92548,42.93921],[109.92514,42.93997],[109.92488,42.94062],[109.92465,42.94105],[109.92414,42.94198],[109.92351,42.943],[109.92321,42.9435],[109.92276,42.94422],[109.92214,42.94527],[109.92124,42.94674],[109.9208,42.9475],[109.92053,42.94792],[109.92003,42.94871],[109.91848,42.95114],[109.91731,42.95304],[109.91631,42.95466],[109.91534,42.95623],[109.9144,42.95767],[109.91399,42.95837],[109.91367,42.95924],[109.91326,42.96026],[109.91303,42.9608],[109.91298,42.96107],[109.91302,42.96135],[109.91314,42.96186],[109.91322,42.96229],[109.9135,42.96357],[109.91389,42.96534],[109.91416,42.96666],[109.91416,42.96693],[109.91405,42.96712],[109.91378,42.96735],[109.91338,42.96761],[109.91204,42.96844],[109.91052,42.96937],[109.90952,42.97003],[109.90897,42.97074],[109.90878,42.97103],[109.90873,42.97132],[109.90894,42.97315],[109.90912,42.97451],[109.9091,42.97502],[109.90895,42.97522],[109.90864,42.97542],[109.9047,42.97722],[109.90403,42.97774],[109.90287,42.9789],[109.90103,42.98063],[109.89961,42.98177],[109.89721,42.98359],[109.89558,42.98481],[109.89382,42.98569],[109.89208,42.9865],[109.88962,42.98761],[109.88709,42.98879],[109.88509,42.98972],[109.88285,42.99081],[109.87919,42.9926],[109.87815,42.993],[109.87639,42.99356],[109.87434,42.99425],[109.87271,42.99479],[109.86912,42.996],[109.86819,42.99632],[109.86732,42.99652],[109.86664,42.99668],[109.86613,42.9969],[109.86495,42.99742],[109.86122,42.99915],[109.85805,43.00057],[109.85537,43.00179],[109.85422,43.00231],[109.85364,43.00258],[109.85309,43.00293],[109.85252,43.0034],[109.85107,43.00462],[109.85078,43.00495],[109.85054,43.00551],[109.85046,43.0062],[109.85018,43.00722],[109.85007,43.00773],[109.84966,43.00885],[109.84905,43.00917],[109.84745,43.01016],[109.847,43.01043],[109.84685,43.01062],[109.84676,43.01087],[109.84662,43.01126],[109.84607,43.01279],[109.84577,43.01352],[109.84549,43.014],[109.84495,43.01483],[109.84423,43.01598],[109.84368,43.01677],[109.84338,43.01719],[109.8433,43.01748],[109.84332,43.01779],[109.84337,43.01984],[109.84339,43.02126],[109.84339,43.0222],[109.84325,43.02254],[109.84299,43.02281],[109.84233,43.02322],[109.84152,43.02378],[109.84074,43.02432],[109.84027,43.02468],[109.83992,43.02509],[109.83941,43.02556],[109.83888,43.02612],[109.83843,43.02674],[109.83825,43.02702],[109.83819,43.02731],[109.83842,43.02815],[109.8387,43.02924],[109.83905,43.03046],[109.83915,43.03096],[109.8391,43.03121],[109.83898,43.0315],[109.83847,43.03218],[109.83791,43.03268],[109.83706,43.03346],[109.83669,43.03377],[109.83578,43.03459],[109.83479,43.03552],[109.83356,43.03662],[109.83325,43.03695],[109.83245,43.0381],[109.83211,43.03861],[109.83098,43.04027],[109.83057,43.04081],[109.83008,43.04186],[109.8295,43.04303],[109.82912,43.0436],[109.82862,43.04421],[109.82787,43.04507],[109.82735,43.04562],[109.82686,43.04587],[109.82563,43.04646],[109.82486,43.04672],[109.82399,43.04696],[109.82337,43.04711],[109.82166,43.04755],[109.82071,43.04779],[109.81963,43.04808],[109.81881,43.04831],[109.81826,43.04856],[109.81627,43.04952],[109.81399,43.05059],[109.81265,43.05124],[109.81149,43.05178],[109.81079,43.05217],[109.81008,43.0528],[109.80961,43.05325],[109.80928,43.05411],[109.80903,43.05481],[109.80866,43.05578],[109.80822,43.05703],[109.80778,43.05819],[109.80771,43.05834],[109.80752,43.05845],[109.80728,43.05855],[109.80679,43.05877],[109.80648,43.05897],[109.80628,43.0593],[109.80584,43.06009],[109.80495,43.0617],[109.80431,43.06284],[109.8037,43.0639],[109.80358,43.06439],[109.80359,43.06479],[109.80377,43.06526],[109.80403,43.06564],[109.80451,43.06626],[109.80484,43.06666],[109.80547,43.06743],[109.80586,43.06791],[109.8067,43.06895],[109.80751,43.06992],[109.80762,43.07011],[109.80766,43.07032],[109.80765,43.07049],[109.80761,43.07068],[109.8075,43.07097],[109.80721,43.07177],[109.80687,43.07276],[109.80677,43.073],[109.8066,43.07324],[109.80638,43.07351],[109.80521,43.07492],[109.80462,43.07558],[109.80381,43.07615],[109.80279,43.07682],[109.80252,43.07704],[109.80222,43.07746],[109.80142,43.07875],[109.80113,43.07929],[109.80093,43.07998],[109.80078,43.08035],[109.80065,43.08084],[109.80053,43.08127],[109.80036,43.0817],[109.80013,43.08215],[109.8,43.08232],[109.79988,43.08244],[109.79968,43.08256],[109.79941,43.08274],[109.79878,43.08307],[109.79604,43.08459],[109.79484,43.08523],[109.79342,43.08594],[109.79156,43.08678],[109.78917,43.08785],[109.78788,43.08844],[109.78699,43.08884],[109.78476,43.08987],[109.78335,43.09055],[109.78042,43.09182],[109.77773,43.09299],[109.77483,43.0941],[109.77429,43.0944],[109.77396,43.09464],[109.77369,43.09488],[109.76794,43.10122],[109.76753,43.1015],[109.76709,43.1017],[109.76661,43.10185],[109.76628,43.10202]]}},{"type":"Feature","properties":{},"geometry":{"type":"LineString","coordinates":[[109.76628,43.10202],[109.76529,43.10281],[109.76194,43.10632],[109.76148,43.10677],[109.76096,43.1073],[109.76079,43.10755],[109.76068,43.10778],[109.76063,43.10803],[109.76065,43.10851],[109.76075,43.10908],[109.76077,43.10941],[109.76074,43.10962],[109.76066,43.10981],[109.76048,43.11018],[109.76037,43.11045],[109.76007,43.11102],[109.75985,43.11146],[109.7593,43.11255],[109.75905,43.11307],[109.75897,43.11324],[109.75889,43.11336],[109.75874,43.1135],[109.75859,43.11361],[109.75844,43.1137],[109.75824,43.11379],[109.75784,43.11401],[109.75713,43.11435],[109.75639,43.11468],[109.75594,43.11489],[109.75452,43.11551],[109.75297,43.11623],[109.75176,43.11678],[109.75099,43.11713],[109.75078,43.11723],[109.74995,43.11763],[109.74888,43.11813],[109.74751,43.1188],[109.74612,43.11947],[109.74453,43.12022],[109.74321,43.12086],[109.74143,43.12172],[109.73962,43.12258],[109.73835,43.12321],[109.73702,43.12385],[109.73585,43.12441],[109.73501,43.12483],[109.73419,43.1252],[109.7335,43.12552],[109.73245,43.12602],[109.73124,43.12661],[109.73011,43.12716],[109.72918,43.1276],[109.72775,43.12829],[109.72686,43.12873],[109.72577,43.12925],[109.72569,43.12929],[109.72561,43.12933],[109.72553,43.12937],[109.72545,43.12941],[109.72537,43.12946],[109.72381,43.1302],[109.7219,43.13109],[109.72012,43.13196],[109.7178,43.13305],[109.71577,43.13402],[109.71347,43.13511],[109.71082,43.13638],[109.70873,43.13737],[109.70675,43.13834],[109.70442,43.13945],[109.70247,43.14039],[109.70102,43.14109],[109.69967,43.14175],[109.69839,43.14236],[109.69616,43.1434],[109.69387,43.1445],[109.6916,43.14559],[109.68749,43.14757],[109.68375,43.14937],[109.68086,43.15078],[109.67826,43.15202],[109.67586,43.15318],[109.67353,43.15424],[109.67126,43.15534],[109.6691,43.1564],[109.66396,43.15887],[109.66063,43.16046],[109.65699,43.16224],[109.65368,43.1638],[109.65025,43.16544],[109.64704,43.167],[109.64472,43.16809],[109.64222,43.16928],[109.63951,43.17057],[109.63666,43.17195],[109.63257,43.17388],[109.62944,43.17538],[109.62603,43.17705],[109.62257,43.17868],[109.61835,43.18072],[109.61392,43.18281],[109.60992,43.1847],[109.60614,43.18655],[109.60276,43.18815],[109.59907,43.18992],[109.59486,43.19192],[109.5908,43.19385],[109.58897,43.19472],[109.58536,43.19644],[109.58194,43.19808],[109.57971,43.19914],[109.57733,43.20028],[109.57339,43.20174],[109.56956,43.20313],[109.56479,43.20488],[109.56136,43.20614],[109.55678,43.2078],[109.55476,43.20852],[109.5513,43.20974],[109.54909,43.21055],[109.5459,43.21168],[109.5418,43.21315],[109.54049,43.2136],[109.53897,43.21418],[109.53646,43.21505],[109.53335,43.21617],[109.52992,43.21739],[109.52584,43.21882],[109.52089,43.22062],[109.51734,43.22185],[109.51522,43.22258],[109.51174,43.22382],[109.50912,43.22477],[109.50626,43.2258],[109.50237,43.22719],[109.49885,43.22846],[109.49598,43.2295],[109.49276,43.23068],[109.48837,43.2322],[109.48518,43.23337],[109.48146,43.23473],[109.47791,43.23599],[109.47473,43.23714],[109.47094,43.2385],[109.46687,43.23999],[109.46353,43.2412],[109.45976,43.24257],[109.45894,43.24286],[109.45542,43.24413],[109.45094,43.24576],[109.44653,43.24735],[109.44234,43.24887],[109.43759,43.25058],[109.43281,43.2523],[109.42786,43.2541],[109.42359,43.25564],[109.42135,43.25644],[109.41656,43.25815],[109.41582,43.25848],[109.41105,43.26019],[109.39864,43.26469],[109.39368,43.26651],[109.38769,43.26867],[109.37952,43.27164],[109.37064,43.27491]]}},{"type":"Feature","properties":{},"geometry":{"type":"LineString","coordinates":[[103.63799,47.30528],[103.63804,47.30494]]}},{"type":"Feature","properties":{},"geometry":{"type":"LineString","coordinates":[[106.48924,50.32358],[106.4894,50.32342]]}},{"type":"Feature","properties":{},"geometry":{"type":"LineString","coordinates":[[106.4894,50.32342],[106.48934,50.32327],[106.48942,50.32287],[106.48904,50.32256],[106.48906,50.32243],[106.48909,50.32227],[106.48911,50.32212]]}},{"type":"Feature","properties":{},"geometry":{"type":"LineString","coordinates":[[106.48911,50.32212],[106.48915,50.32187],[106.48917,50.32172]]}},{"type":"Feature","properties":{},"geometry":{"type":"LineString","coordinates":[[106.49022,50.32178],[106.4902,50.32192],[106.49016,50.32218]]}},{"type":"Feature","properties":{},"geometry":{"type":"LineString","coordinates":[[89.46802,49.60786],[89.46828,49.60811],[89.4681,49.60866]]}},{"type":"Feature","properties":{},"geometry":{"type":"LineString","coordinates":[[89.46782,49.60767],[89.46802,49.60786]]}},{"type":"Feature","properties":{},"geometry":{"type":"LineString","coordinates":[[89.46731,49.60787],[89.46655,49.60711]]}},{"type":"Feature","properties":{},"geometry":{"type":"LineString","coordinates":[[89.46751,49.60807],[89.46731,49.60787]]}},{"type":"Feature","properties":{},"geometry":{"type":"LineString","coordinates":[[111.8708,43.7126],[111.8705,43.71215],[111.86982,43.71111],[111.86979,43.71103],[111.8698,43.71094],[111.86983,43.71086],[111.8699,43.71079],[111.87,43.71074],[111.88314,43.70638],[111.89216,43.70333],[111.89284,43.70313],[111.89342,43.70301],[111.89403,43.7029],[111.89469,43.70283],[111.89531,43.70281],[111.89593,43.70282],[111.89653,43.70286],[111.89912,43.70308],[111.89971,43.70311],[111.90051,43.7031],[111.901,43.70307],[111.90158,43.70298],[111.90981,43.70158],[111.91116,43.70131],[111.91211,43.70108],[111.91312,43.70078],[111.91905,43.69906],[111.92265,43.69801]]}},{"type":"Feature","properties":{},"geometry":{"type":"LineString","coordinates":[[89.87317,49.53845],[89.87341,49.53831]]}},{"type":"Feature","properties":{},"geometry":{"type":"LineString","coordinates":[[92.01342,49.48016],[92.02143,49.47939],[92.02238,49.47954],[92.0235,49.47982],[92.02446,49.47992],[92.02559,49.47973],[92.02677,49.47978],[92.02871,49.47964],[92.03062,49.4797],[92.03227,49.47958],[92.03403,49.47927],[92.03507,49.47888],[92.03573,49.47842],[92.03625,49.47835],[92.03698,49.47851],[92.03762,49.4784],[92.03866,49.47832],[92.04078,49.47832],[92.04646,49.47709],[92.0478,49.47712],[92.05074,49.47712],[92.05183,49.47696],[92.05371,49.47712],[92.05441,49.47702],[92.05575,49.4766],[92.05674,49.47648],[92.05779,49.47628],[92.05856,49.47652],[92.05927,49.47652],[92.0598,49.47661],[92.06058,49.47655],[92.06185,49.47675],[92.06298,49.47661],[92.06368,49.47648],[92.06433,49.4765],[92.06537,49.47686],[92.06641,49.47726],[92.06761,49.47736],[92.06927,49.47748],[92.07268,49.47788],[92.07388,49.47791],[92.07672,49.4785],[92.08161,49.48012],[92.08296,49.48056],[92.08451,49.48137],[92.0867,49.48291],[92.08818,49.48461],[92.11024,49.50002],[92.16034,49.53499],[92.1616,49.53635],[92.16521,49.53905],[92.16937,49.54289],[92.17156,49.54807],[92.17272,49.55189],[92.17461,49.55531],[92.17525,49.55634],[92.17607,49.55751],[92.17705,49.56135],[92.1774,49.56305],[92.178,49.56391],[92.17811,49.56469],[92.17813,49.56483],[92.1798,49.567],[92.18036,49.56744],[92.18083,49.56781],[92.18136,49.56944],[92.18177,49.57031],[92.18182,49.5704],[92.18194,49.57093],[92.18237,49.57276],[92.18289,49.5736],[92.18334,49.5755],[92.18418,49.57641],[92.18531,49.57766],[92.1859,49.57801],[92.18648,49.57813],[92.18708,49.57816],[92.18749,49.5781],[92.19055,49.5771],[92.19394,49.57527],[92.19403,49.57523],[92.19412,49.5752],[92.19439,49.57521],[92.19452,49.57531],[92.19456,49.57546],[92.19453,49.57574]]}},{"type":"Feature","properties":{},"geometry":{"type":"LineString","coordinates":[[92.02568,49.8309],[92.02559,49.83128],[92.02561,49.83147],[92.02576,49.83189],[92.02905,49.85028],[92.03049,49.85875],[92.03447,49.88322],[92.03456,49.88359],[92.03469,49.88396],[92.04444,49.90597],[92.05332,49.92616],[92.0538,49.92723],[92.06103,49.94334],[92.06176,49.94475],[92.06201,49.94541],[92.06219,49.9461],[92.06321,49.95088],[92.06329,49.95109],[92.06338,49.95123]]}},{"type":"Feature","properties":{},"geometry":{"type":"LineString","coordinates":[[92.0263,49.82962],[92.02568,49.8309]]}},{"type":"Feature","properties":{},"geometry":{"type":"LineString","coordinates":[[98.1444,49.26956],[98.14461,49.27079]]}},{"type":"Feature","properties":{},"geometry":{"type":"LineString","coordinates":[[102.79539,49.12894],[102.79504,49.12882],[102.79429,49.12864],[102.79383,49.12851],[102.79294,49.12821],[102.79001,49.12691],[102.78939,49.12647],[102.78844,49.12592],[102.78698,49.12538],[102.78165,49.12308],[102.7762,49.12006],[102.77143,49.1165],[102.76762,49.11523],[102.76377,49.11411],[102.75991,49.11312],[102.75629,49.11213],[102.75438,49.1113],[102.75262,49.11098],[102.75036,49.11055],[102.74783,49.10975],[102.74569,49.10919],[102.7424,49.10867],[102.74041,49.10838],[102.73966,49.1079],[102.73843,49.1076],[102.73725,49.10553],[102.73562,49.10378],[102.73504,49.10294],[102.73279,49.1017],[102.73032,49.10048],[102.7285,49.10043],[102.72288,49.10022],[102.72045,49.09992],[102.71736,49.09951],[102.7159,49.09946],[102.71159,49.09943],[102.70936,49.09932],[102.70513,49.0996],[102.70163,49.09944],[102.69957,49.09933],[102.69427,49.09936],[102.69086,49.09916],[102.68844,49.09918],[102.68668,49.09932],[102.68365,49.09972],[102.68148,49.09999],[102.67996,49.10006],[102.67807,49.10026],[102.6764,49.10024],[102.67503,49.10044],[102.67236,49.10024],[102.66953,49.10037],[102.66661,49.10092],[102.66391,49.1012],[102.662,49.1011],[102.6593,49.10131],[102.65681,49.10137],[102.6531,49.10135],[102.65039,49.10131],[102.64719,49.10107],[102.64578,49.10089],[102.64365,49.10059],[102.64279,49.10047],[102.64185,49.10036],[102.64111,49.1002],[102.64016,49.10006],[102.63963,49.10016],[102.63856,49.10036],[102.63793,49.10016],[102.63696,49.10003],[102.63617,49.09963],[102.63532,49.09941],[102.63484,49.0989],[102.63466,49.09828],[102.63427,49.09765],[102.63326,49.09741],[102.63227,49.09669],[102.63138,49.09599],[102.63018,49.09558],[102.62837,49.09555],[102.62715,49.09549],[102.6241,49.09557],[102.62171,49.09609],[102.61987,49.09614],[102.61733,49.09655],[102.61527,49.09679],[102.61359,49.09707],[102.61175,49.09759],[102.60996,49.09795],[102.60772,49.09877],[102.60602,49.09946],[102.60386,49.09944],[102.60178,49.09936],[102.59837,49.09932],[102.59695,49.09928],[102.59544,49.09958],[102.59482,49.09954],[102.59442,49.0994],[102.59408,49.09921]]}},{"type":"Feature","properties":{},"geometry":{"type":"LineString","coordinates":[[105.34583,48.01994],[105.34486,48.02071],[105.34217,48.02156],[105.34155,48.02226],[105.3403,48.02267]]}},{"type":"Feature","properties":{},"geometry":{"type":"LineString","coordinates":[[105.30861,48.02557],[105.3048,48.02718],[105.29751,48.03367],[105.28188,48.04847],[105.27921,48.05147],[105.27954,48.05306],[105.27805,48.05492],[105.26129,48.06846],[105.24636,48.0802],[105.24462,48.08377],[105.22311,48.09827],[105.2182,48.10093],[105.21266,48.10433],[105.20684,48.11343],[105.19827,48.12398],[105.19658,48.12582]]}},{"type":"Feature","properties":{},"geometry":{"type":"LineString","coordinates":[[112.49557,47.69601],[112.50213,47.70134],[112.50694,47.70516],[112.51185,47.70886],[112.52596,47.71951],[112.5403,47.72955],[112.54926,47.73578],[112.55162,47.7373],[112.55996,47.74233],[112.56414,47.74481],[112.57433,47.75027],[112.58066,47.75359],[112.58878,47.75789],[112.59874,47.76319],[112.60059,47.76416],[112.63412,47.78016],[112.65101,47.78813],[112.65493,47.78994],[112.65644,47.79043],[112.65805,47.79076],[112.66784,47.79264],[112.67415,47.79383],[112.67948,47.79485],[112.68102,47.79502],[112.68263,47.79511],[112.70044,47.79568],[112.71674,47.79621],[112.71796,47.79635],[112.71977,47.7967],[112.7364,47.80032],[112.73801,47.80067],[112.7391,47.80079],[112.74061,47.80079],[112.74731,47.80076],[112.74816,47.80075],[112.74918,47.80074],[112.75152,47.80076],[112.75561,47.80095],[112.75891,47.80114],[112.75947,47.80122],[112.7599,47.80132],[112.76054,47.80151],[112.76123,47.80173],[112.76198,47.80198],[112.76294,47.8023],[112.76379,47.8026],[112.76435,47.8028],[112.76502,47.80305],[112.76594,47.80335],[112.76719,47.80378],[112.77137,47.80549],[112.77258,47.806],[112.77331,47.80637],[112.77393,47.80674],[112.7749,47.80771],[112.78045,47.81457]]}},{"type":"Feature","properties":{},"geometry":{"type":"LineString","coordinates":[[112.49557,47.69601],[112.48591,47.68831],[112.48443,47.68713],[112.48302,47.68599],[112.48156,47.68464],[112.47439,47.6777],[112.47328,47.67668],[112.47261,47.67591],[112.47204,47.67516],[112.46476,47.66438],[112.46292,47.66169],[112.4611,47.65974],[112.45514,47.65364],[112.44719,47.64549],[112.44563,47.64386],[112.44405,47.64242],[112.43328,47.63371],[112.42947,47.63063],[112.4152,47.6221],[112.41393,47.62123],[112.41076,47.61764],[112.4065,47.6127],[112.4045,47.61035],[112.40172,47.6071],[112.40077,47.606],[112.40017,47.60538],[112.39934,47.60473],[112.39615,47.6024],[112.39015,47.59795],[112.38869,47.59697],[112.38726,47.59624],[112.3724,47.58986],[112.36827,47.58812],[112.36185,47.58579],[112.35466,47.5832],[112.3545,47.58314],[112.35363,47.58282],[112.35304,47.5826],[112.34889,47.58112],[112.34879,47.58108],[112.34793,47.58081],[112.34767,47.58072],[112.34763,47.58071],[112.3426,47.57909],[112.33614,47.57702],[112.3342,47.57646],[112.33416,47.57645],[112.33411,47.57643],[112.33205,47.57594],[112.33119,47.57576],[112.31448,47.57231],[112.31221,47.57188],[112.30928,47.57141],[112.29691,47.5696],[112.27968,47.56683],[112.27458,47.56607],[112.27366,47.56609],[112.27177,47.56637],[112.26133,47.56813],[112.24338,47.57115],[112.23022,47.57336],[112.22932,47.57346],[112.22869,47.57346],[112.2278,47.57333],[112.2032,47.56783],[112.19757,47.56658],[112.1843,47.56358],[112.18298,47.56311],[112.18,47.56166],[112.17442,47.5588],[112.17094,47.55717],[112.16807,47.55573],[112.1672,47.55511],[112.16656,47.55442],[112.16612,47.55361],[112.1646,47.54979],[112.1643,47.54922],[112.16375,47.54847],[112.16317,47.54791],[112.16239,47.54731],[112.16139,47.54664],[112.16027,47.54622],[112.15895,47.54594],[112.15659,47.54573],[112.15099,47.54522],[112.14258,47.54446],[112.14051,47.54424],[112.13887,47.54392],[112.13146,47.54142],[112.12807,47.5403],[112.12575,47.53972],[112.11447,47.53709],[112.11293,47.53682],[112.11123,47.53664],[112.10467,47.53607],[112.10267,47.53597],[112.10156,47.536],[112.10022,47.53622],[112.09442,47.53764],[112.08857,47.53918],[112.08691,47.53939],[112.08555,47.53921],[112.08278,47.53884],[112.07939,47.53845],[112.07781,47.53823],[112.07682,47.53789],[112.06948,47.53467],[112.06851,47.53428],[112.06715,47.53356],[112.06628,47.53274],[112.06212,47.52831],[112.06101,47.52717],[112.06014,47.52659],[112.05908,47.52617],[112.05504,47.52495],[112.0357,47.51923],[112.02227,47.51523],[112.01935,47.51436],[112.0178,47.51399],[112.01634,47.5138],[112.01494,47.51359],[112.0138,47.51323],[112.01293,47.5128],[112.01157,47.51199],[112.01048,47.51127],[112.00062,47.50373],[111.99957,47.50295],[111.99837,47.50215],[111.99276,47.49903],[111.97232,47.48765],[111.96784,47.4851],[111.96617,47.48411],[111.96539,47.48349],[111.96406,47.48208],[111.96288,47.48076],[111.95794,47.47444],[111.94946,47.46346],[111.94678,47.45997],[111.94176,47.45343],[111.93412,47.44162],[111.9233,47.42486],[111.9122,47.40762],[111.91131,47.40615],[111.90878,47.40143],[111.90769,47.39954],[111.90144,47.39046],[111.89855,47.38627],[111.89785,47.38531],[111.8971,47.3846],[111.89586,47.38385],[111.89478,47.38342],[111.89299,47.38288],[111.89158,47.3825],[111.89041,47.38229],[111.8892,47.38223],[111.88795,47.38229],[111.88692,47.38239]]}},{"type":"Feature","properties":{},"geometry":{"type":"LineString","coordinates":[[115.73971,49.88456],[115.73955,49.88445],[115.73922,49.88421],[115.73865,49.88374],[115.73822,49.88337],[115.73777,49.883],[115.73751,49.88278],[115.73662,49.88211],[115.73627,49.88183],[115.73616,49.88168],[115.73605,49.8815],[115.73591,49.88117],[115.73575,49.88085],[115.73558,49.88063],[115.73494,49.87988],[115.73486,49.87979],[115.7348,49.87975],[115.73472,49.87972],[115.73461,49.87969],[115.7345,49.87968],[115.73437,49.87969],[115.73423,49.87973],[115.73407,49.87978],[115.73393,49.87982],[115.73369,49.87985],[115.73294,49.87995],[115.73267,49.87999],[115.73234,49.88004],[115.73212,49.88007],[115.73186,49.88007],[115.7309,49.88005],[115.73079,49.88004],[115.73066,49.88002],[115.73051,49.87996],[115.73042,49.8799],[115.73033,49.87981],[115.73029,49.87974],[115.73025,49.87963],[115.73023,49.87953],[115.73021,49.87929],[115.73019,49.87917],[115.73013,49.87905],[115.73003,49.87894],[115.72988,49.87881],[115.72965,49.87866],[115.72936,49.87848],[115.7284,49.87799],[115.72821,49.87786],[115.72808,49.87774],[115.728,49.87761],[115.72794,49.87747],[115.72792,49.87734],[115.7279,49.87716],[115.72791,49.87692],[115.7279,49.87674],[115.72784,49.8765],[115.72772,49.87623],[115.72755,49.87588],[115.72736,49.87553],[115.72731,49.87543],[115.72726,49.87535],[115.72714,49.87527],[115.72707,49.87524],[115.72671,49.87506],[115.72658,49.875],[115.72645,49.87495],[115.72632,49.87491],[115.72564,49.87479],[115.72542,49.87476],[115.72528,49.87475],[115.72509,49.87474],[115.72481,49.87474],[115.72345,49.87478],[115.72211,49.87476],[115.7217,49.87473],[115.72144,49.87469],[115.72119,49.87462],[115.72091,49.87452]]}},{"type":"Feature","properties":{},"geometry":{"type":"LineString","coordinates":[[115.35267,45.90094],[115.35851,45.90233],[115.36013,45.90276],[115.36064,45.90291],[115.36145,45.90313],[115.3621,45.90368],[115.36244,45.90377],[115.36277,45.90391],[115.36403,45.90425],[115.36438,45.90436],[115.36557,45.90467],[115.36572,45.90471],[115.36623,45.90486],[115.36704,45.9051],[115.36759,45.90423],[115.3681,45.90436],[115.36884,45.90457],[115.36983,45.90483],[115.3709,45.90514],[115.37215,45.90549],[115.37219,45.90543],[115.37222,45.90537],[115.3724,45.90507],[115.37243,45.90501],[115.37322,45.90499],[115.37337,45.905],[115.37378,45.90501],[115.37417,45.90498],[115.37467,45.90493],[115.37569,45.90469],[115.37606,45.90459],[115.37875,45.9039],[115.3793,45.90376],[115.3795,45.90371],[115.38093,45.90333],[115.38141,45.9032],[115.38162,45.90314],[115.38229,45.90297]]}},{"type":"Feature","properties":{},"geometry":{"type":"LineString","coordinates":[[111.90106,43.72154],[111.90056,43.72119],[111.90009,43.72085],[111.89965,43.72054],[111.89924,43.72025]]}},{"type":"Feature","properties":{},"geometry":{"type":"LineString","coordinates":[[106.90558,47.91738],[106.90554,47.91729],[106.90557,47.91713],[106.90566,47.91675],[106.90572,47.91648]]}},{"type":"Feature","properties":{},"geometry":{"type":"LineString","coordinates":[[100.54239,47.98052],[100.54757,47.97837],[100.5515,47.97679],[100.55195,47.97659],[100.55288,47.97575],[100.55578,47.97403],[100.55872,47.97217],[100.55932,47.97165],[100.55984,47.97111]]}},{"type":"Feature","properties":{},"geometry":{"type":"LineString","coordinates":[[101.46083,47.47357],[101.46097,47.47356],[101.46111,47.47354],[101.46124,47.47352],[101.46138,47.4735]]}},{"type":"Feature","properties":{},"geometry":{"type":"LineString","coordinates":[[101.46133,47.47373],[101.46121,47.47368],[101.46109,47.47364],[101.46096,47.4736],[101.46083,47.47357]]}},{"type":"Feature","properties":{},"geometry":{"type":"LineString","coordinates":[[101.46239,47.47371],[101.46227,47.47372],[101.46215,47.47373],[101.46203,47.47375],[101.46191,47.47378]]}},{"type":"Feature","properties":{},"geometry":{"type":"LineString","coordinates":[[101.46197,47.47356],[101.46206,47.47361],[101.46216,47.47365],[101.46227,47.47369],[101.46239,47.47371]]}},{"type":"Feature","properties":{},"geometry":{"type":"Polygon","coordinates":[[[101.46131,47.47365],[101.46132,47.47357],[101.46138,47.4735],[101.46142,47.47347],[101.46147,47.47344],[101.46157,47.47342],[101.46167,47.47341],[101.46177,47.47343],[101.46186,47.47346],[101.46193,47.47352],[101.46197,47.47356],[101.46198,47.47364],[101.46197,47.47371],[101.46191,47.47378],[101.46182,47.47384],[101.46171,47.47386],[101.46162,47.47387],[101.46152,47.47385],[101.46144,47.47382],[101.46137,47.47378],[101.46133,47.47373],[101.46131,47.47365]]]}},{"type":"Feature","properties":{},"geometry":{"type":"LineString","coordinates":[[104.32902,48.23357],[104.33085,48.23241],[104.33109,48.23226],[104.33216,48.2316],[104.33226,48.23155],[104.33237,48.2315],[104.33303,48.2314],[104.33371,48.23132],[104.33488,48.23137],[104.33547,48.23139],[104.33622,48.23139],[104.33968,48.23117],[104.34069,48.23113],[104.34165,48.231],[104.34256,48.23082],[104.34352,48.23055],[104.3441,48.23034],[104.34721,48.22958],[104.34812,48.2293],[104.34832,48.22924],[104.35032,48.22888],[104.35319,48.22854],[104.35459,48.22848],[104.35517,48.22818],[104.35574,48.22765],[104.35634,48.22683],[104.35703,48.22576],[104.35701,48.22493],[104.35716,48.22347],[104.35778,48.222],[104.35804,48.2215],[104.35795,48.22094],[104.35771,48.22023],[104.35744,48.21975],[104.35752,48.21911],[104.35711,48.21853],[104.35696,48.21741],[104.35653,48.21605],[104.3552,48.21468],[104.35424,48.21378],[104.354,48.21262],[104.35398,48.21026],[104.35395,48.20792],[104.35579,48.20128],[104.35654,48.19752],[104.35458,48.19361],[104.35492,48.17585],[104.35281,48.17186],[104.34505,48.16035],[104.34182,48.15565],[104.343,48.1514],[104.34576,48.14789],[104.3514,48.14554],[104.36268,48.1439],[104.37842,48.13967],[104.38453,48.13591],[104.38805,48.13239],[104.39322,48.1298],[104.3944,48.12945],[104.39488,48.12911],[104.39522,48.12881],[104.39535,48.12834],[104.39539,48.12788],[104.39573,48.12729],[104.39599,48.12668],[104.39603,48.12621],[104.39603,48.12547],[104.39615,48.1251],[104.39655,48.12464],[104.39691,48.12434],[104.39725,48.12372],[104.39771,48.12205],[104.39812,48.12113],[104.39829,48.12077],[104.39829,48.1204],[104.39829,48.12019],[104.39836,48.12001],[104.39861,48.11951],[104.39898,48.11882],[104.39951,48.11824],[104.39954,48.11812],[104.39951,48.11796],[104.39922,48.1176],[104.39896,48.11716],[104.3988,48.11647],[104.39881,48.11647],[104.39889,48.11589],[104.39906,48.11522],[104.3995,48.11475],[104.39968,48.11433],[104.39991,48.11366],[104.40013,48.11265],[104.40031,48.111],[104.40029,48.10967],[104.4004,48.1091],[104.4006,48.10864],[104.40079,48.10806],[104.40101,48.10709],[104.40141,48.10629],[104.40168,48.1055],[104.40177,48.10452],[104.40177,48.10325],[104.40153,48.10192],[104.39839,48.09479],[104.4005,48.08939],[104.40027,48.08539],[104.40027,48.08258],[104.40262,48.07811],[104.40614,48.07576],[104.40909,48.0745],[104.41601,48.07153],[104.42494,48.06989],[104.43128,48.06895],[104.43951,48.06542],[104.4489,48.06166],[104.47193,48.05861],[104.49355,48.05696],[104.51493,48.05696],[104.53607,48.05861],[104.56027,48.0619],[104.57508,48.0626],[104.58701,48.0638],[104.60521,48.06712],[104.61242,48.06896],[104.62014,48.07274],[104.63061,48.07653],[104.63971,48.08341],[104.65207,48.09201],[104.66083,48.09614],[104.6701,48.10118],[104.68074,48.10657],[104.69893,48.10978],[104.7276,48.11562],[104.74563,48.12067],[104.76176,48.12571],[104.76182,48.12573],[104.77344,48.13052],[104.78648,48.1335],[104.79197,48.13407],[104.79987,48.13499],[104.80519,48.13625],[104.81378,48.1414],[104.82081,48.14484],[104.83201,48.1471],[104.83924,48.14856],[104.84468,48.14965],[104.86201,48.15206],[104.88381,48.15538],[104.8924,48.15572],[104.90424,48.15767],[104.91918,48.1587],[104.92996,48.1601],[104.94051,48.16078],[104.9589,48.15999],[104.9745,48.15876],[104.98308,48.15861],[104.98837,48.15851],[104.99934,48.15773],[105.00152,48.15827],[105.00625,48.15829],[105.00785,48.15851],[105.00908,48.15908],[105.01041,48.15912],[105.01154,48.15953],[105.01159,48.15953],[105.01164,48.15953],[105.01168,48.15953],[105.01173,48.15953],[105.01268,48.15934],[105.01272,48.15933],[105.01278,48.15933],[105.01284,48.15933],[105.01291,48.15934],[105.01365,48.15947],[105.01369,48.15947],[105.01373,48.15947],[105.01375,48.15947],[105.01378,48.15946],[105.01381,48.15945],[105.01384,48.15943],[105.01494,48.15869],[105.01655,48.1583],[105.01791,48.15844],[105.01858,48.15862],[105.01963,48.15835],[105.02121,48.1576],[105.02259,48.15712],[105.02376,48.15682],[105.02479,48.15633],[105.02612,48.15645],[105.02624,48.15645],[105.02638,48.15644],[105.02648,48.15642],[105.02659,48.15638],[105.02672,48.15632],[105.02679,48.15629],[105.02734,48.15572],[105.02814,48.15523],[105.02933,48.15499],[105.03093,48.15492],[105.03256,48.15389],[105.03436,48.15334],[105.03625,48.15343],[105.03777,48.15407],[105.03828,48.15413],[105.03897,48.15386],[105.04039,48.15391],[105.04336,48.15456],[105.04479,48.15526],[105.04762,48.1576],[105.04847,48.15771],[105.04916,48.15758],[105.05018,48.15705],[105.05101,48.15681],[105.05331,48.15718],[105.05573,48.15758],[105.0575,48.15833],[105.05856,48.1584],[105.05977,48.15811],[105.06806,48.15835],[105.06978,48.1586],[105.0706,48.15833],[105.07364,48.15832],[105.07428,48.15839],[105.07516,48.15837],[105.07647,48.15796],[105.07983,48.15724],[105.0873,48.15572],[105.08856,48.15586],[105.09221,48.15545],[105.09359,48.15485],[105.09366,48.15483],[105.09373,48.15481],[105.09379,48.1548],[105.09384,48.1548],[105.09389,48.1548],[105.09394,48.1548],[105.09403,48.15482],[105.09495,48.15507],[105.09959,48.15515],[105.10406,48.15572],[105.11144,48.15641],[105.11642,48.15641]]}},{"type":"Feature","properties":{},"geometry":{"type":"LineString","coordinates":[[105.19658,48.12582],[105.19095,48.12822],[105.18393,48.12866],[105.18181,48.12903],[105.17839,48.13154],[105.14972,48.14072],[105.13856,48.14438],[105.1353,48.14725],[105.125,48.14965],[105.12071,48.15228],[105.11642,48.15641]]}},{"type":"Feature","properties":{},"geometry":{"type":"LineString","coordinates":[[105.31524,48.02212],[105.31856,48.02154],[105.32268,48.02089],[105.32777,48.0201],[105.32962,48.02132],[105.33219,48.02242],[105.33331,48.02252],[105.33438,48.02222],[105.33522,48.02231],[105.33614,48.02198],[105.3403,48.02267]]}},{"type":"Feature","properties":{},"geometry":{"type":"LineString","coordinates":[[105.34583,48.01994],[105.34679,48.01891]]}},{"type":"Feature","properties":{},"geometry":{"type":"LineString","coordinates":[[105.39646,47.98988],[105.39573,47.9902],[105.39305,47.99123],[105.39106,47.99266],[105.38927,47.99328],[105.38849,47.99397],[105.38579,47.99555],[105.3827,47.99722],[105.3812,47.99821],[105.37909,47.99929],[105.37606,48.00206],[105.37244,48.00411],[105.36899,48.00602],[105.36521,48.00841],[105.36175,48.01031]]}},{"type":"Feature","properties":{},"geometry":{"type":"LineString","coordinates":[[106.86628,47.88594],[106.86593,47.88593],[106.86565,47.88594],[106.86552,47.88593],[106.8654,47.88592],[106.86528,47.88589],[106.86501,47.88583],[106.86489,47.88581],[106.8648,47.8858],[106.86472,47.88581],[106.86464,47.88584],[106.86459,47.88587],[106.86454,47.88591],[106.86445,47.88601],[106.86431,47.88621]]}},{"type":"Feature","properties":{},"geometry":{"type":"LineString","coordinates":[[107.00808,47.93255],[107.0085,47.93289],[107.0086,47.93294],[107.00868,47.93296],[107.00878,47.93297]]}},{"type":"Feature","properties":{},"geometry":{"type":"LineString","coordinates":[[107.00878,47.93297],[107.00884,47.93297],[107.00888,47.93295],[107.00895,47.93292],[107.0094,47.9326],[107.00972,47.93236],[107.01021,47.93195],[107.01074,47.93158],[107.01137,47.93121],[107.01186,47.9309],[107.01202,47.93077],[107.01226,47.93055],[107.01239,47.93046],[107.01245,47.93042],[107.01254,47.93038],[107.01268,47.93031],[107.01286,47.93025],[107.0132,47.93014],[107.01358,47.93002],[107.01379,47.92994],[107.01401,47.92987],[107.01425,47.92981],[107.01465,47.92972]]}},{"type":"Feature","properties":{},"geometry":{"type":"LineString","coordinates":[[91.07386,46.14914],[91.07382,46.1492],[91.07381,46.14922],[91.07381,46.14925],[91.07382,46.14928],[91.07383,46.14931],[91.07385,46.14934],[91.07389,46.14938],[91.07393,46.1494],[91.07401,46.14944]]}},{"type":"Feature","properties":{},"geometry":{"type":"LineString","coordinates":[[91.07331,46.14933],[91.07339,46.14933],[91.07346,46.14932],[91.07353,46.1493],[91.0736,46.14929],[91.07367,46.14927],[91.07373,46.14924],[91.07376,46.14922],[91.07379,46.1492],[91.07382,46.14918],[91.07386,46.14914]]}},{"type":"Feature","properties":{},"geometry":{"type":"LineString","coordinates":[[112.66332,49.12332],[112.66313,49.12485],[112.663,49.12581],[112.66287,49.12723]]}},{"type":"Feature","properties":{},"geometry":{"type":"LineString","coordinates":[[112.66332,49.12332],[112.66261,49.1227],[112.65008,49.11654]]}},{"type":"Feature","properties":{},"geometry":{"type":"LineString","coordinates":[[96.48413,48.91106],[96.48567,48.91103],[96.48651,48.91098]]}},{"type":"Feature","properties":{},"geometry":{"type":"LineString","coordinates":[[96.94238,47.5962],[96.94281,47.59586],[96.94338,47.59526],[96.94391,47.5945],[96.94464,47.59333],[96.94541,47.59206],[96.94567,47.59161],[96.94578,47.59123],[96.94591,47.59059],[96.94596,47.5899],[96.9461,47.58918],[96.94624,47.5885],[96.94681,47.58702],[96.94715,47.58628],[96.9474,47.58589],[96.94762,47.5856],[96.9477,47.58541],[96.94771,47.58514],[96.94775,47.58447],[96.94775,47.58377],[96.94767,47.58342],[96.94762,47.58304],[96.94756,47.58204],[96.94757,47.58153],[96.94784,47.57986],[96.94791,47.57937],[96.94791,47.5791],[96.94788,47.57881],[96.94781,47.57824],[96.94769,47.57727],[96.94769,47.57678],[96.94764,47.57652],[96.94757,47.57631],[96.94715,47.57564],[96.94541,47.57317],[96.94364,47.57055],[96.94278,47.56941],[96.93989,47.56616],[96.93972,47.56601],[96.93953,47.56586],[96.93938,47.56578]]}},{"type":"Feature","properties":{},"geometry":{"type":"LineString","coordinates":[[96.94213,47.59672],[96.94211,47.59661],[96.94211,47.5965],[96.94214,47.59642],[96.94238,47.5962]]}},{"type":"Feature","properties":{},"geometry":{"type":"LineString","coordinates":[[100.81469,46.06268],[100.81511,46.06196]]}},{"type":"Feature","properties":{},"geometry":{"type":"LineString","coordinates":[[100.81458,46.06287],[100.81469,46.06268]]}},{"type":"Feature","properties":{},"geometry":{"type":"LineString","coordinates":[[91.62972,47.51969],[91.62999,47.51974],[91.63033,47.51981],[91.6304,47.51982],[91.6307,47.51986],[91.63111,47.51991],[91.63146,47.51993],[91.63146,47.51998]]}},{"type":"Feature","properties":{},"geometry":{"type":"LineString","coordinates":[[92.19106,48.8504],[92.19096,48.85027],[92.19046,48.8494],[92.18958,48.84858],[92.18948,48.84821],[92.18967,48.84789],[92.19007,48.84769],[92.19022,48.84757],[92.19033,48.84743],[92.19037,48.84731],[92.19039,48.84721],[92.19037,48.84713],[92.19032,48.84704],[92.19027,48.84694],[92.19023,48.84681],[92.19021,48.84657],[92.18982,48.84619],[92.18885,48.84547],[92.18692,48.84403],[92.18686,48.84375],[92.18675,48.84342],[92.18619,48.84181],[92.18559,48.84064],[92.18493,48.83934],[92.18451,48.83841],[92.18439,48.83792],[92.18411,48.8373],[92.18359,48.83595],[92.18338,48.83482],[92.18329,48.83357],[92.18275,48.83167],[92.18066,48.82633],[92.17868,48.8221],[92.17748,48.81822],[92.17585,48.81455],[92.17495,48.81249],[92.17486,48.81133],[92.17452,48.8104],[92.17306,48.80912],[92.17236,48.80829],[92.17214,48.80769],[92.17198,48.80708],[92.17174,48.8064],[92.1716,48.80563],[92.17189,48.80517],[92.17208,48.80459],[92.17199,48.80382],[92.17161,48.80214],[92.17151,48.80054],[92.17142,48.79837],[92.17145,48.79095],[92.17092,48.78767],[92.17081,48.78634],[92.17062,48.78435],[92.17046,48.78157],[92.17098,48.77834],[92.1718,48.77613],[92.17242,48.77407],[92.17263,48.77159],[92.17283,48.76835],[92.17278,48.76534],[92.17306,48.76323],[92.1722,48.7604],[92.17132,48.7568],[92.17062,48.75404],[92.17004,48.75153],[92.16823,48.7475],[92.16669,48.74455],[92.16544,48.74132],[92.16403,48.73847],[92.16375,48.73775],[92.16377,48.7369],[92.16341,48.73521],[92.16238,48.73388],[92.16227,48.73351],[92.16248,48.73284],[92.16259,48.73216],[92.1628,48.73155],[92.16244,48.73052],[92.1618,48.72915],[92.16169,48.72854],[92.16182,48.72763],[92.16216,48.72674],[92.16212,48.72465],[92.16192,48.72221],[92.1618,48.72041],[92.16167,48.72012],[92.16122,48.71914],[92.16126,48.71857],[92.1616,48.71768],[92.16152,48.71707],[92.16139,48.71644],[92.16087,48.71348],[92.16079,48.71297],[92.16004,48.71118],[92.15984,48.71032],[92.15969,48.70931],[92.15836,48.70672],[92.15778,48.70524],[92.15695,48.70313],[92.15641,48.70109],[92.15602,48.6993],[92.15487,48.69454],[92.15461,48.69284],[92.15369,48.68987],[92.15319,48.6877],[92.15257,48.68221],[92.15233,48.67786],[92.15235,48.67614],[92.15235,48.67308],[92.15216,48.67191],[92.15111,48.66765],[92.15126,48.66591],[92.1515,48.66369],[92.15113,48.65929],[92.15057,48.65609],[92.15066,48.65259],[92.15105,48.64672],[92.15128,48.6442],[92.15105,48.6421],[92.15062,48.63929],[92.15042,48.63713],[92.15032,48.6358],[92.15027,48.63479],[92.14997,48.63219],[92.14929,48.62968],[92.14538,48.6249],[92.14216,48.62124],[92.13965,48.61841],[92.13856,48.61728],[92.13766,48.61356],[92.13633,48.61212],[92.13615,48.61101],[92.13388,48.60928],[92.131,48.60692],[92.13018,48.6061],[92.12326,48.60074],[92.1207,48.59874],[92.11978,48.59666],[92.11858,48.59228],[92.11802,48.59123],[92.11478,48.58954],[92.11341,48.58836],[92.11317,48.58688],[92.11352,48.58525],[92.11377,48.58334],[92.11326,48.58258],[92.11317,48.58207],[92.11292,48.57979],[92.11313,48.57921],[92.11244,48.57797],[92.11154,48.57537],[92.10916,48.57233],[92.10824,48.57094],[92.10817,48.56988],[92.10811,48.56917],[92.1074,48.5685],[92.10607,48.5678],[92.10493,48.56681],[92.10412,48.56549],[92.10382,48.56498],[92.10238,48.56437],[92.10053,48.56452],[92.09706,48.56332],[92.09425,48.56222],[92.0933,48.56173],[92.09157,48.56035],[92.08955,48.5587],[92.08708,48.55671],[92.08652,48.55413],[92.08622,48.55284],[92.08616,48.55099],[92.08554,48.54973],[92.0852,48.54815],[92.08541,48.54663],[92.08493,48.54572],[92.08575,48.54461],[92.08569,48.54424],[92.08515,48.54325],[92.08485,48.54235],[92.08466,48.54062],[92.08438,48.53874],[92.08363,48.53661],[92.08333,48.53515],[92.08296,48.53282],[92.08242,48.52829],[92.08195,48.52517],[92.08157,48.52232],[92.08107,48.52033],[92.08047,48.51665],[92.08075,48.51355],[92.08062,48.51193],[92.07976,48.50843],[92.07895,48.50631],[92.07828,48.50529],[92.0776,48.50402],[92.07558,48.50168],[92.07498,48.50075],[92.07442,48.49794],[92.0727,48.49472],[92.07161,48.4931],[92.07172,48.49262],[92.07146,48.49168],[92.07163,48.49113],[92.07174,48.49071],[92.07178,48.49032],[92.07193,48.49003],[92.07112,48.48858],[92.07017,48.48798],[92.06906,48.48602],[92.06931,48.48554],[92.0677,48.48204],[92.06762,48.48148],[92.0679,48.48079],[92.06921,48.47907],[92.06996,48.47791],[92.07019,48.4771],[92.06951,48.47611],[92.06873,48.47504],[92.06903,48.47333],[92.06923,48.47163],[92.06906,48.46956],[92.0691,48.46761],[92.06826,48.46612],[92.06798,48.46567],[92.06764,48.46495],[92.06764,48.46218],[92.06697,48.45925],[92.06674,48.45666],[92.06556,48.45497],[92.06307,48.45275],[92.06011,48.45084],[92.05856,48.44994],[92.05753,48.44873],[92.05517,48.44764],[92.05459,48.44645],[92.05243,48.44282],[92.0523,48.44263],[92.05116,48.44083],[92.04846,48.43803],[92.04728,48.4371],[92.04603,48.43572],[92.0453,48.43494],[92.04466,48.43314],[92.04361,48.43162],[92.04174,48.42914],[92.03904,48.42442],[92.03717,48.42163],[92.03676,48.41745],[92.03601,48.41167],[92.03608,48.40525],[92.03627,48.39811],[92.03631,48.39634],[92.03614,48.39496],[92.03571,48.39351],[92.03382,48.3925],[92.03189,48.3916],[92.03,48.39037],[92.02818,48.39033],[92.02659,48.39002],[92.02513,48.38936],[92.02391,48.38933],[92.02226,48.38933],[92.02153,48.38946],[92.02122,48.38952],[92.02101,48.38955],[92.02077,48.38958],[92.02054,48.38959],[92.02032,48.3896],[92.02011,48.38959],[92.01993,48.38954],[92.0198,48.38947],[92.01972,48.38939],[92.01955,48.38923],[92.0185,48.38893],[92.01736,48.38845],[92.01586,48.38752],[92.01499,48.38689]]}},{"type":"Feature","properties":{},"geometry":{"type":"LineString","coordinates":[[92.19115,48.85051],[92.19109,48.85044],[92.19106,48.8504]]}},{"type":"Feature","properties":{},"geometry":{"type":"LineString","coordinates":[[92.58229,49.38453],[92.58222,49.38436],[92.58236,49.384],[92.58229,49.38364],[92.58218,49.38333],[92.58221,49.38288],[92.58243,49.38259],[92.58243,49.38244],[92.58237,49.38231],[92.58232,49.38221],[92.58201,49.38181],[92.58132,49.38103],[92.58088,49.38054],[92.58059,49.38032],[92.58025,49.38008],[92.57993,49.37987],[92.57972,49.37952],[92.57956,49.37908],[92.57937,49.37862],[92.57888,49.37771],[92.57819,49.37634],[92.57802,49.37589],[92.57781,49.37535],[92.57685,49.37347],[92.57595,49.37208],[92.57554,49.37146],[92.57496,49.37025],[92.57447,49.36895],[92.57438,49.3683],[92.57434,49.36809],[92.57411,49.36682],[92.57342,49.36573],[92.57239,49.36495],[92.57177,49.36432],[92.5708,49.36276],[92.5699,49.36172],[92.56857,49.3602],[92.56722,49.35842],[92.5666,49.35764],[92.56608,49.35704],[92.56589,49.35641],[92.56561,49.35608],[92.56505,49.35575],[92.56402,49.35497],[92.56357,49.35437],[92.56342,49.35402],[92.56278,49.35332],[92.56196,49.35248],[92.56125,49.35153],[92.56037,49.35022],[92.55977,49.3492],[92.55848,49.34685],[92.55808,49.34547],[92.55806,49.34545],[92.55802,49.34543],[92.55793,49.3454],[92.5578,49.34537],[92.55763,49.34532],[92.55749,49.34528],[92.55736,49.34523],[92.55729,49.34518],[92.55725,49.3451],[92.55722,49.34482],[92.55636,49.34193],[92.5558,49.33996],[92.55589,49.33775],[92.55606,49.33712],[92.55606,49.33648],[92.55578,49.33597],[92.55589,49.33558],[92.55602,49.33543],[92.55614,49.33529],[92.55617,49.33522],[92.55619,49.33515],[92.55618,49.33509],[92.55615,49.33503],[92.5561,49.33498],[92.55593,49.33481],[92.55578,49.33451],[92.55584,49.33385],[92.55597,49.33348],[92.55627,49.33288],[92.55623,49.33228],[92.55651,49.33132],[92.5569,49.33044],[92.55709,49.32988],[92.55698,49.32949],[92.55677,49.32887],[92.55653,49.32807],[92.55593,49.32697],[92.55516,49.32612],[92.55473,49.32565],[92.55441,49.32528],[92.55411,49.32498],[92.55404,49.32445],[92.55372,49.32391],[92.55346,49.32339],[92.55314,49.32259],[92.55293,49.32198],[92.55248,49.32118],[92.55207,49.32007],[92.5516,49.31922],[92.55142,49.31894],[92.55104,49.31859],[92.55086,49.31848],[92.55075,49.31838],[92.55069,49.31828],[92.55065,49.31817],[92.5506,49.31802],[92.55037,49.31754],[92.55007,49.31702],[92.54975,49.31663],[92.5496,49.31628],[92.5493,49.31593],[92.54904,49.31569],[92.54898,49.31536],[92.54879,49.31463],[92.54853,49.31389],[92.54844,49.31312],[92.54833,49.31237],[92.54827,49.31153],[92.54797,49.31081],[92.54812,49.31007],[92.54808,49.30958],[92.54795,49.30925],[92.54814,49.30864],[92.54797,49.30814],[92.54827,49.30764],[92.54823,49.30701],[92.54821,49.30642],[92.54831,49.30558],[92.54823,49.30498],[92.54816,49.30436],[92.54778,49.30386],[92.54758,49.30322],[92.54743,49.30249],[92.54647,49.30053],[92.54544,49.29913],[92.54516,49.29843],[92.54308,49.29504],[92.5417,49.29258],[92.54166,49.29031],[92.54102,49.28715],[92.54063,49.28519],[92.54055,49.2834],[92.54076,49.28236],[92.54077,49.28193],[92.5408,49.28063],[92.54042,49.27721],[92.53939,49.27312],[92.53926,49.27254],[92.53913,49.26951],[92.53874,49.2668],[92.53844,49.26316],[92.53849,49.25965],[92.53827,49.25613],[92.53819,49.254],[92.53866,49.25313],[92.53887,49.25167],[92.53879,49.24994],[92.53857,49.2468],[92.53857,49.24341],[92.53746,49.23906],[92.5366,49.23607],[92.5351,49.23324],[92.53402,49.23184],[92.53351,49.23029],[92.53338,49.22948],[92.53316,49.22819],[92.53325,49.22629],[92.53346,49.22542],[92.53321,49.22432],[92.53342,49.22371],[92.53261,49.22124],[92.53248,49.22026],[92.53145,49.21866],[92.53076,49.21726],[92.53055,49.21496],[92.53025,49.21135],[92.53007,49.20997],[92.52956,49.20854],[92.52982,49.20742],[92.52956,49.20599],[92.52964,49.2042],[92.52982,49.20327],[92.52986,49.2019],[92.5293,49.19996],[92.52853,49.19763],[92.52763,49.19489],[92.52698,49.19337],[92.52587,49.19096],[92.52398,49.18762],[92.52278,49.18608],[92.52179,49.18448],[92.52046,49.18274],[92.51939,49.18114],[92.5187,49.18022],[92.5178,49.17957],[92.5175,49.17895],[92.51686,49.17828],[92.51613,49.17601],[92.51454,49.17191],[92.51342,49.16902],[92.51252,49.16768],[92.51239,49.16706],[92.51248,49.16366],[92.51218,49.16201],[92.51201,49.16133],[92.51149,49.16021],[92.51076,49.15892],[92.51025,49.15777],[92.51011,49.15738],[92.50957,49.15517],[92.5091,49.15366],[92.50882,49.15255],[92.50761,49.14992],[92.50696,49.14872],[92.50674,49.14775],[92.50666,49.14725],[92.50627,49.14372],[92.50599,49.14192],[92.50518,49.13957],[92.50509,49.13808],[92.50487,49.13766],[92.50464,49.13701],[92.50428,49.13625],[92.50394,49.13558],[92.50407,49.13499],[92.50321,49.13364],[92.50312,49.13266],[92.50293,49.13197],[92.50261,49.13144],[92.5025,49.13016],[92.50239,49.12902],[92.50244,49.12745],[92.50244,49.12641],[92.50194,49.12449],[92.50093,49.12244],[92.50102,49.12085],[92.50014,49.1194],[92.49948,49.1185],[92.4989,49.11652],[92.49832,49.11602],[92.49812,49.11482],[92.49759,49.11394],[92.49718,49.1129],[92.49671,49.11138],[92.49596,49.10977],[92.49563,49.10765],[92.49536,49.1072],[92.49551,49.10589],[92.49475,49.10419],[92.49443,49.10269],[92.49436,49.10242],[92.49436,49.10223],[92.49434,49.1021],[92.49429,49.10195],[92.49422,49.10182],[92.49407,49.10164],[92.4939,49.10143],[92.49372,49.10125],[92.49353,49.10104],[92.49287,49.09923],[92.49194,49.098],[92.49109,49.09614],[92.49053,49.0952],[92.48905,49.0919],[92.48857,49.0909],[92.48802,49.0903],[92.48639,49.08844],[92.48602,49.08751],[92.48609,49.08656],[92.48591,49.08605],[92.48598,49.085],[92.48581,49.0842],[92.48533,49.08362],[92.48493,49.08286],[92.48506,49.08206],[92.48495,49.08127],[92.48488,49.08106],[92.48506,49.08044],[92.48501,49.08023],[92.48467,49.07981],[92.48463,49.07836],[92.48458,49.07758],[92.48443,49.07654],[92.4843,49.0755],[92.48437,49.07515],[92.4843,49.07385],[92.48433,49.07283],[92.48493,49.07157],[92.48473,49.06987],[92.48482,49.06921],[92.48456,49.06608],[92.48407,49.06525],[92.48343,49.06336],[92.48194,49.06165],[92.48085,49.05964],[92.48008,49.05802],[92.47881,49.05577],[92.47735,49.05358],[92.47624,49.05252],[92.47484,49.05115],[92.4731,49.04949],[92.47192,49.04832],[92.4668,49.04228],[92.46409,49.03951],[92.46229,49.03759],[92.456,49.0303],[92.45253,49.02691],[92.44725,49.02211],[92.44354,49.01802],[92.44152,49.01564],[92.4383,49.01115],[92.43489,49.00867],[92.4318,49.00626],[92.42961,49.00387],[92.42706,49.00214],[92.42609,49.00142],[92.42538,49.00056],[92.42418,48.99747],[92.42337,48.99479],[92.4209,48.98929],[92.41959,48.98575],[92.41884,48.9836],[92.41776,48.98075],[92.41596,48.97787],[92.41358,48.9754],[92.41128,48.97271],[92.40708,48.96854],[92.40637,48.96776],[92.40313,48.96416],[92.40017,48.96091],[92.3939,48.95499],[92.39017,48.9507],[92.38747,48.94887],[92.38591,48.94713],[92.38538,48.94653],[92.38294,48.94343],[92.38036,48.94081],[92.37921,48.9394],[92.37749,48.93672],[92.3756,48.93383],[92.37491,48.93306],[92.37463,48.93233],[92.37376,48.93051],[92.37288,48.92873],[92.37232,48.92708],[92.37202,48.92624],[92.37094,48.92521],[92.37013,48.9246],[92.37,48.9239],[92.36999,48.9236],[92.36998,48.92333],[92.36994,48.92321],[92.36989,48.9231],[92.36979,48.923],[92.36966,48.92293],[92.3695,48.92288],[92.36863,48.92253],[92.36809,48.92225],[92.36749,48.9215],[92.36667,48.92079],[92.36549,48.9202],[92.35878,48.91656],[92.35768,48.91576],[92.35719,48.91541],[92.35294,48.91356],[92.35041,48.91212],[92.34904,48.91126],[92.3474,48.91051],[92.34644,48.91012],[92.34558,48.90961],[92.34438,48.90953],[92.34331,48.90912],[92.34065,48.90862],[92.33794,48.90802],[92.337,48.90761],[92.33535,48.9074],[92.33324,48.90649],[92.33204,48.9057],[92.32998,48.9046],[92.32771,48.9035],[92.32421,48.90183],[92.32157,48.90136],[92.31867,48.90088],[92.31447,48.9007],[92.31288,48.90067],[92.3087,48.90003],[92.30623,48.89926],[92.30458,48.89828],[92.30294,48.89807],[92.29921,48.89707],[92.29818,48.89702],[92.29717,48.89654],[92.29507,48.89617],[92.29258,48.89555],[92.29018,48.89504],[92.28814,48.89443],[92.28601,48.89336],[92.28463,48.89302],[92.28357,48.89275],[92.27492,48.89003],[92.2661,48.88773],[92.25924,48.88528],[92.25205,48.88194],[92.24992,48.88095],[92.24325,48.87733],[92.24063,48.87565],[92.23728,48.87331],[92.23522,48.87172],[92.23372,48.87109],[92.23166,48.86973],[92.23005,48.86888],[92.22797,48.86802],[92.22389,48.86637],[92.2207,48.86522],[92.21581,48.86287],[92.21295,48.86164],[92.20716,48.85945],[92.20299,48.85777],[92.19965,48.856],[92.19707,48.85437],[92.19426,48.8529],[92.19248,48.85187],[92.19151,48.85137],[92.19121,48.85101],[92.19119,48.85057],[92.19115,48.85051]]}},{"type":"Feature","properties":{},"geometry":{"type":"LineString","coordinates":[[102.5534,47.66875],[102.55365,47.669],[102.55374,47.66929],[102.55367,47.66951],[102.55362,47.66969],[102.55317,47.67023],[102.55313,47.67067],[102.55329,47.67107],[102.55336,47.67123],[102.55342,47.67138],[102.55353,47.67164],[102.55349,47.67205],[102.55348,47.67229],[102.55328,47.67295],[102.55319,47.67327],[102.55306,47.67357],[102.55299,47.67372],[102.55285,47.67407],[102.55283,47.67451],[102.5529,47.67513],[102.55291,47.67631],[102.55809,47.69061],[102.56733,47.71613],[102.5793,47.72249],[102.58357,47.74347],[102.60625,47.77019],[102.60752,47.77169],[102.61205,47.7728],[102.61372,47.7738],[102.61612,47.77464],[102.61797,47.77412],[102.6207,47.77406],[102.62103,47.77413],[102.62126,47.77421],[102.62148,47.77435],[102.62172,47.77454],[102.62232,47.77499],[102.62259,47.77532],[102.62275,47.77549],[102.62293,47.77574],[102.62345,47.77674],[102.62406,47.77804],[102.62411,47.77819],[102.62422,47.77858],[102.62432,47.77885],[102.62441,47.77897],[102.62454,47.77908],[102.62475,47.77922],[102.62493,47.77931],[102.62509,47.77937],[102.62533,47.77945],[102.62551,47.77947],[102.6259,47.77951],[102.62625,47.77951],[102.62667,47.77952],[102.62692,47.77955],[102.62718,47.77959],[102.62883,47.78012],[102.63117,47.78033]]}},{"type":"Feature","properties":{},"geometry":{"type":"LineString","coordinates":[[98.67598,49.52973],[98.67488,49.53023]]}},{"type":"Feature","properties":{},"geometry":{"type":"LineString","coordinates":[[98.67436,49.5291],[98.6749,49.52941],[98.67544,49.52963],[98.67563,49.52967],[98.67598,49.52973]]}},{"type":"Feature","properties":{},"geometry":{"type":"LineString","coordinates":[[106.91109,47.90256],[106.91105,47.90254],[106.91101,47.90253],[106.91097,47.90253],[106.91093,47.90253],[106.91088,47.90254],[106.91084,47.90256],[106.91081,47.90257],[106.91079,47.90259],[106.91077,47.90266]]}},{"type":"Feature","properties":{},"geometry":{"type":"LineString","coordinates":[[113.34237,46.79199],[113.34297,46.79129],[113.34306,46.79057],[113.34289,46.78996],[113.34304,46.78918],[113.34272,46.78788],[113.34244,46.78617],[113.343,46.78539],[113.34276,46.78334],[113.3422,46.78137],[113.34179,46.78008],[113.3419,46.7789],[113.34325,46.77755]]}},{"type":"Feature","properties":{},"geometry":{"type":"LineString","coordinates":[[112.16437,47.76382],[112.16496,47.76217]]}},{"type":"Feature","properties":{},"geometry":{"type":"LineString","coordinates":[[112.11887,47.78425],[112.11894,47.78406]]}},{"type":"Feature","properties":{},"geometry":{"type":"LineString","coordinates":[[112.35187,47.57218],[112.3516,47.57105]]}},{"type":"Feature","properties":{},"geometry":{"type":"LineString","coordinates":[[112.3516,47.57105],[112.35188,47.57033],[112.35211,47.56994],[112.35265,47.56972],[112.3534,47.56924],[112.35413,47.56882],[112.3554,47.56829],[112.35675,47.56767],[112.35855,47.56672],[112.3607,47.56518],[112.36407,47.56358],[112.36874,47.56092],[112.37087,47.55972],[112.37426,47.55744],[112.37585,47.55701],[112.37698,47.5563],[112.37765,47.55591],[112.37885,47.55546],[112.38022,47.55507],[112.38108,47.5543],[112.38297,47.5535],[112.38398,47.55323],[112.38608,47.55233],[112.38997,47.55058],[112.39069,47.54994],[112.39228,47.54951],[112.39664,47.54765],[112.39743,47.54754],[112.40076,47.54597],[112.40732,47.54299],[112.41159,47.54127],[112.4193,47.53812],[112.42741,47.53499],[112.43507,47.53181],[112.44189,47.52873],[112.44518,47.52624],[112.447,47.52263],[112.449,47.52129],[112.45436,47.51865],[112.46028,47.51629],[112.46949,47.51279],[112.47848,47.5093],[112.48281,47.50753],[112.49157,47.50443],[112.49674,47.50233],[112.49998,47.50063],[112.50262,47.49875],[112.50532,47.49694],[112.50818,47.49504],[112.51127,47.49383],[112.51315,47.4925],[112.51513,47.49093],[112.51708,47.4898],[112.52148,47.48719],[112.52382,47.48595],[112.52635,47.48432],[112.52916,47.48271],[112.5332,47.48063],[112.53532,47.47939],[112.53813,47.47803],[112.53965,47.47765],[112.54111,47.47709],[112.54281,47.47672],[112.54519,47.47645],[112.54845,47.47623],[112.55013,47.47617],[112.55167,47.47591],[112.55313,47.47549],[112.55409,47.47478],[112.5553,47.47403],[112.55712,47.47265],[112.55974,47.4705],[112.56197,47.46818],[112.56437,47.46593],[112.56768,47.46307],[112.56924,47.46229],[112.57002,47.46174],[112.57015,47.46084],[112.57055,47.4602],[112.57231,47.45842],[112.57512,47.45594],[112.57697,47.45453],[112.57969,47.45375],[112.58152,47.45289],[112.58353,47.45176],[112.58519,47.45071],[112.58806,47.44932],[112.58974,47.4481],[112.59113,47.4473],[112.59272,47.44651],[112.59388,47.4455],[112.5948,47.44382],[112.59592,47.44256],[112.59707,47.44151],[112.59868,47.44003],[112.5995,47.43967],[112.60019,47.43864],[112.60066,47.43838],[112.60167,47.4378],[112.60323,47.43656],[112.60433,47.43643],[112.60549,47.4361],[112.60948,47.43474],[112.6136,47.43339],[112.61624,47.43292],[112.62364,47.43176],[112.63139,47.43006],[112.63669,47.42916],[112.63711,47.42893],[112.63724,47.42877],[112.63726,47.42861],[112.63707,47.428],[112.63649,47.42604],[112.63638,47.42537],[112.63767,47.42263],[112.6396,47.41926],[112.64083,47.41665],[112.64186,47.41514],[112.64379,47.41339],[112.64542,47.41171],[112.64645,47.41049],[112.64731,47.40913],[112.6481,47.40859],[112.64825,47.40782],[112.64851,47.40602],[112.64862,47.40362],[112.64879,47.40183],[112.64924,47.39993],[112.65012,47.39825],[112.6507,47.3979],[112.65267,47.39671],[112.654,47.39544],[112.65445,47.39483],[112.65662,47.39318],[112.65909,47.39162],[112.66076,47.39051],[112.66179,47.39019],[112.66366,47.38975],[112.66533,47.38947],[112.66591,47.38923],[112.66855,47.38897],[112.67164,47.38891],[112.67286,47.38821],[112.67602,47.38764],[112.68104,47.3865],[112.68533,47.38565],[112.69078,47.38451],[112.69514,47.38356],[112.69792,47.38363],[112.70046,47.38398],[112.70142,47.38375],[112.70398,47.38342],[112.70765,47.38265],[112.70951,47.38241],[112.71314,47.38169],[112.71345,47.38165],[112.71398,47.38164],[112.71477,47.38141],[112.71596,47.38135],[112.71706,47.38127],[112.71915,47.38102],[112.72367,47.38041],[112.72801,47.37977],[112.72919,47.37974],[112.72998,47.37957],[112.73091,47.37957],[112.73252,47.37935],[112.73522,47.37897],[112.73854,47.37843],[112.73942,47.37843],[112.74095,47.37832],[112.74301,47.37772],[112.7449,47.37755],[112.74681,47.37704],[112.74844,47.37667],[112.74955,47.37631],[112.75116,47.37585],[112.75408,47.37516],[112.75689,47.37471],[112.75957,47.37425],[112.76002,47.37425],[112.76086,47.37413],[112.76361,47.37365],[112.76685,47.37307],[112.76972,47.37269],[112.77425,47.37198],[112.77702,47.37152],[112.77929,47.37122],[112.78223,47.37079],[112.78461,47.37045],[112.7851,47.37031],[112.78589,47.37009],[112.7868,47.3699],[112.78775,47.36984],[112.78802,47.36979],[112.78916,47.36942],[112.79062,47.36891],[112.79197,47.36855],[112.79367,47.36756],[112.7953,47.36534],[112.79661,47.36381],[112.79681,47.36364],[112.7971,47.36358],[112.79737,47.36357],[112.79796,47.36365],[112.79851,47.36359],[112.7987,47.36359],[112.79923,47.36348],[112.80016,47.36344],[112.80144,47.36335],[112.80468,47.36298],[112.80815,47.36282],[112.80993,47.36277],[112.81043,47.36272],[112.81254,47.36257],[112.81468,47.36247],[112.81508,47.3624],[112.81556,47.36221],[112.8168,47.36181],[112.81725,47.36151],[112.81766,47.36108],[112.81878,47.35935],[112.81974,47.35736],[112.82116,47.35525],[112.82174,47.3539],[112.8221,47.35194],[112.82232,47.35021],[112.82268,47.34883],[112.82332,47.34744],[112.82362,47.3472],[112.82468,47.34662],[112.82577,47.34589],[112.82832,47.3448],[112.83156,47.34339],[112.83253,47.34263],[112.83266,47.34255],[112.83319,47.34237],[112.83377,47.34214],[112.83391,47.34206],[112.83407,47.34182],[112.83532,47.34102],[112.83822,47.33926],[112.84133,47.3374],[112.8457,47.33525],[112.84716,47.33394],[112.84802,47.33318],[112.84931,47.33228],[112.85203,47.33068],[112.85635,47.32848],[112.86051,47.32688],[112.86311,47.32515],[112.86618,47.3229],[112.87126,47.31933],[112.87529,47.31603],[112.87901,47.31322],[112.88195,47.31117],[112.88523,47.3087],[112.88894,47.30585],[112.89162,47.30374],[112.89467,47.30166],[112.89868,47.29881],[112.90267,47.29616],[112.90619,47.29377],[112.90976,47.29163],[112.91139,47.29012],[112.91336,47.28875],[112.9154,47.28753],[112.91915,47.28483],[112.92192,47.28122],[112.92546,47.27814],[112.92922,47.27559],[112.92952,47.27466],[112.93008,47.27163],[112.9307,47.26856],[112.93151,47.26557],[112.93278,47.26276],[112.93357,47.26048],[112.93407,47.25887],[112.93478,47.25714],[112.93531,47.25357],[112.93666,47.25028],[112.93675,47.24894],[112.93729,47.24737],[112.93778,47.24523],[112.93885,47.24272],[112.9396,47.24055],[112.94115,47.2364],[112.94222,47.23363],[112.94344,47.22989],[112.94563,47.22671],[112.94756,47.22267],[112.95016,47.22019],[112.95291,47.21817],[112.95434,47.21582],[112.95561,47.2138],[112.95827,47.21082],[112.96042,47.20754],[112.96113,47.20374],[112.96115,47.20092],[112.96065,47.19759],[112.96072,47.19248],[112.96061,47.1893],[112.961,47.18553],[112.96192,47.18104],[112.96243,47.17914],[112.96306,47.1771],[112.9625,47.17568],[112.96226,47.17349],[112.9628,47.17071],[112.96385,47.16924],[112.9661,47.16692],[112.9681,47.16454],[112.96894,47.16428],[112.96962,47.16341],[112.97063,47.16219],[112.9719,47.16088],[112.97389,47.16004],[112.97653,47.15895],[112.98091,47.15708],[112.98348,47.15594],[112.98677,47.15408],[112.98981,47.15241],[112.99147,47.15088],[112.99299,47.14951],[112.99514,47.14715],[112.99859,47.14423],[113.00024,47.14234],[113.00185,47.14048],[113.00372,47.13852],[113.00441,47.13757],[113.00597,47.13576],[113.00642,47.13503],[113.00868,47.13331],[113.01048,47.13153],[113.01284,47.12992],[113.01511,47.12791],[113.01711,47.12567],[113.01973,47.12302],[113.02166,47.12116],[113.02387,47.11868],[113.02477,47.11751],[113.02713,47.11589],[113.02889,47.11472],[113.03024,47.11336],[113.0308,47.11218],[113.03151,47.1106],[113.03243,47.10866],[113.03307,47.10691],[113.03337,47.10568],[113.03408,47.10361],[113.03466,47.10221],[113.0355,47.1013],[113.03696,47.1001],[113.03938,47.09812],[113.0414,47.09655],[113.04346,47.09569],[113.04526,47.0946],[113.04683,47.09325],[113.04829,47.09201],[113.04966,47.09137],[113.05052,47.09074],[113.05084,47.0902],[113.05256,47.08899],[113.05605,47.08678],[113.05938,47.08478],[113.06123,47.08355],[113.06341,47.0824],[113.06539,47.08107],[113.06588,47.08021],[113.06665,47.07782],[113.06715,47.07527],[113.06775,47.07291],[113.06882,47.06961],[113.06923,47.06676],[113.07024,47.06373],[113.07095,47.06154],[113.07148,47.05933],[113.07165,47.0583],[113.07215,47.05701],[113.07223,47.05605],[113.07294,47.05325],[113.07339,47.05055],[113.07391,47.04869],[113.0741,47.04637],[113.07429,47.04479],[113.07507,47.04235],[113.07603,47.04055],[113.07622,47.03955],[113.07665,47.03898],[113.07781,47.0373],[113.07983,47.03559],[113.0823,47.03321],[113.08416,47.03091],[113.08592,47.02926],[113.08736,47.02794],[113.09017,47.0256],[113.09382,47.0232],[113.09749,47.02083],[113.09921,47.01978],[113.10028,47.01933],[113.10094,47.01725],[113.1018,47.01464],[113.10313,47.01248],[113.10481,47.01031],[113.10654,47.00828],[113.1082,47.00635],[113.11081,47.00369],[113.11225,47.00168],[113.11431,46.99982],[113.11526,46.9989],[113.11528,46.99788],[113.11629,46.99587],[113.11747,46.99413],[113.11824,46.99233],[113.1203,46.99051],[113.12217,46.9888],[113.123,46.98823],[113.12564,46.98639],[113.12884,46.98384],[113.13077,46.98126],[113.13135,46.97923],[113.13204,46.97809],[113.13225,46.97675],[113.13272,46.97478],[113.13345,46.97211],[113.13444,46.96996],[113.13568,46.96816],[113.13714,46.96595],[113.13822,46.96352],[113.13888,46.96217],[113.13974,46.9611],[113.14105,46.95926],[113.14238,46.95798],[113.14388,46.9559],[113.14521,46.95472],[113.14656,46.95338],[113.14834,46.95149],[113.14948,46.95016],[113.15068,46.94906],[113.1524,46.94758],[113.15384,46.94632],[113.15525,46.94522],[113.15678,46.94405],[113.15748,46.94336],[113.15875,46.94285],[113.15995,46.94221],[113.16109,46.94182],[113.16266,46.94119],[113.16427,46.94015],[113.16547,46.93982],[113.16678,46.93938],[113.16774,46.93881],[113.16907,46.93835],[113.16969,46.93769],[113.17029,46.9374],[113.17197,46.9362],[113.17345,46.93497],[113.17467,46.93368],[113.17572,46.93259],[113.17575,46.93141],[113.17575,46.93013],[113.17596,46.92848],[113.17583,46.92774],[113.17536,46.9257],[113.17521,46.92505],[113.1751,46.92411],[113.17517,46.92375],[113.17524,46.92367],[113.17528,46.92363],[113.17534,46.92357],[113.17594,46.92304],[113.17605,46.92267],[113.17595,46.92166],[113.17609,46.91834],[113.17553,46.91583],[113.17525,46.91378],[113.17525,46.91279],[113.17467,46.91107],[113.17459,46.90991],[113.1742,46.90909],[113.17371,46.90551],[113.1733,46.90268],[113.17199,46.90044],[113.17055,46.89965],[113.16997,46.89856],[113.16929,46.89743],[113.16909,46.89645],[113.16869,46.89539],[113.1665,46.89415],[113.16375,46.89149],[113.16115,46.88749],[113.16002,46.88673],[113.15942,46.88516],[113.15806,46.88143],[113.15791,46.88013],[113.15714,46.8779],[113.15708,46.87611],[113.15678,46.86998],[113.15635,46.8648],[113.15605,46.8606],[113.15598,46.85564],[113.15663,46.8514],[113.15658,46.84643],[113.15675,46.84365],[113.1568,46.84283],[113.15832,46.83981],[113.15987,46.83744],[113.161,46.83416],[113.16154,46.83204],[113.16452,46.82919],[113.16592,46.82724],[113.16628,46.8262],[113.16667,46.82428],[113.16635,46.82171],[113.16716,46.81887],[113.16781,46.81604],[113.16755,46.81523],[113.16753,46.81188],[113.16828,46.80873],[113.16839,46.80552],[113.1689,46.80439],[113.16873,46.80229],[113.16933,46.80028],[113.16989,46.79881],[113.17117,46.79593],[113.17272,46.79379],[113.17506,46.79213],[113.17607,46.79076],[113.17748,46.78953],[113.18029,46.78759],[113.18145,46.78656],[113.1833,46.78459],[113.18441,46.78341],[113.18551,46.78227],[113.18742,46.78053],[113.18879,46.77946],[113.191,46.77852],[113.19177,46.77829],[113.19263,46.77758],[113.19377,46.77688],[113.19592,46.77445],[113.19924,46.77069],[113.20293,46.76701],[113.20491,46.76474],[113.20808,46.76197],[113.20941,46.76068],[113.21285,46.75765],[113.21707,46.75484],[113.22091,46.75267],[113.22396,46.75018],[113.22806,46.74757],[113.23022,46.74534],[113.2312,46.74449],[113.23266,46.74351],[113.23291,46.74248],[113.23387,46.74045],[113.23374,46.73972],[113.23467,46.7365],[113.23485,46.7318],[113.23496,46.72487],[113.23705,46.72004],[113.23903,46.71623],[113.24177,46.71075],[113.24447,46.70812],[113.24666,46.70638],[113.24748,46.70573],[113.24997,46.70421],[113.25238,46.70337],[113.25389,46.70258],[113.25504,46.70167],[113.25581,46.70081],[113.25637,46.70032],[113.25661,46.69985],[113.25699,46.6991],[113.25744,46.69792],[113.25785,46.69708],[113.25799,46.69668],[113.25806,46.69646],[113.25812,46.69623],[113.25829,46.69576],[113.2584,46.69531],[113.25857,46.6948],[113.25897,46.69391],[113.25934,46.6931],[113.25949,46.69272],[113.25976,46.69211],[113.25982,46.69184],[113.25976,46.69156],[113.25966,46.69123],[113.25965,46.69099],[113.25969,46.69074],[113.25976,46.69031],[113.25988,46.6895],[113.25989,46.68942],[113.25993,46.68893],[113.25996,46.68875],[113.25996,46.68862],[113.25989,46.68836],[113.25981,46.68816]]}},{"type":"Feature","properties":{},"geometry":{"type":"LineString","coordinates":[[92.21719,49.90811],[92.21731,49.90878]]}},{"type":"Feature","properties":{},"geometry":{"type":"LineString","coordinates":[[97.97462,49.1511],[97.97478,49.15121]]}},{"type":"Feature","properties":{},"geometry":{"type":"LineString","coordinates":[[102.53932,47.66359],[102.54118,47.66437],[102.54244,47.66464],[102.54361,47.66477],[102.5452,47.66497],[102.54603,47.66502],[102.5467,47.66519],[102.54748,47.66535],[102.54828,47.6657],[102.54926,47.66597],[102.55039,47.66632],[102.55213,47.66703],[102.55224,47.6672],[102.5524,47.66772],[102.55275,47.6681],[102.55326,47.66859],[102.5534,47.66875]]}},{"type":"Feature","properties":{},"geometry":{"type":"LineString","coordinates":[[102.53932,47.66359],[102.53866,47.66319],[102.53791,47.66272],[102.53664,47.66224],[102.53607,47.66175]]}},{"type":"Feature","properties":{},"geometry":{"type":"LineString","coordinates":[[91.62697,47.97337],[91.6279,47.97573]]}},{"type":"Feature","properties":{},"geometry":{"type":"LineString","coordinates":[[94.41037,49.6567],[94.40802,49.65648],[94.40738,49.65644],[94.40626,49.65637],[94.40548,49.65675],[94.40489,49.65689],[94.40451,49.65718],[94.40391,49.65728],[94.4019,49.65758],[94.40124,49.65764],[94.39987,49.65789],[94.39863,49.65842],[94.39835,49.65847],[94.39748,49.65888],[94.39723,49.65905],[94.39628,49.65935],[94.39586,49.65953],[94.39535,49.65977],[94.39522,49.65983]]}},{"type":"Feature","properties":{},"geometry":{"type":"LineString","coordinates":[[94.29972,49.69878],[94.29949,49.69889],[94.29937,49.69901],[94.29898,49.69977],[94.2988,49.70045],[94.29877,49.7005],[94.29866,49.70063],[94.29848,49.70076],[94.29832,49.70083],[94.29796,49.70096],[94.2978,49.70103],[94.2976,49.70116],[94.29705,49.70157],[94.29675,49.7018],[94.29663,49.70189],[94.29652,49.70199],[94.2963,49.70239],[94.29623,49.70254],[94.29621,49.70262],[94.29614,49.70276],[94.29597,49.7029],[94.29569,49.70305],[94.29537,49.70314],[94.29515,49.70319],[94.29502,49.70323],[94.2949,49.70326],[94.29445,49.70348],[94.29403,49.70366],[94.29276,49.70418],[94.29166,49.70469],[94.29043,49.70522],[94.28956,49.70561],[94.28774,49.70639],[94.28429,49.70785],[94.28283,49.70842],[94.27658,49.71114],[94.27498,49.71173],[94.27376,49.71235],[94.27251,49.7128],[94.2721,49.71295],[94.27141,49.71315],[94.27082,49.71345],[94.26946,49.71397],[94.26845,49.71428],[94.26753,49.71471],[94.26701,49.71503],[94.26653,49.71531],[94.2659,49.71557],[94.2653,49.71576],[94.26359,49.71639],[94.26168,49.71728],[94.25842,49.71863],[94.25682,49.7194],[94.25618,49.7197],[94.2555,49.71993],[94.25455,49.72051],[94.25289,49.72155],[94.25233,49.72192],[94.25033,49.72298],[94.2487,49.72392],[94.24747,49.72448],[94.24599,49.72532],[94.24338,49.72662],[94.24249,49.72696],[94.24011,49.72839],[94.23586,49.73057],[94.23461,49.73116],[94.23361,49.73184],[94.23036,49.73348],[94.22862,49.73441],[94.22747,49.73488],[94.22697,49.73523],[94.22582,49.73589],[94.22463,49.73659],[94.22424,49.73687],[94.22325,49.73775],[94.2216,49.73897],[94.22016,49.73972],[94.21669,49.74141],[94.21504,49.74236],[94.21171,49.74387],[94.20947,49.74507],[94.20654,49.74721],[94.20153,49.74993],[94.19768,49.75189],[94.19033,49.75446],[94.18964,49.75478],[94.18394,49.75756],[94.18234,49.75829],[94.17816,49.76011],[94.17572,49.76133],[94.17537,49.76151],[94.17517,49.76159],[94.174,49.76206],[94.17205,49.76293],[94.1713,49.76342],[94.1705,49.76427],[94.16853,49.76681],[94.16839,49.76697],[94.16819,49.76721],[94.16789,49.76765],[94.16655,49.76931],[94.16458,49.77173],[94.16331,49.77358],[94.16061,49.77712],[94.15703,49.78238],[94.15619,49.78321],[94.15535,49.78392],[94.15088,49.78591],[94.14699,49.78757],[94.14297,49.78926],[94.1306,49.79465],[94.12662,49.79634],[94.12614,49.79661],[94.11834,49.79996],[94.11714,49.80043],[94.11459,49.80166],[94.1136,49.80203],[94.1086,49.8042],[94.10767,49.80466],[94.10271,49.80686],[94.10192,49.80712],[94.10082,49.80762],[94.09841,49.80859],[94.09802,49.80871],[94.09091,49.81193],[94.08937,49.81253],[94.0884,49.81306],[94.08683,49.81366],[94.08359,49.81517],[94.08066,49.81635],[94.07447,49.81907],[94.071,49.82051],[94.07049,49.82077],[94.06997,49.82105],[94.06837,49.82175],[94.06684,49.82239],[94.06563,49.82292],[94.06487,49.82319],[94.06385,49.8237],[94.06341,49.82392],[94.06087,49.82499],[94.0607,49.82504],[94.06047,49.82505],[94.05818,49.82501],[94.05708,49.82496],[94.05517,49.82491],[94.05368,49.82474],[94.05303,49.8247],[94.05212,49.82466],[94.04939,49.82448],[94.048,49.82446],[94.04617,49.82445],[94.04215,49.82426],[94.03949,49.82425],[94.03694,49.82413],[94.0345,49.82391],[94.03234,49.82383],[94.0303,49.82377],[94.02937,49.82387],[94.02856,49.82399],[94.0262,49.82411],[94.02455,49.82408],[94.02269,49.82383],[94.02094,49.82366],[94.02034,49.82369],[94.01833,49.82365],[94.01684,49.8236],[94.01473,49.82347],[94.01307,49.82348],[94.01095,49.82364],[94.00935,49.82354],[94.00743,49.8236],[94.00198,49.82337],[94.0003,49.82345],[93.99993,49.82349],[93.99714,49.82392],[93.99646,49.82401],[93.99357,49.82388],[93.99137,49.82378],[93.9879,49.8235],[93.9833,49.82348],[93.98138,49.82336],[93.9779,49.8233],[93.97656,49.82346],[93.97549,49.82378],[93.97454,49.82411],[93.97351,49.82442],[93.97286,49.82467],[93.97109,49.82509],[93.96972,49.82529],[93.96838,49.82545],[93.96743,49.82559],[93.96607,49.8257],[93.96436,49.82608],[93.96368,49.82624],[93.96293,49.82644],[93.96215,49.82657],[93.96165,49.8266],[93.96122,49.82664],[93.96055,49.82682],[93.95988,49.82707],[93.95917,49.82724],[93.95789,49.82742],[93.95752,49.82751],[93.95733,49.82763],[93.9568,49.82782],[93.95605,49.82795],[93.95517,49.82836],[93.95396,49.82864],[93.95348,49.82881],[93.95198,49.82903],[93.95074,49.8293],[93.95023,49.82956],[93.94996,49.82964],[93.94966,49.82974],[93.94948,49.8299],[93.94778,49.83244],[93.94586,49.83497],[93.9438,49.83737],[93.94313,49.83773],[93.93871,49.83933],[93.92883,49.84289],[93.92646,49.84355],[93.92018,49.84524],[93.91891,49.84581],[93.9175,49.84625],[93.91402,49.8472],[93.91345,49.84746],[93.9117,49.84821],[93.90988,49.84884],[93.90919,49.84901],[93.90794,49.84929],[93.90579,49.84984],[93.90324,49.85057],[93.90143,49.85116],[93.89868,49.85166],[93.89826,49.85171],[93.89769,49.85186],[93.89734,49.85201],[93.89678,49.85212],[93.89549,49.85265],[93.88971,49.85403],[93.88879,49.85437],[93.88758,49.85469],[93.8866,49.85537],[93.88624,49.85571],[93.88604,49.85629],[93.88577,49.85672],[93.88435,49.8578],[93.88403,49.85827],[93.88388,49.85863],[93.8839,49.86011],[93.88408,49.86117],[93.88392,49.86188],[93.88351,49.86286],[93.88341,49.86306],[93.8833,49.86317],[93.88202,49.86414],[93.8801,49.86486],[93.87809,49.86569],[93.87705,49.86618],[93.8749,49.86692],[93.87344,49.86756],[93.87199,49.86842],[93.87127,49.86897],[93.86998,49.86984],[93.86922,49.87025],[93.86881,49.87055],[93.86856,49.87083],[93.86786,49.87146],[93.86722,49.87197],[93.86681,49.87241],[93.86653,49.87266],[93.86616,49.87293],[93.86551,49.87331],[93.86526,49.87344],[93.86415,49.8739],[93.86377,49.87405],[93.86323,49.87422],[93.8626,49.87439],[93.86203,49.87459],[93.86136,49.87477],[93.86065,49.87491],[93.86029,49.87494],[93.85967,49.87499],[93.85904,49.87521],[93.85813,49.87555],[93.85694,49.87577],[93.85574,49.87582],[93.85399,49.87606],[93.85327,49.87614],[93.85258,49.8763],[93.85073,49.87711],[93.84752,49.87945],[93.84694,49.87972],[93.84571,49.88037],[93.84516,49.88072],[93.8444,49.88103],[93.84386,49.88129],[93.84286,49.8817],[93.84113,49.88231],[93.83907,49.88305],[93.83749,49.88374],[93.83519,49.88491],[93.83255,49.88615],[93.82668,49.88854],[93.81872,49.89221],[93.81625,49.89325],[93.81416,49.89428],[93.81343,49.89464],[93.8077,49.89688],[93.80715,49.89719],[93.80571,49.89779],[93.80521,49.89794],[93.8047,49.89823],[93.80421,49.8986],[93.80372,49.899],[93.8019,49.90076],[93.79985,49.90202],[93.79962,49.90212],[93.79924,49.90219],[93.79506,49.90263],[93.79094,49.90315],[93.78978,49.90331],[93.7889,49.9034],[93.78875,49.90342]]}},{"type":"Feature","properties":{},"geometry":{"type":"LineString","coordinates":[[98.67436,49.5291],[98.67488,49.53023],[98.67541,49.53166],[98.67921,49.53628],[98.6809,49.53824],[98.68227,49.54173],[98.68437,49.54508],[98.68393,49.5488],[98.685,49.55126],[98.68779,49.55261],[98.68926,49.55495],[98.68851,49.55816],[98.689,49.562],[98.69243,49.57149],[98.69287,49.57518],[98.69437,49.58164],[98.69376,49.58572],[98.69407,49.58717],[98.69479,49.59053],[98.69453,49.59182],[98.69474,49.59336],[98.69485,49.59418],[98.69465,49.59464],[98.69447,49.59508],[98.69427,49.59554],[98.69408,49.596],[98.6939,49.59644],[98.6934,49.59687]]}},{"type":"Feature","properties":{},"geometry":{"type":"LineString","coordinates":[[105.49554,50.10779],[105.48642,50.10756],[105.45225,50.10673],[105.44985,50.10654],[105.44917,50.10649],[105.44596,50.10615],[105.44307,50.10589],[105.43622,50.10568],[105.43235,50.10556],[105.43172,50.10554],[105.43054,50.1055],[105.42277,50.10527],[105.41888,50.10522],[105.40764,50.10563]]}},{"type":"Feature","properties":{},"geometry":{"type":"LineString","coordinates":[[108.36941,47.77023],[108.36915,47.76994]]}},{"type":"Feature","properties":{},"geometry":{"type":"LineString","coordinates":[[106.91057,47.90221],[106.91068,47.90228],[106.91096,47.90246],[106.91109,47.90256]]}},{"type":"Feature","properties":{},"geometry":{"type":"LineString","coordinates":[[111.85736,43.74536],[111.85706,43.74542],[111.85687,43.74548],[111.85643,43.74565],[111.85373,43.74681],[111.85266,43.74733],[111.85179,43.74789],[111.85083,43.74873]]}},{"type":"Feature","properties":{},"geometry":{"type":"LineString","coordinates":[[106.91686,47.89705],[106.91711,47.89714],[106.91736,47.89724]]}},{"type":"Feature","properties":{},"geometry":{"type":"LineString","coordinates":[[101.22729,42.92105],[101.22805,42.91469],[101.22828,42.91355],[101.2301,42.90762],[101.23155,42.90326],[101.23284,42.89964],[101.23377,42.89693],[101.23391,42.89634],[101.23394,42.89567],[101.23358,42.89102],[101.2334,42.88595],[101.23327,42.88159],[101.23332,42.88052],[101.2342,42.87462],[101.23479,42.87086],[101.23497,42.86963],[101.23551,42.86371],[101.23595,42.86053],[101.23643,42.85826],[101.23708,42.85493],[101.23737,42.85292],[101.2382,42.8468],[101.23922,42.83976],[101.24028,42.83236],[101.24235,42.81874],[101.24252,42.81659],[101.24292,42.81082],[101.24302,42.80969],[101.24331,42.80811],[101.24424,42.8031],[101.24452,42.80184],[101.24482,42.80068],[101.24553,42.79788],[101.24571,42.79701],[101.24588,42.79574],[101.2465,42.79015],[101.24782,42.78021],[101.24812,42.77802],[101.24847,42.77545],[101.25073,42.759],[101.25281,42.7438],[101.25593,42.72112],[101.25797,42.70697],[101.26024,42.69123],[101.26122,42.68448],[101.26139,42.68314],[101.26165,42.67966],[101.26182,42.67846],[101.26208,42.67744],[101.26302,42.67453],[101.26355,42.67271],[101.26511,42.66624],[101.26659,42.66016],[101.27196,42.64176],[101.27561,42.62871],[101.27599,42.62738],[101.2779,42.62069],[101.27821,42.61958],[101.27857,42.6188],[101.27894,42.61832],[101.27961,42.61764],[101.28448,42.61345],[101.28553,42.61241],[101.28979,42.60746],[101.29024,42.6069],[101.29061,42.60637],[101.29083,42.60598],[101.291,42.6055],[101.29109,42.60507],[101.29112,42.60466],[101.29107,42.60427],[101.29096,42.60383],[101.2907,42.60323],[101.29039,42.60269],[101.28965,42.6015],[101.28564,42.59516],[101.28444,42.59334]]}},{"type":"Feature","properties":{},"geometry":{"type":"LineString","coordinates":[[105.07335,50.3382],[105.07481,50.3398],[105.0761,50.34116],[105.07688,50.34199],[105.07744,50.34275],[105.07767,50.34337],[105.07763,50.34416],[105.07761,50.3454],[105.07744,50.34687],[105.07765,50.34746],[105.078,50.34798],[105.07895,50.34867],[105.08032,50.34973],[105.08294,50.35072],[105.08508,50.35108],[105.08586,50.35129],[105.08642,50.35173],[105.08804,50.35416],[105.0901,50.35766],[105.09036,50.36097],[105.08929,50.36236],[105.08526,50.3657],[105.08255,50.36831],[105.08113,50.37047],[105.0812,50.37111],[105.08185,50.37217],[105.08208,50.37246],[105.08174,50.37307],[105.08148,50.37512],[105.08144,50.37562],[105.08032,50.37695],[105.07764,50.37797],[105.07616,50.3793],[105.07547,50.38041],[105.0756,50.38127],[105.07575,50.3819],[105.07493,50.3829],[105.07337,50.38439],[105.0723,50.38514],[105.07135,50.38574],[105.06942,50.38647],[105.06779,50.38721],[105.06597,50.38774],[105.06425,50.38819],[105.06326,50.38858],[105.06287,50.38901],[105.06261,50.38954],[105.06249,50.38978]]}},{"type":"Feature","properties":{},"geometry":{"type":"LineString","coordinates":[[114.63186,48.1343],[114.63235,48.1351],[114.63236,48.13513],[114.63235,48.13515],[114.63231,48.13516]]}},{"type":"Feature","properties":{},"geometry":{"type":"LineString","coordinates":[[102.78706,46.86632],[102.78602,46.8646],[102.78415,46.86295],[102.78205,46.86103],[102.7801,46.85891],[102.77776,46.85662],[102.77613,46.85475],[102.77465,46.85305],[102.77356,46.85087],[102.77239,46.84874],[102.77197,46.84743],[102.77076,46.84629],[102.76951,46.84485],[102.76827,46.84336],[102.76749,46.84213],[102.76616,46.83974],[102.76539,46.83782],[102.76391,46.83585],[102.76321,46.83415],[102.76383,46.83255],[102.76423,46.8312],[102.76453,46.8302],[102.76469,46.8293],[102.76469,46.82802],[102.76523,46.82589],[102.76593,46.82387],[102.76663,46.8219],[102.76622,46.82014],[102.76614,46.81885],[102.76608,46.81795],[102.76588,46.81721],[102.76588,46.81656],[102.76588,46.81556],[102.76597,46.81444],[102.76605,46.81302],[102.76597,46.81175],[102.76562,46.80988],[102.76511,46.80827],[102.76502,46.80651],[102.76519,46.80481],[102.76476,46.80358],[102.76425,46.80123],[102.7641,46.79849],[102.76386,46.79647],[102.76353,46.79413],[102.76339,46.7931],[102.76328,46.79145],[102.76305,46.79017],[102.76287,46.7884],[102.76297,46.78658],[102.76215,46.78466],[102.76221,46.78325],[102.76215,46.78133],[102.7619,46.77941],[102.76202,46.77779],[102.76202,46.77566],[102.76177,46.77353],[102.76152,46.77148],[102.76159,46.77007],[102.7619,46.76896],[102.76184,46.76679],[102.76177,46.76551]]}},{"type":"Feature","properties":{},"geometry":{"type":"LineString","coordinates":[[102.78568,46.89086],[102.7862,46.88911],[102.78656,46.88786],[102.78668,46.88645],[102.78648,46.88557],[102.78654,46.88537],[102.78688,46.88462],[102.78711,46.88354],[102.78796,46.8819],[102.78866,46.88003],[102.78936,46.87769],[102.78952,46.8761],[102.78952,46.87434],[102.78929,46.8728],[102.78851,46.87056],[102.78781,46.86838],[102.78706,46.86632]]}},{"type":"Feature","properties":{},"geometry":{"type":"LineString","coordinates":[[102.63698,47.7808],[102.63676,47.78214],[102.63613,47.78358],[102.63605,47.78429],[102.63594,47.78577],[102.63565,47.78617],[102.63535,47.78652],[102.63359,47.78769],[102.63298,47.78811],[102.63261,47.78829],[102.63238,47.78844],[102.63223,47.78859],[102.63198,47.78891],[102.63153,47.78929],[102.62914,47.79065],[102.62808,47.79145],[102.62734,47.79206],[102.62707,47.7922],[102.62676,47.79231],[102.62652,47.79237],[102.6263,47.79252],[102.62612,47.79267],[102.62571,47.79306],[102.62531,47.79336],[102.62477,47.79394],[102.62454,47.79423],[102.62442,47.79442],[102.62434,47.7947],[102.62424,47.79487],[102.62409,47.79509],[102.62386,47.79534],[102.62351,47.79573]]}},{"type":"Feature","properties":{},"geometry":{"type":"LineString","coordinates":[[102.63362,47.78051],[102.63698,47.7808]]}},{"type":"Feature","properties":{},"geometry":{"type":"LineString","coordinates":[[95.8011,49.61715],[95.80102,49.61728],[95.80096,49.61739],[95.80076,49.61815],[95.80071,49.6183],[95.80065,49.61844],[95.8,49.61982],[95.79996,49.61988],[95.79976,49.62012],[95.79967,49.62023],[95.79961,49.62035],[95.79951,49.62061],[95.79945,49.62074],[95.79929,49.621],[95.79909,49.62137],[95.79902,49.62158],[95.79897,49.62188],[95.79821,49.62439],[95.79815,49.62453],[95.79807,49.62467],[95.79769,49.62527],[95.79732,49.62581],[95.79727,49.62593],[95.79726,49.62608],[95.79735,49.6266],[95.79735,49.62676],[95.79732,49.62689],[95.79729,49.62699],[95.79686,49.62768],[95.79678,49.62778],[95.79665,49.62792],[95.79661,49.62797],[95.79658,49.62802],[95.79653,49.62815],[95.7964,49.62843],[95.79634,49.62856],[95.79617,49.62883],[95.796,49.62907],[95.79597,49.62913],[95.79595,49.62917],[95.79595,49.62923],[95.79593,49.6295],[95.79537,49.63035],[95.79475,49.63128],[95.79466,49.63142],[95.79456,49.63161],[95.79432,49.63212],[95.79408,49.63255],[95.79367,49.63321],[95.79332,49.63395],[95.79304,49.63436],[95.79272,49.63477],[95.79235,49.63519],[95.79218,49.63547],[95.79206,49.63566],[95.79199,49.63582],[95.79105,49.63747],[95.79082,49.63778],[95.79052,49.63818],[95.79036,49.63844],[95.79025,49.63865],[95.78993,49.63951],[95.78964,49.6401],[95.78941,49.64054],[95.78918,49.64099],[95.78901,49.64136],[95.78891,49.64177],[95.7888,49.64254],[95.78879,49.64262],[95.78876,49.64269],[95.7883,49.64368],[95.78812,49.64415],[95.78794,49.64478],[95.7875,49.64591],[95.78738,49.64641],[95.78737,49.64653],[95.78739,49.64665],[95.78744,49.64679],[95.78786,49.64762],[95.78823,49.64858],[95.78839,49.64887],[95.78866,49.64927],[95.78881,49.64956],[95.78887,49.6497],[95.78905,49.65021],[95.78947,49.6514],[95.78967,49.65152],[95.7906,49.6521],[95.79067,49.65216],[95.79074,49.65225],[95.79076,49.65236],[95.7906,49.65267],[95.79033,49.65322],[95.79008,49.6537]]}},{"type":"Feature","properties":{},"geometry":{"type":"LineString","coordinates":[[106.66162,48.13472],[106.66131,48.13303],[106.66122,48.13257],[106.66107,48.13215],[106.66086,48.13171],[106.66061,48.13124],[106.66038,48.13094],[106.6597,48.13019],[106.65941,48.12985]]}},{"type":"Feature","properties":{},"geometry":{"type":"LineString","coordinates":[[106.73813,48.36929],[106.73865,48.36785],[106.73873,48.36762],[106.73892,48.36703],[106.73914,48.36634],[106.73939,48.36559],[106.73947,48.36536],[106.73957,48.36508],[106.73967,48.36473],[106.73983,48.36422],[106.73986,48.36413],[106.73996,48.36382],[106.74015,48.36323],[106.74025,48.36293],[106.74033,48.36267],[106.74037,48.36255],[106.74047,48.36226],[106.74061,48.36184],[106.7407,48.36155],[106.74079,48.36129],[106.74092,48.36087],[106.74105,48.36052],[106.74114,48.36021],[106.74126,48.35985],[106.74138,48.35952],[106.74155,48.35903],[106.74164,48.35876],[106.74168,48.35864],[106.74183,48.35821],[106.74205,48.35754],[106.74261,48.35603],[106.74302,48.35426]]}},{"type":"Feature","properties":{},"geometry":{"type":"LineString","coordinates":[[93.08088,49.89076],[93.08038,49.89087],[93.07995,49.89097],[93.07543,49.89209],[93.07449,49.89234],[93.07361,49.89252],[93.07193,49.8927],[93.07126,49.89277],[93.06743,49.89336],[93.06559,49.89358],[93.06428,49.89368],[93.06295,49.89387],[93.06227,49.89394],[93.06132,49.89394],[93.06075,49.89406],[93.06015,49.89417],[93.05827,49.89441],[93.05787,49.89443],[93.05756,49.89444],[93.05577,49.89443],[93.0555,49.89443],[93.05518,49.89446],[93.05409,49.89461],[93.05361,49.89464],[93.05316,49.89465],[93.05293,49.89468],[93.0525,49.89474],[93.04814,49.89524],[93.04706,49.89542],[93.04669,49.89544],[93.04617,49.89549],[93.04573,49.89559],[93.04523,49.89572],[93.04414,49.89611],[93.04309,49.89629],[93.04227,49.89641],[93.04014,49.89677],[93.03931,49.89693],[93.03783,49.89719],[93.03693,49.8974],[93.03545,49.8978],[93.03432,49.89818],[93.03296,49.89854],[93.02645,49.89983],[93.02272,49.90068],[93.02185,49.90077],[93.0212,49.90085],[93.0204,49.90096],[93.0188,49.90142],[93.01693,49.90163],[93.01079,49.90259],[93.00566,49.90373],[93.00355,49.90425],[93.00124,49.9049],[92.99838,49.90592],[92.99571,49.90675],[92.99277,49.90754],[92.98931,49.90874],[92.98678,49.90945],[92.98386,49.91051],[92.98068,49.91181],[92.97897,49.91239],[92.97449,49.91354],[92.97174,49.91436],[92.96614,49.91575],[92.96053,49.91707],[92.95391,49.91894],[92.94895,49.92024],[92.9438,49.92177],[92.94336,49.92194],[92.94113,49.92237],[92.93923,49.92323],[92.938,49.92348],[92.93397,49.92498],[92.93156,49.92621],[92.92974,49.92745],[92.92805,49.92811],[92.91999,49.93041],[92.91044,49.93294],[92.90768,49.93392],[92.90624,49.93436],[92.90587,49.93459],[92.90388,49.93545],[92.89656,49.93735],[92.89034,49.93916],[92.88857,49.94006],[92.88713,49.94099],[92.88574,49.94175],[92.88257,49.94383],[92.8805,49.94505],[92.87668,49.94706],[92.8731,49.94843],[92.87133,49.94904],[92.86871,49.94976],[92.86633,49.95042],[92.8636,49.95091],[92.85921,49.95159],[92.85341,49.95265],[92.85036,49.95286],[92.84494,49.95313],[92.84229,49.95321],[92.83941,49.9532],[92.83487,49.95295],[92.833,49.95316],[92.82392,49.95456],[92.82175,49.95505],[92.82012,49.95559],[92.81861,49.95617],[92.81521,49.95722],[92.81449,49.95743],[92.81406,49.95745],[92.8132,49.95732],[92.8125,49.95725],[92.81187,49.95727],[92.81089,49.95749],[92.80604,49.95888],[92.80445,49.95931],[92.8028,49.95986],[92.79804,49.96106],[92.79105,49.96262],[92.78841,49.96327],[92.78547,49.96396]]}},{"type":"Feature","properties":{},"geometry":{"type":"LineString","coordinates":[[93.63112,49.89334],[93.62968,49.89366],[93.62925,49.89365],[93.62906,49.89359],[93.62515,49.89104],[93.62071,49.88854],[93.61828,49.88694],[93.617,49.88658],[93.61531,49.88634],[93.61484,49.88633],[93.61289,49.88661],[93.61062,49.88728],[93.60778,49.88799],[93.60581,49.8884],[93.60451,49.88876],[93.60398,49.88899],[93.60376,49.88914],[93.60322,49.88935],[93.60199,49.8897],[93.5955,49.89145],[93.59363,49.89201],[93.59112,49.89264],[93.59012,49.89284],[93.58572,49.89397],[93.58392,49.89426],[93.58269,49.89441],[93.58213,49.89459],[93.57998,49.89493],[93.57711,49.89555],[93.57462,49.89603],[93.57206,49.89666],[93.56957,49.89721],[93.56535,49.89799],[93.55985,49.89922],[93.55884,49.89937],[93.55702,49.89977],[93.55554,49.89998],[93.55415,49.90035],[93.55246,49.90059],[93.55038,49.901],[93.5473,49.9019],[93.54508,49.90248],[93.54317,49.90288],[93.54262,49.90296],[93.54079,49.90322],[93.53882,49.90343],[93.53606,49.90356],[93.53344,49.90337],[93.53291,49.90322],[93.53183,49.90275],[93.53098,49.90272],[93.5289,49.90291],[93.52659,49.90302],[93.524,49.90307],[93.52239,49.90286],[93.52026,49.90286],[93.51847,49.90281],[93.51556,49.90297],[93.51303,49.90301],[93.50998,49.90285],[93.50718,49.90269],[93.5058,49.90265],[93.49901,49.90325],[93.4981,49.9033],[93.49754,49.90326],[93.49568,49.90296],[93.49421,49.90282],[93.49244,49.90275],[93.49071,49.90284],[93.48812,49.90282],[93.48605,49.90286],[93.4854,49.90296],[93.48388,49.90289],[93.48208,49.90301],[93.48002,49.90318],[93.47796,49.90313],[93.47651,49.90314],[93.47391,49.90325],[93.47271,49.90336],[93.47189,49.90338],[93.47111,49.90333],[93.47029,49.90322],[93.46944,49.9031],[93.46585,49.9027],[93.46304,49.90229],[93.4574,49.90192],[93.45559,49.90189],[93.45294,49.90171],[93.44919,49.90172],[93.44752,49.90174],[93.44701,49.90168],[93.44652,49.90156],[93.44491,49.90111],[93.44397,49.90083],[93.44291,49.90043],[93.44208,49.90027],[93.44171,49.90022],[93.44128,49.90022],[93.4405,49.90034],[93.44021,49.90038],[93.43893,49.90051],[93.43797,49.90059],[93.43646,49.90064],[93.4349,49.9006],[93.43314,49.90064],[93.43089,49.90064],[93.42948,49.90066],[93.42859,49.90064],[93.42252,49.90043],[93.42127,49.90036],[93.42019,49.90006],[93.41925,49.89976],[93.41814,49.89961],[93.41337,49.89932],[93.41141,49.8994],[93.40963,49.89942],[93.40477,49.89912],[93.39834,49.89913],[93.39712,49.89908],[93.39586,49.89896],[93.39447,49.89874],[93.39222,49.89828],[93.38765,49.89724],[93.38551,49.89671],[93.38377,49.89626],[93.38303,49.89608],[93.38233,49.89601],[93.38149,49.89603],[93.38075,49.89601],[93.37843,49.89598],[93.37625,49.89593],[93.37466,49.8958],[93.37163,49.89557],[93.37041,49.89546],[93.36877,49.89517],[93.36791,49.89509],[93.36666,49.89501],[93.36469,49.89498],[93.36256,49.89514],[93.36159,49.89521],[93.35863,49.89536],[93.35805,49.8954],[93.35388,49.8955],[93.35022,49.89557],[93.34492,49.89554],[93.34016,49.89564],[93.33722,49.89568],[93.33006,49.8958],[93.32722,49.89579],[93.32542,49.89582],[93.323,49.8959],[93.31958,49.89586],[93.31742,49.89595],[93.31523,49.89598],[93.31358,49.89593],[93.30982,49.89593],[93.30372,49.89613],[93.30272,49.89616],[93.30227,49.89617],[93.30135,49.89633],[93.30031,49.89652],[93.30007,49.89654],[93.29968,49.89649],[93.29931,49.89639],[93.29874,49.89633],[93.29296,49.89643],[93.27257,49.89675],[93.26593,49.89677],[93.26272,49.89673],[93.26185,49.89674],[93.26057,49.8968],[93.24844,49.89693],[93.24576,49.89696],[93.24398,49.8969],[93.23964,49.89689],[93.23765,49.89697],[93.22253,49.89705],[93.22135,49.89701],[93.21997,49.89693],[93.21864,49.89689],[93.21728,49.89692],[93.2152,49.89703],[93.21182,49.89709],[93.21052,49.89709],[93.20864,49.89711],[93.206,49.8971],[93.20234,49.89716],[93.20004,49.89714],[93.19649,49.89722],[93.19569,49.89721],[93.19477,49.89726],[93.19296,49.89728],[93.19043,49.89728],[93.18888,49.89733],[93.1876,49.89739],[93.18593,49.89737],[93.18392,49.89741],[93.1823,49.89734],[93.18,49.89734],[93.17876,49.89736],[93.17599,49.89739],[93.17379,49.89725],[93.16886,49.89734],[93.1656,49.89752],[93.16446,49.89757],[93.16313,49.89769],[93.16221,49.89773],[93.16064,49.89779],[93.15891,49.89774],[93.15721,49.89764],[93.15161,49.8971],[93.14986,49.89699],[93.14663,49.89696],[93.14135,49.89687],[93.1385,49.89681],[93.12999,49.89638],[93.12705,49.89629],[93.12658,49.89618],[93.12639,49.89604],[93.12634,49.89567],[93.12631,49.89537],[93.12612,49.89528],[93.1259,49.89529],[93.12568,49.89537],[93.12519,49.89565],[93.12475,49.89579],[93.12402,49.89594],[93.12265,49.89603],[93.12142,49.89603],[93.12023,49.89609],[93.11872,49.89621],[93.11718,49.89626],[93.11469,49.8961],[93.11263,49.89589],[93.11053,49.8956],[93.10735,49.89547],[93.10535,49.8952],[93.10405,49.89491],[93.10272,49.8946],[93.10113,49.89435],[93.09886,49.89419],[93.09738,49.89395],[93.09419,49.89356],[93.09171,49.89296],[93.08993,49.89245],[93.08937,49.89226],[93.0888,49.89214],[93.08652,49.8919],[93.08611,49.89184],[93.08444,49.89144],[93.08225,49.89094],[93.08158,49.89083],[93.08118,49.89079],[93.08088,49.89076]]}},{"type":"Feature","properties":{},"geometry":{"type":"LineString","coordinates":[[106.93092,47.90813],[106.93097,47.90813],[106.93205,47.90812],[106.93218,47.90812]]}},{"type":"Feature","properties":{},"geometry":{"type":"LineString","coordinates":[[106.86551,47.88607],[106.86529,47.88606],[106.86504,47.88605],[106.86476,47.88601],[106.86459,47.88598],[106.86435,47.88591],[106.86418,47.88585],[106.86399,47.88578],[106.86387,47.88573],[106.86364,47.8856],[106.86353,47.88553],[106.86336,47.88541],[106.86318,47.88525],[106.86303,47.88508],[106.86268,47.88463]]}},{"type":"Feature","properties":{},"geometry":{"type":"LineString","coordinates":[[106.86492,47.88971],[106.86517,47.88984],[106.86533,47.88991],[106.86554,47.88998],[106.86577,47.89003],[106.86605,47.89008],[106.86694,47.89017],[106.86724,47.89021],[106.86751,47.89027],[106.86772,47.89032],[106.86798,47.89039],[106.86818,47.89045],[106.8694,47.89087],[106.86991,47.89108]]}},{"type":"Feature","properties":{},"geometry":{"type":"LineString","coordinates":[[102.12391,43.14684],[102.12409,43.14666],[102.12423,43.14651],[102.12436,43.14634],[102.1248,43.14567],[102.1255,43.14463],[102.12567,43.14434],[102.12572,43.14424],[102.12575,43.14415],[102.12583,43.14387],[102.126,43.14331],[102.12612,43.1429]]}},{"type":"Feature","properties":{},"geometry":{"type":"LineString","coordinates":[[92.03139,49.70132],[92.03084,49.7019],[92.03054,49.70214],[92.03038,49.70235],[92.03037,49.70253],[92.03048,49.70278],[92.03069,49.70322],[92.03073,49.70345],[92.03068,49.70364],[92.03035,49.70434],[92.03016,49.70603],[92.03011,49.70691],[92.0301,49.70722],[92.02993,49.70786],[92.0299,49.70822],[92.02996,49.70863],[92.03011,49.709],[92.03036,49.70922],[92.03136,49.70966],[92.03169,49.7099],[92.03199,49.71019],[92.03215,49.71052],[92.03236,49.71091],[92.03247,49.71111],[92.03245,49.7113],[92.03224,49.71155],[92.03172,49.71194],[92.03149,49.7122],[92.03133,49.71243],[92.03123,49.71267],[92.0312,49.71285],[92.03121,49.71306],[92.03117,49.71325],[92.03108,49.71339],[92.03094,49.71349],[92.03075,49.71362],[92.03067,49.71368],[92.03061,49.71375],[92.03057,49.71394],[92.03054,49.71403],[92.03048,49.71414],[92.03048,49.71421],[92.03052,49.71432],[92.0307,49.71453],[92.03072,49.71461],[92.03073,49.71475],[92.03077,49.71533],[92.03084,49.71581],[92.03086,49.7162],[92.03083,49.71732],[92.03075,49.7176],[92.03062,49.7178],[92.03024,49.71818],[92.03001,49.71858],[92.02992,49.71894],[92.02992,49.71922],[92.03005,49.71968],[92.03026,49.72017],[92.03054,49.7206],[92.03228,49.72313],[92.03269,49.72365],[92.03283,49.72393],[92.033,49.72424],[92.03306,49.72441],[92.03307,49.72458],[92.03305,49.72477],[92.03304,49.72488],[92.03304,49.72496],[92.0331,49.7253],[92.03306,49.72549],[92.03291,49.72575],[92.03282,49.7261],[92.03279,49.72638],[92.03278,49.72674],[92.0327,49.7271],[92.0326,49.72743],[92.0325,49.72766],[92.03236,49.7279],[92.03208,49.72832],[92.03198,49.72854],[92.0319,49.72885],[92.03155,49.72969],[92.03129,49.73003],[92.03078,49.73051],[92.02992,49.73129],[92.02926,49.73209],[92.02913,49.73235],[92.02911,49.73247],[92.02909,49.73264],[92.02909,49.73299],[92.02907,49.73337],[92.02895,49.73372],[92.02852,49.73446],[92.02781,49.73634],[92.02749,49.73737],[92.02734,49.73834],[92.02725,49.74091],[92.0272,49.7443],[92.02715,49.74669],[92.02682,49.74896],[92.02612,49.75388],[92.02502,49.75974],[92.02275,49.77596],[92.02212,49.77984],[92.02181,49.78566],[92.0217,49.78824],[92.02173,49.78974],[92.02189,49.79608],[92.02228,49.80229],[92.02251,49.80657],[92.02364,49.81806],[92.02424,49.82258],[92.02513,49.82828],[92.02516,49.82845],[92.02523,49.8286],[92.0263,49.82962]]}},{"type":"Feature","properties":{},"geometry":{"type":"LineString","coordinates":[[92.01342,49.48016],[92.01372,49.4807],[92.01368,49.48105],[92.01352,49.48153],[92.01352,49.48178],[92.01357,49.48193],[92.01368,49.48205],[92.01399,49.48232],[92.01422,49.48259],[92.01453,49.4828],[92.01466,49.48286],[92.01485,49.4829],[92.01507,49.48292],[92.01539,49.48294],[92.01576,49.48302],[92.01627,49.48309],[92.01711,49.48326],[92.01816,49.48353],[92.01888,49.48364],[92.01936,49.48373],[92.01992,49.48391],[92.02072,49.48429],[92.02145,49.4847],[92.02235,49.48532],[92.0229,49.48564],[92.02328,49.48598],[92.02347,49.48626],[92.02357,49.48637],[92.02374,49.48649],[92.02394,49.48657],[92.02422,49.48666],[92.02472,49.48685],[92.02497,49.48702],[92.02534,49.48738],[92.02629,49.48839],[92.02679,49.48899],[92.02715,49.48939],[92.0273,49.48965],[92.02744,49.49001],[92.02765,49.4907],[92.02797,49.49126],[92.02814,49.4916],[92.0281,49.49191],[92.02798,49.49237],[92.02808,49.49271],[92.02814,49.49294],[92.0281,49.49303],[92.02804,49.49312],[92.02785,49.49326],[92.02759,49.49344],[92.02753,49.49359],[92.02753,49.49374],[92.02761,49.49435],[92.02786,49.49544],[92.02807,49.49626],[92.02837,49.49669],[92.02893,49.49708],[92.02935,49.49734],[92.02966,49.49761],[92.0299,49.49788],[92.03009,49.49844],[92.03056,49.49916],[92.03073,49.49977],[92.03078,49.50035],[92.03094,49.50077],[92.03116,49.50107],[92.03149,49.50135],[92.0317,49.50159],[92.03181,49.50186],[92.03194,49.50225],[92.03214,49.50255],[92.0323,49.50286],[92.03258,49.50375],[92.03307,49.50517],[92.03341,49.50582],[92.03355,49.50607],[92.03356,49.50629],[92.03345,49.50684],[92.03333,49.50756],[92.03326,49.50819],[92.0334,49.50873],[92.03362,49.50916],[92.03439,49.51023],[92.03514,49.51144],[92.03548,49.51221],[92.0358,49.51307],[92.03604,49.51388],[92.0364,49.51524],[92.03646,49.51573],[92.0364,49.516],[92.03628,49.51618],[92.03589,49.51664],[92.03568,49.51685],[92.03554,49.51703],[92.03549,49.51722],[92.03567,49.51841],[92.03559,49.51886],[92.03547,49.51932],[92.03526,49.51978],[92.03499,49.52016],[92.03473,49.52044],[92.03451,49.52082],[92.03422,49.52129],[92.03402,49.52162],[92.03384,49.52193],[92.03366,49.5222],[92.03349,49.52244],[92.03342,49.5226],[92.03343,49.52278],[92.03353,49.52294],[92.03373,49.52324],[92.03447,49.52431],[92.03459,49.52476],[92.03475,49.52512],[92.03476,49.52551],[92.03478,49.52564],[92.03484,49.52578],[92.03496,49.5259],[92.03542,49.52625],[92.03579,49.52671],[92.03597,49.52711],[92.03622,49.52792],[92.03627,49.52825],[92.03639,49.52848],[92.03658,49.52869],[92.03674,49.52891],[92.03686,49.52922],[92.03692,49.52946],[92.03701,49.52976],[92.03708,49.52998],[92.03724,49.53018],[92.03745,49.53031],[92.0377,49.53044],[92.03826,49.53066],[92.03888,49.53107],[92.04053,49.53231],[92.04172,49.53302],[92.04328,49.53393],[92.04396,49.53438],[92.04496,49.53509],[92.04615,49.53591],[92.04722,49.53661],[92.04785,49.53701],[92.04894,49.5377],[92.04967,49.53824],[92.0502,49.53865],[92.05062,49.53906],[92.0535,49.54257],[92.05393,49.54312],[92.0548,49.54392],[92.05516,49.54415],[92.05562,49.54437],[92.05644,49.54478],[92.05716,49.5454],[92.05776,49.54579],[92.05819,49.54612],[92.06105,49.54857],[92.06323,49.54984],[92.06357,49.55005],[92.06391,49.55017],[92.06469,49.55033],[92.06532,49.5505],[92.06577,49.55069],[92.06702,49.55139],[92.0673,49.55153],[92.06748,49.55173],[92.06754,49.55195],[92.06754,49.553],[92.06736,49.5537],[92.06731,49.55427],[92.06725,49.55475],[92.06718,49.55525],[92.06719,49.55571],[92.06729,49.55619],[92.06736,49.55671],[92.06751,49.55713],[92.06847,49.55995],[92.06907,49.56135],[92.06958,49.56224],[92.0705,49.56343],[92.07166,49.5649],[92.07247,49.56567],[92.07329,49.56624],[92.07735,49.56853],[92.07813,49.56891],[92.07851,49.56908],[92.07892,49.56922],[92.0793,49.5693],[92.07952,49.5694],[92.0796,49.56953],[92.07966,49.56977],[92.08007,49.57231],[92.08013,49.57282],[92.08007,49.57334],[92.07991,49.5739],[92.07984,49.5749],[92.07976,49.57546],[92.07979,49.57591],[92.07987,49.57631],[92.07997,49.5767],[92.08009,49.57699],[92.08027,49.57821],[92.08029,49.57836],[92.0804,49.57862],[92.08047,49.5789],[92.08056,49.57914],[92.0808,49.57946],[92.08184,49.58102],[92.08209,49.58142],[92.08231,49.58173],[92.08258,49.58194],[92.08311,49.58241],[92.08329,49.58269],[92.08339,49.58302],[92.08339,49.58325],[92.08334,49.58351],[92.0833,49.58364],[92.08334,49.58379],[92.08346,49.58393],[92.08371,49.58418],[92.08438,49.58506],[92.08461,49.58536],[92.08483,49.5856],[92.0853,49.58595],[92.08595,49.58669],[92.0863,49.58706],[92.08657,49.58723],[92.08672,49.58741],[92.08684,49.58768],[92.08697,49.58799],[92.08708,49.58827],[92.08715,49.5886],[92.0873,49.58883],[92.08748,49.58921],[92.08758,49.58961],[92.08775,49.59002],[92.08813,49.59061],[92.08863,49.59143],[92.08878,49.59169],[92.08897,49.59204],[92.08925,49.59231],[92.0902,49.59313],[92.09054,49.59343],[92.09077,49.59364],[92.09112,49.59386],[92.09133,49.5941],[92.09146,49.59429],[92.09149,49.59446],[92.09143,49.59469],[92.09135,49.59494],[92.09136,49.59516],[92.09137,49.59536],[92.09138,49.59564],[92.09141,49.59584],[92.09152,49.59607],[92.09182,49.59659],[92.09202,49.59705],[92.09219,49.59763],[92.09235,49.59815],[92.09254,49.59857],[92.09255,49.59896],[92.09253,49.59953],[92.09243,49.60002],[92.09234,49.60054],[92.09224,49.60094],[92.09213,49.60141],[92.09199,49.60168],[92.09175,49.60208],[92.09144,49.60255],[92.09112,49.60295],[92.09095,49.60326],[92.09082,49.60343],[92.09064,49.60353],[92.09037,49.60361],[92.0902,49.60369],[92.09011,49.60382],[92.09011,49.60398],[92.09022,49.60413],[92.09044,49.60428],[92.09076,49.60446],[92.09099,49.60476],[92.09106,49.6051],[92.09115,49.60555],[92.09108,49.60595],[92.09103,49.60636],[92.09104,49.60688],[92.09113,49.60748],[92.09118,49.60816],[92.09108,49.60865],[92.09107,49.60888],[92.09108,49.60917],[92.09117,49.60945],[92.09128,49.61013],[92.09128,49.61045],[92.09119,49.61072],[92.09107,49.61093],[92.09106,49.61113],[92.09106,49.61174],[92.0911,49.61212],[92.09107,49.61241],[92.09096,49.61272],[92.08901,49.61688],[92.08881,49.61728],[92.08869,49.61763],[92.08858,49.6179],[92.08844,49.61811],[92.0882,49.61839],[92.08799,49.61882],[92.08739,49.62016],[92.08724,49.62041],[92.08707,49.62057],[92.08683,49.62075],[92.08662,49.62102],[92.08549,49.62217],[92.08466,49.62285],[92.0836,49.62385],[92.08307,49.62433],[92.08287,49.62457],[92.08268,49.62486],[92.0821,49.62579],[92.08129,49.62671],[92.08073,49.62733],[92.08055,49.62755],[92.08041,49.62785],[92.08028,49.62832],[92.07982,49.62926],[92.07916,49.63031],[92.079,49.63061],[92.07892,49.63093],[92.07891,49.63127],[92.07881,49.63188],[92.07862,49.63245],[92.07641,49.63758],[92.0763,49.63787],[92.07622,49.63821],[92.07615,49.63862],[92.07465,49.64237],[92.07449,49.64266],[92.07406,49.64325],[92.07369,49.64407],[92.07342,49.64462],[92.07332,49.64485],[92.07322,49.6452],[92.07308,49.64554],[92.07289,49.64588],[92.07269,49.64615],[92.07258,49.64643],[92.07244,49.647],[92.07217,49.64752],[92.07209,49.64776],[92.07203,49.64812],[92.0719,49.64874],[92.07134,49.65029],[92.07082,49.65129],[92.07024,49.65243],[92.06997,49.65334],[92.06957,49.65471],[92.06938,49.65516],[92.06909,49.65567],[92.06852,49.65651],[92.06811,49.65736],[92.06778,49.65803],[92.06732,49.65877],[92.06711,49.65911],[92.06694,49.65928],[92.0667,49.65952],[92.0666,49.65971],[92.06641,49.66012],[92.06609,49.66045],[92.06563,49.66086],[92.06545,49.66111],[92.06523,49.66137],[92.06508,49.66163],[92.06497,49.66211],[92.06462,49.6628],[92.06453,49.66304],[92.06441,49.66335],[92.06435,49.66354],[92.06423,49.66369],[92.06393,49.66405],[92.06319,49.6653],[92.06226,49.66639],[92.06127,49.66736],[92.05983,49.66888],[92.05965,49.66906],[92.05941,49.6694],[92.05909,49.6697],[92.05879,49.66989],[92.05846,49.67004],[92.0581,49.67012],[92.05783,49.6702],[92.05757,49.67034],[92.05718,49.67062],[92.05687,49.67078],[92.05652,49.67091],[92.05609,49.67103],[92.05564,49.67129],[92.05534,49.67141],[92.05524,49.67147],[92.05517,49.67154],[92.05507,49.67171],[92.05491,49.67204],[92.05452,49.6726],[92.05408,49.67307],[92.0537,49.67345],[92.05311,49.67389],[92.05299,49.67398],[92.05289,49.67411],[92.05282,49.67431],[92.05262,49.67459],[92.0523,49.67491],[92.05201,49.6752],[92.05192,49.67539],[92.05186,49.67557],[92.05179,49.67594],[92.05153,49.6766],[92.05122,49.67708],[92.05088,49.67748],[92.05028,49.67795],[92.04998,49.67818],[92.04983,49.67833],[92.04972,49.6785],[92.04954,49.67889],[92.04903,49.67961],[92.04785,49.68072],[92.04749,49.68104],[92.04714,49.68127],[92.04679,49.68149],[92.0466,49.68179],[92.04639,49.68214],[92.04615,49.68235],[92.04528,49.68295],[92.04452,49.68379],[92.0442,49.68406],[92.04385,49.68429],[92.04341,49.68452],[92.0421,49.6852],[92.04188,49.68537],[92.04175,49.68555],[92.04158,49.68581],[92.04138,49.68618],[92.0412,49.68648],[92.04101,49.68669],[92.04054,49.68713],[92.04039,49.68733],[92.04029,49.68751],[92.04014,49.68786],[92.03999,49.6881],[92.03971,49.68849],[92.03911,49.68952],[92.03905,49.6897],[92.03902,49.68986],[92.03898,49.69024],[92.03861,49.69121],[92.03851,49.69139],[92.0384,49.69152],[92.03827,49.69165],[92.03663,49.69298],[92.036,49.69354],[92.03584,49.69371],[92.03576,49.69386],[92.03565,49.69411],[92.03552,49.69435],[92.03505,49.69493],[92.03497,49.69509],[92.03494,49.69526],[92.03495,49.69547],[92.03484,49.69619],[92.03478,49.69643],[92.03464,49.6967],[92.0344,49.69697],[92.03403,49.69728],[92.03358,49.69755],[92.03331,49.69775],[92.03311,49.69795],[92.03292,49.69821],[92.03284,49.69842],[92.0328,49.69863],[92.03269,49.69883],[92.03244,49.69913],[92.03222,49.69938],[92.03208,49.6995],[92.03199,49.69958],[92.03194,49.69968],[92.03191,49.69989],[92.03185,49.70034],[92.03139,49.70132]]}},{"type":"Feature","properties":{},"geometry":{"type":"LineString","coordinates":[[96.25837,46.36007],[96.25846,46.35983],[96.25855,46.35959],[96.25878,46.35888],[96.25896,46.35836],[96.25905,46.3581],[96.25915,46.35787],[96.25926,46.35769],[96.2594,46.35752],[96.25963,46.35729],[96.26005,46.35687],[96.26022,46.35666],[96.26038,46.35642],[96.26052,46.35624],[96.26069,46.35605],[96.26083,46.35592],[96.26111,46.35572],[96.26172,46.35531],[96.26218,46.35501],[96.26231,46.3549],[96.2625,46.35471],[96.26282,46.35434],[96.26336,46.35374],[96.26355,46.35357],[96.26405,46.35318],[96.26527,46.35231],[96.2655,46.35218],[96.26576,46.35207],[96.26625,46.35189],[96.26702,46.35164],[96.26723,46.35155],[96.26758,46.35139],[96.2679,46.35122],[96.2681,46.35106],[96.2682,46.35095],[96.26826,46.35086],[96.26829,46.35076],[96.2683,46.3506],[96.26831,46.35047],[96.26833,46.35033],[96.26839,46.35019],[96.26845,46.3501],[96.26853,46.35002],[96.26871,46.3499],[96.26903,46.34972],[96.26943,46.34952],[96.26972,46.3494],[96.27029,46.34921],[96.27108,46.34897],[96.27128,46.34888],[96.27146,46.34878],[96.27192,46.34846],[96.27229,46.34821],[96.27245,46.3481],[96.2726,46.34804],[96.27304,46.34791],[96.27347,46.34776],[96.27366,46.34768],[96.27384,46.34758],[96.2743,46.34729],[96.27445,46.3472],[96.2746,46.34712],[96.27489,46.347],[96.27499,46.34694],[96.27516,46.34679],[96.27535,46.34664],[96.2755,46.34654],[96.27564,46.34645],[96.27584,46.34636],[96.27611,46.34625],[96.27651,46.34612],[96.27763,46.34576],[96.27792,46.34567],[96.27817,46.34556],[96.27836,46.34543],[96.27877,46.34514],[96.27892,46.34505],[96.27907,46.34499],[96.28003,46.34455],[96.28033,46.34444],[96.28048,46.3444],[96.28059,46.34437],[96.28101,46.34433],[96.28157,46.3443],[96.28179,46.34428],[96.28191,46.34427],[96.28203,46.34423],[96.28398,46.34357],[96.28479,46.34326],[96.28508,46.34316],[96.28531,46.34309],[96.28556,46.34303],[96.28594,46.34299],[96.28664,46.34293],[96.28707,46.3429],[96.28741,46.34287],[96.28762,46.34283],[96.2878,46.34278],[96.28852,46.3425],[96.28893,46.34238],[96.28918,46.3423],[96.29159,46.34173],[96.29193,46.34164],[96.29243,46.34144],[96.29293,46.34115],[96.29323,46.34096],[96.29384,46.34043],[96.29431,46.34],[96.29461,46.33978],[96.29518,46.33944],[96.297,46.33857],[96.29958,46.33737],[96.30013,46.33716],[96.30096,46.33686],[96.30178,46.33663],[96.30238,46.33648],[96.30292,46.33638],[96.30344,46.33631],[96.30391,46.33629],[96.30432,46.33627],[96.3046,46.33621],[96.30478,46.33614],[96.305,46.336],[96.30677,46.33464],[96.3071,46.33433],[96.30734,46.33408],[96.30866,46.33239],[96.3089,46.33211],[96.30912,46.3319],[96.3094,46.33171],[96.31037,46.33113],[96.31379,46.32919],[96.31895,46.32658],[96.32985,46.32144],[96.33348,46.31976],[96.33645,46.31851],[96.33752,46.31807],[96.33839,46.31762],[96.3388,46.31733],[96.33987,46.31652],[96.35931,46.30182],[96.37338,46.29094],[96.37488,46.28977],[96.37643,46.28855],[96.38085,46.28542],[96.38967,46.27971],[96.39204,46.27826],[96.39312,46.27773],[96.39414,46.27729],[96.39583,46.27655],[96.3963,46.27635],[96.39645,46.2763],[96.39662,46.27626],[96.39679,46.27625],[96.39702,46.27625],[96.39721,46.27623],[96.39737,46.2762],[96.39747,46.27616],[96.39757,46.27609],[96.40358,46.2709],[96.40449,46.27015],[96.40557,46.26938],[96.40628,46.26895],[96.40716,46.26852],[96.40963,46.26747],[96.41063,46.26703],[96.41125,46.26673],[96.41338,46.26538],[96.4144,46.2647],[96.41524,46.2642],[96.41572,46.26394],[96.41616,46.26376],[96.41652,46.26364],[96.41713,46.26348],[96.41747,46.26339],[96.41774,46.26328],[96.4179,46.26315],[96.41806,46.26298],[96.41873,46.262],[96.41908,46.26148],[96.4195,46.26094],[96.41968,46.26072],[96.41987,46.26059],[96.42007,46.26048],[96.42055,46.26033],[96.42247,46.25967],[96.42554,46.25872],[96.42653,46.25839],[96.42728,46.25811],[96.42769,46.25793],[96.42793,46.25773],[96.42812,46.25748],[96.42835,46.25703],[96.42846,46.25686],[96.42862,46.2567],[96.42883,46.25653],[96.43007,46.25578],[96.43184,46.25476],[96.43282,46.2542],[96.43324,46.25394],[96.43347,46.25378],[96.43362,46.25358],[96.43403,46.25286],[96.43424,46.25258],[96.43466,46.2521],[96.43689,46.24976],[96.43781,46.24892],[96.43805,46.24865],[96.43821,46.24837],[96.43849,46.24768],[96.43869,46.24707],[96.43893,46.2466],[96.43915,46.2462],[96.43951,46.2457],[96.4408,46.24409],[96.44162,46.24316],[96.44363,46.24089],[96.44399,46.24046],[96.44424,46.24017],[96.44467,46.23944],[96.44512,46.23863],[96.44549,46.23796],[96.44572,46.23766],[96.446,46.23744],[96.44642,46.23714],[96.44792,46.23627],[96.44992,46.23509],[96.45043,46.23477],[96.45077,46.23454],[96.45105,46.23435],[96.45121,46.2342],[96.45135,46.23402],[96.45363,46.23104],[96.45482,46.22951],[96.45536,46.22882],[96.45589,46.2282],[96.45607,46.22799],[96.45624,46.22784],[96.45633,46.22777],[96.4565,46.22767],[96.45721,46.22733],[96.45813,46.22695],[96.4596,46.22633],[96.46043,46.22598],[96.46126,46.22571],[96.4624,46.22539],[96.46412,46.22494],[96.46487,46.22473],[96.4653,46.22458],[96.46583,46.22433],[96.46742,46.22359],[96.4688,46.22296],[96.4693,46.22274],[96.46962,46.22259],[96.4699,46.22241],[96.4701,46.22225],[96.4707,46.22172],[96.47118,46.22128],[96.47153,46.221],[96.4719,46.22074],[96.4726,46.22035],[96.47402,46.21958],[96.4749,46.21911],[96.47544,46.21885],[96.47568,46.21879],[96.47589,46.21876],[96.47675,46.2187],[96.47708,46.21866],[96.47729,46.21862],[96.47812,46.21843],[96.47885,46.21827],[96.47906,46.21821],[96.47928,46.21814],[96.48005,46.21786],[96.48168,46.21719],[96.48247,46.21686],[96.48388,46.21629],[96.48534,46.21572],[96.48588,46.21552],[96.48612,46.21541],[96.48637,46.21524],[96.48659,46.21511],[96.48679,46.21501],[96.48701,46.21492],[96.4872,46.21487],[96.48791,46.21471],[96.48967,46.21433],[96.49056,46.21415],[96.49113,46.21403],[96.49151,46.21394],[96.4918,46.21384],[96.49202,46.21372],[96.49235,46.21351],[96.49425,46.2122],[96.49499,46.21168],[96.49529,46.21148],[96.4955,46.21137],[96.4957,46.21129],[96.49658,46.21095],[96.49723,46.2107],[96.49754,46.21057],[96.49778,46.21046],[96.49804,46.21031],[96.49847,46.21001],[96.4987,46.20985],[96.49889,46.20975],[96.49912,46.20969],[96.49953,46.2096],[96.50029,46.20947],[96.50519,46.20865],[96.50541,46.20858],[96.50561,46.2085],[96.50581,46.2084],[96.50601,46.20825],[96.50611,46.20815],[96.50619,46.20803],[96.50669,46.2071],[96.50687,46.20681],[96.50697,46.2067],[96.50715,46.20657],[96.50734,46.20645],[96.50966,46.20511],[96.51285,46.20335],[96.51333,46.20308],[96.51387,46.20269],[96.51444,46.20223],[96.51483,46.20186],[96.51528,46.20144],[96.51872,46.19857],[96.51914,46.1982],[96.51976,46.19749],[96.5201,46.19707],[96.52033,46.19683],[96.52061,46.19659],[96.5221,46.19557],[96.52287,46.19511],[96.5234,46.19477],[96.52364,46.19456],[96.52376,46.19441],[96.52379,46.19432],[96.52379,46.1942],[96.52374,46.19408],[96.52364,46.19397],[96.52349,46.19383],[96.52004,46.19109],[96.51926,46.19046],[96.51872,46.19001],[96.51848,46.18976],[96.51834,46.1895],[96.51793,46.1886],[96.51755,46.18761],[96.51747,46.18736],[96.51745,46.18723],[96.51748,46.18713],[96.51755,46.18699],[96.51807,46.186],[96.51833,46.1855],[96.51845,46.18526],[96.51855,46.18496],[96.51859,46.18476],[96.51862,46.18457],[96.51863,46.18398],[96.51859,46.1835],[96.51855,46.18327],[96.51842,46.18287],[96.51832,46.1826],[96.51827,46.18243],[96.51825,46.18233],[96.51826,46.18226],[96.51829,46.18218],[96.51842,46.18195],[96.51851,46.18177],[96.51859,46.18154],[96.51867,46.18122],[96.5188,46.18071],[96.51884,46.18047],[96.51884,46.18031],[96.51881,46.1799],[96.51874,46.17926],[96.51872,46.17891],[96.51873,46.17875],[96.51875,46.17861],[96.51882,46.17844],[96.51897,46.17818],[96.51913,46.17794],[96.51922,46.17777],[96.51926,46.17764],[96.51929,46.17747],[96.51927,46.17711],[96.51926,46.17677],[96.51927,46.1767],[96.5193,46.17661],[96.51936,46.1765],[96.51994,46.17575],[96.52001,46.17564],[96.52007,46.17554],[96.5201,46.1754],[96.52021,46.17481],[96.52041,46.17385],[96.52044,46.17362],[96.52044,46.17349],[96.5204,46.17333],[96.52032,46.17314],[96.5202,46.17289],[96.52006,46.17268],[96.51991,46.17245],[96.51981,46.17225],[96.51967,46.17181],[96.51964,46.17168],[96.51963,46.17157],[96.51966,46.17144],[96.51969,46.17136],[96.5197,46.17127],[96.5197,46.17118],[96.51968,46.1711],[96.51955,46.17075],[96.51948,46.17062],[96.51942,46.17053],[96.51934,46.17045],[96.51923,46.17035],[96.51894,46.17017],[96.51851,46.16989],[96.51844,46.16983],[96.51842,46.16976],[96.5184,46.16967],[96.5184,46.1695],[96.51843,46.16907],[96.51842,46.16888],[96.51841,46.16872],[96.5183,46.16797],[96.51824,46.16765],[96.51817,46.16741],[96.51805,46.16706],[96.51789,46.1666],[96.51786,46.16643],[96.51788,46.16634],[96.51795,46.1662],[96.51812,46.16593],[96.51848,46.16542],[96.51857,46.16522],[96.51862,46.16506],[96.51867,46.16479],[96.51882,46.16422],[96.51885,46.16401],[96.51885,46.16391],[96.51883,46.16378],[96.5188,46.1636],[96.51877,46.16333],[96.51877,46.16315],[96.51879,46.16304],[96.51884,46.16294],[96.51893,46.16281],[96.51903,46.16268],[96.51923,46.16246],[96.51948,46.16219],[96.51976,46.16189],[96.51993,46.16168],[96.52001,46.16155],[96.52007,46.16138],[96.52012,46.16118],[96.52016,46.16095],[96.52018,46.1607],[96.52017,46.16037]]}},{"type":"Feature","properties":{},"geometry":{"type":"LineString","coordinates":[[106.92607,47.90819],[106.92636,47.90819]]}},{"type":"Feature","properties":{},"geometry":{"type":"LineString","coordinates":[[111.93689,43.69568],[111.93676,43.69576],[111.93666,43.69582]]}},{"type":"Feature","properties":{},"geometry":{"type":"LineString","coordinates":[[105.53954,43.65714],[105.54044,43.65807],[105.54184,43.65944],[105.54236,43.65997],[105.54248,43.66015],[105.54254,43.66034],[105.54276,43.66135],[105.54281,43.6615],[105.5429,43.66167],[105.54365,43.66263],[105.5447,43.66401],[105.54582,43.66519],[105.5459,43.66535],[105.54594,43.6655],[105.54595,43.66569],[105.5459,43.66632],[105.54594,43.66651],[105.54604,43.66673],[105.5465,43.66758],[105.54661,43.6679],[105.54666,43.66819],[105.54665,43.66935],[105.54641,43.67101],[105.54594,43.67327],[105.54593,43.67346],[105.5459,43.67366],[105.5459,43.6738],[105.54594,43.6739],[105.54598,43.67395],[105.54667,43.67456],[105.54731,43.67511],[105.54747,43.67527],[105.54758,43.67542],[105.5477,43.67558],[105.54776,43.67569]]}},{"type":"Feature","properties":{},"geometry":{"type":"LineString","coordinates":[[109.47256,47.49349],[109.47217,47.49408],[109.4721,47.49413]]}},{"type":"Feature","properties":{},"geometry":{"type":"LineString","coordinates":[[101.22539,42.94416],[101.22636,42.94686],[101.22647,42.94716],[101.22665,42.94749],[101.2269,42.94779],[101.22722,42.9481],[101.22802,42.9487],[101.23083,42.95069],[101.2313,42.9511],[101.23164,42.95144],[101.2324,42.95243],[101.23439,42.95532],[101.23573,42.95758],[101.2373,42.96095],[101.23935,42.96529],[101.24128,42.96938],[101.24147,42.96981],[101.24162,42.97019],[101.2417,42.97049],[101.24176,42.97103],[101.24192,42.97318],[101.24199,42.97406],[101.24212,42.97478]]}},{"type":"Feature","properties":{},"geometry":{"type":"LineString","coordinates":[[101.34782,42.9931],[101.34407,42.99294],[101.33957,42.99268],[101.33866,42.99267],[101.3363,42.99244],[101.33583,42.99238],[101.33557,42.99233],[101.33393,42.99204],[101.33194,42.99159],[101.32838,42.99071],[101.32423,42.98958],[101.32266,42.98911],[101.32179,42.98879],[101.32111,42.98848],[101.32063,42.98822],[101.32013,42.98789],[101.31588,42.98337],[101.31535,42.98282],[101.31488,42.98222],[101.31444,42.98188],[101.31405,42.9816],[101.31352,42.98133],[101.31234,42.98072],[101.31186,42.9803],[101.31155,42.97999],[101.31139,42.97962],[101.31142,42.97918],[101.31144,42.97852],[101.31138,42.97795],[101.31125,42.97749],[101.31106,42.97638],[101.31083,42.97539],[101.31028,42.97404],[101.31003,42.97342],[101.30986,42.97319],[101.30965,42.97303],[101.30936,42.97286],[101.30875,42.97263],[101.30839,42.97246],[101.30816,42.9723],[101.30799,42.97211],[101.30729,42.97121],[101.3057,42.96901],[101.3035,42.96609],[101.30322,42.96578],[101.30273,42.96531],[101.30034,42.96312],[101.29985,42.96254],[101.29943,42.96201],[101.29906,42.96141],[101.29867,42.96053],[101.29851,42.95977],[101.2984,42.95904],[101.29822,42.95683],[101.29804,42.9563],[101.298,42.95604],[101.29778,42.9541],[101.29773,42.95377],[101.29761,42.95349],[101.29755,42.95334],[101.2975,42.95309],[101.29733,42.95094],[101.29716,42.94817],[101.29702,42.94741],[101.29686,42.94695],[101.29657,42.94631],[101.29616,42.94568],[101.2955,42.94499],[101.29388,42.94379],[101.2907,42.94164],[101.28899,42.94055],[101.28828,42.94019],[101.28703,42.93969],[101.28589,42.93932],[101.28425,42.93894],[101.27799,42.93772],[101.27596,42.9373],[101.26922,42.93592],[101.26422,42.93492],[101.26248,42.93453],[101.26149,42.93427],[101.26041,42.93398],[101.25821,42.93325],[101.25186,42.93102],[101.24933,42.93014],[101.24616,42.929],[101.24273,42.92774],[101.24185,42.92743],[101.24102,42.92719],[101.24036,42.92695],[101.23926,42.92647],[101.23562,42.92476],[101.23131,42.92274],[101.22772,42.92115],[101.22729,42.92105]]}},{"type":"Feature","properties":{},"geometry":{"type":"LineString","coordinates":[[106.90774,47.91318],[106.9076,47.91384],[106.90757,47.91394]]}},{"type":"Feature","properties":{},"geometry":{"type":"LineString","coordinates":[[105.94478,49.48414],[105.94505,49.48419]]}},{"type":"Feature","properties":{},"geometry":{"type":"LineString","coordinates":[[105.94582,49.48436],[105.9452,49.48425]]}},{"type":"Feature","properties":{},"geometry":{"type":"LineString","coordinates":[[105.94505,49.48419],[105.9452,49.48425]]}},{"type":"Feature","properties":{},"geometry":{"type":"LineString","coordinates":[[106.8174,47.65442],[106.81768,47.6543]]}},{"type":"Feature","properties":{},"geometry":{"type":"LineString","coordinates":[[111.87324,43.71648],[111.87264,43.71554],[111.87244,43.71523],[111.87152,43.71379]]}},{"type":"Feature","properties":{},"geometry":{"type":"LineString","coordinates":[[111.87152,43.71379],[111.87103,43.71352],[111.87073,43.71306],[111.8708,43.7126]]}},{"type":"Feature","properties":{},"geometry":{"type":"LineString","coordinates":[[111.8708,43.7126],[111.87127,43.71284],[111.87158,43.71334],[111.87155,43.71354],[111.87152,43.71379]]}},{"type":"Feature","properties":{},"geometry":{"type":"LineString","coordinates":[[111.92265,43.69801],[111.92298,43.69764],[111.92364,43.69744],[111.92423,43.69751]]}},{"type":"Feature","properties":{},"geometry":{"type":"LineString","coordinates":[[111.92423,43.69751],[111.92387,43.69788],[111.92324,43.69806],[111.92265,43.69801]]}},{"type":"Feature","properties":{},"geometry":{"type":"LineString","coordinates":[[111.91909,43.7063],[111.91883,43.70635],[111.91839,43.70653],[111.91758,43.70709],[111.91654,43.70777],[111.91586,43.70822],[111.91556,43.70842],[111.91545,43.70852],[111.91538,43.70864],[111.91538,43.70873],[111.91545,43.70889]]}},{"type":"Feature","properties":{},"geometry":{"type":"LineString","coordinates":[[111.91278,43.71044],[111.91216,43.71044],[111.90995,43.71045],[111.90883,43.71049],[111.90851,43.7105],[111.90845,43.7105],[111.90762,43.71056],[111.90625,43.71066],[111.90615,43.71067],[111.90544,43.71072],[111.90102,43.71104],[111.90051,43.71107],[111.89994,43.71112],[111.89943,43.71115],[111.89889,43.71118],[111.89829,43.71119],[111.8977,43.71122],[111.89746,43.71122],[111.89715,43.71122],[111.89684,43.71121],[111.89649,43.71121],[111.89604,43.71118],[111.89557,43.71115],[111.89514,43.71112],[111.89456,43.7111],[111.89394,43.71111],[111.89286,43.71113],[111.89224,43.71116],[111.89166,43.7112],[111.89101,43.71124],[111.89058,43.71128],[111.89054,43.71128],[111.88989,43.71135],[111.88917,43.71145],[111.88852,43.71155],[111.88787,43.71167],[111.88654,43.71194],[111.88595,43.71208],[111.88539,43.71223],[111.88389,43.71268],[111.88197,43.71335],[111.88064,43.7138],[111.87999,43.71402],[111.87754,43.71485],[111.87471,43.71584],[111.87417,43.71605],[111.87349,43.71635],[111.87324,43.71648],[111.87269,43.71678],[111.8712,43.71774],[111.87001,43.71859],[111.86879,43.71955],[111.86755,43.72053],[111.86653,43.72147],[111.86644,43.72154],[111.86577,43.72232],[111.86507,43.7231],[111.86448,43.72385],[111.86414,43.7243],[111.86407,43.7244],[111.86382,43.72474],[111.86359,43.72506],[111.8611,43.72851],[111.85885,43.7315],[111.85787,43.7328],[111.85702,43.734],[111.8568,43.73438],[111.85643,43.73507],[111.85616,43.73565],[111.85602,43.73605],[111.85593,43.73639],[111.85585,43.73685],[111.8558,43.73727],[111.85575,43.73777],[111.85575,43.73827],[111.85579,43.7387],[111.85587,43.73917],[111.85598,43.73971],[111.85634,43.74122],[111.85711,43.74435],[111.85736,43.74536]]}},{"type":"Feature","properties":{},"geometry":{"type":"LineString","coordinates":[[111.94081,43.68924],[111.93971,43.69131],[111.93963,43.69144],[111.93925,43.6921],[111.93861,43.69339],[111.93854,43.69352]]}},{"type":"Feature","properties":{},"geometry":{"type":"LineString","coordinates":[[111.91324,43.7108],[111.91278,43.71044]]}},{"type":"Feature","properties":{},"geometry":{"type":"LineString","coordinates":[[111.93606,43.69506],[111.93619,43.69497],[111.93629,43.69491]]}},{"type":"Feature","properties":{},"geometry":{"type":"LineString","coordinates":[[111.93975,43.69245],[111.93981,43.69303],[111.93958,43.69345],[111.93892,43.69388],[111.93881,43.69395],[111.93872,43.694],[111.93815,43.69436],[111.93797,43.69447]]}},{"type":"Feature","properties":{},"geometry":{"type":"LineString","coordinates":[[111.93797,43.69447],[111.93776,43.69488],[111.93752,43.69571],[111.93719,43.69592]]}},{"type":"Feature","properties":{},"geometry":{"type":"LineString","coordinates":[[101.28049,42.5852],[101.28136,42.58692],[101.28174,42.58743],[101.28215,42.58821],[101.28295,42.59043],[101.28355,42.59141],[101.28399,42.59239],[101.28444,42.59334],[101.28376,42.59247],[101.2831,42.59158],[101.28248,42.59057],[101.28172,42.58835],[101.28131,42.58756],[101.28117,42.58698],[101.28032,42.58534],[101.28026,42.58524]]}},{"type":"Feature","properties":{},"geometry":{"type":"LineString","coordinates":[[102.78908,46.26182],[102.78916,46.26168],[102.78918,46.26152]]}},{"type":"Feature","properties":{},"geometry":{"type":"LineString","coordinates":[[102.769,46.25914],[102.76886,46.2591],[102.76873,46.25907],[102.76854,46.25903]]}},{"type":"Feature","properties":{},"geometry":{"type":"LineString","coordinates":[[102.76875,46.25885],[102.76882,46.25897],[102.76891,46.25906],[102.769,46.25914]]}},{"type":"Feature","properties":{},"geometry":{"type":"LineString","coordinates":[[115.84529,48.59815],[115.84548,48.59806],[115.84572,48.59801],[115.84613,48.59793],[115.85047,48.59746],[115.85415,48.59706],[115.8601,48.59642],[115.86021,48.59642],[115.86031,48.59644],[115.86044,48.59645]]}},{"type":"Feature","properties":{},"geometry":{"type":"LineString","coordinates":[[115.86044,48.59645],[115.86015,48.59649],[115.85421,48.59713],[115.85042,48.59754],[115.84618,48.598],[115.84573,48.59807],[115.84529,48.59815]]}},{"type":"Feature","properties":{},"geometry":{"type":"LineString","coordinates":[[103.63925,43.41272],[103.63236,43.41589],[103.62866,43.41713],[103.62283,43.41931],[103.61948,43.42075],[103.61692,43.42164],[103.6083,43.42532],[103.60136,43.42821],[103.5992,43.42949],[103.59827,43.43021],[103.59746,43.43076],[103.5964,43.43108],[103.5948,43.43124],[103.59289,43.4316],[103.59084,43.4323],[103.58817,43.43334],[103.58432,43.4349],[103.58403,43.43496],[103.58282,43.43519],[103.57896,43.43645],[103.57715,43.43691],[103.57517,43.43726],[103.57408,43.43752],[103.57308,43.43788],[103.56672,43.44015],[103.56395,43.4408],[103.56005,43.442],[103.55878,43.4425],[103.55639,43.44327],[103.55144,43.44532],[103.54903,43.446],[103.54706,43.44676],[103.54473,43.44796],[103.54263,43.44928],[103.54153,43.44972],[103.53884,43.45038],[103.53458,43.45234],[103.5294,43.45444],[103.52453,43.45603],[103.52122,43.45685],[103.51882,43.45724],[103.51844,43.45728],[103.51774,43.45733],[103.5165,43.45756],[103.51494,43.4583],[103.5144,43.45871],[103.51384,43.45944],[103.5137,43.45976],[103.51365,43.45987],[103.51347,43.46025],[103.51334,43.46053],[103.51316,43.46109],[103.51295,43.46214],[103.51276,43.46337],[103.51214,43.46438]]}},{"type":"Feature","properties":{},"geometry":{"type":"LineString","coordinates":[[103.54977,43.34679],[103.55472,43.35066],[103.557,43.35268],[103.55936,43.35447],[103.56001,43.35538],[103.56094,43.35704],[103.56213,43.35799],[103.56519,43.35928],[103.56658,43.36017],[103.56799,43.36161],[103.56933,43.36265],[103.57498,43.36666],[103.57936,43.37008],[103.58763,43.37567],[103.59517,43.38122],[103.59654,43.38209],[103.59776,43.38317],[103.59897,43.38394],[103.60767,43.38918],[103.61552,43.39412],[103.62101,43.39801],[103.62715,43.40282],[103.63317,43.40827],[103.63925,43.41272]]}},{"type":"Feature","properties":{},"geometry":{"type":"LineString","coordinates":[[118.12758,47.98582],[118.13417,47.99219],[118.14275,48.00039],[118.14944,48.00681],[118.15035,48.00758],[118.15122,48.0083],[118.15229,48.00905],[118.15337,48.00976],[118.15437,48.01033],[118.16837,48.01772],[118.16949,48.0184],[118.17033,48.01894],[118.17109,48.01951],[118.17166,48.02],[118.1727,48.02104],[118.17337,48.02183],[118.17388,48.0225],[118.17436,48.02322],[118.17489,48.02425],[118.17525,48.02517],[118.17544,48.02591]]}},{"type":"Feature","properties":{},"geometry":{"type":"Polygon","coordinates":[[[118.17544,48.02591],[118.17551,48.02598],[118.17564,48.02605],[118.17594,48.02616],[118.17606,48.02623],[118.17614,48.02632],[118.1762,48.02653],[118.1762,48.02663],[118.17612,48.02674],[118.17593,48.02689],[118.17586,48.02696],[118.17582,48.02708],[118.1757,48.02698],[118.17555,48.02691],[118.17535,48.02683],[118.17526,48.02677],[118.1752,48.02668],[118.17507,48.02627],[118.17511,48.0262],[118.17522,48.02614],[118.17534,48.02607],[118.1754,48.02602],[118.17544,48.02591]]]}},{"type":"Feature","properties":{},"geometry":{"type":"LineString","coordinates":[[110.13695,44.88729],[110.13678,44.88761]]}},{"type":"Feature","properties":{},"geometry":{"type":"LineString","coordinates":[[92.08161,49.48012],[92.07803,49.47673],[92.07741,49.47555],[92.07713,49.47314],[92.077,49.47178],[92.075,49.46793],[92.07494,49.46728],[92.07449,49.46711],[92.07352,49.46664],[92.07389,49.4659],[92.07367,49.4653],[92.07393,49.46495],[92.07412,49.4647],[92.07393,49.46439],[92.07354,49.4644],[92.07292,49.46463],[92.06799,49.46456],[92.06226,49.46245],[92.06097,49.46266],[92.05724,49.46226],[92.04936,49.46347],[92.04646,49.4631],[92.04302,49.46174],[92.03116,49.45781],[92.02474,49.45573],[92.02406,49.45479],[92.02276,49.45364],[92.02013,49.45033],[92.01817,49.44931],[92.0135,49.4473],[92.00898,49.44563],[92.00815,49.44499],[92.00737,49.44459],[92.00654,49.44412],[92.00605,49.44356],[92.00523,49.44291],[92.00455,49.44206],[92.00288,49.44103],[92.00125,49.44012],[91.99893,49.43699],[91.99283,49.43148]]}},{"type":"Feature","properties":{},"geometry":{"type":"LineString","coordinates":[[96.82184,47.49252],[96.82241,47.49032],[96.82266,47.48916],[96.8227,47.48889],[96.82269,47.48859],[96.82267,47.48836],[96.8226,47.48812],[96.82248,47.48797],[96.82242,47.48794],[96.82234,47.48791],[96.82217,47.48787],[96.82189,47.48784],[96.82163,47.48778],[96.82014,47.48758],[96.81884,47.48732],[96.81818,47.48694],[96.81423,47.48582],[96.8098,47.48531],[96.8087,47.48522],[96.80752,47.48515],[96.80701,47.48506],[96.80623,47.48488],[96.80545,47.48465],[96.80463,47.48439],[96.80381,47.48408],[96.79873,47.48172],[96.79713,47.48081],[96.7931,47.47913],[96.79263,47.47888],[96.79138,47.47804],[96.79055,47.47774],[96.79033,47.47757],[96.78876,47.47711],[96.78738,47.47684],[96.78609,47.47647],[96.78576,47.47632],[96.78527,47.47612],[96.78447,47.47567],[96.78274,47.47433],[96.78104,47.4736],[96.78045,47.47335],[96.77947,47.47294],[96.77851,47.47267],[96.77809,47.47258],[96.77781,47.47255],[96.77623,47.47254],[96.77529,47.47274],[96.77491,47.47289],[96.77322,47.47314],[96.77141,47.47331],[96.7703,47.47314],[96.76978,47.47284],[96.76846,47.47251],[96.76793,47.47227],[96.76725,47.4718],[96.76695,47.47143],[96.76688,47.47127],[96.76686,47.47104],[96.76711,47.47073],[96.76879,47.46936],[96.77021,47.4682],[96.77132,47.46771],[96.77179,47.46741],[96.77311,47.46653],[96.77378,47.46619],[96.77431,47.46582],[96.77484,47.46551],[96.77581,47.46503],[96.77657,47.46456],[96.77721,47.46415],[96.7779,47.4639],[96.77889,47.46343],[96.77958,47.46307],[96.7814,47.46179],[96.78165,47.46157],[96.7824,47.46122],[96.7829,47.46112],[96.78333,47.46113],[96.78362,47.46116],[96.78368,47.46118],[96.78377,47.46122],[96.78386,47.46124],[96.78394,47.46124],[96.78401,47.46124],[96.78406,47.46122],[96.78583,47.46019],[96.7875,47.45947],[96.78793,47.4592],[96.78832,47.45846],[96.78893,47.45787],[96.78916,47.45753],[96.78925,47.45716],[96.79013,47.45635],[96.79078,47.45565],[96.79158,47.45499],[96.79229,47.45454],[96.79296,47.45433],[96.79618,47.4524],[96.79679,47.45194],[96.79727,47.4517],[96.79746,47.45161],[96.79757,47.45152],[96.79765,47.45141],[96.79773,47.45131],[96.79784,47.45119],[96.79804,47.45103],[96.79866,47.45061],[96.79935,47.45016],[96.80062,47.44904],[96.80086,47.44888],[96.80109,47.44863],[96.80171,47.44823],[96.80265,47.44772],[96.80309,47.44738],[96.80346,47.44718],[96.80419,47.44651],[96.80452,47.44596],[96.80472,47.44585],[96.80536,47.44518],[96.80621,47.44421],[96.8063,47.44404],[96.80733,47.44302],[96.80895,47.44174],[96.81063,47.44081],[96.81334,47.43886],[96.81506,47.43756],[96.81555,47.43707],[96.81676,47.4362],[96.81824,47.4355],[96.81973,47.43433],[96.82015,47.43353],[96.82054,47.43303],[96.82143,47.43263],[96.82331,47.43199],[96.82404,47.43163],[96.82457,47.43125],[96.82532,47.43091],[96.82577,47.43084],[96.8262,47.43064],[96.82687,47.43013],[96.8273,47.42987],[96.82771,47.42969],[96.82809,47.42887],[96.82834,47.42867],[96.82877,47.42843],[96.8294,47.42796],[96.82944,47.42777],[96.82987,47.42715],[96.83062,47.42662],[96.83137,47.42598],[96.83144,47.42555],[96.83132,47.42498],[96.83194,47.42441],[96.83251,47.42413],[96.83264,47.42374],[96.83243,47.42337],[96.83241,47.42287],[96.83273,47.42247],[96.83306,47.42224],[96.83443,47.42152],[96.83727,47.42052],[96.83789,47.41974],[96.83749,47.41832],[96.83781,47.41637],[96.83815,47.4158],[96.83807,47.41511],[96.83822,47.4142],[96.83748,47.4132],[96.83737,47.41196],[96.83748,47.41102],[96.8383,47.41006],[96.83858,47.40925],[96.84113,47.40628],[96.84108,47.40484],[96.84154,47.40315],[96.84163,47.40303],[96.84191,47.40234],[96.84051,47.40069],[96.83948,47.39982],[96.83879,47.39895],[96.83781,47.39848],[96.83519,47.3961],[96.8336,47.39481],[96.83043,47.39309],[96.82861,47.39236],[96.82791,47.39233],[96.82736,47.392],[96.82626,47.39101],[96.82567,47.39078],[96.82474,47.39032],[96.82114,47.389],[96.81995,47.3885],[96.81923,47.38834],[96.81805,47.3879],[96.81679,47.38731],[96.81656,47.38723],[96.81522,47.38702],[96.81251,47.38698],[96.81171,47.38688],[96.8111,47.38685],[96.80954,47.3869],[96.80663,47.38688],[96.80432,47.38693],[96.80337,47.3869],[96.80183,47.38672],[96.80153,47.38675],[96.79944,47.38661],[96.79775,47.38658],[96.79538,47.38642],[96.79332,47.38598],[96.79269,47.38563],[96.79185,47.38521],[96.79081,47.38524],[96.78983,47.38516],[96.78933,47.3851],[96.78663,47.38433],[96.78626,47.38412],[96.78537,47.38381],[96.78356,47.38367],[96.78258,47.38367],[96.78083,47.38334],[96.78029,47.38329],[96.77893,47.38292],[96.778,47.38281],[96.77765,47.3828],[96.77683,47.38267],[96.77612,47.38265],[96.77421,47.38234],[96.77383,47.3821],[96.77343,47.38176],[96.77118,47.38106],[96.76992,47.38079],[96.76774,47.37974],[96.76707,47.37942],[96.76529,47.37864],[96.76401,47.37793],[96.76258,47.37738],[96.76099,47.37662],[96.75875,47.37536],[96.75768,47.37466],[96.75531,47.37226],[96.75483,47.37146],[96.75483,47.37004],[96.75509,47.36754],[96.75494,47.36586],[96.755,47.36544],[96.75497,47.36216],[96.7548,47.36144],[96.75484,47.3596],[96.75462,47.35786],[96.75457,47.35603],[96.7546,47.35451],[96.75476,47.35395],[96.75494,47.35272],[96.75524,47.35204],[96.75606,47.35069],[96.7566,47.34941],[96.75686,47.34909],[96.75717,47.34829],[96.75931,47.34389],[96.7596,47.34306],[96.75948,47.34219],[96.75968,47.34173],[96.76036,47.34133],[96.76086,47.34072],[96.76119,47.34044],[96.76209,47.33931],[96.76304,47.33759],[96.76316,47.33671],[96.76416,47.3347],[96.76419,47.33356],[96.76408,47.33234],[96.76457,47.33099],[96.76486,47.32993],[96.76646,47.32688],[96.76655,47.32613],[96.76663,47.32591],[96.76687,47.32468],[96.76684,47.3242],[96.76719,47.32312],[96.76741,47.32276],[96.76753,47.32245],[96.76799,47.32203],[96.76901,47.32113],[96.77123,47.31703],[96.77186,47.31558],[96.77228,47.31517],[96.77254,47.315],[96.7736,47.31365],[96.7737,47.31295],[96.77428,47.3115],[96.7748,47.31047],[96.77535,47.30915],[96.77559,47.30811],[96.77562,47.3069],[96.77556,47.30611],[96.77507,47.3052],[96.77463,47.30379],[96.77458,47.30316],[96.77437,47.30263],[96.77338,47.30131],[96.77287,47.30007],[96.77241,47.29857],[96.77173,47.29689],[96.77131,47.29567],[96.77113,47.29464],[96.76969,47.29216],[96.76953,47.29151],[96.76949,47.2911],[96.7692,47.29066],[96.76822,47.28956],[96.76721,47.28898],[96.76591,47.28796],[96.76529,47.28706],[96.76455,47.28575],[96.76442,47.28535],[96.76412,47.28491],[96.76351,47.28371],[96.76337,47.28317],[96.7631,47.28269],[96.76221,47.28185],[96.76193,47.28097],[96.76174,47.27962],[96.76137,47.27783],[96.76125,47.2765],[96.76099,47.27501],[96.76108,47.27369],[96.76108,47.27217],[96.76102,47.27175],[96.76108,47.27131],[96.76148,47.27028],[96.76205,47.2691],[96.76289,47.26588],[96.76358,47.26464],[96.76542,47.2618],[96.76588,47.26132],[96.76639,47.26026],[96.76808,47.2578],[96.76955,47.25606],[96.7708,47.25447],[96.77127,47.2531],[96.77209,47.2515],[96.77247,47.25107],[96.77305,47.25011],[96.77402,47.24904],[96.77495,47.24783],[96.77598,47.24674],[96.77859,47.24354],[96.77996,47.24205],[96.78151,47.24102],[96.78221,47.24067],[96.78387,47.23958],[96.78463,47.23925],[96.78638,47.23887],[96.78691,47.23866],[96.78713,47.23832],[96.78736,47.2373],[96.78767,47.23682],[96.79,47.23479],[96.79255,47.23267],[96.79378,47.23137],[96.79487,47.2308],[96.79633,47.22955],[96.79685,47.2289],[96.79756,47.22734],[96.79796,47.22584],[96.79789,47.22496],[96.79688,47.22249],[96.79724,47.22183],[96.79748,47.2211],[96.79763,47.22091],[96.79767,47.2205],[96.79703,47.21968],[96.79698,47.21883],[96.79766,47.21675],[96.79829,47.21589],[96.79913,47.21496],[96.79929,47.2143],[96.79912,47.21269],[96.79914,47.21169],[96.79971,47.21005],[96.80062,47.20867],[96.801,47.20827],[96.80171,47.2068],[96.80245,47.20499],[96.80286,47.2036],[96.803,47.20256],[96.80363,47.20128],[96.80403,47.19954],[96.80419,47.19811],[96.80436,47.19762],[96.80438,47.19698],[96.8043,47.19665],[96.80469,47.19568],[96.80512,47.19538],[96.80584,47.19446],[96.80623,47.19322],[96.80626,47.19222],[96.80688,47.191],[96.80682,47.19038],[96.80641,47.18958],[96.80623,47.1889],[96.80643,47.18761],[96.80718,47.18464],[96.80789,47.18329],[96.80852,47.18169],[96.80882,47.18029],[96.80922,47.17935],[96.80924,47.17899],[96.80908,47.1786],[96.809,47.17767],[96.80919,47.17703],[96.81353,47.15167],[96.81836,47.13045],[96.82158,47.11973],[96.82202,47.11672],[96.82479,47.11214],[96.82537,47.11109],[96.82553,47.11004],[96.82551,47.10813],[96.82469,47.1045],[96.82412,47.10322],[96.82389,47.10292],[96.82366,47.10267],[96.8233,47.10212],[96.82162,47.099],[96.82049,47.09782],[96.81966,47.09646],[96.81854,47.09498],[96.81736,47.09317],[96.81592,47.09159],[96.81428,47.08951],[96.81274,47.08807],[96.81154,47.08722],[96.81052,47.08599],[96.80949,47.08449],[96.80702,47.08162],[96.80514,47.0796],[96.80305,47.07755],[96.80258,47.07717],[96.80208,47.0769],[96.79704,47.07192],[96.79603,47.07039],[96.79537,47.06893],[96.79409,47.06558],[96.79319,47.06398],[96.79256,47.06233],[96.79192,47.0609],[96.79172,47.05936],[96.79137,47.05803],[96.79053,47.05694],[96.78851,47.05522],[96.78608,47.05292],[96.78416,47.05155],[96.78388,47.05097],[96.78309,47.05049],[96.78237,47.05027],[96.78098,47.04934],[96.77967,47.04842],[96.77826,47.04592],[96.77766,47.04546],[96.77679,47.04399],[96.7759,47.04324],[96.77351,47.03995],[96.77219,47.03696],[96.77111,47.03514],[96.76838,47.03133],[96.76582,47.02763],[96.76235,47.02241],[96.75937,47.0161],[96.75629,47.00873],[96.74984,46.99819],[96.7458,46.99244],[96.74142,46.98851],[96.73897,46.9841],[96.73793,46.9798],[96.73691,46.97387],[96.73698,46.97071],[96.73579,46.96787],[96.71894,46.94942],[96.70598,46.93826],[96.69668,46.93214],[96.68978,46.9292],[96.68125,46.92534],[96.67156,46.92143],[96.66733,46.91861],[96.66288,46.91479],[96.66258,46.91473],[96.66227,46.91462],[96.66176,46.91436],[96.66149,46.91423],[96.66115,46.91413],[96.66075,46.91409],[96.66034,46.91411],[96.65991,46.91417],[96.65949,46.91428],[96.65869,46.91458],[96.65715,46.91526],[96.65195,46.91521],[96.64918,46.91497],[96.64559,46.91332],[96.64238,46.91124],[96.63785,46.90725],[96.63505,46.90539],[96.63181,46.90358],[96.62926,46.90342],[96.62715,46.90338],[96.62396,46.90294],[96.61738,46.90151],[96.61447,46.90064],[96.61377,46.9004],[96.61369,46.90037],[96.6136,46.90034],[96.61333,46.90021],[96.61308,46.90012],[96.6124,46.89992],[96.61202,46.89981],[96.61186,46.89975],[96.61165,46.89966],[96.61153,46.89958],[96.61133,46.89946],[96.61123,46.89937],[96.61116,46.89929],[96.6111,46.89919],[96.61105,46.89907],[96.61103,46.89896],[96.61101,46.89888],[96.61098,46.89879],[96.61074,46.89838],[96.61037,46.89795],[96.61003,46.89726],[96.61033,46.89478],[96.61068,46.89278],[96.61096,46.89086],[96.61036,46.88658],[96.60918,46.88307],[96.6044,46.87076],[96.60406,46.86498],[96.60405,46.86191],[96.60434,46.85797],[96.60466,46.85646],[96.60471,46.85416],[96.60427,46.8485],[96.60397,46.84546],[96.60383,46.84492],[96.60368,46.84324],[96.60355,46.84113],[96.60354,46.83968],[96.60295,46.83632],[96.60245,46.83294],[96.6015,46.82575],[96.60141,46.82399],[96.60166,46.82181],[96.60168,46.81932],[96.60198,46.81553],[96.60202,46.81299],[96.60175,46.80883],[96.6014,46.80676],[96.60094,46.80542],[96.60069,46.80429],[96.6007,46.80318],[96.60077,46.80197],[96.60074,46.80071],[96.59988,46.79884],[96.59921,46.79779],[96.59876,46.79737],[96.59854,46.79691],[96.59851,46.79635],[96.59782,46.79518],[96.59759,46.79495],[96.59719,46.79414],[96.59686,46.79267],[96.59666,46.79092],[96.5967,46.78923],[96.59659,46.78644],[96.59645,46.78594],[96.59616,46.78531],[96.59592,46.78499],[96.5956,46.7842],[96.59557,46.78345],[96.59588,46.78281],[96.59592,46.78215],[96.59545,46.78105],[96.59528,46.7803],[96.59474,46.77942],[96.59466,46.77908],[96.5936,46.77677],[96.59314,46.77589],[96.59274,46.7755],[96.59178,46.77401],[96.5911,46.77271],[96.59063,46.77161],[96.59015,46.77096],[96.58937,46.77044],[96.58909,46.76995],[96.58889,46.76974],[96.58811,46.76925],[96.58655,46.76795],[96.58575,46.76709],[96.58544,46.76622],[96.58332,46.76453],[96.58278,46.76391],[96.58134,46.76297],[96.58033,46.76283],[96.57855,46.76207],[96.57788,46.76197],[96.57689,46.76166],[96.5756,46.76065],[96.57385,46.75917],[96.57358,46.759],[96.57293,46.75839],[96.57226,46.75796],[96.57154,46.75766],[96.57035,46.7569],[96.56995,46.75659],[96.56862,46.75493],[96.5675,46.75335],[96.56614,46.75194],[96.56225,46.74833],[96.55714,46.74233],[96.55483,46.73985],[96.5536,46.73874],[96.55124,46.73557],[96.55108,46.73532],[96.55112,46.73441],[96.55125,46.73417],[96.5512,46.73339],[96.55098,46.73238],[96.55118,46.73094],[96.5511,46.73002],[96.55095,46.72958],[96.55098,46.72877],[96.55145,46.72798],[96.55191,46.72744],[96.55222,46.72715],[96.55252,46.72667],[96.55275,46.72581],[96.55268,46.72404],[96.55334,46.72216],[96.55329,46.71708],[96.55008,46.71278],[96.54925,46.71165]]}},{"type":"Feature","properties":{},"geometry":{"type":"LineString","coordinates":[[113.25981,46.68816],[113.25958,46.68779],[113.25923,46.68741],[113.25889,46.68712],[113.25833,46.68666],[113.25811,46.68644],[113.25795,46.68617],[113.25779,46.68567],[113.2575,46.68476],[113.25729,46.68419],[113.25702,46.68326],[113.25686,46.68293],[113.2568,46.68239],[113.25673,46.68147],[113.25672,46.68121],[113.25668,46.68082],[113.25664,46.68072],[113.25658,46.68044],[113.25655,46.68029]]}},{"type":"Feature","properties":{},"geometry":{"type":"LineString","coordinates":[[103.53869,48.80494],[103.53945,48.80734]]}},{"type":"Feature","properties":{},"geometry":{"type":"LineString","coordinates":[[103.53858,48.80454],[103.53869,48.80494]]}},{"type":"Feature","properties":{},"geometry":{"type":"LineString","coordinates":[[91.01511,50.07485],[91.01464,50.07475],[91.01224,50.07512],[91.00977,50.0751],[91.00747,50.07538],[91.00632,50.07534],[91.00604,50.07539],[91.00152,50.07492],[91.00033,50.07477],[90.99117,50.07383],[90.98795,50.0739],[90.97937,50.0758],[90.97607,50.07537],[90.97215,50.07541],[90.96934,50.07597]]}},{"type":"Feature","properties":{},"geometry":{"type":"LineString","coordinates":[[90.96934,50.07597],[90.94836,50.08031],[90.94328,50.08141],[90.9341,50.08183],[90.92769,50.08417],[90.91835,50.08632],[90.90741,50.08889],[90.9059,50.08887],[90.90486,50.08864],[90.90364,50.08878],[90.89901,50.08897],[90.89663,50.08978],[90.89139,50.09032],[90.88765,50.09111],[90.88501,50.09166],[90.88163,50.09215],[90.87859,50.09286],[90.85367,50.09709],[90.8477,50.09978],[90.83828,50.10074],[90.82946,50.09839],[90.82077,50.09556],[90.81253,50.09282],[90.80628,50.0912],[90.79968,50.08955],[90.79531,50.08823],[90.791,50.08716],[90.78664,50.08542],[90.78363,50.08448],[90.77873,50.08347],[90.77423,50.08278],[90.77071,50.08205],[90.7679,50.08104],[90.76107,50.07835],[90.75953,50.0774],[90.75701,50.07545],[90.75559,50.07417],[90.75478,50.07315],[90.75373,50.07161],[90.7492,50.06466],[90.73908,50.05959],[90.73691,50.05934],[90.73288,50.06022],[90.72987,50.06019],[90.72241,50.06055],[90.71872,50.06091],[90.71337,50.06025],[90.70625,50.05954],[90.70389,50.05893],[90.70187,50.05786],[90.68603,50.04923],[90.67745,50.04394],[90.67061,50.0419],[90.66784,50.04107],[90.64861,50.03787],[90.62767,50.03512],[90.62342,50.03423],[90.62287,50.03426],[90.62221,50.03431],[90.6216,50.03446],[90.6205,50.0345],[90.61867,50.0347],[90.61759,50.03437],[90.61487,50.034],[90.61268,50.03357],[90.61231,50.03345],[90.61105,50.03328],[90.60603,50.0329],[90.60258,50.0325],[90.60099,50.03244],[90.59948,50.03252],[90.59787,50.03233],[90.59384,50.03212],[90.59246,50.03211],[90.58947,50.03191],[90.58871,50.03182],[90.58555,50.03125],[90.58302,50.03089],[90.58141,50.03053],[90.58069,50.03025],[90.58035,50.03017],[90.57921,50.03001],[90.57585,50.02968],[90.57464,50.02951],[90.57381,50.02932],[90.57267,50.02885],[90.57115,50.02852],[90.56701,50.02786],[90.56556,50.02746],[90.56122,50.02604],[90.55997,50.0256],[90.55906,50.02513],[90.55819,50.0249],[90.55591,50.02402],[90.55517,50.02369],[90.55519,50.02363],[90.55391,50.02279],[90.55327,50.0222],[90.55016,50.02018],[90.5492,50.01976],[90.54843,50.01917],[90.54578,50.01669],[90.54294,50.01518],[90.54198,50.01421],[90.53946,50.01223],[90.53744,50.01082],[90.53592,50.00991],[90.53347,50.00799],[90.5321,50.00722],[90.53089,50.0064],[90.53058,50.00602],[90.52927,50.00458],[90.52822,50.00424],[90.52719,50.00347],[90.52595,50.00294],[90.52407,50.00113],[90.52333,50.00003],[90.52323,49.9993],[90.52327,49.99899],[90.52308,49.99827],[90.52317,49.99767],[90.52314,49.99602],[90.52286,49.99393],[90.52325,49.99235],[90.52345,49.99172],[90.52304,49.99098],[90.52338,49.98963],[90.52344,49.98865],[90.52372,49.98807],[90.52375,49.98791],[90.52355,49.98669],[90.5236,49.98625],[90.52346,49.98546],[90.52346,49.98483],[90.52403,49.98368],[90.52461,49.98283],[90.52508,49.9824],[90.52508,49.98186],[90.52561,49.98104],[90.52577,49.98069],[90.52578,49.9795],[90.52599,49.97892],[90.52605,49.97847],[90.52622,49.97821],[90.52604,49.97785],[90.52581,49.97671],[90.52559,49.97598],[90.52575,49.97514],[90.5257,49.97464],[90.52544,49.97396],[90.52552,49.97351],[90.526,49.97283],[90.52642,49.97237],[90.52785,49.97134],[90.52891,49.97043],[90.52912,49.97015],[90.52956,49.96917],[90.52994,49.96789],[90.5304,49.96724],[90.53062,49.96613],[90.5306,49.96517],[90.53035,49.96345],[90.52981,49.9623],[90.52967,49.96182],[90.52988,49.9612],[90.53022,49.96087],[90.53031,49.96069],[90.52985,49.95997],[90.52978,49.95959],[90.52966,49.95936],[90.5288,49.9588],[90.52868,49.95781],[90.52857,49.95749],[90.52793,49.95637],[90.52769,49.95538],[90.52771,49.95513],[90.52807,49.95428],[90.52828,49.95351],[90.52878,49.95237],[90.52868,49.95159],[90.52786,49.95012],[90.52751,49.94801],[90.52741,49.94784],[90.52689,49.94749],[90.52676,49.9475],[90.5257,49.94695],[90.52357,49.94606],[90.52227,49.94585],[90.52182,49.9449],[90.52134,49.94417],[90.52145,49.94302],[90.52157,49.94272],[90.52137,49.9421],[90.52043,49.94161],[90.51953,49.94131],[90.51902,49.94107],[90.51839,49.94092],[90.51808,49.94061],[90.5174,49.94017],[90.51351,49.93953],[90.47317,49.92219],[90.46373,49.91412],[90.44348,49.90207],[90.42768,49.89256],[90.41412,49.88471],[90.39293,49.8671],[90.36417,49.84321],[90.34819,49.82741],[90.34768,49.82642],[90.3478,49.82559],[90.34849,49.82487]]}},{"type":"Feature","properties":{},"geometry":{"type":"LineString","coordinates":[[106.92818,47.90483],[106.92818,47.90497],[106.92816,47.90506],[106.92807,47.9054],[106.9279,47.90579],[106.92777,47.90604],[106.92769,47.9062]]}},{"type":"Feature","properties":{},"geometry":{"type":"LineString","coordinates":[[106.92734,47.9067],[106.9273,47.90676]]}},{"type":"Feature","properties":{},"geometry":{"type":"LineString","coordinates":[[106.92769,47.9062],[106.92734,47.9067]]}},{"type":"Feature","properties":{},"geometry":{"type":"LineString","coordinates":[[106.92701,47.9066],[106.92739,47.9061]]}},{"type":"Feature","properties":{},"geometry":{"type":"LineString","coordinates":[[106.92739,47.9061],[106.92751,47.90594],[106.9276,47.9058],[106.92777,47.90543],[106.92789,47.90507],[106.92788,47.905],[106.92781,47.9049]]}},{"type":"Feature","properties":{},"geometry":{"type":"LineString","coordinates":[[106.92666,47.90474],[106.92657,47.90473],[106.92646,47.90471],[106.92636,47.90469],[106.92623,47.90467],[106.9261,47.90464],[106.92592,47.90461],[106.92573,47.90458],[106.92554,47.90455]]}},{"type":"Feature","properties":{},"geometry":{"type":"LineString","coordinates":[[106.92714,47.9048],[106.92666,47.90474]]}},{"type":"Feature","properties":{},"geometry":{"type":"LineString","coordinates":[[106.92718,47.90695],[106.92712,47.90698],[106.92705,47.90699],[106.92697,47.90698],[106.9269,47.90693],[106.92687,47.90689],[106.92688,47.90682],[106.9269,47.90677],[106.92701,47.9066]]}},{"type":"Feature","properties":{},"geometry":{"type":"LineString","coordinates":[[106.9273,47.90676],[106.92718,47.90695]]}},{"type":"Feature","properties":{},"geometry":{"type":"LineString","coordinates":[[110.13111,44.87825],[110.1311,44.87819],[110.13116,44.8774],[110.1312,44.87712],[110.13128,44.87688],[110.13133,44.87668],[110.13134,44.87662]]}},{"type":"Feature","properties":{},"geometry":{"type":"LineString","coordinates":[[113.93045,47.99346],[113.93416,47.99379],[113.93842,47.99419],[113.94072,47.99437],[113.94243,47.99446],[113.94332,47.9945],[113.9437,47.99452],[113.94513,47.99453],[113.94792,47.99448],[113.95024,47.99443],[113.95632,47.99428],[113.97303,47.99391],[113.97971,47.99377],[113.99573,47.9934],[114.01167,47.99308],[114.03029,47.99301],[114.06193,47.99291],[114.0735,47.99289],[114.08013,47.99291],[114.08694,47.99306],[114.1072,47.99356],[114.12685,47.99401],[114.17168,47.9954],[114.18026,47.99566]]}},{"type":"Feature","properties":{},"geometry":{"type":"LineString","coordinates":[[106.91573,47.90813],[106.91544,47.90814],[106.91518,47.90815],[106.91441,47.90824]]}},{"type":"Feature","properties":{},"geometry":{"type":"LineString","coordinates":[[106.91166,47.90824],[106.91153,47.90825],[106.90942,47.90832],[106.90868,47.90834],[106.90784,47.90837],[106.90727,47.90839],[106.90552,47.90845],[106.90443,47.90848],[106.90389,47.9085],[106.90364,47.90851],[106.90323,47.90852],[106.90267,47.90854],[106.90099,47.90864],[106.9009,47.90864],[106.89993,47.90868],[106.89949,47.9087],[106.89861,47.90875],[106.89825,47.90877],[106.89804,47.9088],[106.89767,47.90885],[106.89657,47.90901],[106.89595,47.90903],[106.89547,47.90904],[106.89538,47.90905],[106.89453,47.90904],[106.89431,47.90904],[106.88481,47.90918],[106.88462,47.90918],[106.88325,47.90919]]}},{"type":"Feature","properties":{},"geometry":{"type":"LineString","coordinates":[[106.90424,47.91606],[106.90269,47.91593],[106.9026,47.91593],[106.9025,47.91592],[106.90192,47.91587]]}},{"type":"Feature","properties":{},"geometry":{"type":"LineString","coordinates":[[98.91644,48.31356],[98.91688,48.31328],[98.91734,48.31291],[98.91749,48.31273],[98.91756,48.31253],[98.91759,48.3122],[98.91754,48.31181],[98.9174,48.31099],[98.91743,48.31056],[98.91754,48.31016],[98.9177,48.30986],[98.91818,48.30922],[98.91875,48.30833],[98.91934,48.3077],[98.92102,48.30634],[98.92155,48.30594],[98.92274,48.30539],[98.92371,48.30508],[98.92505,48.30485],[98.92708,48.30349],[98.92787,48.30302],[98.93138,48.29968],[98.93412,48.29867],[98.93601,48.29775],[98.93996,48.29707],[98.94236,48.29615],[98.94449,48.29525],[98.94627,48.29515],[98.94816,48.29514],[98.95099,48.29486],[98.95248,48.29439],[98.95472,48.29341],[98.95669,48.29224],[98.95828,48.29085],[98.9583,48.29083],[98.95924,48.29015],[98.96102,48.28881],[98.96743,48.28622],[98.96956,48.28485],[98.97312,48.28231],[98.97577,48.27931],[98.97713,48.27805],[98.978,48.27723],[98.97801,48.27624],[98.97849,48.27537],[98.97995,48.27296],[98.98095,48.27102],[98.98276,48.26907],[98.98457,48.26622],[98.98643,48.26449],[98.99253,48.26107],[98.99364,48.26004],[98.99533,48.25823],[98.99814,48.25622],[99.00348,48.25182],[99.00484,48.2508],[99.00916,48.2469],[99.01045,48.24584],[99.01099,48.24548],[99.01174,48.24508],[99.01396,48.24401],[99.01538,48.24333],[99.01577,48.24309],[99.01594,48.24292],[99.01605,48.24276],[99.01608,48.2426],[99.01609,48.24239]]}},{"type":"Feature","properties":{},"geometry":{"type":"LineString","coordinates":[[106.78035,47.82787],[106.78054,47.82786],[106.78065,47.82785],[106.78074,47.82783],[106.78081,47.82781],[106.78086,47.82778],[106.78096,47.82772],[106.78112,47.8276],[106.78121,47.82754]]}},{"type":"Feature","properties":{},"geometry":{"type":"LineString","coordinates":[[106.78121,47.82754],[106.78153,47.8273]]}},{"type":"Feature","properties":{},"geometry":{"type":"LineString","coordinates":[[106.78153,47.8273],[106.78175,47.82717],[106.78186,47.82713]]}},{"type":"Feature","properties":{},"geometry":{"type":"LineString","coordinates":[[106.78186,47.82713],[106.78197,47.8271],[106.78215,47.82707],[106.78229,47.82705],[106.78241,47.82705],[106.78255,47.82707],[106.7827,47.82709],[106.7828,47.82712],[106.78291,47.82717],[106.78305,47.82728],[106.78316,47.82737],[106.78332,47.82758]]}},{"type":"Feature","properties":{},"geometry":{"type":"LineString","coordinates":[[110.131,44.87881],[110.13113,44.87863],[110.13116,44.87849],[110.13111,44.87825]]}},{"type":"Feature","properties":{},"geometry":{"type":"LineString","coordinates":[[110.131,44.87881],[110.13093,44.87861],[110.13095,44.87847],[110.13111,44.87825]]}},{"type":"Feature","properties":{},"geometry":{"type":"LineString","coordinates":[[107.06703,47.89048],[107.06698,47.89054],[107.06694,47.89059],[107.06689,47.89063],[107.06685,47.89066],[107.0668,47.89068],[107.06674,47.89071],[107.06669,47.89072],[107.06664,47.89073],[107.0666,47.89074],[107.06653,47.89074],[107.06638,47.89075],[107.0662,47.89076]]}},{"type":"Feature","properties":{},"geometry":{"type":"LineString","coordinates":[[106.86268,47.88463],[106.86214,47.88398]]}},{"type":"Feature","properties":{},"geometry":{"type":"LineString","coordinates":[[106.86752,47.88622],[106.86688,47.8861],[106.8667,47.88607],[106.86641,47.88604],[106.86625,47.88604],[106.86567,47.88606],[106.86551,47.88607]]}},{"type":"Feature","properties":{},"geometry":{"type":"LineString","coordinates":[[106.78332,47.82758],[106.78363,47.8279]]}},{"type":"Feature","properties":{},"geometry":{"type":"LineString","coordinates":[[106.78363,47.8279],[106.78374,47.82806],[106.7839,47.82827],[106.78405,47.82845],[106.78421,47.82859],[106.7844,47.82876],[106.78459,47.82896]]}},{"type":"Feature","properties":{},"geometry":{"type":"LineString","coordinates":[[106.99586,47.92417],[106.996,47.92416],[106.99608,47.92414],[106.99615,47.92412],[106.99621,47.9241],[106.99625,47.92408],[106.99629,47.92406],[106.99631,47.92403],[106.99633,47.92401],[106.99635,47.92397],[106.99636,47.92394],[106.99637,47.9239],[106.99638,47.92385]]}},{"type":"Feature","properties":{},"geometry":{"type":"LineString","coordinates":[[97.99011,46.0895],[97.99076,46.08976],[97.99179,46.08999],[97.99294,46.09005],[97.99391,46.09],[97.99828,46.08862],[98.0011,46.08789],[98.00418,46.08732]]}},{"type":"Feature","properties":{},"geometry":{"type":"LineString","coordinates":[[109.97952,42.63593],[109.97951,42.63598],[109.97914,42.63721],[109.97909,42.63742],[109.97907,42.63763],[109.97908,42.6379],[109.9791,42.63807],[109.97917,42.63829],[109.97927,42.63852],[109.97943,42.63877],[109.98148,42.64174],[109.98181,42.64212]]}},{"type":"Feature","properties":{},"geometry":{"type":"LineString","coordinates":[[109.98181,42.64212],[109.98133,42.64187],[109.9792,42.63885],[109.97903,42.63859],[109.9789,42.63833],[109.97884,42.6381],[109.97881,42.63789],[109.9788,42.63764],[109.97883,42.63739],[109.97887,42.63719],[109.97929,42.63589]]}},{"type":"Feature","properties":{},"geometry":{"type":"LineString","coordinates":[[90.6297,48.51546],[90.62898,48.51556]]}},{"type":"Feature","properties":{},"geometry":{"type":"LineString","coordinates":[[90.63148,48.51526],[90.6297,48.51546]]}},{"type":"Feature","properties":{},"geometry":{"type":"LineString","coordinates":[[107.00079,47.90308],[107.0008,47.90293],[107.00079,47.90234],[107.0008,47.90221],[107.0008,47.90214],[107.00081,47.90208],[107.00084,47.90201],[107.00086,47.90195],[107.00089,47.9019],[107.00093,47.90185],[107.00097,47.90179],[107.00101,47.90175],[107.00106,47.9017],[107.0011,47.90166],[107.0012,47.90159],[107.00132,47.90152],[107.0014,47.90148],[107.00196,47.90115],[107.00259,47.90078],[107.0032,47.90042],[107.00332,47.90035],[107.0034,47.9003],[107.00348,47.90023],[107.00355,47.90016],[107.0036,47.90009],[107.00364,47.90002],[107.00368,47.89994],[107.0037,47.89986],[107.00371,47.89979],[107.00372,47.89973],[107.00372,47.89965],[107.00371,47.89943],[107.00369,47.8991],[107.00368,47.89895],[107.00367,47.89862],[107.00367,47.89852]]}},{"type":"Feature","properties":{},"geometry":{"type":"LineString","coordinates":[[107.0009,47.90355],[107.00086,47.9035],[107.00084,47.90347],[107.00083,47.90345],[107.00082,47.90342],[107.00081,47.9034],[107.0008,47.90338],[107.0008,47.90335],[107.00079,47.90333],[107.00079,47.9033]]}},{"type":"Feature","properties":{},"geometry":{"type":"LineString","coordinates":[[107.00079,47.9033],[107.00079,47.90308]]}},{"type":"Feature","properties":{},"geometry":{"type":"LineString","coordinates":[[106.90916,47.8994],[106.9091,47.89928]]}},{"type":"Feature","properties":{},"geometry":{"type":"LineString","coordinates":[[106.90921,47.89927],[106.90927,47.89938]]}},{"type":"Feature","properties":{},"geometry":{"type":"LineString","coordinates":[[91.63127,47.52156],[91.63121,47.52073],[91.63122,47.52043],[91.6313,47.52021],[91.63146,47.51998]]}},{"type":"Feature","properties":{},"geometry":{"type":"LineString","coordinates":[[93.78875,49.90342],[93.78877,49.90385],[93.78882,49.90414],[93.78882,49.90427],[93.78877,49.90477],[93.78845,49.90689],[93.78811,49.90689],[93.7875,49.9069],[93.78625,49.90695],[93.78603,49.90697],[93.78578,49.90698],[93.78505,49.90706],[93.78379,49.90712],[93.7815,49.90722],[93.77782,49.90734],[93.77447,49.90747],[93.7723,49.90754],[93.77129,49.90749],[93.7694,49.90744],[93.76736,49.90756],[93.76451,49.90762],[93.76292,49.90762],[93.76055,49.90743],[93.75703,49.90704],[93.75575,49.9069],[93.75384,49.90685],[93.75153,49.9068],[93.74799,49.90682],[93.7458,49.90689],[93.74048,49.90721],[93.73703,49.90743],[93.73259,49.90767],[93.72758,49.90794],[93.72502,49.90817],[93.72375,49.90828],[93.72184,49.90827],[93.72073,49.90829],[93.71775,49.90842],[93.71586,49.90851],[93.71439,49.90863],[93.7127,49.90878],[93.71103,49.90906],[93.70885,49.90975],[93.70652,49.91099],[93.70488,49.91146],[93.70208,49.91242],[93.70076,49.91278],[93.6995,49.9131],[93.69778,49.91342],[93.69552,49.91408],[93.6945,49.91429],[93.69228,49.91473],[93.69122,49.91486],[93.6866,49.91501],[93.68536,49.91517],[93.68335,49.91542],[93.68283,49.91553],[93.68245,49.91561],[93.68211,49.91569],[93.68083,49.91559],[93.67889,49.91532],[93.67785,49.91499],[93.67459,49.91376],[93.67207,49.91293],[93.66762,49.91175],[93.66704,49.91163],[93.66676,49.91152],[93.66665,49.91142],[93.66657,49.91125],[93.6665,49.91102],[93.66639,49.9109],[93.66516,49.90948],[93.66396,49.90859],[93.66206,49.90714],[93.66156,49.90677],[93.66119,49.90647],[93.65894,49.90356],[93.65877,49.90337],[93.65842,49.90291],[93.65774,49.9022],[93.65737,49.90202],[93.65667,49.90179],[93.65338,49.90082],[93.6521,49.90035],[93.6517,49.90007],[93.65046,49.89909],[93.64973,49.89891],[93.64935,49.89879],[93.64908,49.89866],[93.64872,49.89842],[93.64853,49.89801],[93.64819,49.89773],[93.64759,49.89753],[93.64608,49.89697],[93.64535,49.89658],[93.64499,49.89617],[93.64501,49.89598],[93.64494,49.89534],[93.64485,49.89507],[93.64448,49.89454],[93.64433,49.89374],[93.64422,49.89355],[93.64367,49.89328],[93.6415,49.89268],[93.6393,49.89227],[93.63746,49.89212],[93.63659,49.89212],[93.63548,49.89232],[93.63385,49.89259],[93.63326,49.8927],[93.63254,49.89304],[93.63231,49.89312]]}},{"type":"Feature","properties":{},"geometry":{"type":"LineString","coordinates":[[93.63231,49.89312],[93.63112,49.89334]]}},{"type":"Feature","properties":{},"geometry":{"type":"LineString","coordinates":[[107.08004,47.88686],[107.07978,47.8869]]}},{"type":"Feature","properties":{},"geometry":{"type":"LineString","coordinates":[[106.86426,47.88853],[106.86426,47.88877],[106.86428,47.88892],[106.86433,47.88906],[106.86441,47.88922],[106.86451,47.88936],[106.86464,47.88949],[106.86477,47.88961],[106.86492,47.88971]]}},{"type":"Feature","properties":{},"geometry":{"type":"LineString","coordinates":[[106.9749,47.91433],[106.97509,47.91418],[106.97531,47.91399],[106.97599,47.91344]]}},{"type":"Feature","properties":{},"geometry":{"type":"LineString","coordinates":[[106.97599,47.91344],[106.97684,47.91274]]}},{"type":"Feature","properties":{},"geometry":{"type":"LineString","coordinates":[[106.91395,47.90404],[106.91396,47.90415]]}},{"type":"Feature","properties":{},"geometry":{"type":"LineString","coordinates":[[106.91077,47.90266],[106.91204,47.90547],[106.91236,47.90617],[106.91234,47.9063]]}},{"type":"Feature","properties":{},"geometry":{"type":"LineString","coordinates":[[106.94084,47.92702],[106.941,47.92693],[106.94111,47.9269],[106.94124,47.92689],[106.94131,47.9269],[106.94138,47.92693],[106.94144,47.92697],[106.94154,47.92711],[106.94155,47.92718],[106.94146,47.92731]]}},{"type":"Feature","properties":{},"geometry":{"type":"LineString","coordinates":[[106.94146,47.92731],[106.94137,47.92735],[106.94114,47.92744],[106.94099,47.92748]]}},{"type":"Feature","properties":{},"geometry":{"type":"LineString","coordinates":[[107.21974,47.78916],[107.21903,47.78978]]}},{"type":"Feature","properties":{},"geometry":{"type":"LineString","coordinates":[[101.22729,42.92105],[101.22703,42.92375],[101.22626,42.93001],[101.22566,42.93489],[101.22517,42.93892],[101.22485,42.94176],[101.22488,42.94221],[101.22491,42.94261],[101.22497,42.94285]]}},{"type":"Feature","properties":{},"geometry":{"type":"LineString","coordinates":[[101.22497,42.94285],[101.22539,42.94416]]}},{"type":"Feature","properties":{},"geometry":{"type":"LineString","coordinates":[[95.86287,45.56272],[95.86304,45.56283],[95.86314,45.56293],[95.86316,45.56301],[95.86316,45.56311],[95.86309,45.56337],[95.86308,45.56344],[95.86309,45.56351],[95.86312,45.56356],[95.86349,45.56399],[95.86357,45.56406],[95.86364,45.56409],[95.86373,45.56412],[95.86401,45.5642],[95.86424,45.5643],[95.86441,45.56438],[95.86463,45.56452],[95.86478,45.56464],[95.8649,45.56477],[95.86518,45.56515],[95.86535,45.5654],[95.86551,45.56569],[95.86569,45.5662],[95.86574,45.56631],[95.86578,45.5664],[95.86592,45.56656],[95.86604,45.5667],[95.86608,45.56678],[95.8661,45.56685],[95.86613,45.56701],[95.86616,45.56731],[95.86618,45.5674],[95.86621,45.56748],[95.86628,45.56755],[95.86637,45.56761],[95.8667,45.56776],[95.86714,45.56799],[95.86756,45.56823],[95.86793,45.56845],[95.86815,45.56856],[95.86836,45.56865],[95.86852,45.56874],[95.86877,45.56895],[95.86891,45.56905],[95.86918,45.56921],[95.86948,45.56939],[95.87019,45.56986],[95.87078,45.57027],[95.87085,45.57035],[95.87087,45.57042],[95.87085,45.57051],[95.87078,45.57064],[95.87068,45.57075],[95.87048,45.57092],[95.87025,45.57113],[95.87015,45.57127],[95.8701,45.57139],[95.87001,45.57171],[95.86997,45.57215],[95.87,45.57251],[95.8701,45.57286],[95.87025,45.57313],[95.87046,45.5734],[95.87067,45.57364],[95.87087,45.574],[95.87099,45.57421],[95.87104,45.57432],[95.87109,45.57439],[95.87117,45.57447],[95.87129,45.57453],[95.87139,45.57461],[95.87147,45.57468],[95.87151,45.57477],[95.87155,45.57489],[95.8716,45.57495],[95.87167,45.57501],[95.87194,45.57518],[95.87235,45.57536],[95.87269,45.57549],[95.87288,45.57554],[95.87317,45.5756],[95.87349,45.57567],[95.87372,45.57575],[95.87393,45.57583],[95.87426,45.57596],[95.87438,45.57601],[95.87449,45.57602],[95.87461,45.57602],[95.87476,45.57598],[95.87509,45.57586],[95.87533,45.57574],[95.87564,45.57561],[95.87585,45.57553],[95.876,45.57548],[95.87615,45.57546],[95.8763,45.57548],[95.87643,45.57553],[95.87656,45.57562],[95.87666,45.57574],[95.87669,45.57584],[95.8767,45.57594],[95.87667,45.57608],[95.87666,45.57618],[95.87667,45.57626],[95.87672,45.57635],[95.87679,45.57644],[95.87695,45.57656],[95.87731,45.57684],[95.87765,45.57721],[95.87784,45.57746],[95.87827,45.57809],[95.87844,45.57842],[95.87853,45.57861],[95.87858,45.57872],[95.87871,45.57887],[95.87884,45.57896],[95.87894,45.57906],[95.87899,45.57914],[95.87903,45.57923],[95.87905,45.57938],[95.87913,45.58008],[95.87923,45.58088],[95.87931,45.58122],[95.87935,45.58139],[95.87942,45.58161],[95.87947,45.5818],[95.8795,45.58202],[95.87952,45.58231],[95.87953,45.58255],[95.87953,45.58297],[95.87949,45.58336],[95.87946,45.58363],[95.87946,45.58382],[95.8795,45.58395],[95.87957,45.58407],[95.87965,45.5842],[95.87977,45.5844],[95.87992,45.58464],[95.88004,45.58488],[95.88046,45.58576],[95.8807,45.58621],[95.88101,45.58682],[95.88123,45.58734],[95.88142,45.58774],[95.8817,45.58845],[95.88182,45.58885],[95.88195,45.58931],[95.882,45.58955],[95.882,45.58966],[95.88197,45.58976],[95.8819,45.58986],[95.88176,45.59],[95.88169,45.59007],[95.88167,45.59012],[95.88167,45.59018],[95.8817,45.59023],[95.88175,45.59027],[95.88183,45.59029],[95.88194,45.59028],[95.88211,45.59024],[95.88223,45.59022],[95.88234,45.59021],[95.88244,45.59024],[95.88254,45.59028],[95.88267,45.59038],[95.88316,45.59092],[95.88322,45.59101],[95.88327,45.59114],[95.8834,45.59153],[95.88348,45.59175],[95.88353,45.59193],[95.88353,45.5921],[95.88351,45.59228],[95.8835,45.59242],[95.88353,45.59257],[95.88356,45.59268],[95.88364,45.59282],[95.88384,45.59323],[95.88394,45.59347],[95.88399,45.59364],[95.88403,45.59392],[95.88405,45.59401],[95.8841,45.59407],[95.88416,45.5941],[95.88426,45.59411],[95.88455,45.59412],[95.88496,45.59414],[95.88514,45.59415],[95.88538,45.59418],[95.88559,45.59423],[95.88579,45.59431],[95.88594,45.59439],[95.88607,45.59448],[95.88623,45.59456],[95.88645,45.59463],[95.88671,45.59468],[95.88711,45.59476],[95.88734,45.59481],[95.88754,45.59488],[95.88773,45.59497],[95.88796,45.59511],[95.8882,45.5953],[95.88837,45.59551],[95.8885,45.59566],[95.88863,45.5958],[95.8888,45.59593],[95.88909,45.59614],[95.88937,45.59636],[95.88957,45.59654],[95.89017,45.5971],[95.8906,45.59752],[95.8908,45.59768],[95.89096,45.59782],[95.89109,45.59793],[95.8912,45.59807],[95.89132,45.59825],[95.89143,45.59854],[95.89156,45.59887],[95.89169,45.59926],[95.89176,45.59953],[95.89184,45.59996],[95.89194,45.60048],[95.892,45.60074],[95.89213,45.60101],[95.89224,45.60118],[95.89244,45.60142],[95.89264,45.60166],[95.89279,45.60188],[95.89287,45.60209],[95.8929,45.6024],[95.89292,45.60265],[95.89297,45.60293],[95.89304,45.60319],[95.89315,45.60351],[95.89329,45.60405],[95.89338,45.60431],[95.89351,45.60455],[95.89366,45.60477],[95.89392,45.60504],[95.89417,45.60526],[95.89436,45.60548],[95.89445,45.60565],[95.89452,45.60588],[95.89459,45.60609],[95.89469,45.60626],[95.89485,45.60645],[95.89514,45.60666],[95.89542,45.60682],[95.8957,45.607],[95.89599,45.60724],[95.89624,45.60745],[95.8966,45.60777],[95.89713,45.60825],[95.89746,45.60855],[95.89778,45.60883],[95.89802,45.60908],[95.89823,45.60934],[95.89836,45.60958],[95.89855,45.61004],[95.89879,45.61073],[95.89895,45.61122],[95.89903,45.61154],[95.89906,45.61197],[95.89904,45.61249],[95.89901,45.61292],[95.89901,45.61332],[95.89908,45.61369],[95.89914,45.61396],[95.89923,45.61418],[95.89941,45.61445],[95.89966,45.61483],[95.89983,45.61511],[95.89998,45.61544],[95.90014,45.61593],[95.90032,45.61649],[95.90048,45.6169],[95.90069,45.61737],[95.90088,45.6177],[95.901,45.61795],[95.90111,45.61826],[95.90121,45.61872],[95.90127,45.61926],[95.90128,45.61978],[95.90125,45.61999],[95.90112,45.62024],[95.90098,45.62039],[95.90089,45.62056],[95.90085,45.62071],[95.90085,45.62089],[95.90092,45.62112],[95.90099,45.62131],[95.90104,45.62148],[95.90105,45.62158],[95.90103,45.62169],[95.90097,45.62192],[95.9009,45.62217],[95.90088,45.62229],[95.90088,45.62238],[95.9009,45.62247],[95.90097,45.62255],[95.90112,45.62266],[95.90129,45.62278],[95.9014,45.62287],[95.90151,45.62301],[95.9019,45.62362],[95.90209,45.62393],[95.90218,45.62412],[95.90224,45.62432],[95.90228,45.62451],[95.90228,45.62469],[95.90222,45.62508],[95.90213,45.62554],[95.90202,45.6262],[95.90197,45.62654],[95.90195,45.6268],[95.90185,45.62732],[95.90178,45.62772],[95.90174,45.62835],[95.90179,45.62897],[95.90185,45.62928],[95.90204,45.6298],[95.90227,45.63025],[95.90251,45.63062],[95.90266,45.63096],[95.90284,45.63148],[95.90302,45.63204],[95.90315,45.63248],[95.90328,45.63275],[95.90342,45.63295],[95.90374,45.63328],[95.9042,45.63379],[95.90452,45.6341],[95.90508,45.63475],[95.90543,45.63509],[95.90586,45.6354],[95.90633,45.6357],[95.90676,45.63597],[95.90707,45.6362],[95.9073,45.63641],[95.90757,45.63674],[95.90789,45.63719],[95.908,45.63743],[95.9081,45.63761],[95.90824,45.63777],[95.90851,45.63795],[95.90874,45.63814],[95.90892,45.63834],[95.90905,45.63857],[95.9092,45.63883],[95.90932,45.63906],[95.90946,45.63921],[95.90962,45.6394],[95.90988,45.63969],[95.91007,45.63996],[95.91024,45.64025],[95.9104,45.6405],[95.91065,45.64077],[95.91079,45.64095],[95.91087,45.64109],[95.91093,45.64127],[95.91095,45.64156],[95.91097,45.6418],[95.91099,45.64251],[95.91101,45.6429],[95.91109,45.64311],[95.91121,45.64334],[95.91144,45.64358],[95.91173,45.64395],[95.91198,45.64433],[95.91209,45.64458],[95.91232,45.64513],[95.91248,45.64537],[95.91272,45.64566],[95.91305,45.64598],[95.91345,45.64639],[95.9136,45.6466],[95.91384,45.64694],[95.91403,45.64716],[95.91433,45.64741],[95.91464,45.64767],[95.91487,45.6479],[95.91514,45.64824],[95.91585,45.64924],[95.91676,45.65067],[95.91746,45.65189],[95.91796,45.65272],[95.91814,45.65297],[95.9187,45.65353],[95.91898,45.65388],[95.91919,45.6542],[95.91932,45.65455],[95.91956,45.65564],[95.91967,45.65664],[95.91969,45.65695],[95.91962,45.65741],[95.91959,45.65776],[95.91961,45.65802],[95.91969,45.65831],[95.91985,45.65869],[95.91999,45.659],[95.92022,45.65942],[95.92033,45.65961],[95.9204,45.65977],[95.92042,45.65998],[95.92041,45.66031],[95.92038,45.66083],[95.92036,45.66129],[95.92043,45.6617],[95.9205,45.662],[95.92059,45.66226],[95.92071,45.66246],[95.92093,45.66274],[95.92123,45.66305],[95.92157,45.66338],[95.9219,45.66368],[95.92211,45.6639],[95.92222,45.66402],[95.92232,45.66419],[95.92244,45.66443],[95.92258,45.66474],[95.9227,45.66502],[95.92277,45.66522],[95.92282,45.66545],[95.92288,45.6657],[95.9229,45.66586],[95.92296,45.66605],[95.92309,45.66629],[95.92312,45.66641],[95.92315,45.66654],[95.92314,45.66689],[95.92315,45.66704],[95.92319,45.66716],[95.92326,45.66726],[95.92332,45.66732],[95.92346,45.66741],[95.92369,45.66752],[95.92399,45.66765],[95.92414,45.66771],[95.92424,45.66776],[95.92435,45.66784],[95.92442,45.66794],[95.92448,45.66806],[95.92456,45.66831],[95.92459,45.6686],[95.92459,45.66874],[95.92456,45.66886],[95.92445,45.66907],[95.92412,45.66964],[95.92404,45.66983],[95.92403,45.66991],[95.92405,45.67],[95.92408,45.67005],[95.92415,45.67012],[95.92422,45.67018],[95.92433,45.67029],[95.92439,45.67036],[95.92442,45.67043],[95.92443,45.67051],[95.92443,45.67062],[95.9244,45.67075],[95.92435,45.6709],[95.92418,45.67133],[95.92413,45.67147],[95.9241,45.6716],[95.92411,45.67173],[95.92414,45.67185],[95.92421,45.67207],[95.92431,45.67233],[95.92433,45.67245],[95.92432,45.67257],[95.92429,45.67271],[95.92427,45.67277],[95.92426,45.67283],[95.92426,45.67292],[95.92428,45.67302],[95.92437,45.6734],[95.92438,45.67348],[95.92437,45.67355],[95.92436,45.67366],[95.92432,45.67377],[95.92429,45.67388],[95.92429,45.67397],[95.9243,45.67404],[95.92432,45.67416],[95.92435,45.67423],[95.92441,45.67431],[95.92449,45.6744],[95.92457,45.67448],[95.92462,45.67454],[95.92464,45.67459],[95.92465,45.67467],[95.92468,45.67483],[95.9247,45.67506],[95.92472,45.6752],[95.92474,45.67526],[95.92477,45.67534],[95.92482,45.67542],[95.92492,45.67557],[95.92496,45.67563],[95.92499,45.67569],[95.92499,45.67576],[95.92498,45.67588],[95.92495,45.67605],[95.92492,45.67623],[95.92492,45.67642],[95.92493,45.67659],[95.92496,45.67673],[95.925,45.67682],[95.92508,45.67694],[95.92521,45.6771],[95.92532,45.67719],[95.92553,45.67735],[95.92657,45.67808],[95.92693,45.67833],[95.9271,45.67843],[95.92725,45.6785],[95.92747,45.67859],[95.92784,45.67869],[95.92841,45.67888],[95.929,45.67907],[95.92964,45.67927],[95.93023,45.67943],[95.93045,45.67949],[95.93076,45.67959],[95.93102,45.6797],[95.93121,45.67974],[95.93136,45.67976],[95.93157,45.67978],[95.93248,45.67976],[95.93311,45.67972],[95.93353,45.6797],[95.93387,45.67969],[95.93417,45.67971],[95.93439,45.67975],[95.9346,45.67982],[95.93488,45.67994],[95.93517,45.68013],[95.93546,45.68033],[95.93579,45.68052],[95.9362,45.68074],[95.93665,45.681],[95.93689,45.68115],[95.93711,45.68133],[95.93735,45.68158],[95.93754,45.68177],[95.93767,45.68185],[95.93785,45.68191],[95.93814,45.68197],[95.93859,45.68209],[95.93898,45.68222],[95.93943,45.68238],[95.93984,45.68256],[95.94027,45.68278],[95.94053,45.68294],[95.94071,45.68301],[95.9409,45.68306],[95.94123,45.68312],[95.94179,45.68319],[95.94214,45.68323],[95.94239,45.68329],[95.94262,45.68337],[95.94289,45.68349],[95.94327,45.68376],[95.94348,45.6839],[95.94371,45.68404],[95.94401,45.68421],[95.94423,45.68435],[95.94439,45.68447],[95.9446,45.68467],[95.94474,45.68479],[95.94499,45.68492],[95.94521,45.68502],[95.94543,45.68509],[95.94608,45.68531],[95.94629,45.68541],[95.94648,45.68552],[95.94673,45.68571],[95.94689,45.68586],[95.94703,45.68599],[95.94714,45.68607],[95.94725,45.68612],[95.94735,45.68615],[95.94757,45.68617],[95.94773,45.68618],[95.94785,45.68621],[95.94796,45.68625],[95.94817,45.68636],[95.94849,45.68659],[95.94869,45.68672],[95.94886,45.68681],[95.94905,45.68688],[95.94916,45.68693],[95.94922,45.68697],[95.94927,45.68703],[95.94936,45.68714],[95.94943,45.68721],[95.94949,45.68727],[95.94957,45.68731],[95.9497,45.68735],[95.95004,45.68743],[95.95019,45.68748],[95.95034,45.68754],[95.9505,45.68764],[95.95066,45.68773],[95.95087,45.68784],[95.951,45.68793],[95.95125,45.68811],[95.95135,45.68818],[95.95143,45.68825],[95.95149,45.68834],[95.95155,45.68844],[95.95163,45.68861],[95.95167,45.68874],[95.95169,45.68882],[95.95167,45.6889],[95.95164,45.68898],[95.95163,45.68904],[95.95162,45.68909],[95.95164,45.68913],[95.95169,45.68916],[95.95175,45.68917],[95.95185,45.68918],[95.95204,45.68918],[95.95217,45.6892],[95.95227,45.68921],[95.95237,45.68924],[95.95255,45.68934],[95.95271,45.68945],[95.95287,45.68954],[95.95299,45.6896],[95.9532,45.6897],[95.95336,45.68979],[95.95348,45.68988],[95.9536,45.69],[95.95368,45.69012],[95.95374,45.69024],[95.95377,45.69037],[95.95378,45.6905],[95.95376,45.69085],[95.95375,45.69101],[95.95377,45.69121],[95.95384,45.6915],[95.95393,45.69175],[95.95402,45.69201],[95.95413,45.69226],[95.95423,45.69256],[95.9543,45.69275],[95.9544,45.69298],[95.95455,45.69326],[95.95474,45.69359],[95.95489,45.69385],[95.95501,45.69406],[95.95505,45.6942],[95.95508,45.69437],[95.95509,45.69452],[95.95513,45.69469],[95.9552,45.69488],[95.9553,45.69513],[95.95545,45.6957],[95.95557,45.69611],[95.95562,45.69635],[95.95564,45.69651],[95.95563,45.69668],[95.9556,45.69691],[95.95551,45.69729],[95.95545,45.69756],[95.95542,45.69784],[95.95539,45.69804],[95.95532,45.69839],[95.95514,45.69918],[95.95507,45.69954],[95.95499,45.69975],[95.95494,45.6999],[95.95486,45.70002],[95.95475,45.70012],[95.95458,45.70029],[95.95443,45.70045],[95.95434,45.70055],[95.95424,45.7007],[95.95412,45.70093],[95.95405,45.7011],[95.95401,45.70128],[95.95398,45.70143],[95.95391,45.70159],[95.95383,45.70176],[95.95337,45.70256],[95.95315,45.70292],[95.95305,45.70303],[95.95293,45.70313],[95.95283,45.70321],[95.95273,45.70328],[95.95266,45.70336],[95.95261,45.70346],[95.95258,45.70354],[95.95253,45.70364],[95.95242,45.70379],[95.95195,45.70433],[95.95164,45.70473],[95.95121,45.70533],[95.95092,45.70573],[95.9508,45.70594],[95.95071,45.70614],[95.95062,45.7064],[95.95048,45.70684],[95.95039,45.70719],[95.95036,45.70741],[95.95032,45.70773],[95.95029,45.70803],[95.95028,45.70816],[95.95025,45.7083],[95.95019,45.70846],[95.95007,45.70872],[95.95002,45.70884],[95.94999,45.70899],[95.94997,45.70915],[95.94998,45.70933],[95.95,45.70954],[95.95007,45.70976],[95.95016,45.70997],[95.95023,45.71011],[95.95026,45.71021],[95.95026,45.71031],[95.95023,45.71041],[95.95009,45.7107],[95.95005,45.7108],[95.95004,45.71094],[95.95004,45.71112],[95.95006,45.71136],[95.9501,45.71154],[95.95014,45.71166],[95.95021,45.71175],[95.95029,45.71182],[95.95058,45.71199],[95.95072,45.71212],[95.9508,45.71223],[95.95083,45.71236],[95.95081,45.71247],[95.95075,45.71267],[95.95067,45.71291],[95.95064,45.71303],[95.95064,45.71315],[95.95066,45.71326],[95.95069,45.7134],[95.95074,45.71357],[95.95077,45.71382],[95.95078,45.714],[95.95079,45.7141],[95.95086,45.71419],[95.95095,45.71427],[95.95116,45.71442],[95.95137,45.71457],[95.95145,45.71467],[95.95155,45.71483],[95.95164,45.71495],[95.95178,45.71508],[95.95204,45.71532],[95.95245,45.71571],[95.95259,45.71588],[95.95278,45.7161],[95.95295,45.71628],[95.95314,45.71643],[95.9533,45.7165],[95.95352,45.71658],[95.95384,45.71666],[95.95445,45.71679],[95.95477,45.71686],[95.95498,45.71694],[95.95516,45.71705],[95.95533,45.71719],[95.95565,45.71742],[95.95597,45.71758],[95.95635,45.71773],[95.9565,45.71782],[95.95661,45.71792],[95.95673,45.71808],[95.95686,45.71826],[95.95702,45.71847],[95.95718,45.71867],[95.95742,45.71899],[95.95757,45.71916],[95.95774,45.71931],[95.95798,45.71951],[95.9583,45.71972],[95.95869,45.71995],[95.95897,45.72013],[95.95926,45.72039],[95.96002,45.72112],[95.96036,45.72151],[95.96086,45.72216],[95.96154,45.72288],[95.96178,45.7231],[95.96208,45.72331],[95.96248,45.72362],[95.96293,45.72397],[95.96321,45.72416],[95.9638,45.7245],[95.96476,45.72499],[95.96519,45.72517],[95.96557,45.72528],[95.966,45.7254],[95.96634,45.72553],[95.96662,45.72568],[95.96691,45.72588],[95.96738,45.72629],[95.96794,45.72684],[95.9685,45.72738],[95.96874,45.72761],[95.96893,45.72779],[95.96904,45.72793],[95.9691,45.72806],[95.96912,45.72818],[95.9691,45.72835],[95.96902,45.72855],[95.96885,45.72883],[95.96867,45.7291],[95.96847,45.72938],[95.96834,45.7295],[95.96818,45.7296],[95.96799,45.72969],[95.96783,45.72978],[95.9677,45.72989],[95.96765,45.72999],[95.96763,45.7301],[95.96761,45.73028],[95.96755,45.73051],[95.96748,45.73065],[95.96747,45.73074],[95.96749,45.73083],[95.96754,45.73092],[95.96763,45.73099],[95.96777,45.73106],[95.96797,45.73115],[95.96825,45.73125],[95.96865,45.73136],[95.96891,45.73141],[95.96916,45.73144],[95.9697,45.7315],[95.97006,45.73156],[95.97053,45.73164],[95.97084,45.73172],[95.97106,45.73176],[95.97127,45.73177],[95.97143,45.73174],[95.97173,45.7317],[95.97198,45.7317],[95.9722,45.73172],[95.97253,45.73177],[95.97297,45.73181],[95.97337,45.73185],[95.97359,45.73188],[95.97377,45.73193],[95.97396,45.73203],[95.97411,45.73212],[95.97476,45.73276],[95.97493,45.73296],[95.97523,45.73328],[95.9754,45.73349],[95.97548,45.73365],[95.97555,45.73379],[95.97564,45.73391],[95.97577,45.73404],[95.9759,45.73416],[95.97601,45.73429],[95.97615,45.73449],[95.97627,45.73466],[95.97642,45.73481],[95.97657,45.73495],[95.97675,45.73513],[95.97693,45.73532],[95.97711,45.73551],[95.97728,45.73565],[95.97745,45.73576],[95.97769,45.73588],[95.97815,45.7361],[95.97862,45.73629],[95.97891,45.73643],[95.97916,45.73659],[95.97944,45.73679],[95.98011,45.73736],[95.98118,45.73839],[95.98163,45.73886],[95.9819,45.7391],[95.98217,45.73928],[95.98245,45.73944],[95.98279,45.73959],[95.98307,45.73976],[95.98325,45.73989],[95.98347,45.74014],[95.98361,45.74028],[95.98377,45.7404],[95.98396,45.74051],[95.98417,45.7406],[95.98459,45.74075],[95.98575,45.74112],[95.98611,45.74122],[95.98635,45.74126],[95.98658,45.74128],[95.98692,45.74128],[95.98716,45.74128],[95.98734,45.74129],[95.98751,45.74132],[95.98771,45.74139],[95.98832,45.74161],[95.98894,45.74182],[95.99085,45.74249],[95.99159,45.74277],[95.99203,45.74292],[95.99227,45.74299],[95.99256,45.74305],[95.99278,45.7431],[95.99296,45.74317],[95.99312,45.74327],[95.99356,45.74354],[95.99375,45.74365],[95.99402,45.74378],[95.99636,45.74488],[95.99674,45.74504],[95.9972,45.74524],[95.99773,45.74546],[95.99808,45.74559],[95.99842,45.74568],[95.99875,45.74577],[95.99919,45.74593],[96.00041,45.74642],[96.00093,45.74667],[96.0013,45.74684],[96.00161,45.74698],[96.00184,45.7471],[96.00204,45.74725],[96.00226,45.74743],[96.0024,45.74752],[96.00256,45.74759],[96.00317,45.74784],[96.00366,45.74802],[96.004,45.74817],[96.00421,45.74828],[96.00437,45.74839],[96.00483,45.7488],[96.00519,45.7491],[96.00565,45.74943],[96.00614,45.7498],[96.00631,45.74997],[96.00666,45.75036],[96.00698,45.75067],[96.00735,45.75108],[96.00763,45.75136],[96.0078,45.75149],[96.00802,45.75164],[96.00844,45.75188],[96.00867,45.75201],[96.00889,45.7521],[96.00947,45.75232],[96.01015,45.75254],[96.01096,45.7528],[96.01182,45.75308],[96.0122,45.75321],[96.01259,45.75337],[96.01283,45.75347],[96.01305,45.75355],[96.01329,45.75361],[96.01399,45.75375],[96.0145,45.75385],[96.01484,45.75394],[96.01508,45.75403],[96.01534,45.75415],[96.01561,45.7543],[96.01581,45.75446],[96.01604,45.75469],[96.01652,45.75522],[96.01674,45.75544],[96.01691,45.75562],[96.01712,45.75578],[96.01748,45.75602],[96.018,45.75639],[96.01832,45.75663],[96.01852,45.75677],[96.01872,45.75688],[96.01892,45.75696],[96.01927,45.75704],[96.0201,45.7572],[96.02057,45.75731],[96.02089,45.7574],[96.02116,45.7575],[96.02139,45.75762],[96.02176,45.75782],[96.02194,45.75794],[96.02215,45.75803],[96.02261,45.75822],[96.0229,45.75834],[96.02318,45.75844],[96.0235,45.75853],[96.02397,45.75866],[96.02477,45.75884],[96.02555,45.75901],[96.026,45.75915],[96.02633,45.75927],[96.02668,45.75943],[96.02697,45.7596],[96.0272,45.75977],[96.02739,45.76],[96.02764,45.76039],[96.02795,45.76089],[96.02818,45.7612],[96.02858,45.76158],[96.02919,45.76216],[96.0294,45.76243]]}},{"type":"Feature","properties":{},"geometry":{"type":"LineString","coordinates":[[113.29257,46.67384],[113.29311,46.67374],[113.2966,46.67302],[113.29717,46.67272],[113.29746,46.67252]]}},{"type":"Feature","properties":{},"geometry":{"type":"LineString","coordinates":[[105.54791,43.67766],[105.54797,43.67645],[105.54787,43.676],[105.54776,43.67569]]}},{"type":"Feature","properties":{},"geometry":{"type":"LineString","coordinates":[[92.07605,49.97439],[92.07602,49.97466],[92.07599,49.97481],[92.07586,49.975],[92.07573,49.97519]]}},{"type":"Feature","properties":{},"geometry":{"type":"LineString","coordinates":[[114.88568,48.42589],[114.88567,48.42582],[114.88556,48.42552],[114.88535,48.42514],[114.88501,48.42472],[114.88449,48.42412],[114.88319,48.42292],[114.87762,48.41803],[114.87666,48.41721],[114.8755,48.41641],[114.87404,48.41556],[114.86779,48.41139],[114.86357,48.40896],[114.86128,48.40756],[114.85963,48.40645],[114.85692,48.40453],[114.85599,48.40391],[114.85465,48.40309],[114.84957,48.40039],[114.84738,48.39915],[114.84596,48.39825],[114.84511,48.39765],[114.84407,48.39697],[114.84179,48.39577],[114.8411,48.39533],[114.84021,48.39463],[114.83736,48.39212],[114.83664,48.39161],[114.83554,48.39085],[114.83456,48.39028],[114.83345,48.38969],[114.83282,48.3894],[114.83062,48.38857],[114.83008,48.38831],[114.82958,48.38799],[114.82897,48.38753],[114.82827,48.38707],[114.82644,48.38613],[114.82394,48.38459],[114.82105,48.38261],[114.81843,48.38049],[114.81654,48.37907],[114.81544,48.37825],[114.8141,48.3771],[114.81224,48.37551],[114.81048,48.37417],[114.8094,48.37341],[114.80798,48.37258],[114.80516,48.37098],[114.79957,48.36771],[114.79726,48.36658],[114.79501,48.36536],[114.78384,48.35856],[114.78058,48.35646],[114.77959,48.35585],[114.77821,48.35512],[114.77726,48.35475],[114.77685,48.35449],[114.77667,48.35432],[114.77646,48.35409],[114.77619,48.35377],[114.77592,48.35351],[114.77459,48.35239],[114.7742,48.35209],[114.77389,48.35193],[114.77332,48.35174],[114.77128,48.35108],[114.77063,48.35069],[114.77017,48.35032],[114.76952,48.34974],[114.76634,48.34621],[114.76254,48.34229],[114.762,48.34164],[114.75982,48.33839],[114.75882,48.33672],[114.75822,48.33558],[114.75768,48.33491],[114.75714,48.33399],[114.75699,48.33364],[114.75691,48.3334],[114.75698,48.33281],[114.75699,48.33242],[114.75687,48.33218],[114.75671,48.33195],[114.75645,48.33173],[114.75588,48.33135],[114.75564,48.33111],[114.75531,48.3306],[114.75449,48.32888],[114.75369,48.3268],[114.75297,48.32471],[114.75208,48.32077],[114.75184,48.31995],[114.75149,48.31904],[114.75024,48.31651],[114.75013,48.31616],[114.74979,48.31432],[114.74964,48.31374],[114.7494,48.313],[114.7491,48.3122],[114.74908,48.31145],[114.74918,48.31053],[114.74957,48.30904],[114.75022,48.30752],[114.75077,48.30587],[114.75129,48.30411],[114.7519,48.30229],[114.75205,48.30175],[114.75238,48.30015],[114.75254,48.29955],[114.75308,48.29778],[114.75323,48.29711],[114.75334,48.29643],[114.75356,48.29516],[114.75385,48.29333],[114.75387,48.29294],[114.75383,48.2925],[114.75324,48.28836],[114.75291,48.28659],[114.75281,48.28622],[114.75271,48.28592],[114.75261,48.28572],[114.75233,48.28536],[114.75191,48.28496],[114.75125,48.28444],[114.75109,48.28428],[114.75096,48.28406],[114.75089,48.28372],[114.75095,48.28341],[114.75174,48.28063],[114.75181,48.28028],[114.7521,48.27816],[114.75211,48.27732],[114.75189,48.27613]]}},{"type":"Feature","properties":{},"geometry":{"type":"LineString","coordinates":[[114.88481,48.42632],[114.88488,48.42625],[114.88524,48.42608],[114.8856,48.42594],[114.88568,48.42589]]}},{"type":"Feature","properties":{},"geometry":{"type":"LineString","coordinates":[[115.69348,49.85978],[115.69361,49.85939],[115.69372,49.85878],[115.69379,49.85783],[115.69374,49.85729],[115.69371,49.85688],[115.69365,49.85637],[115.69347,49.85526],[115.69339,49.85491],[115.69329,49.85453],[115.69315,49.85416],[115.69311,49.85392],[115.69308,49.8536],[115.69312,49.85208],[115.69311,49.85113],[115.69303,49.85048],[115.69298,49.8502],[115.69289,49.84998],[115.6927,49.8497],[115.69242,49.84933],[115.69116,49.84772],[115.69007,49.84623],[115.68944,49.84541],[115.68912,49.84494],[115.68869,49.84422],[115.68825,49.84338],[115.68715,49.8406],[115.68582,49.8375],[115.68529,49.83633],[115.68446,49.83462],[115.68402,49.83374],[115.6824,49.83087],[115.68208,49.83029],[115.68193,49.82989],[115.68173,49.82919],[115.68152,49.82869],[115.68128,49.82826],[115.68102,49.82793],[115.68068,49.8275],[115.68046,49.82718],[115.68027,49.82681],[115.68002,49.82613],[115.67965,49.82512],[115.67932,49.82414],[115.67927,49.82348],[115.67938,49.82262],[115.67959,49.82139],[115.67962,49.82071],[115.67949,49.82011],[115.6792,49.81939],[115.6787,49.81862],[115.67785,49.81756],[115.67503,49.81405],[115.67209,49.8103],[115.67001,49.80767],[115.66358,49.79921],[115.66268,49.79806],[115.66222,49.79754],[115.66186,49.79722],[115.66133,49.79684],[115.66084,49.79649],[115.6604,49.79614],[115.66013,49.79587],[115.65992,49.79555],[115.65976,49.79518],[115.65965,49.79478],[115.65954,49.79415],[115.65944,49.79361],[115.65923,49.79292],[115.65899,49.79237],[115.65817,49.79082],[115.65753,49.78959],[115.65738,49.78932],[115.65721,49.78907],[115.65701,49.78882],[115.65685,49.78859],[115.65673,49.7884],[115.65636,49.78761],[115.65612,49.78714],[115.65601,49.78689],[115.65595,49.78675],[115.65592,49.78658],[115.65592,49.78639],[115.65592,49.78614],[115.6559,49.786],[115.65583,49.7858],[115.6557,49.78543],[115.65556,49.78504],[115.65533,49.78451],[115.655,49.78376],[115.65457,49.78281],[115.65403,49.78159],[115.6535,49.7802],[115.65339,49.77987],[115.65334,49.7797],[115.65324,49.77932],[115.65319,49.77918],[115.65313,49.77905],[115.65304,49.77891],[115.65277,49.77857],[115.65243,49.77806],[115.65214,49.77758],[115.65195,49.77727],[115.65168,49.77692],[115.65124,49.77646],[115.65082,49.77599],[115.65036,49.77537],[115.64994,49.77475],[115.64943,49.77397],[115.64903,49.7734],[115.64882,49.77313],[115.6483,49.77252],[115.64763,49.77175],[115.64713,49.77115],[115.64682,49.77076],[115.64658,49.77044],[115.64635,49.77018],[115.64597,49.76983],[115.64555,49.76949],[115.64539,49.76936],[115.64522,49.76925],[115.64503,49.76916],[115.64477,49.76902],[115.64454,49.76889],[115.64417,49.76864],[115.64344,49.76809],[115.64318,49.76792],[115.64296,49.76779],[115.64276,49.7677],[115.64237,49.76753],[115.64202,49.76734],[115.64177,49.76718],[115.6414,49.76685],[115.64098,49.76644],[115.64046,49.76588],[115.64019,49.76554],[115.63995,49.76517],[115.63976,49.76477],[115.63966,49.76444],[115.63955,49.76404],[115.63922,49.76297],[115.63895,49.76188],[115.63887,49.76158],[115.6388,49.76142],[115.63872,49.76126],[115.63851,49.76091],[115.63826,49.76039],[115.63813,49.7601],[115.63789,49.7594],[115.63761,49.75853],[115.63755,49.75831],[115.6375,49.75803],[115.63747,49.75778],[115.63743,49.75736],[115.63741,49.75702],[115.63741,49.75673],[115.63743,49.75639],[115.63752,49.75555],[115.63754,49.75532],[115.63755,49.75518],[115.63752,49.75491],[115.6374,49.75427],[115.63722,49.75337],[115.6372,49.75308],[115.63719,49.75286],[115.63719,49.75264],[115.63718,49.75249],[115.63713,49.75235],[115.63706,49.7522],[115.63692,49.75197],[115.63663,49.75149],[115.63618,49.75052],[115.63611,49.75033],[115.63609,49.75024],[115.63609,49.75007],[115.63613,49.74976],[115.63618,49.74949],[115.63622,49.74939],[115.63628,49.74931],[115.6364,49.74918],[115.63655,49.74904],[115.63664,49.74893],[115.63672,49.74878],[115.63675,49.74868],[115.63679,49.74854],[115.63682,49.7484],[115.63689,49.74821],[115.63697,49.74805],[115.63707,49.74791],[115.63721,49.74773],[115.63736,49.74753],[115.63749,49.74733],[115.63759,49.74716],[115.63766,49.74698],[115.63771,49.74682],[115.63772,49.74671],[115.63773,49.74659],[115.63777,49.74623],[115.63781,49.7461],[115.63785,49.74598],[115.63795,49.7458],[115.63825,49.74529],[115.63833,49.74513],[115.63853,49.7447],[115.63856,49.74458],[115.6386,49.74441],[115.63863,49.74404],[115.63866,49.74367],[115.63869,49.74341],[115.63869,49.7432],[115.63859,49.7426],[115.63851,49.74233],[115.63843,49.74215],[115.63823,49.74187],[115.63803,49.74165],[115.63786,49.74151],[115.63714,49.74106],[115.63691,49.74091],[115.63679,49.74081],[115.63666,49.74068],[115.63654,49.74052],[115.63644,49.74038],[115.63637,49.74025],[115.63633,49.74014],[115.63634,49.74003],[115.63642,49.73969],[115.63655,49.73938],[115.63661,49.73924],[115.63669,49.73913],[115.63686,49.73898],[115.63711,49.7388],[115.63753,49.73853],[115.6379,49.73832],[115.63815,49.73819],[115.63841,49.73807],[115.63857,49.738],[115.63871,49.73791],[115.63878,49.73784],[115.63881,49.73776],[115.63883,49.73765],[115.63883,49.73755],[115.63881,49.73745],[115.63878,49.7374],[115.63873,49.73735],[115.63863,49.7373],[115.63848,49.73725],[115.6383,49.73719],[115.63819,49.73713],[115.63807,49.73704],[115.63803,49.737],[115.63802,49.73695],[115.63802,49.73691],[115.63805,49.73688],[115.63812,49.73681],[115.63827,49.73667],[115.63839,49.73654],[115.63852,49.73638],[115.63898,49.73564],[115.63906,49.7355],[115.63912,49.73539],[115.63915,49.7353],[115.63934,49.73464],[115.6394,49.73446],[115.63944,49.73437],[115.63951,49.73428],[115.63961,49.73417],[115.63975,49.73405],[115.63987,49.73396],[115.64007,49.73382],[115.6405,49.73352],[115.64085,49.73323],[115.64105,49.73304],[115.64115,49.7329],[115.64136,49.73253],[115.64158,49.73219],[115.64175,49.73196],[115.64306,49.73036],[115.64366,49.72954],[115.64399,49.72914],[115.64422,49.72887],[115.64447,49.72864],[115.64583,49.7275],[115.64638,49.72706],[115.647,49.72659],[115.64755,49.72621]]}},{"type":"Feature","properties":{},"geometry":{"type":"LineString","coordinates":[[103.4845,48.52905],[103.48386,48.53885],[103.48315,48.54984],[103.48319,48.55091],[103.48328,48.55196],[103.48348,48.5529],[103.48373,48.55385],[103.48403,48.5547],[103.48444,48.55565],[103.4858,48.55821],[103.48622,48.55886],[103.48675,48.55946],[103.48743,48.56003],[103.48817,48.56048],[103.48932,48.56099],[103.50042,48.56507],[103.50288,48.56583],[103.50549,48.56651],[103.50833,48.56711],[103.51503,48.56833],[103.5284,48.57078],[103.52943,48.57103]]}},{"type":"Feature","properties":{},"geometry":{"type":"LineString","coordinates":[[108.37893,47.78419],[108.37895,47.78327],[108.37895,47.78302],[108.37896,47.78282],[108.37896,47.78268],[108.37895,47.78257],[108.37893,47.78244],[108.3789,47.78228],[108.37885,47.78212],[108.37876,47.78192],[108.37863,47.7817],[108.37838,47.78136],[108.37818,47.78109],[108.37789,47.78073],[108.37749,47.78025],[108.37704,47.77968],[108.37656,47.77908],[108.37592,47.77822],[108.37571,47.77797],[108.37564,47.7779],[108.37557,47.77783],[108.37548,47.77775],[108.37538,47.77769],[108.37527,47.77763],[108.37517,47.77759],[108.37505,47.77756],[108.37487,47.77751],[108.37387,47.77727],[108.37282,47.77703],[108.37269,47.77699],[108.37251,47.77693],[108.37234,47.77687],[108.3722,47.7768],[108.37186,47.77663],[108.37098,47.77613]]}},{"type":"Feature","properties":{},"geometry":{"type":"LineString","coordinates":[[98.14428,49.26853],[98.14428,49.2683],[98.14422,49.26809],[98.14394,49.26755],[98.1438,49.26742],[98.14349,49.26715],[98.14317,49.26674],[98.14298,49.26644],[98.14287,49.26627],[98.1427,49.26611],[98.14252,49.26596],[98.14229,49.26579],[98.14214,49.26566],[98.14193,49.26557],[98.14168,49.26544],[98.14134,49.26526],[98.14106,49.26507],[98.14087,49.26498],[98.14063,49.26491],[98.14036,49.26485],[98.14004,49.26472],[98.1396,49.26462],[98.13924,49.26454],[98.13894,49.26449],[98.1387,49.26444],[98.13826,49.26433],[98.13769,49.26418],[98.13715,49.26401],[98.13675,49.26385],[98.13647,49.26374],[98.1362,49.26363],[98.13583,49.26346],[98.13556,49.26328],[98.13526,49.26313],[98.13492,49.26301],[98.13465,49.2629],[98.13439,49.26279],[98.13411,49.26272],[98.13387,49.26264],[98.13352,49.26253],[98.13312,49.26238],[98.13278,49.26223],[98.13251,49.26207],[98.13218,49.2619],[98.1318,49.2617],[98.13146,49.26152],[98.13112,49.26131],[98.13085,49.26115],[98.13061,49.26104],[98.1304,49.26093],[98.13025,49.26083],[98.1301,49.26071],[98.12996,49.26062],[98.12991,49.2605],[98.12984,49.2604],[98.12961,49.26028],[98.12932,49.26017],[98.12881,49.26001],[98.1286,49.25994],[98.12831,49.2598],[98.12801,49.25963],[98.12775,49.25948],[98.12745,49.25931],[98.12719,49.25918],[98.1269,49.25907],[98.12659,49.25896],[98.12626,49.25882],[98.12592,49.25867],[98.12542,49.25846],[98.12493,49.25826],[98.12458,49.25812],[98.12423,49.25796],[98.12356,49.25769],[98.1229,49.25746],[98.1224,49.25728],[98.12191,49.25711],[98.12141,49.25694],[98.12099,49.25679],[98.12063,49.25666],[98.12036,49.25656],[98.12004,49.25639],[98.11961,49.25614],[98.11939,49.25601],[98.11917,49.25587],[98.11897,49.25574],[98.11879,49.25566],[98.11858,49.25549],[98.11852,49.25539],[98.11843,49.25526],[98.11833,49.25519],[98.11815,49.25514],[98.11788,49.25508],[98.11765,49.25503],[98.11715,49.25492],[98.11651,49.25472],[98.11618,49.25458],[98.11587,49.25443],[98.11571,49.25438],[98.11549,49.25435],[98.11521,49.25432],[98.11494,49.25428],[98.11458,49.25422],[98.11431,49.25415],[98.11412,49.25405],[98.11387,49.25393],[98.11362,49.2538],[98.1134,49.25366],[98.11316,49.25359],[98.11283,49.2535],[98.11253,49.25342],[98.11212,49.25331],[98.11178,49.25317],[98.11145,49.25308]]}},{"type":"Feature","properties":{},"geometry":{"type":"LineString","coordinates":[[106.89135,47.91371],[106.89199,47.91366],[106.89211,47.91366]]}},{"type":"Feature","properties":{},"geometry":{"type":"LineString","coordinates":[[89.46849,49.60905],[89.46855,49.60906],[89.46861,49.60907],[89.46867,49.60906],[89.46872,49.60904],[89.46918,49.60881],[89.46923,49.60879],[89.46928,49.60879],[89.46972,49.60885],[89.47174,49.60914],[89.47192,49.60917],[89.47209,49.60921],[89.47223,49.60927],[89.47236,49.60936],[89.47297,49.61006],[89.47317,49.61033],[89.47332,49.61058],[89.47345,49.61083],[89.47357,49.61107],[89.47413,49.61234],[89.47421,49.61247],[89.47433,49.61261],[89.47444,49.61274],[89.47455,49.6129],[89.47476,49.61329],[89.47484,49.6135],[89.47489,49.61367],[89.47512,49.61495],[89.47515,49.61515],[89.47517,49.61535],[89.47517,49.61553],[89.47449,49.61799],[89.47444,49.6181],[89.47437,49.61823],[89.47429,49.6184],[89.47423,49.61856],[89.47414,49.6189],[89.47409,49.619],[89.47401,49.61909],[89.47389,49.61916],[89.47376,49.61922],[89.47339,49.61929],[89.47235,49.61949],[89.47218,49.61955],[89.47206,49.61962],[89.47198,49.6197],[89.47192,49.61979],[89.47189,49.61989],[89.4719,49.62],[89.47191,49.62011],[89.47229,49.62152],[89.47235,49.62177],[89.47237,49.62204],[89.47232,49.62365],[89.47242,49.62709],[89.47244,49.62734],[89.4724,49.62757],[89.47231,49.62777],[89.47218,49.628],[89.472,49.62822],[89.47183,49.6284],[89.47162,49.62858],[89.47139,49.62878],[89.4711,49.62898],[89.47081,49.62915],[89.46396,49.632],[89.46324,49.63223],[89.4626,49.63243],[89.4618,49.6327],[89.45943,49.63368],[89.45895,49.63389],[89.4587,49.63399],[89.45846,49.63406],[89.45797,49.63418],[89.45748,49.6343],[89.4571,49.63443],[89.45681,49.63456],[89.45647,49.63471],[89.45577,49.63498],[89.45539,49.63516],[89.45448,49.63571],[89.45421,49.63586],[89.45387,49.63599],[89.45359,49.63607],[89.45267,49.63631],[89.45242,49.6364],[89.45223,49.63649],[89.4497,49.63783],[89.44953,49.6379],[89.44933,49.63797],[89.44914,49.63806],[89.44895,49.63816],[89.4477,49.63893],[89.44758,49.63903],[89.44747,49.63916],[89.44729,49.63937],[89.44692,49.63975],[89.44666,49.63998],[89.44641,49.64016],[89.44576,49.64051],[89.44404,49.64166],[89.44389,49.64177],[89.44378,49.64189],[89.44369,49.64202],[89.44332,49.6426],[89.44319,49.64273],[89.44307,49.64285],[89.44258,49.64322]]}},{"type":"Feature","properties":{},"geometry":{"type":"LineString","coordinates":[[89.46631,49.60688],[89.46632,49.6067],[89.46633,49.60668],[89.46634,49.60665],[89.46636,49.60663],[89.46693,49.60628],[89.46696,49.60626],[89.46698,49.60623],[89.46805,49.60349],[89.46834,49.60274],[89.4684,49.60256],[89.46843,49.6024],[89.46845,49.60222],[89.46829,49.60153],[89.46821,49.60134],[89.4681,49.60116],[89.46796,49.60096],[89.46779,49.60079],[89.46759,49.60062],[89.46736,49.60045],[89.46714,49.60031],[89.46582,49.59963],[89.46571,49.59957],[89.46562,49.5995],[89.46553,49.59943],[89.46547,49.59936],[89.46478,49.59816],[89.46471,49.59804],[89.46465,49.59791],[89.46429,49.59635],[89.46427,49.59619],[89.46426,49.59461],[89.46425,49.59443],[89.46423,49.59429],[89.4642,49.59419],[89.46417,49.59411],[89.46413,49.594],[89.46394,49.59349],[89.46389,49.59331],[89.46383,49.59311],[89.46371,49.5924],[89.46353,49.59151],[89.46347,49.5911],[89.46341,49.59091],[89.46334,49.59076],[89.46328,49.59063],[89.46326,49.5905],[89.46325,49.59033],[89.46328,49.59004],[89.46332,49.5898],[89.46334,49.58962],[89.46322,49.5885],[89.46322,49.58816],[89.46324,49.58788],[89.46334,49.5869],[89.46334,49.58679],[89.46334,49.58667],[89.46332,49.58654],[89.46318,49.58611],[89.46315,49.58597],[89.46314,49.58586],[89.46313,49.58503],[89.46311,49.58488],[89.46305,49.58475],[89.46301,49.58439],[89.46298,49.5842],[89.46291,49.58401],[89.46273,49.5836],[89.46269,49.58347],[89.46268,49.58335],[89.46274,49.58287],[89.46273,49.58277],[89.46271,49.58268],[89.4627,49.58258],[89.46269,49.58248],[89.46271,49.58238],[89.46318,49.58128],[89.4632,49.5812],[89.46322,49.58113],[89.46323,49.58106],[89.46323,49.58099],[89.46323,49.5809],[89.46335,49.5805],[89.46339,49.58035],[89.46345,49.58022],[89.4636,49.57992],[89.4638,49.57958],[89.46427,49.57892],[89.4647,49.57817],[89.46496,49.57751],[89.46504,49.5773],[89.46511,49.57712],[89.46521,49.57698],[89.46534,49.57683],[89.46545,49.57668],[89.46553,49.57654],[89.46582,49.57578],[89.46591,49.57559],[89.46596,49.57539],[89.466,49.57509],[89.46599,49.57469],[89.46599,49.57461],[89.46601,49.57454],[89.46603,49.57447],[89.46606,49.57439],[89.46631,49.57398],[89.46639,49.57385],[89.46645,49.57371],[89.4665,49.57359],[89.46655,49.57347],[89.46663,49.57301],[89.46662,49.57243],[89.46657,49.57202],[89.46657,49.57174],[89.46657,49.5716],[89.46655,49.57146],[89.46639,49.57103],[89.46629,49.57075],[89.46627,49.57063],[89.46627,49.5705],[89.46628,49.57038],[89.46628,49.57025],[89.46624,49.569],[89.46597,49.56797],[89.46595,49.56784],[89.46595,49.56769],[89.46595,49.56754],[89.46594,49.5674],[89.46592,49.56727],[89.46592,49.56713],[89.46594,49.56698],[89.46598,49.56683],[89.466,49.56671],[89.46602,49.5666],[89.46601,49.56648],[89.46599,49.56638],[89.46578,49.56583],[89.46576,49.56576],[89.46575,49.56568],[89.46572,49.56484],[89.46575,49.56361],[89.46576,49.56346],[89.46577,49.56334],[89.4658,49.56322],[89.46621,49.5619],[89.46661,49.56108],[89.46668,49.56096],[89.46675,49.56087],[89.46882,49.55897]]}},{"type":"Feature","properties":{},"geometry":{"type":"LineString","coordinates":[[89.46895,49.55885],[89.469,49.5588],[89.46903,49.55876],[89.46909,49.55864],[89.46911,49.55859],[89.46915,49.55854],[89.46959,49.55796],[89.47011,49.55743],[89.47026,49.55727],[89.47036,49.55715],[89.47044,49.55699],[89.47056,49.55667],[89.47064,49.55651],[89.47075,49.55634],[89.47091,49.55619],[89.47242,49.55465],[89.47289,49.55409],[89.47296,49.55402],[89.47304,49.55397],[89.47373,49.55363],[89.47382,49.55358],[89.47391,49.55352],[89.47403,49.55343],[89.47525,49.55252],[89.47542,49.55241],[89.47558,49.55232],[89.47578,49.55222],[89.47603,49.55212],[89.4763,49.55203],[89.47649,49.55198],[89.47668,49.55191],[89.47685,49.55183],[89.47696,49.55174],[89.47758,49.55107],[89.47766,49.55098],[89.47779,49.55089],[89.47822,49.55061]]}},{"type":"Feature","properties":{},"geometry":{"type":"LineString","coordinates":[[89.46882,49.55897],[89.46895,49.55885]]}},{"type":"Feature","properties":{},"geometry":{"type":"LineString","coordinates":[[89.47822,49.55061],[89.47836,49.55051]]}},{"type":"Feature","properties":{},"geometry":{"type":"LineString","coordinates":[[89.47836,49.55051],[89.47841,49.55046],[89.47843,49.5504],[89.47847,49.55035],[89.47854,49.55031],[89.47862,49.55028],[89.4788,49.55017],[89.4791,49.54988],[89.47956,49.54942],[89.48023,49.54864],[89.48033,49.54854],[89.48042,49.54846],[89.48082,49.54799],[89.48104,49.5478],[89.48125,49.54762],[89.48144,49.54749],[89.48163,49.54733],[89.48179,49.54717],[89.48191,49.54704],[89.48228,49.54654],[89.48236,49.54645],[89.48245,49.54638],[89.48255,49.5463],[89.48266,49.54623],[89.48275,49.54615],[89.48297,49.54594],[89.48346,49.54496],[89.4835,49.5449],[89.48355,49.54485],[89.4836,49.5448],[89.48438,49.54432],[89.48594,49.54314],[89.48651,49.54265],[89.48721,49.54213],[89.48741,49.54198],[89.48761,49.54186],[89.48765,49.54184],[89.48769,49.54182],[89.48774,49.5418],[89.48778,49.54179],[89.48782,49.54177],[89.48787,49.54176],[89.48791,49.54174],[89.48795,49.54173],[89.48798,49.54171],[89.48801,49.5417],[89.48917,49.54071],[89.49047,49.53955],[89.49177,49.53824],[89.49242,49.53773],[89.4929,49.53718],[89.49352,49.53642],[89.49398,49.53585],[89.49496,49.53505],[89.49566,49.53451],[89.49674,49.53355],[89.49791,49.53256],[89.49858,49.53185],[89.49954,49.53101],[89.50028,49.53038],[89.5008,49.52986],[89.50093,49.52969],[89.50108,49.52954],[89.50156,49.52918],[89.50171,49.52909],[89.50186,49.529],[89.50201,49.52892],[89.50215,49.52883],[89.50227,49.52874],[89.50238,49.52866],[89.50269,49.52829],[89.50279,49.52819],[89.50288,49.52809],[89.5033,49.52773],[89.50342,49.52764],[89.50355,49.52756],[89.50403,49.52732],[89.50415,49.52726],[89.50426,49.5272],[89.50528,49.52651],[89.50554,49.52636],[89.50568,49.5263],[89.50581,49.52625],[89.50615,49.52613],[89.50627,49.52608],[89.50638,49.52601],[89.50729,49.5254],[89.50756,49.52518],[89.5078,49.52496],[89.50796,49.52475],[89.50817,49.52453],[89.50897,49.5238],[89.5094,49.52334],[89.50969,49.52305],[89.5098,49.52295],[89.50992,49.52287],[89.51005,49.52278],[89.5102,49.5227],[89.51032,49.52261],[89.51121,49.52199],[89.51131,49.52193],[89.5114,49.52186],[89.51147,49.52179],[89.51152,49.52171],[89.51163,49.52151],[89.51166,49.52143],[89.51171,49.52137],[89.51177,49.52131],[89.51218,49.52103],[89.51226,49.52096],[89.51234,49.52089],[89.51241,49.52081],[89.51268,49.52053],[89.51277,49.52046],[89.51288,49.52041],[89.513,49.52036],[89.51313,49.5203],[89.51323,49.52023],[89.51451,49.51915],[89.51459,49.51909],[89.5147,49.51902],[89.5148,49.51895],[89.51489,49.51888],[89.51575,49.5181],[89.51585,49.51802],[89.51596,49.51794],[89.51607,49.51787],[89.51617,49.51779],[89.51674,49.51728],[89.51728,49.5168],[89.51744,49.51666],[89.5176,49.51654],[89.51777,49.51643],[89.51796,49.51631],[89.51813,49.51619],[89.5191,49.51532],[89.52075,49.51405],[89.52085,49.51398],[89.52097,49.51392],[89.5211,49.51387],[89.52123,49.51384],[89.52179,49.51373],[89.52195,49.51369],[89.52208,49.51363],[89.52217,49.51355],[89.52222,49.51347],[89.52245,49.51287],[89.52248,49.5128],[89.52253,49.51273],[89.52295,49.51243],[89.523,49.51238],[89.52304,49.51233],[89.52331,49.51193],[89.52335,49.51188],[89.5234,49.51183],[89.52386,49.51151],[89.52391,49.51148],[89.52396,49.51144],[89.524,49.5114],[89.52404,49.51135],[89.52419,49.51117],[89.52425,49.51109],[89.52432,49.51102],[89.5244,49.51096],[89.52447,49.51091],[89.52455,49.51085],[89.52463,49.5108],[89.52519,49.51048],[89.52525,49.51046],[89.52531,49.51043],[89.5254,49.51039],[89.52546,49.51036],[89.52552,49.51033],[89.52557,49.51029],[89.52594,49.50993],[89.52607,49.50984],[89.5262,49.50976],[89.52634,49.50971],[89.52643,49.50965],[89.5273,49.50893],[89.52742,49.50882],[89.52752,49.50872],[89.52761,49.50861]]}},{"type":"Feature","properties":{},"geometry":{"type":"LineString","coordinates":[[89.52761,49.50861],[89.52763,49.50857]]}},{"type":"Feature","properties":{},"geometry":{"type":"LineString","coordinates":[[89.52763,49.50857],[89.52821,49.50783],[89.52827,49.50776],[89.52833,49.50769],[89.5284,49.50763],[89.52892,49.50722],[89.52901,49.50715],[89.52911,49.50709],[89.52994,49.5066],[89.53106,49.50577],[89.53113,49.50574],[89.53121,49.50572],[89.5313,49.50571],[89.53139,49.50571],[89.53152,49.50572],[89.5318,49.50576],[89.53193,49.50578],[89.53205,49.50579],[89.53222,49.50579],[89.53303,49.50574],[89.53316,49.50574],[89.53329,49.50573],[89.53359,49.50573],[89.53366,49.50573],[89.53373,49.50574],[89.53431,49.50585],[89.53441,49.50586],[89.53449,49.50586],[89.53569,49.50587],[89.53586,49.50587],[89.53642,49.50584],[89.53657,49.50583],[89.53671,49.50583],[89.53767,49.50587],[89.53793,49.50586],[89.5382,49.50584],[89.53846,49.50582],[89.53872,49.50578],[89.53898,49.50574],[89.53925,49.5057],[89.53952,49.50564],[89.53977,49.50558],[89.54002,49.50551],[89.54024,49.50543],[89.54053,49.50529]]}},{"type":"Feature","properties":{},"geometry":{"type":"LineString","coordinates":[[91.65967,48.00908],[91.66311,48.00421],[91.66397,48.003],[91.66437,48.00245],[91.66452,48.00216]]}},{"type":"Feature","properties":{},"geometry":{"type":"LineString","coordinates":[[108.51148,48.14911],[108.5119,48.14995],[108.51251,48.15125],[108.51283,48.15191],[108.51308,48.15259],[108.51333,48.15349],[108.51328,48.15463],[108.51283,48.15616],[108.51264,48.15652],[108.51188,48.15797],[108.51082,48.15991],[108.50935,48.1626],[108.50775,48.16561],[108.5065,48.16788],[108.50553,48.16965]]}},{"type":"Feature","properties":{},"geometry":{"type":"LineString","coordinates":[[108.5137,48.14216],[108.51171,48.14547],[108.51109,48.14656],[108.5109,48.14707],[108.51098,48.1478],[108.51119,48.14851],[108.51127,48.14868]]}},{"type":"Feature","properties":{},"geometry":{"type":"LineString","coordinates":[[108.51127,48.14868],[108.51148,48.14911]]}},{"type":"Feature","properties":{},"geometry":{"type":"LineString","coordinates":[[108.50553,48.16965],[108.50465,48.17094],[108.50302,48.17325],[108.50126,48.17543],[108.50024,48.1767],[108.49914,48.17793],[108.49903,48.17807]]}},{"type":"Feature","properties":{},"geometry":{"type":"LineString","coordinates":[[105.95265,49.50802],[105.95296,49.50802],[105.95379,49.50794],[105.95399,49.50785],[105.95415,49.50776],[105.95429,49.50736],[105.95529,49.50409],[105.9557,49.50297],[105.95577,49.50282],[105.9563,49.50178],[105.95711,49.50012],[105.9573,49.49962]]}},{"type":"Feature","properties":{},"geometry":{"type":"LineString","coordinates":[[89.54053,49.50529],[89.54073,49.50519]]}},{"type":"Feature","properties":{},"geometry":{"type":"LineString","coordinates":[[92.0005,49.30846],[92.00137,49.30992],[92.00225,49.31087],[92.00296,49.31167],[92.00317,49.31222],[92.00319,49.31266],[92.00382,49.31336],[92.00616,49.31714],[92.00758,49.31935],[92.00827,49.32117],[92.00939,49.3249],[92.01015,49.32826],[92.01043,49.33052],[92.01068,49.33366],[92.01066,49.33553],[92.01062,49.33679],[92.01096,49.33812],[92.01251,49.34173],[92.0135,49.34372],[92.014,49.3451],[92.01477,49.34748],[92.0152,49.34966],[92.01568,49.35151],[92.0163,49.35308],[92.0169,49.35389],[92.01735,49.35437],[92.01781,49.35538],[92.01778,49.35575],[92.01798,49.35641],[92.01837,49.35719],[92.01882,49.35789],[92.01923,49.35916],[92.01979,49.36039],[92.02018,49.36152],[92.02026,49.36264],[92.02056,49.36364],[92.02086,49.36424],[92.02157,49.36461],[92.02188,49.36494],[92.02203,49.36561],[92.02215,49.36665],[92.02233,49.36701],[92.0233,49.36735],[92.02403,49.36764],[92.02459,49.36778],[92.02553,49.36787],[92.02613,49.36769],[92.02655,49.36757],[92.0268,49.36758],[92.02715,49.36768],[92.02743,49.36799],[92.02769,49.36868],[92.02796,49.36896],[92.02883,49.36926],[92.02939,49.36943],[92.02992,49.36965],[92.03016,49.37018],[92.0302,49.37106],[92.03044,49.3724],[92.03036,49.37312],[92.03027,49.37366],[92.03029,49.37397],[92.03054,49.37439],[92.03105,49.37516],[92.03122,49.37545],[92.03141,49.37611],[92.03182,49.37746],[92.03192,49.37844],[92.03194,49.37931],[92.03197,49.37981],[92.03218,49.3803],[92.03274,49.38165],[92.03317,49.38287],[92.03342,49.38428],[92.03349,49.38546],[92.03382,49.38798],[92.03428,49.3904],[92.03433,49.39064],[92.03427,49.39115],[92.03435,49.39154],[92.03508,49.39303],[92.03618,49.39488],[92.03645,49.39532],[92.03704,49.39597],[92.03748,49.39657],[92.0386,49.39823],[92.03993,49.3996],[92.04068,49.40014],[92.04162,49.40077],[92.04392,49.403],[92.04504,49.40383],[92.04669,49.4051],[92.04816,49.40616],[92.04884,49.40669],[92.04938,49.40762],[92.05066,49.40923],[92.05178,49.41072],[92.05262,49.41213],[92.05336,49.41346],[92.05418,49.4144],[92.05653,49.41611],[92.0586,49.41751],[92.06175,49.42009],[92.06634,49.42341],[92.06859,49.42508],[92.07054,49.42683],[92.07335,49.42985],[92.07425,49.43129],[92.07541,49.43282],[92.07608,49.43422],[92.07672,49.43518],[92.07771,49.43589],[92.07827,49.43649],[92.079,49.43815],[92.07972,49.44059],[92.08026,49.4417],[92.08045,49.44316],[92.08086,49.44439],[92.08148,49.44649],[92.08249,49.45081],[92.08296,49.45277],[92.08344,49.45383],[92.08412,49.45505],[92.08595,49.45697],[92.08644,49.45741],[92.08672,49.4575],[92.08711,49.4575],[92.08777,49.45749],[92.08809,49.45757],[92.08823,49.45771],[92.08824,49.45784],[92.08803,49.458],[92.08741,49.45818],[92.08716,49.45828],[92.08704,49.45848],[92.08706,49.4588],[92.08697,49.45906],[92.08659,49.45933],[92.08646,49.45946],[92.08652,49.45962],[92.0868,49.45991],[92.08684,49.46012],[92.08673,49.46046],[92.08672,49.46077],[92.08688,49.46089]]}},{"type":"Feature","properties":{},"geometry":{"type":"LineString","coordinates":[[92.08688,49.46089],[92.0872,49.46106],[92.08739,49.46116],[92.08762,49.46128],[92.08791,49.46137]]}},{"type":"Feature","properties":{},"geometry":{"type":"LineString","coordinates":[[92.08791,49.46137],[92.08807,49.46148],[92.08821,49.46171],[92.08823,49.46188],[92.08848,49.46204],[92.08884,49.46216],[92.08914,49.46234],[92.08936,49.46257],[92.08947,49.46275],[92.08962,49.46282],[92.09012,49.46291],[92.09067,49.46294],[92.09092,49.46305],[92.09105,49.46319],[92.09109,49.46345],[92.09108,49.46371],[92.09125,49.46423],[92.09154,49.46472],[92.09256,49.46593],[92.09375,49.46771],[92.09472,49.4688],[92.09545,49.46975],[92.09618,49.47068],[92.09832,49.47379],[92.09903,49.47488],[92.09978,49.47665],[92.10068,49.48036],[92.10131,49.48239],[92.10187,49.48404],[92.10236,49.48653],[92.10307,49.48803],[92.10373,49.48954],[92.10427,49.49092],[92.10596,49.49398],[92.10789,49.49587],[92.10938,49.49775],[92.11008,49.49922],[92.11024,49.50002]]}},{"type":"Feature","properties":{},"geometry":{"type":"LineString","coordinates":[[91.99847,49.4576],[91.99987,49.45887],[92.00167,49.46036],[92.00398,49.46145],[92.00494,49.46166],[92.00611,49.46195]]}},{"type":"Feature","properties":{},"geometry":{"type":"LineString","coordinates":[[92.00611,49.46195],[92.00863,49.4624],[92.01082,49.46264],[92.01213,49.46274],[92.01541,49.46317],[92.01779,49.4635],[92.02224,49.46371],[92.02528,49.46391],[92.02631,49.46412],[92.02865,49.4644],[92.02996,49.46479],[92.03088,49.46506],[92.03166,49.46516],[92.03284,49.46541],[92.03397,49.46536],[92.03571,49.46529],[92.04281,49.46505],[92.04856,49.46453],[92.05165,49.46433],[92.05429,49.46437],[92.05577,49.46435],[92.05642,49.46474],[92.05708,49.46522],[92.0585,49.46566],[92.06243,49.46608],[92.06421,49.46601],[92.06616,49.46601],[92.06747,49.46597],[92.06886,49.46571],[92.07112,49.46513],[92.07208,49.46487],[92.07292,49.46463]]}},{"type":"Feature","properties":{},"geometry":{"type":"LineString","coordinates":[[92.035,49.03909],[92.03375,49.04196],[92.03131,49.04599],[92.02916,49.05288],[92.0199,49.06904],[92.00977,49.07444],[91.99553,49.08759],[91.98145,49.11805],[91.96343,49.17554],[91.95965,49.19181],[91.96995,49.20639],[91.98402,49.22904],[91.98986,49.26076],[91.98992,49.26195],[91.99106,49.28327],[91.99621,49.30253],[92.0005,49.30846],[92.00291,49.33296],[92.00291,49.34426],[91.99741,49.36047],[91.99347,49.39233],[91.99244,49.40238],[91.99329,49.40517],[91.99226,49.40752],[91.99283,49.43148],[91.99294,49.43614],[91.99391,49.44801],[91.9943,49.44945],[91.99548,49.45053],[91.99747,49.4538],[91.99847,49.4576],[91.99907,49.45985],[92.00054,49.46227],[92.00122,49.46339],[92.0015,49.46385],[92.00272,49.46591],[92.00565,49.46947],[92.00709,49.47075],[92.0071,49.47076],[92.00709,49.4708],[92.00708,49.47084],[92.00707,49.47089],[92.00704,49.47095],[92.00699,49.47103],[92.00689,49.47111],[92.00677,49.47117],[92.00663,49.47121],[92.00641,49.47126],[92.00627,49.4713],[92.00616,49.47134],[92.0061,49.47138],[92.00606,49.47142],[92.00602,49.47143],[92.00598,49.47144],[92.00596,49.47146],[92.00593,49.47149],[92.00592,49.47153],[92.00593,49.47157],[92.00595,49.47162],[92.00598,49.47168],[92.00601,49.47173],[92.00606,49.47182],[92.00613,49.47189],[92.00655,49.47215],[92.00783,49.47286],[92.00845,49.47324],[92.00882,49.4734],[92.00897,49.47347],[92.00905,49.47353],[92.00909,49.47358],[92.00911,49.47364],[92.00911,49.47373],[92.00906,49.47387],[92.00895,49.47416],[92.0088,49.47474],[92.00877,49.47534],[92.0088,49.47562],[92.00881,49.47574],[92.00881,49.47579],[92.00883,49.47585],[92.00884,49.47589],[92.00887,49.47592],[92.00893,49.47597],[92.00899,49.47601],[92.00907,49.47605],[92.00915,49.47608],[92.0095,49.47633],[92.01025,49.47687],[92.01201,49.47817],[92.01308,49.47919],[92.01342,49.48016]]}},{"type":"Feature","properties":{},"geometry":{"type":"LineString","coordinates":[[106.93208,47.90451],[106.93209,47.90446]]}},{"type":"Feature","properties":{},"geometry":{"type":"LineString","coordinates":[[106.9358,47.90471],[106.93581,47.90464]]}},{"type":"Feature","properties":{},"geometry":{"type":"LineString","coordinates":[[106.93763,47.90481],[106.93764,47.90472]]}},{"type":"Feature","properties":{},"geometry":{"type":"LineString","coordinates":[[106.94045,47.90482],[106.94045,47.90477]]}},{"type":"Feature","properties":{},"geometry":{"type":"LineString","coordinates":[[101.28026,42.58524],[101.28014,42.58512],[101.27981,42.58486],[101.27968,42.58472],[101.27964,42.58452],[101.27966,42.58387],[101.27979,42.58129],[101.28016,42.57992],[101.28024,42.57941],[101.28042,42.57249]]}},{"type":"Feature","properties":{},"geometry":{"type":"LineString","coordinates":[[101.28076,42.57249],[101.28095,42.57291],[101.281,42.57309],[101.28102,42.57329],[101.2807,42.57965],[101.2805,42.58109],[101.28047,42.58148],[101.28035,42.58387],[101.28035,42.5846],[101.28038,42.58485],[101.28043,42.58507],[101.28049,42.5852]]}},{"type":"Feature","properties":{},"geometry":{"type":"LineString","coordinates":[[102.12391,43.14684],[102.1248,43.14733],[102.12509,43.14747],[102.12529,43.14755],[102.12583,43.14776],[102.12603,43.14785],[102.12669,43.1483],[102.12691,43.14844],[102.12706,43.14854],[102.12764,43.14885],[102.12803,43.14907],[102.12916,43.14968],[102.13061,43.15051]]}},{"type":"Feature","properties":{},"geometry":{"type":"LineString","coordinates":[[104.41987,43.59599],[104.41944,43.59558],[104.41654,43.59282],[104.41326,43.58971],[104.41176,43.5883],[104.41108,43.58766],[104.41089,43.58746],[104.41066,43.5872],[104.41032,43.58681],[104.41013,43.58659]]}},{"type":"Feature","properties":{},"geometry":{"type":"LineString","coordinates":[[104.41944,43.59558],[104.42921,43.59142],[104.43243,43.59003],[104.4366,43.58824],[104.43694,43.58809],[104.43722,43.58795],[104.43746,43.5878],[104.43765,43.58766],[104.43782,43.58754],[104.43804,43.58735],[104.43823,43.58716],[104.43839,43.58697],[104.43853,43.58678],[104.43866,43.58659],[104.43876,43.5864],[104.4389,43.58613],[104.43899,43.58588],[104.43903,43.58569],[104.43907,43.58546],[104.43909,43.58516],[104.43911,43.58395],[104.43913,43.58287],[104.43914,43.58258],[104.43917,43.58236],[104.43922,43.58213],[104.4393,43.58186],[104.4394,43.5816],[104.43957,43.58129],[104.43975,43.581],[104.44009,43.58059],[104.44135,43.57904],[104.4429,43.57714],[104.44362,43.57623]]}},{"type":"Feature","properties":{},"geometry":{"type":"LineString","coordinates":[[90.63148,48.51526],[90.63308,48.51515],[90.63405,48.51514],[90.63523,48.51515],[90.63759,48.51518],[90.63999,48.51525],[90.64114,48.51526],[90.6421,48.51522],[90.64353,48.51517],[90.64472,48.51503],[90.64615,48.51479],[90.64767,48.51451],[90.65045,48.51397],[90.65327,48.51341],[90.65594,48.51287],[90.66107,48.51188],[90.66377,48.51133],[90.66615,48.51088],[90.6714,48.50985],[90.67408,48.50933],[90.67539,48.50908],[90.67677,48.50879],[90.6793,48.50822],[90.68166,48.50767],[90.68357,48.50718],[90.68385,48.50711],[90.68554,48.50666],[90.6891,48.50578],[90.69043,48.50549],[90.69145,48.50537],[90.69257,48.50527],[90.69535,48.50525],[90.6962,48.50523],[90.69696,48.5052],[90.69769,48.50515],[90.69843,48.50503],[90.70407,48.50415],[90.70685,48.50371],[90.70825,48.50349],[90.70889,48.50341],[90.70964,48.50333],[90.71037,48.50331],[90.71276,48.50332],[90.71544,48.50339],[90.71609,48.50338],[90.7166,48.50333],[90.7178,48.50306],[90.71828,48.50277],[90.71896,48.50238],[90.71987,48.50177],[90.7214,48.50071],[90.72195,48.50023],[90.72232,48.49974],[90.7226,48.4993],[90.72301,48.49869],[90.72321,48.49843],[90.72345,48.49826],[90.72383,48.49806],[90.72438,48.49781],[90.72941,48.49588],[90.73003,48.49556],[90.73081,48.49516],[90.73148,48.4948],[90.73299,48.49386],[90.73455,48.4928]]}},{"type":"Feature","properties":{},"geometry":{"type":"LineString","coordinates":[[111.93475,43.69627],[111.93518,43.69579],[111.93547,43.69546],[111.93606,43.69506]]}},{"type":"Feature","properties":{},"geometry":{"type":"LineString","coordinates":[[111.93629,43.69491],[111.93653,43.69475],[111.93662,43.69471],[111.9372,43.69463],[111.93776,43.69433]]}},{"type":"Feature","properties":{},"geometry":{"type":"LineString","coordinates":[[111.93572,43.69478],[111.93584,43.6947],[111.93595,43.69463]]}},{"type":"Feature","properties":{},"geometry":{"type":"LineString","coordinates":[[111.92841,43.70014],[111.92836,43.69995],[111.92996,43.69647],[111.93011,43.69608],[111.93012,43.69595]]}},{"type":"Feature","properties":{},"geometry":{"type":"LineString","coordinates":[[111.92423,43.69751],[111.92552,43.69714],[111.92977,43.69593]]}},{"type":"Feature","properties":{},"geometry":{"type":"LineString","coordinates":[[111.93696,43.69606],[111.93669,43.69622],[111.93582,43.69634],[111.93495,43.6964]]}},{"type":"Feature","properties":{},"geometry":{"type":"LineString","coordinates":[[111.93719,43.69592],[111.93707,43.69599],[111.93696,43.69606]]}},{"type":"Feature","properties":{},"geometry":{"type":"LineString","coordinates":[[111.93797,43.69447],[111.93758,43.69486],[111.93745,43.69528],[111.93725,43.69545],[111.93689,43.69568]]}},{"type":"Feature","properties":{},"geometry":{"type":"LineString","coordinates":[[111.93666,43.69582],[111.93638,43.696],[111.9356,43.69612],[111.93495,43.6964]]}},{"type":"Feature","properties":{},"geometry":{"type":"LineString","coordinates":[[89.54026,49.50509],[89.54053,49.50496]]}},{"type":"Feature","properties":{},"geometry":{"type":"LineString","coordinates":[[89.52681,49.50841],[89.5269,49.50832]]}},{"type":"Feature","properties":{},"geometry":{"type":"LineString","coordinates":[[89.47442,49.55177],[89.47454,49.55164]]}},{"type":"Feature","properties":{},"geometry":{"type":"LineString","coordinates":[[89.46789,49.55868],[89.46803,49.55852]]}},{"type":"Feature","properties":{},"geometry":{"type":"LineString","coordinates":[[89.54073,49.50519],[89.54119,49.50497],[89.54122,49.50496],[89.54153,49.50482],[89.54187,49.50469],[89.5422,49.50457],[89.54253,49.50446],[89.54371,49.50412],[89.54374,49.50411],[89.54378,49.5041],[89.54381,49.5041],[89.54438,49.504],[89.54488,49.50396],[89.54507,49.50393],[89.54539,49.50389],[89.54569,49.50384],[89.54597,49.5038],[89.54735,49.5036],[89.548,49.5035],[89.54841,49.50345],[89.5488,49.50337],[89.54925,49.50335],[89.5496,49.50335],[89.55006,49.5033],[89.55055,49.50327],[89.55094,49.50324],[89.55144,49.50317],[89.55168,49.50314],[89.55621,49.50245],[89.55694,49.50222],[89.55712,49.50212],[89.55727,49.50197],[89.55719,49.50178]]}},{"type":"Feature","properties":{},"geometry":{"type":"LineString","coordinates":[[109.47313,47.49264],[109.47256,47.49349]]}},{"type":"Feature","properties":{},"geometry":{"type":"LineString","coordinates":[[110.04235,44.49229],[110.04245,44.49215],[110.04256,44.49207],[110.04273,44.49197],[110.04287,44.49186],[110.04308,44.49168]]}},{"type":"Feature","properties":{},"geometry":{"type":"LineString","coordinates":[[110.05746,44.51842],[110.05653,44.51644],[110.05625,44.51575],[110.05533,44.51344],[110.05544,44.51225],[110.05551,44.51103],[110.05563,44.50904],[110.0556,44.50868],[110.05536,44.5084],[110.05147,44.50639],[110.05092,44.50574],[110.05068,44.50481],[110.0506,44.50271]]}},{"type":"Feature","properties":{},"geometry":{"type":"LineString","coordinates":[[110.0506,44.50271],[110.0492,44.50083],[110.04794,44.49939]]}},{"type":"Feature","properties":{},"geometry":{"type":"LineString","coordinates":[[110.06824,44.52864],[110.06775,44.52714],[110.06655,44.52586],[110.06617,44.52567],[110.06593,44.52564],[110.06575,44.52567],[110.06553,44.52571],[110.06514,44.52579],[110.06496,44.52582],[110.06486,44.52581],[110.0647,44.52579],[110.06443,44.52562],[110.06416,44.52515],[110.0637,44.52434],[110.06228,44.52306],[110.06049,44.52151],[110.05872,44.52016],[110.05746,44.51842]]}},{"type":"Feature","properties":{},"geometry":{"type":"LineString","coordinates":[[106.64159,47.78897],[106.64224,47.78877]]}},{"type":"Feature","properties":{},"geometry":{"type":"LineString","coordinates":[[106.70966,47.78476],[106.71004,47.78461],[106.71067,47.7844],[106.71465,47.78298],[106.71477,47.78293],[106.71637,47.78233],[106.71727,47.782],[106.71775,47.78184],[106.71832,47.78161],[106.7188,47.78142],[106.71924,47.78119],[106.72176,47.77978],[106.72216,47.77955],[106.72263,47.77931],[106.7232,47.77909],[106.72379,47.77887],[106.72594,47.77839],[106.73274,47.77729],[106.73868,47.777],[106.73875,47.77699],[106.74119,47.77687],[106.74147,47.77686]]}},{"type":"Feature","properties":{},"geometry":{"type":"LineString","coordinates":[[106.64224,47.78877],[106.64334,47.7884],[106.64374,47.78827],[106.64512,47.7879],[106.64642,47.78756],[106.64772,47.78728],[106.64904,47.787],[106.65044,47.78675],[106.65179,47.78649],[106.65293,47.78634],[106.65338,47.78631],[106.65457,47.78629],[106.65549,47.78624],[106.65637,47.78621],[106.65742,47.78617],[106.65928,47.78619],[106.66074,47.78621],[106.66186,47.78623],[106.66325,47.78626],[106.66462,47.78629],[106.66559,47.78618],[106.66636,47.78606],[106.66739,47.78593],[106.66797,47.78585],[106.66869,47.78574],[106.66918,47.78569],[106.67016,47.78561],[106.67117,47.78556],[106.67207,47.78552],[106.67273,47.78548],[106.67311,47.78547],[106.67361,47.78543],[106.6741,47.78546],[106.6748,47.78552],[106.6763,47.78586],[106.67684,47.78597],[106.67777,47.78614],[106.67926,47.78621],[106.67996,47.78624],[106.68012,47.78624],[106.6808,47.78625],[106.68459,47.78627],[106.68619,47.78629],[106.68761,47.78631],[106.68851,47.78633],[106.68876,47.78634],[106.68906,47.78635],[106.69126,47.78645],[106.69179,47.78645],[106.69316,47.78651],[106.69392,47.78654],[106.69684,47.78664],[106.69926,47.78672],[106.69993,47.78672],[106.70238,47.78664],[106.70372,47.78654],[106.70441,47.78646],[106.70518,47.78631],[106.70579,47.78615],[106.70589,47.78612],[106.70618,47.78602],[106.70944,47.78485],[106.70966,47.78476]]}},{"type":"Feature","properties":{},"geometry":{"type":"LineString","coordinates":[[103.18185,43.20461],[103.18047,43.2042],[103.17773,43.20357],[103.17557,43.20315],[103.1738,43.20269],[103.17163,43.202],[103.17026,43.20148],[103.16934,43.20107],[103.16604,43.19934],[103.16361,43.1981],[103.16235,43.19761],[103.16122,43.19725],[103.15986,43.19693],[103.15694,43.19639],[103.15487,43.19603],[103.14996,43.195],[103.14625,43.19422],[103.14251,43.19356],[103.14079,43.19316],[103.13903,43.19275],[103.13632,43.19226],[103.13309,43.19168],[103.12834,43.19078],[103.12735,43.1905],[103.12611,43.18998],[103.12467,43.18941],[103.12197,43.18855],[103.11906,43.18766],[103.1139,43.18628],[103.1042,43.18365],[103.09946,43.18174],[103.0962,43.17936],[103.09347,43.17658],[103.08298,43.16246],[103.08226,43.16194]]}},{"type":"Feature","properties":{},"geometry":{"type":"LineString","coordinates":[[111.49818,47.92134],[111.49818,47.9212]]}},{"type":"Feature","properties":{},"geometry":{"type":"LineString","coordinates":[[111.497,47.9465],[111.49715,47.94315],[111.49717,47.94248],[111.49732,47.93982],[111.4981,47.92347],[111.49819,47.92201],[111.49818,47.92134]]}},{"type":"Feature","properties":{},"geometry":{"type":"LineString","coordinates":[[111.49818,47.9212],[111.49832,47.9186],[111.4982,47.91813],[111.49787,47.91747],[111.49685,47.91588],[111.49019,47.90572],[111.48864,47.90335],[111.4864,47.89989],[111.48415,47.89646],[111.4818,47.8929],[111.47972,47.88967],[111.4729,47.87919],[111.46746,47.87081],[111.46063,47.8604],[111.45829,47.85687],[111.45777,47.85624],[111.45597,47.8545],[111.45458,47.85335],[111.45354,47.85276],[111.45165,47.8521],[111.45079,47.85191],[111.44293,47.85098],[111.43366,47.84991],[111.43155,47.84968],[111.43004,47.84955],[111.42955,47.84957],[111.42759,47.84974],[111.42701,47.84979],[111.40334,47.85195],[111.38914,47.85201],[111.37872,47.85209],[111.37659,47.8521],[111.37599,47.8521],[111.37521,47.85209],[111.37466,47.852],[111.37413,47.85182],[111.37292,47.85136],[111.37118,47.85069],[111.36201,47.84717],[111.35596,47.84488],[111.3488,47.84212],[111.3478,47.84187],[111.34603,47.84166],[111.34539,47.84164],[111.33854,47.84216],[111.33793,47.84214],[111.33749,47.84204],[111.33163,47.84022],[111.32188,47.837],[111.31131,47.83352],[111.3068,47.832],[111.30477,47.83135],[111.30343,47.8309],[111.30171,47.83032],[111.299,47.82949],[111.29669,47.82908],[111.27509,47.82678],[111.26226,47.82544],[111.25488,47.82462]]}},{"type":"Feature","properties":{},"geometry":{"type":"LineString","coordinates":[[111.50237,47.94666],[111.50193,47.94689],[111.50166,47.94694],[111.50131,47.94693],[111.49996,47.94681],[111.49765,47.94656],[111.497,47.9465]]}},{"type":"Feature","properties":{},"geometry":{"type":"LineString","coordinates":[[111.25433,47.82457],[111.24845,47.82395],[111.24407,47.82349],[111.23945,47.823],[111.23634,47.82268],[111.23433,47.82246],[111.23152,47.82186],[111.22921,47.82128],[111.22699,47.82066],[111.22581,47.82036],[111.22444,47.82],[111.22326,47.81967],[111.22263,47.8195],[111.22142,47.81919],[111.2189,47.81886],[111.21857,47.81887],[111.21179,47.81973],[111.21037,47.81976],[111.20888,47.81962],[111.20465,47.81881],[111.20389,47.81856],[111.19758,47.81555]]}},{"type":"Feature","properties":{},"geometry":{"type":"LineString","coordinates":[[111.25488,47.82462],[111.25433,47.82457]]}},{"type":"Feature","properties":{},"geometry":{"type":"LineString","coordinates":[[111.19737,47.81545],[111.19506,47.81432],[111.19137,47.8125],[111.18767,47.81074],[111.1841,47.80905],[111.18243,47.80825],[111.18056,47.80754]]}},{"type":"Feature","properties":{},"geometry":{"type":"LineString","coordinates":[[111.19758,47.81555],[111.19737,47.81545]]}},{"type":"Feature","properties":{},"geometry":{"type":"LineString","coordinates":[[105.85072,50.07452],[105.85036,50.07455]]}},{"type":"Feature","properties":{},"geometry":{"type":"LineString","coordinates":[[105.85684,50.07192],[105.85677,50.07223],[105.85661,50.07279],[105.85609,50.07342],[105.85555,50.07379],[105.8544,50.07421],[105.85329,50.07435],[105.85219,50.07442],[105.85125,50.07445],[105.85072,50.07452]]}},{"type":"Feature","properties":{},"geometry":{"type":"LineString","coordinates":[[105.82048,50.09255],[105.82021,50.09264]]}},{"type":"Feature","properties":{},"geometry":{"type":"LineString","coordinates":[[105.82702,50.09],[105.82661,50.09035],[105.82587,50.09073],[105.82365,50.09149],[105.82048,50.09255]]}},{"type":"Feature","properties":{},"geometry":{"type":"LineString","coordinates":[[105.81005,50.09834],[105.80822,50.10065],[105.80666,50.1027]]}},{"type":"Feature","properties":{},"geometry":{"type":"LineString","coordinates":[[105.81013,50.09825],[105.81005,50.09834]]}},{"type":"Feature","properties":{},"geometry":{"type":"LineString","coordinates":[[105.82021,50.09264],[105.81614,50.09398],[105.81574,50.09414],[105.81475,50.09457],[105.8141,50.09491],[105.81346,50.09531],[105.81216,50.09631],[105.8109,50.09744],[105.81013,50.09825]]}},{"type":"Feature","properties":{},"geometry":{"type":"LineString","coordinates":[[105.82742,50.08952],[105.82702,50.09]]}},{"type":"Feature","properties":{},"geometry":{"type":"LineString","coordinates":[[105.89579,50.07592],[105.89595,50.07591],[105.89604,50.07592],[105.89614,50.07594],[105.89622,50.07599]]}},{"type":"Feature","properties":{},"geometry":{"type":"LineString","coordinates":[[105.8953,50.07599],[105.88485,50.07473],[105.88255,50.07445]]}},{"type":"Feature","properties":{},"geometry":{"type":"LineString","coordinates":[[105.89608,50.07627],[105.89598,50.07629],[105.89588,50.07628],[105.89579,50.07626],[105.89571,50.07622]]}},{"type":"Feature","properties":{},"geometry":{"type":"LineString","coordinates":[[105.88128,50.0743],[105.88173,50.07425],[105.88186,50.07424],[105.88199,50.07425],[105.88213,50.07427],[105.88255,50.07445]]}},{"type":"Feature","properties":{},"geometry":{"type":"LineString","coordinates":[[105.88128,50.0743],[105.87929,50.07402],[105.87183,50.07214],[105.86943,50.0715],[105.86865,50.07129],[105.86636,50.07049],[105.86601,50.07036],[105.86584,50.07028],[105.86569,50.0702],[105.86426,50.06953],[105.8633,50.06908],[105.86205,50.0685],[105.86125,50.06824],[105.8602,50.06815],[105.85886,50.06839],[105.8581,50.06871],[105.85752,50.06919],[105.85706,50.07024]]}},{"type":"Feature","properties":{},"geometry":{"type":"LineString","coordinates":[[105.88255,50.07445],[105.88208,50.07452],[105.8819,50.07451],[105.88172,50.07448],[105.88159,50.07443],[105.88128,50.0743]]}},{"type":"Feature","properties":{},"geometry":{"type":"Polygon","coordinates":[[[111.93066,43.6955],[111.93075,43.69558],[111.93081,43.69568],[111.93081,43.69578],[111.93076,43.69588],[111.93067,43.69596],[111.93055,43.69602],[111.93041,43.69604],[111.93028,43.69602],[111.93016,43.69598],[111.93012,43.69595],[111.93007,43.69592],[111.93001,43.69584],[111.92999,43.69574],[111.93,43.69565],[111.93006,43.69557],[111.93015,43.6955],[111.93026,43.69546],[111.93039,43.69544],[111.93047,43.69545],[111.93053,43.69545],[111.93066,43.6955]]]}},{"type":"Feature","properties":{},"geometry":{"type":"LineString","coordinates":[[111.93012,43.69595],[111.92995,43.69592],[111.92977,43.69593]]}},{"type":"Feature","properties":{},"geometry":{"type":"LineString","coordinates":[[111.92841,43.70014],[111.92867,43.70151]]}},{"type":"Feature","properties":{},"geometry":{"type":"LineString","coordinates":[[111.93055,43.69602],[111.93041,43.69614],[111.93015,43.69652],[111.92876,43.69942],[111.92841,43.70014]]}},{"type":"Feature","properties":{},"geometry":{"type":"LineString","coordinates":[[113.41118,46.89047],[113.41191,46.89059],[113.41314,46.89095],[113.41374,46.89101],[113.41472,46.89114],[113.41602,46.89105],[113.41747,46.89075],[113.41845,46.89051],[113.41914,46.89039]]}},{"type":"Feature","properties":{},"geometry":{"type":"LineString","coordinates":[[111.92977,43.69593],[111.92991,43.69582],[111.92999,43.69574]]}},{"type":"Feature","properties":{},"geometry":{"type":"LineString","coordinates":[[105.89571,50.07622],[105.8953,50.07599]]}},{"type":"Feature","properties":{},"geometry":{"type":"LineString","coordinates":[[105.89659,50.07615],[105.89608,50.07627]]}},{"type":"Feature","properties":{},"geometry":{"type":"LineString","coordinates":[[105.89622,50.07599],[105.89659,50.07615]]}},{"type":"Feature","properties":{},"geometry":{"type":"LineString","coordinates":[[105.8953,50.07599],[105.89579,50.07592]]}},{"type":"Feature","properties":{},"geometry":{"type":"LineString","coordinates":[[92.02596,48.49791],[92.02559,48.49956],[92.02416,48.50702],[92.02346,48.50952],[92.02358,48.51324],[92.02439,48.51531],[92.02996,48.52258],[92.03734,48.53293],[92.03855,48.53839],[92.04146,48.54373],[92.04593,48.54566],[92.05811,48.56259],[92.06223,48.57065],[92.06298,48.58183],[92.06484,48.595],[92.06494,48.59639],[92.06253,48.60564],[92.06035,48.60892],[92.05708,48.6163],[92.0461,48.65861],[92.04095,48.69227],[92.04095,48.6993],[92.03546,48.73203],[92.03456,48.73935],[92.03271,48.75444],[92.03855,48.77029],[92.04387,48.7773],[92.04427,48.78337],[92.05296,48.80309],[92.05279,48.80817],[92.05527,48.81137],[92.06189,48.81575],[92.06224,48.81942],[92.06176,48.82237],[92.06349,48.82431],[92.06447,48.84727],[92.06241,48.85586],[92.05571,48.88002],[92.04206,48.92691],[92.04204,48.93608],[92.04084,48.94551],[92.04496,48.95667],[92.04248,48.99251],[92.0414,48.99823],[92.04243,49.00107],[92.0431,49.00672],[92.04119,49.01311],[92.04154,49.0149],[92.04239,49.01663],[92.04238,49.01707],[92.04237,49.01764],[92.0409,49.02388],[92.0407,49.02438],[92.03992,49.02658],[92.03955,49.02761]]}},{"type":"Feature","properties":{},"geometry":{"type":"LineString","coordinates":[[106.90572,47.91648],[106.90576,47.91629],[106.90576,47.91625],[106.90573,47.91622],[106.90568,47.91618]]}},{"type":"Feature","properties":{},"geometry":{"type":"LineString","coordinates":[[106.90709,47.9166],[106.90701,47.91699],[106.90699,47.91706],[106.90689,47.91754]]}},{"type":"Feature","properties":{},"geometry":{"type":"LineString","coordinates":[[106.58029,47.97299],[106.58002,47.97284]]}},{"type":"Feature","properties":{},"geometry":{"type":"LineString","coordinates":[[106.90944,47.89069],[106.91014,47.88876]]}},{"type":"Feature","properties":{},"geometry":{"type":"LineString","coordinates":[[106.91014,47.88876],[106.91026,47.88849],[106.91036,47.88828],[106.91045,47.88807],[106.91059,47.88771],[106.91065,47.88758],[106.91066,47.88751],[106.9107,47.88738],[106.91083,47.88615],[106.91085,47.88595],[106.91091,47.88516],[106.91098,47.88367],[106.911,47.88354],[106.91104,47.88308],[106.91107,47.88279],[106.9112,47.88185],[106.91167,47.88175],[106.91198,47.88169],[106.91323,47.88145],[106.91357,47.88141],[106.91431,47.88131],[106.91481,47.88131],[106.91501,47.88133],[106.9152,47.88138],[106.91562,47.88152],[106.91614,47.88175],[106.91645,47.88193],[106.91649,47.88198],[106.91666,47.88227],[106.91678,47.8826],[106.91706,47.88328],[106.91729,47.88382],[106.91739,47.88405],[106.91775,47.88501],[106.91783,47.88521],[106.91833,47.88674]]}},{"type":"Feature","properties":{},"geometry":{"type":"LineString","coordinates":[[106.90936,47.89125],[106.90937,47.89097],[106.90937,47.89087],[106.90944,47.89069]]}},{"type":"Feature","properties":{},"geometry":{"type":"Polygon","coordinates":[[[105.94269,49.41418],[105.94267,49.41423],[105.94264,49.41427],[105.94259,49.4143],[105.94253,49.41433],[105.94247,49.41435],[105.9424,49.41437],[105.94233,49.41437],[105.94226,49.41436],[105.94219,49.41434],[105.94213,49.41432],[105.94208,49.41428],[105.94204,49.41424],[105.94201,49.4142],[105.942,49.41415],[105.94201,49.41411],[105.94203,49.41406],[105.94206,49.41402],[105.94211,49.41398],[105.94217,49.41395],[105.94223,49.41393],[105.9423,49.41392],[105.94237,49.41392],[105.94244,49.41393],[105.94251,49.41395],[105.94257,49.41397],[105.94262,49.41401],[105.94266,49.41404],[105.94268,49.41409],[105.94269,49.41414],[105.94269,49.41418]]]}},{"type":"Feature","properties":{},"geometry":{"type":"Polygon","coordinates":[[[105.92365,49.31355],[105.9236,49.31351],[105.92357,49.31348],[105.92354,49.31343],[105.92354,49.31339],[105.92354,49.31334],[105.92356,49.3133],[105.9236,49.31326],[105.92364,49.31322],[105.9237,49.31319],[105.92376,49.31318],[105.92383,49.31317],[105.9239,49.31316],[105.92397,49.31317],[105.92403,49.31319],[105.92409,49.31322],[105.92414,49.31325],[105.92418,49.31329],[105.9242,49.31333],[105.92421,49.31338],[105.9242,49.31342],[105.92418,49.31347],[105.92415,49.31351],[105.9241,49.31354],[105.92404,49.31357],[105.92398,49.31359],[105.92391,49.3136],[105.92384,49.3136],[105.92377,49.31359],[105.92371,49.31357],[105.92365,49.31355]]]}},{"type":"Feature","properties":{},"geometry":{"type":"Polygon","coordinates":[[[105.91178,49.33266],[105.91185,49.33267],[105.91191,49.3327],[105.91196,49.33273],[105.912,49.33277],[105.91203,49.33282],[105.91204,49.33287],[105.91203,49.33291],[105.91201,49.33296],[105.91198,49.333],[105.91193,49.33304],[105.91188,49.33307],[105.91181,49.33309],[105.91174,49.3331],[105.91167,49.3331],[105.91159,49.3331],[105.91153,49.33308],[105.91146,49.33305],[105.91141,49.33302],[105.91137,49.33298],[105.91135,49.33293],[105.91134,49.33289],[105.91134,49.33284],[105.91136,49.33279],[105.9114,49.33275],[105.91144,49.33271],[105.9115,49.33268],[105.91156,49.33266],[105.91164,49.33265],[105.91171,49.33265],[105.91178,49.33266]]]}},{"type":"Feature","properties":{},"geometry":{"type":"Polygon","coordinates":[[[106.03722,49.20889],[106.03718,49.20892],[106.03713,49.20895],[106.03708,49.20897],[106.03701,49.20898],[106.03695,49.20899],[106.03688,49.20898],[106.03682,49.20897],[106.03676,49.20895],[106.03672,49.20892],[106.03668,49.20889],[106.03665,49.20885],[106.03664,49.20881],[106.03664,49.20876],[106.03665,49.20872],[106.03668,49.20868],[106.03671,49.20865],[106.03676,49.20862],[106.03682,49.2086],[106.03688,49.20858],[106.03695,49.20858],[106.03701,49.20858],[106.03707,49.2086],[106.03713,49.20862],[106.03718,49.20865],[106.03722,49.20868],[106.03725,49.20872],[106.03726,49.20876],[106.03726,49.2088],[106.03725,49.20885],[106.03722,49.20889]]]}},{"type":"Feature","properties":{},"geometry":{"type":"Polygon","coordinates":[[[105.98114,49.27296],[105.98119,49.27299],[105.98123,49.27303],[105.98125,49.27307],[105.98127,49.27311],[105.98127,49.27316],[105.98125,49.2732],[105.98122,49.27324],[105.98118,49.27328],[105.98113,49.27331],[105.98107,49.27333],[105.98101,49.27334],[105.98094,49.27335],[105.98087,49.27334],[105.98081,49.27333],[105.98075,49.2733],[105.9807,49.27327],[105.98066,49.27324],[105.98063,49.2732],[105.98062,49.27315],[105.98062,49.27311],[105.98064,49.27307],[105.98067,49.27303],[105.98071,49.27299],[105.98076,49.27296],[105.98082,49.27294],[105.98088,49.27293],[105.98095,49.27292],[105.98102,49.27293],[105.98108,49.27294],[105.98114,49.27296]]]}},{"type":"Feature","properties":{},"geometry":{"type":"Polygon","coordinates":[[[106.06047,48.93372],[106.06053,48.93375],[106.06057,48.93379],[106.0606,48.93383],[106.06061,48.93387],[106.06061,48.93392],[106.0606,48.93396],[106.06058,48.934],[106.06054,48.93404],[106.06049,48.93407],[106.06043,48.9341],[106.06036,48.93411],[106.0603,48.93412],[106.06023,48.93411],[106.06016,48.9341],[106.0601,48.93408],[106.06005,48.93405],[106.06001,48.93401],[106.05998,48.93397],[106.05996,48.93393],[106.05996,48.93388],[106.05997,48.93384],[106.06,48.9338],[106.06004,48.93376],[106.06009,48.93373],[106.06015,48.93371],[106.06021,48.93369],[106.06028,48.93369],[106.06035,48.93369],[106.06041,48.9337],[106.06047,48.93372]]]}},{"type":"Feature","properties":{},"geometry":{"type":"Polygon","coordinates":[[[106.04751,49.03819],[106.04758,49.03818],[106.04764,49.03818],[106.04771,49.03819],[106.04777,49.03821],[106.04783,49.03823],[106.04787,49.03826],[106.04791,49.0383],[106.04793,49.03834],[106.04794,49.03839],[106.04793,49.03843],[106.04791,49.03847],[106.04788,49.03851],[106.04784,49.03855],[106.04778,49.03857],[106.04772,49.03859],[106.04766,49.0386],[106.04759,49.0386],[106.04752,49.03859],[106.04746,49.03858],[106.04741,49.03855],[106.04736,49.03852],[106.04733,49.03848],[106.0473,49.03844],[106.0473,49.0384],[106.0473,49.03835],[106.04732,49.03831],[106.04735,49.03827],[106.0474,49.03824],[106.04745,49.03821],[106.04751,49.03819]]]}},{"type":"Feature","properties":{},"geometry":{"type":"Polygon","coordinates":[[[106.03042,48.97178],[106.03049,48.97178],[106.03055,48.97179],[106.03061,48.97181],[106.03066,48.97184],[106.03071,48.97188],[106.03073,48.97192],[106.03075,48.97196],[106.03075,48.972],[106.03074,48.97205],[106.03072,48.97209],[106.03068,48.97212],[106.03063,48.97215],[106.03057,48.97218],[106.03051,48.97219],[106.03044,48.9722],[106.03038,48.9722],[106.03031,48.97218],[106.03025,48.97216],[106.0302,48.97213],[106.03016,48.9721],[106.03013,48.97206],[106.03011,48.97202],[106.03011,48.97197],[106.03012,48.97193],[106.03015,48.97189],[106.03019,48.97185],[106.03024,48.97182],[106.03029,48.9718],[106.03036,48.97178],[106.03042,48.97178]]]}},{"type":"Feature","properties":{},"geometry":{"type":"LineString","coordinates":[[111.93975,43.69245],[111.94152,43.68934]]}},{"type":"Feature","properties":{},"geometry":{"type":"LineString","coordinates":[[111.93776,43.69433],[111.93795,43.6942],[111.9383,43.69398],[111.93852,43.69384],[111.93872,43.69372],[111.93912,43.69348],[111.93975,43.69245]]}},{"type":"Feature","properties":{},"geometry":{"type":"LineString","coordinates":[[107.23239,47.77716],[107.23247,47.77745]]}},{"type":"Feature","properties":{},"geometry":{"type":"LineString","coordinates":[[107.23219,47.77748],[107.23239,47.77716]]}},{"type":"Feature","properties":{},"geometry":{"type":"LineString","coordinates":[[107.23259,47.77751],[107.23321,47.77747]]}},{"type":"Feature","properties":{},"geometry":{"type":"Polygon","coordinates":[[[107.23214,47.77752],[107.23219,47.77748],[107.23225,47.77746],[107.23232,47.77744],[107.2324,47.77744],[107.23247,47.77745],[107.23254,47.77748],[107.23259,47.77751],[107.23263,47.77756],[107.23265,47.7776],[107.23265,47.77765],[107.23263,47.7777],[107.23259,47.77775],[107.23254,47.77778],[107.23248,47.77781],[107.23241,47.77782],[107.23233,47.77782],[107.23226,47.77781],[107.23219,47.77778],[107.23214,47.77775],[107.2321,47.77771],[107.23208,47.77766],[107.23208,47.77761],[107.2321,47.77756],[107.23214,47.77752]]]}},{"type":"Feature","properties":{},"geometry":{"type":"LineString","coordinates":[[106.0984,48.88779],[106.09926,48.88832],[106.09995,48.88886],[106.10065,48.88963],[106.10101,48.89041],[106.1011,48.89086],[106.10118,48.89142],[106.10118,48.89156],[106.10117,48.89171],[106.101,48.89245],[106.10078,48.89302],[106.09998,48.89409],[106.09773,48.89699],[106.09742,48.89739],[106.09717,48.89772],[106.0968,48.89819],[106.09365,48.90224],[106.09358,48.90233],[106.08961,48.90747],[106.08857,48.90872],[106.08819,48.90916],[106.08477,48.91211],[106.08472,48.91214],[106.08293,48.91364],[106.08222,48.91423],[106.08061,48.91558],[106.08039,48.91577],[106.07975,48.9163],[106.07874,48.91714],[106.07824,48.91756],[106.07801,48.91775],[106.07736,48.91834],[106.07675,48.91889],[106.07612,48.91945],[106.07492,48.92053],[106.07488,48.92057],[106.07387,48.92165],[106.07012,48.92584],[106.06654,48.9288],[106.06084,48.93353],[106.06067,48.93371],[106.06061,48.93387]]}},{"type":"Feature","properties":{},"geometry":{"type":"Polygon","coordinates":[[[106.08867,48.85122],[106.08879,48.85126],[106.08889,48.85135],[106.08892,48.85149],[106.08886,48.8516],[106.08873,48.85167],[106.08856,48.8517],[106.08839,48.8517],[106.08825,48.85164],[106.08816,48.85157],[106.08812,48.85149],[106.08811,48.85141],[106.08814,48.85131],[106.08825,48.85124],[106.08837,48.85121],[106.08853,48.85121],[106.08867,48.85122]]]}},{"type":"Feature","properties":{},"geometry":{"type":"LineString","coordinates":[[106.08873,48.85167],[106.08862,48.85195],[106.08922,48.86932],[106.08916,48.87531],[106.08926,48.87899],[106.08934,48.88073],[106.08948,48.88137],[106.0897,48.88185],[106.09004,48.88235],[106.09024,48.88257]]}},{"type":"Feature","properties":{},"geometry":{"type":"LineString","coordinates":[[106.0979,48.88748],[106.0984,48.88779]]}},{"type":"Feature","properties":{},"geometry":{"type":"LineString","coordinates":[[106.09153,48.88365],[106.09265,48.8843],[106.0979,48.88748]]}},{"type":"Feature","properties":{},"geometry":{"type":"LineString","coordinates":[[106.09024,48.88257],[106.09076,48.88312]]}},{"type":"Feature","properties":{},"geometry":{"type":"LineString","coordinates":[[106.09076,48.88312],[106.09153,48.88365]]}},{"type":"Feature","properties":{},"geometry":{"type":"LineString","coordinates":[[106.17097,48.48015],[106.17066,48.4803],[106.17035,48.4806],[106.16654,48.48426],[106.16484,48.4861],[106.16387,48.48748],[106.16254,48.49043],[106.16107,48.49375],[106.15896,48.49944],[106.15785,48.50245],[106.15681,48.50398],[106.15516,48.50564],[106.15308,48.50743],[106.15105,48.50885],[106.14796,48.51057],[106.13662,48.51576],[106.13433,48.51677],[106.13265,48.51781],[106.13166,48.5189],[106.13122,48.51973],[106.12648,48.52827],[106.12548,48.52957],[106.12429,48.53042],[106.12214,48.53097],[106.12022,48.53106],[106.11796,48.5312],[106.11605,48.53137],[106.1143,48.53175],[106.11245,48.5323],[106.11081,48.53307],[106.11002,48.53348],[106.10806,48.53491],[106.10705,48.53588],[106.10677,48.53619],[106.10595,48.53746],[106.10581,48.53783],[106.10465,48.54106],[106.09962,48.55635],[106.09811,48.56101],[106.09646,48.566],[106.09645,48.56626],[106.0965,48.56638]]}},{"type":"Feature","properties":{},"geometry":{"type":"LineString","coordinates":[[106.28122,48.23161],[106.28079,48.23174],[106.28047,48.23189],[106.2696,48.23828],[106.26045,48.24351],[106.25882,48.24452],[106.25792,48.24503],[106.25156,48.24866],[106.24275,48.25377],[106.23539,48.25796],[106.23314,48.25908],[106.23162,48.25969],[106.22967,48.26033]]}},{"type":"Feature","properties":{},"geometry":{"type":"LineString","coordinates":[[106.22192,48.27293],[106.22181,48.27303],[106.22175,48.2731],[106.22172,48.27337],[106.22165,48.28136],[106.22164,48.28831],[106.22026,48.29739],[106.21857,48.30873],[106.21822,48.31137],[106.21826,48.31267],[106.21857,48.31447],[106.21955,48.31814],[106.22406,48.33399],[106.22431,48.33562],[106.2242,48.33698],[106.22391,48.33811],[106.22244,48.34135],[106.22016,48.34602],[106.21821,48.34992],[106.21735,48.35142],[106.21625,48.35274],[106.21547,48.35348],[106.20832,48.35853],[106.20723,48.35935],[106.20624,48.36074],[106.20591,48.36229],[106.20534,48.36542],[106.20548,48.36692],[106.20621,48.3682],[106.21016,48.37368],[106.21073,48.37509],[106.21096,48.37622],[106.21189,48.3822],[106.21231,48.38544],[106.2123,48.38716],[106.21209,48.38855],[106.21166,48.39032],[106.21166,48.39065]]}},{"type":"Feature","properties":{},"geometry":{"type":"LineString","coordinates":[[106.19521,48.42298],[106.19488,48.42337]]}},{"type":"Feature","properties":{},"geometry":{"type":"LineString","coordinates":[[106.40167,48.1698],[106.40164,48.16985],[106.40109,48.17142],[106.40022,48.17281],[106.39894,48.17415],[106.39721,48.17541],[106.39591,48.17609],[106.39232,48.17767],[106.39145,48.17806],[106.38754,48.1798],[106.38265,48.18199],[106.37931,48.18353],[106.37766,48.18425],[106.37563,48.18505],[106.37482,48.18534],[106.37373,48.18572],[106.37187,48.18641],[106.37068,48.18703],[106.37017,48.18735],[106.36899,48.18814],[106.36751,48.18911],[106.36691,48.18939],[106.36646,48.18957],[106.36588,48.18975],[106.36504,48.18989],[106.36395,48.18995],[106.36159,48.18975],[106.35984,48.18959],[106.35802,48.18952],[106.35654,48.18969],[106.35266,48.19031],[106.35058,48.19069],[106.3491,48.1913],[106.34822,48.19185],[106.34683,48.19279],[106.34407,48.19465],[106.34169,48.19634],[106.33913,48.19788],[106.3349,48.20042],[106.3305,48.20294],[106.32373,48.20686],[106.31845,48.20993],[106.31082,48.21433],[106.31059,48.21451],[106.31052,48.21462]]}},{"type":"Feature","properties":{},"geometry":{"type":"LineString","coordinates":[[106.31029,48.21481],[106.31006,48.21487],[106.3099,48.21493],[106.30944,48.21512],[106.306,48.21712],[106.30267,48.21901],[106.30148,48.21971],[106.3014,48.21976]]}},{"type":"Feature","properties":{},"geometry":{"type":"LineString","coordinates":[[106.3014,48.21976],[106.30015,48.22051],[106.29547,48.2232],[106.29482,48.22359],[106.2915,48.22552],[106.29131,48.22564],[106.29107,48.22577],[106.28926,48.22683],[106.28843,48.22732],[106.28202,48.23091],[106.28171,48.23118],[106.28154,48.23142]]}},{"type":"Feature","properties":{},"geometry":{"type":"LineString","coordinates":[[106.15415,48.69878],[106.15399,48.69892],[106.15377,48.69915],[106.15358,48.69936],[106.153,48.70017],[106.1516,48.70208],[106.14932,48.70499],[106.1479,48.70695],[106.14687,48.7084],[106.14592,48.7097],[106.14516,48.71075],[106.14413,48.71213],[106.14323,48.71338],[106.14231,48.71464],[106.14177,48.71539],[106.14116,48.71614],[106.14017,48.71723],[106.13916,48.71821],[106.13629,48.72088],[106.1353,48.72219],[106.13506,48.72296],[106.1348,48.72385],[106.1345,48.72499],[106.13403,48.72617],[106.13164,48.73168],[106.13085,48.7336],[106.12944,48.73681],[106.12853,48.73845],[106.12764,48.73996],[106.12427,48.74558],[106.12321,48.74739],[106.12029,48.75253],[106.11901,48.75464],[106.11759,48.75708],[106.11601,48.76007],[106.11497,48.76158],[106.11412,48.76296],[106.10745,48.77422],[106.10685,48.77557],[106.1061,48.77778],[106.10134,48.79133],[106.09732,48.80257],[106.09631,48.80547],[106.09447,48.8106],[106.09377,48.81203],[106.09294,48.81312],[106.09041,48.8157],[106.08911,48.81715],[106.08822,48.81869],[106.0878,48.82007],[106.08773,48.82186],[106.08806,48.83291],[106.08837,48.8438],[106.08863,48.85096],[106.08879,48.85126]]}},{"type":"Feature","properties":{},"geometry":{"type":"LineString","coordinates":[[106.14184,48.67525],[106.14245,48.6761],[106.14438,48.67802],[106.14838,48.68228],[106.15099,48.68507],[106.1524,48.68662],[106.15333,48.68808],[106.15402,48.68968],[106.1545,48.69166],[106.15501,48.69401],[106.15511,48.69498],[106.1551,48.69563],[106.15492,48.69677],[106.15463,48.69767],[106.15435,48.69831],[106.15434,48.69843]]}},{"type":"Feature","properties":{},"geometry":{"type":"LineString","coordinates":[[106.08824,48.61912],[106.08816,48.61947],[106.08786,48.62277],[106.08774,48.62413],[106.08767,48.62478],[106.0875,48.62715],[106.08739,48.62822],[106.08741,48.62859],[106.08748,48.6295],[106.08763,48.63022],[106.0879,48.63127],[106.08854,48.63394],[106.08921,48.63675],[106.09006,48.64029],[106.09072,48.64316],[106.09132,48.64682],[106.09198,48.64826],[106.09244,48.64867],[106.09312,48.64927],[106.09497,48.6501],[106.09708,48.65047],[106.09997,48.65069],[106.10152,48.6508],[106.10375,48.65107],[106.10593,48.65159],[106.108,48.65237],[106.10913,48.653],[106.11084,48.65399],[106.11251,48.65501],[106.11695,48.6577],[106.118,48.65832],[106.1246,48.66231],[106.13362,48.66784],[106.13521,48.66891],[106.13685,48.67026],[106.14101,48.67461],[106.14156,48.67499]]}},{"type":"Feature","properties":{},"geometry":{"type":"LineString","coordinates":[[106.09638,48.56665],[106.09634,48.56668],[106.09626,48.56678],[106.09617,48.56698],[106.09424,48.57277],[106.09146,48.58143],[106.09037,48.58461],[106.08657,48.5962],[106.0859,48.59824],[106.08523,48.60028],[106.0851,48.60102],[106.08509,48.60207],[106.08524,48.60327],[106.08552,48.60412],[106.08753,48.61026],[106.08806,48.6119],[106.08847,48.61333],[106.08864,48.6147],[106.08826,48.61841],[106.0883,48.61867],[106.0884,48.61879]]}},{"type":"Feature","properties":{},"geometry":{"type":"LineString","coordinates":[[106.20134,48.46456],[106.20055,48.46556],[106.19986,48.46619],[106.19856,48.46685],[106.19475,48.46819],[106.19408,48.46843],[106.19342,48.46867],[106.18833,48.4705],[106.18704,48.471],[106.18625,48.4713],[106.18602,48.47138],[106.18505,48.47188],[106.18368,48.47257],[106.18301,48.47291],[106.18274,48.47304],[106.17404,48.47746],[106.17245,48.47853],[106.17143,48.47954],[106.17131,48.47985]]}},{"type":"Feature","properties":{},"geometry":{"type":"LineString","coordinates":[[106.19488,48.42337],[106.19418,48.42419],[106.19349,48.42549],[106.19307,48.42672],[106.19306,48.42829],[106.1933,48.43216],[106.1933,48.43382],[106.19319,48.43496],[106.1928,48.43724],[106.19286,48.43868],[106.19363,48.44008],[106.19515,48.44122],[106.2011,48.44463],[106.2036,48.44604],[106.20392,48.44617],[106.20424,48.44622]]}},{"type":"Feature","properties":{},"geometry":{"type":"LineString","coordinates":[[106.21162,48.39102],[106.21148,48.39111],[106.21123,48.39141],[106.20966,48.39423],[106.2082,48.3961],[106.2066,48.3977],[106.20456,48.39947],[106.20336,48.40068],[106.20254,48.40189],[106.20186,48.40325],[106.20148,48.40489],[106.20147,48.40635],[106.20211,48.41231],[106.20197,48.41373],[106.20152,48.41513],[106.20066,48.41652],[106.19854,48.41909],[106.19656,48.42138],[106.19592,48.42214],[106.19553,48.4226],[106.19521,48.42298]]}},{"type":"Feature","properties":{},"geometry":{"type":"LineString","coordinates":[[106.22967,48.26033],[106.22726,48.26113],[106.22583,48.26175],[106.22421,48.26281],[106.22293,48.26404],[106.22218,48.26532],[106.22178,48.26683],[106.22171,48.27227],[106.22176,48.27244],[106.22186,48.27259]]}},{"type":"Feature","properties":{},"geometry":{"type":"LineString","coordinates":[[106.40206,48.16912],[106.40183,48.16944],[106.40174,48.16959],[106.40167,48.1698]]}},{"type":"Feature","properties":{},"geometry":{"type":"LineString","coordinates":[[106.43753,48.11381],[106.43739,48.11385],[106.4372,48.11401],[106.43713,48.11418],[106.43699,48.11449],[106.43662,48.11558],[106.43642,48.11701],[106.43623,48.11828],[106.43604,48.11971],[106.43582,48.12126],[106.43563,48.12218],[106.43547,48.12276],[106.43499,48.12361],[106.43406,48.12479],[106.43336,48.12565],[106.43278,48.1267],[106.43237,48.12747],[106.43208,48.12802],[106.4317,48.12848],[106.43076,48.12931],[106.42823,48.13081],[106.42691,48.13189],[106.42583,48.13312],[106.42476,48.13484],[106.42399,48.13634],[106.42335,48.13743],[106.42299,48.13799],[106.42254,48.13842],[106.42217,48.13868],[106.42173,48.13902],[106.42103,48.13939],[106.41894,48.14003],[106.41748,48.14058],[106.41631,48.14134],[106.41201,48.14475],[106.41009,48.14636],[106.40943,48.14725],[106.40913,48.14812],[106.40764,48.15256],[106.40574,48.15779],[106.40415,48.16258],[106.40241,48.16764],[106.40212,48.16843],[106.40209,48.16865],[106.4021,48.1688]]}},{"type":"Feature","properties":{},"geometry":{"type":"LineString","coordinates":[[106.45031,48.10413],[106.45008,48.10419],[106.44979,48.10429],[106.44674,48.10632],[106.44472,48.10759],[106.44267,48.10901],[106.44044,48.11053],[106.43906,48.1116],[106.43843,48.11222],[106.43782,48.113],[106.43773,48.11315],[106.43767,48.11329],[106.43766,48.11337],[106.43768,48.11346]]}},{"type":"Feature","properties":{},"geometry":{"type":"LineString","coordinates":[[106.50548,48.04194],[106.5053,48.04207],[106.50516,48.04226],[106.50415,48.0449],[106.50315,48.04767],[106.5024,48.04987],[106.5021,48.051],[106.502,48.05138],[106.50146,48.05289],[106.50086,48.05396],[106.50017,48.055],[106.49923,48.05597],[106.49708,48.05783],[106.491,48.06295],[106.48677,48.0665],[106.48281,48.0699],[106.47939,48.07272],[106.47587,48.07575],[106.47375,48.07755],[106.47254,48.07888],[106.47124,48.08074],[106.4686,48.085],[106.46571,48.08945],[106.46469,48.09061],[106.45963,48.09569],[106.45588,48.09954],[106.45345,48.10174],[106.45155,48.10307],[106.45088,48.10352],[106.45064,48.10375],[106.45058,48.10387],[106.45056,48.10391]]}},{"type":"Feature","properties":{},"geometry":{"type":"LineString","coordinates":[[106.79693,47.90865],[106.7981,47.90914],[106.79824,47.90919],[106.79867,47.90931],[106.79886,47.90936],[106.79905,47.90939],[106.79955,47.90947],[106.79982,47.9095]]}},{"type":"Feature","properties":{},"geometry":{"type":"LineString","coordinates":[[106.79982,47.9095],[106.80167,47.90953],[106.80195,47.90953]]}},{"type":"Feature","properties":{},"geometry":{"type":"LineString","coordinates":[[106.79539,47.90817],[106.79544,47.90821],[106.79549,47.90823],[106.79611,47.90836],[106.79633,47.90842],[106.79665,47.90853],[106.79693,47.90865]]}},{"type":"Feature","properties":{},"geometry":{"type":"LineString","coordinates":[[106.87946,47.9229],[106.87635,47.92281]]}},{"type":"Feature","properties":{},"geometry":{"type":"LineString","coordinates":[[107.5744,42.40799],[107.57423,42.40825],[107.57416,42.40842],[107.57406,42.40871],[107.5739,42.40899],[107.57266,42.40968],[107.57235,42.40975],[107.57185,42.40973],[107.57149,42.40976],[107.57113,42.40983],[107.56934,42.41082],[107.56929,42.41087],[107.56926,42.41091],[107.56926,42.41096],[107.56927,42.41101],[107.57001,42.41234],[107.56986,42.41295],[107.5701,42.41333],[107.57004,42.41354],[107.56986,42.41423],[107.56952,42.41449],[107.56847,42.41862],[107.56932,42.41874],[107.56959,42.41878]]}},{"type":"Feature","properties":{},"geometry":{"type":"LineString","coordinates":[[107.56952,42.41897],[107.56923,42.41894],[107.56811,42.41879],[107.56924,42.41445],[107.56906,42.41412],[107.56913,42.41386],[107.56929,42.41324],[107.56961,42.41298],[107.5698,42.41229],[107.56908,42.41101],[107.56906,42.41095],[107.56906,42.41088],[107.56909,42.41081],[107.56915,42.41074],[107.57112,42.40969],[107.57129,42.4095],[107.57145,42.40907],[107.5716,42.40881],[107.57242,42.40833],[107.57315,42.40801],[107.57332,42.40802],[107.57381,42.40806],[107.57403,42.40807],[107.5744,42.40799]]}},{"type":"Feature","properties":{},"geometry":{"type":"LineString","coordinates":[[100.66082,51.50287],[100.6605,51.50309],[100.66023,51.50328]]}},{"type":"Feature","properties":{},"geometry":{"type":"LineString","coordinates":[[106.79687,47.90871],[106.79645,47.90855],[106.79614,47.90845],[106.79549,47.9083],[106.79538,47.90829],[106.79529,47.90829],[106.79519,47.9083]]}},{"type":"Feature","properties":{},"geometry":{"type":"LineString","coordinates":[[106.80203,47.90966],[106.80179,47.90965],[106.80159,47.9096],[106.8015,47.90959],[106.79974,47.90957]]}},{"type":"Feature","properties":{},"geometry":{"type":"LineString","coordinates":[[106.79974,47.90957],[106.79953,47.90955],[106.79927,47.9095],[106.79867,47.9094],[106.7984,47.90932],[106.79808,47.90923],[106.79787,47.90915],[106.79687,47.90871]]}},{"type":"Feature","properties":{},"geometry":{"type":"LineString","coordinates":[[110.11888,44.91499],[110.11878,44.91504],[110.11865,44.91508],[110.1185,44.91509],[110.11837,44.91507],[110.11825,44.91501],[110.11815,44.91494],[110.1181,44.91485],[110.11808,44.91475],[110.11811,44.91465],[110.11818,44.91456],[110.11828,44.91449],[110.11841,44.91445],[110.1185,44.91444]]}},{"type":"Feature","properties":{},"geometry":{"type":"LineString","coordinates":[[110.11808,44.91475],[110.11807,44.9145],[110.11804,44.91434],[110.11801,44.91425],[110.11809,44.91433],[110.11821,44.9144],[110.11834,44.91442],[110.1185,44.91444]]}},{"type":"Feature","properties":{},"geometry":{"type":"LineString","coordinates":[[110.1185,44.91444],[110.11857,44.91444],[110.1187,44.91445],[110.11883,44.91451],[110.11893,44.91458],[110.11899,44.91468],[110.119,44.91478],[110.11897,44.91488],[110.11893,44.91494],[110.11888,44.91499]]}},{"type":"Feature","properties":{},"geometry":{"type":"LineString","coordinates":[[111.86982,43.71111],[111.86946,43.71057]]}},{"type":"Feature","properties":{},"geometry":{"type":"LineString","coordinates":[[114.57051,48.08831],[114.57054,48.08827],[114.57058,48.08824],[114.57066,48.08822],[114.57076,48.08822],[114.57084,48.08825],[114.57089,48.0883],[114.57091,48.08836]]}},{"type":"Feature","properties":{},"geometry":{"type":"LineString","coordinates":[[114.57091,48.08836],[114.57089,48.08841],[114.57085,48.08845],[114.57082,48.08846],[114.57074,48.08848],[114.57065,48.08848],[114.57058,48.08846],[114.57052,48.08841],[114.5705,48.08836],[114.57051,48.08831]]}},{"type":"Feature","properties":{},"geometry":{"type":"LineString","coordinates":[[106.96366,47.90688],[106.96364,47.9067]]}},{"type":"Feature","properties":{},"geometry":{"type":"LineString","coordinates":[[106.78728,47.85792],[106.78726,47.85809]]}},{"type":"Feature","properties":{},"geometry":{"type":"LineString","coordinates":[[106.78726,47.85809],[106.78709,47.85805]]}},{"type":"Feature","properties":{},"geometry":{"type":"LineString","coordinates":[[106.78709,47.85805],[106.78711,47.85787]]}},{"type":"Feature","properties":{},"geometry":{"type":"LineString","coordinates":[[106.78711,47.85787],[106.78728,47.85792]]}},{"type":"Feature","properties":{},"geometry":{"type":"LineString","coordinates":[[106.7872,47.85903],[106.78689,47.85851],[106.78675,47.85832],[106.78643,47.85801],[106.78607,47.85776]]}},{"type":"Feature","properties":{},"geometry":{"type":"LineString","coordinates":[[96.5327,46.7107],[96.53179,46.7108],[96.52997,46.71169],[96.52862,46.71258],[96.52825,46.71258],[96.52751,46.71265],[96.52559,46.71343]]}},{"type":"Feature","properties":{},"geometry":{"type":"LineString","coordinates":[[106.20158,48.4642],[106.20134,48.46456]]}},{"type":"Feature","properties":{},"geometry":{"type":"LineString","coordinates":[[106.20449,48.44642],[106.20452,48.4465],[106.20484,48.44678],[106.20895,48.44917],[106.20992,48.45022],[106.21045,48.45152],[106.21044,48.45264],[106.21007,48.45469],[106.20956,48.45679],[106.20953,48.45692],[106.20877,48.45832],[106.20744,48.45961],[106.20508,48.46112],[106.2033,48.46232],[106.2025,48.46308],[106.20158,48.4642]]}},{"type":"Feature","properties":{},"geometry":{"type":"LineString","coordinates":[[106.82989,47.92195],[106.8296,47.92196],[106.82762,47.922],[106.82749,47.922],[106.82364,47.92207],[106.82339,47.92208],[106.8206,47.92202]]}},{"type":"Feature","properties":{},"geometry":{"type":"LineString","coordinates":[[106.8467,47.9216],[106.84513,47.9217],[106.84361,47.92176],[106.8406,47.9218],[106.83578,47.92185],[106.83457,47.92186]]}},{"type":"Feature","properties":{},"geometry":{"type":"LineString","coordinates":[[106.83433,47.92186],[106.83402,47.92186],[106.83286,47.92192],[106.83164,47.92193],[106.83052,47.92193]]}},{"type":"Feature","properties":{},"geometry":{"type":"LineString","coordinates":[[106.83457,47.92186],[106.83433,47.92186]]}},{"type":"Feature","properties":{},"geometry":{"type":"LineString","coordinates":[[106.85751,47.92135],[106.85732,47.92136],[106.8567,47.92124],[106.85623,47.92111],[106.85594,47.92105],[106.85557,47.92097],[106.85486,47.9209],[106.85457,47.9209],[106.854,47.92096],[106.8536,47.92101],[106.85337,47.92103],[106.85293,47.92109],[106.85273,47.92112],[106.85226,47.9212],[106.8517,47.92128],[106.85103,47.92135],[106.84985,47.92143],[106.84901,47.92149],[106.84697,47.92159],[106.8467,47.9216]]}},{"type":"Feature","properties":{},"geometry":{"type":"LineString","coordinates":[[106.83052,47.92193],[106.83014,47.92194]]}},{"type":"Feature","properties":{},"geometry":{"type":"LineString","coordinates":[[106.83014,47.92194],[106.82989,47.92195]]}},{"type":"Feature","properties":{},"geometry":{"type":"LineString","coordinates":[[106.9108,47.8875],[106.91204,47.88737],[106.91218,47.88735],[106.91247,47.88732],[106.91277,47.88729],[106.91304,47.88726],[106.91416,47.88714],[106.91457,47.8871]]}},{"type":"Feature","properties":{},"geometry":{"type":"LineString","coordinates":[[106.91828,47.88677],[106.91826,47.88672]]}},{"type":"Feature","properties":{},"geometry":{"type":"LineString","coordinates":[[106.91826,47.88672],[106.91819,47.88646]]}},{"type":"Feature","properties":{},"geometry":{"type":"LineString","coordinates":[[89.89933,48.96478],[89.89926,48.96477],[89.8992,48.96474],[89.89916,48.9647],[89.89915,48.96465],[89.89915,48.96461],[89.89917,48.96456],[89.89922,48.96452],[89.89928,48.9645],[89.89935,48.96448]]}},{"type":"Feature","properties":{},"geometry":{"type":"LineString","coordinates":[[89.89935,48.96448],[89.89942,48.96449],[89.89949,48.9645],[89.89955,48.96453],[89.89959,48.96457],[89.8996,48.96462],[89.8996,48.96467],[89.89958,48.96471],[89.89953,48.96475],[89.89947,48.96477],[89.8994,48.96479],[89.89933,48.96478]]}},{"type":"Feature","properties":{},"geometry":{"type":"LineString","coordinates":[[96.85397,47.7156],[96.85393,47.7155]]}},{"type":"Feature","properties":{},"geometry":{"type":"LineString","coordinates":[[96.85493,47.71716],[96.85397,47.7156]]}},{"type":"Feature","properties":{},"geometry":{"type":"LineString","coordinates":[[96.9295,47.53647],[96.9293,47.53631]]}},{"type":"Feature","properties":{},"geometry":{"type":"LineString","coordinates":[[96.9293,47.53631],[96.92904,47.53598],[96.92875,47.5355],[96.92758,47.53283],[96.92704,47.53112],[96.92611,47.52942],[96.92549,47.52869],[96.92475,47.52775],[96.924,47.52722],[96.92277,47.52561]]}},{"type":"Feature","properties":{},"geometry":{"type":"LineString","coordinates":[[106.87613,47.89358],[106.87618,47.89345],[106.87618,47.89339],[106.87617,47.89332],[106.87614,47.89326],[106.87603,47.89316]]}},{"type":"Feature","properties":{},"geometry":{"type":"LineString","coordinates":[[106.87695,47.89347],[106.87664,47.89346],[106.87651,47.89347],[106.87636,47.8935],[106.87613,47.89358]]}},{"type":"Feature","properties":{},"geometry":{"type":"LineString","coordinates":[[106.90941,47.88753],[106.90978,47.88753],[106.91006,47.88752],[106.91066,47.88751]]}},{"type":"Feature","properties":{},"geometry":{"type":"LineString","coordinates":[[106.91066,47.88751],[106.9108,47.8875]]}},{"type":"Feature","properties":{},"geometry":{"type":"LineString","coordinates":[[106.91494,47.88706],[106.91531,47.88702],[106.91653,47.8869],[106.91826,47.88672]]}},{"type":"Feature","properties":{},"geometry":{"type":"LineString","coordinates":[[106.91457,47.8871],[106.91494,47.88706]]}},{"type":"Feature","properties":{},"geometry":{"type":"LineString","coordinates":[[106.91826,47.88672],[106.91833,47.88674]]}},{"type":"Feature","properties":{},"geometry":{"type":"LineString","coordinates":[[111.2622,47.2938],[111.26566,47.29334],[111.27178,47.29251],[111.27964,47.29145],[111.28185,47.29124],[111.29195,47.2906],[111.30093,47.29007],[111.30191,47.29008],[111.30307,47.29018],[111.30442,47.29042],[111.3058,47.29083],[111.30693,47.29133],[111.30992,47.29281],[111.31734,47.29644],[111.32403,47.29972],[111.3259,47.30083],[111.32688,47.30165],[111.32776,47.30253],[111.32912,47.30442],[111.3347,47.31237],[111.33515,47.31302],[111.3357,47.31371],[111.33641,47.31435],[111.33735,47.31493],[111.33852,47.31542],[111.33973,47.31572],[111.3409,47.31583],[111.34939,47.31615],[111.35914,47.31649],[111.38094,47.31725],[111.38289,47.31737],[111.38528,47.31761],[111.39854,47.31926],[111.40546,47.32013],[111.41796,47.3217],[111.41997,47.32196],[111.42124,47.32221],[111.42241,47.32252],[111.42355,47.32291],[111.42463,47.32339],[111.43084,47.32626],[111.43278,47.32717],[111.43374,47.32766],[111.43498,47.32837],[111.43665,47.3295],[111.44137,47.3329],[111.44556,47.33593],[111.44651,47.33649],[111.44759,47.33699],[111.44884,47.33743],[111.45015,47.33773],[111.45131,47.33791],[111.45496,47.33831],[111.46084,47.33901],[111.46427,47.33941],[111.46644,47.33966],[111.46789,47.33983],[111.47113,47.34022],[111.4732,47.34057],[111.47967,47.34193],[111.48945,47.34399],[111.4918,47.34448],[111.49341,47.34476],[111.49569,47.34506],[111.4975,47.34521],[111.49914,47.34528],[111.5009,47.3453],[111.51152,47.34508],[111.52105,47.34487],[111.53241,47.34461],[111.54555,47.34438],[111.56058,47.34413],[111.56174,47.34411],[111.57407,47.34391],[111.57633,47.34382],[111.579,47.34363],[111.58257,47.34324],[111.59498,47.34177],[111.59862,47.34135],[111.59996,47.34129],[111.60123,47.34128],[111.60275,47.34137],[111.60414,47.34155],[111.60515,47.34174],[111.60611,47.34196],[111.61736,47.34465],[111.62622,47.34679],[111.63526,47.34891],[111.64304,47.35077],[111.64578,47.35143],[111.65379,47.35306],[111.65733,47.3538],[111.65871,47.35401],[111.6599,47.35409],[111.66154,47.35408],[111.66692,47.35401],[111.66909,47.35409],[111.67901,47.35485],[111.69234,47.35584],[111.69932,47.35637],[111.70118,47.35653],[111.70306,47.35677],[111.70485,47.35706],[111.70721,47.35755],[111.7118,47.35876],[111.72144,47.36142],[111.72821,47.36328],[111.73365,47.36468],[111.73625,47.36522],[111.74422,47.3667],[111.74974,47.36773],[111.75713,47.36909],[111.76691,47.37089],[111.77389,47.37229],[111.78682,47.37529],[111.80334,47.37913],[111.80534,47.37951],[111.80812,47.37993],[111.81115,47.38024],[111.83107,47.38209],[111.83834,47.38278],[111.85219,47.38411],[111.85621,47.3845],[111.85802,47.3846],[111.86,47.38466],[111.86189,47.38465],[111.86513,47.38449],[111.87195,47.38385],[111.87313,47.38374],[111.87377,47.38367],[111.88692,47.38239]]}},{"type":"Feature","properties":{},"geometry":{"type":"LineString","coordinates":[[92.06686,50.69381],[92.06608,50.69291],[92.06587,50.69197],[92.0662,50.69142]]}},{"type":"Feature","properties":{},"geometry":{"type":"LineString","coordinates":[[97.72783,49.51023],[97.72683,49.50935],[97.72617,49.50869],[97.72565,49.50833],[97.72315,49.50616],[97.72155,49.50525],[97.72094,49.50474],[97.72061,49.50448]]}},{"type":"Feature","properties":{},"geometry":{"type":"LineString","coordinates":[[97.72061,49.50448],[97.71765,49.50396],[97.7171,49.5037],[97.71639,49.50356]]}},{"type":"Feature","properties":{},"geometry":{"type":"LineString","coordinates":[[97.73436,49.52424],[97.73384,49.52401],[97.73315,49.52157],[97.7331,49.52123],[97.73298,49.52037],[97.73238,49.51892],[97.73182,49.51658],[97.73122,49.51438],[97.73084,49.51377],[97.7303,49.51303],[97.72974,49.51219],[97.72901,49.5114],[97.72834,49.51067],[97.72783,49.51023]]}},{"type":"Feature","properties":{},"geometry":{"type":"LineString","coordinates":[[97.73408,49.52488],[97.73436,49.52424]]}},{"type":"Feature","properties":{},"geometry":{"type":"LineString","coordinates":[[104.86317,43.83322],[104.86295,43.83341],[104.86287,43.83356],[104.86285,43.83369],[104.86289,43.83383],[104.86299,43.83405]]}},{"type":"Feature","properties":{},"geometry":{"type":"LineString","coordinates":[[106.13667,50.06578],[106.13512,50.06568]]}},{"type":"Feature","properties":{},"geometry":{"type":"LineString","coordinates":[[106.147,50.06347],[106.14799,50.06354]]}},{"type":"Feature","properties":{},"geometry":{"type":"LineString","coordinates":[[106.83015,47.92182],[106.83052,47.92181],[106.83163,47.92182]]}},{"type":"Feature","properties":{},"geometry":{"type":"LineString","coordinates":[[106.82986,47.92184],[106.83015,47.92182]]}},{"type":"Feature","properties":{},"geometry":{"type":"LineString","coordinates":[[106.83432,47.92176],[106.83458,47.92176]]}},{"type":"Feature","properties":{},"geometry":{"type":"LineString","coordinates":[[106.83163,47.92182],[106.83287,47.9218],[106.83432,47.92176]]}},{"type":"Feature","properties":{},"geometry":{"type":"LineString","coordinates":[[106.83458,47.92176],[106.8354,47.92174],[106.83937,47.92169],[106.84054,47.92167],[106.84153,47.92165],[106.84408,47.92162],[106.84441,47.92161],[106.84518,47.92157],[106.8459,47.92153],[106.84667,47.92148]]}},{"type":"Feature","properties":{},"geometry":{"type":"LineString","coordinates":[[106.84667,47.92148],[106.84694,47.92147],[106.84899,47.92137],[106.85004,47.92129],[106.85111,47.92117],[106.85165,47.92108],[106.85178,47.92107],[106.85221,47.92098],[106.85243,47.92093],[106.85256,47.92089],[106.85282,47.92082],[106.85326,47.92068],[106.8535,47.92061],[106.85377,47.92051],[106.85417,47.92038],[106.85438,47.92026],[106.85456,47.92014],[106.85468,47.92007],[106.85476,47.92],[106.85485,47.91991]]}},{"type":"Feature","properties":{},"geometry":{"type":"LineString","coordinates":[[106.82047,47.92191],[106.82102,47.92192],[106.82336,47.92195],[106.8275,47.92187],[106.82759,47.92186],[106.82986,47.92184]]}},{"type":"Feature","properties":{},"geometry":{"type":"LineString","coordinates":[[113.81654,47.98878],[113.81824,47.98886],[113.83551,47.9896],[113.84777,47.99005],[113.90563,47.99168],[113.91043,47.99182],[113.91355,47.99198],[113.91618,47.99217],[113.91939,47.99248],[113.9221,47.99273],[113.92472,47.99296],[113.92928,47.99336],[113.93045,47.99346]]}},{"type":"Feature","properties":{},"geometry":{"type":"LineString","coordinates":[[106.90459,47.92805],[106.90457,47.92796],[106.90464,47.92788],[106.90472,47.92785],[106.9049,47.92785]]}},{"type":"Feature","properties":{},"geometry":{"type":"LineString","coordinates":[[103.53764,48.78936],[103.53466,48.79172],[103.53438,48.79195],[103.53417,48.79215],[103.53406,48.79226],[103.53383,48.79261],[103.53371,48.79286],[103.53308,48.79498],[103.53305,48.79518],[103.53308,48.79537],[103.53317,48.79553],[103.53331,48.79571],[103.53364,48.79605],[103.53591,48.7982],[103.53613,48.79849],[103.53632,48.79879],[103.53657,48.79923],[103.53685,48.79994],[103.53716,48.80064],[103.53748,48.80141],[103.53763,48.80178],[103.53774,48.80206],[103.53785,48.80234],[103.53819,48.8032],[103.53841,48.80394],[103.53858,48.80454]]}},{"type":"Feature","properties":{},"geometry":{"type":"LineString","coordinates":[[103.53792,48.78914],[103.53764,48.78936]]}}]}