{"type":"FeatureCollection","features":[{"type":"Feature","properties":{},"geometry":{"type":"LineString","coordinates":[[107.16104,47.82846],[107.1546,47.83674]]}},{"type":"Feature","properties":{},"geometry":{"type":"LineString","coordinates":[[106.58541,47.90928],[106.58586,47.90922],[106.58616,47.90916],[106.58666,47.90903],[106.58726,47.9088],[106.58768,47.90855],[106.58809,47.90823],[106.5884,47.9079],[106.58865,47.90748],[106.5888,47.90713],[106.58888,47.90661],[106.5887,47.90581],[106.588,47.90433],[106.58778,47.90375],[106.58768,47.90332],[106.58767,47.90294],[106.58767,47.90231],[106.58778,47.9017],[106.58802,47.90106],[106.58842,47.9004],[106.58871,47.90003],[106.58932,47.89942],[106.58977,47.89906],[106.59024,47.89873],[106.59102,47.89832],[106.59571,47.89622],[106.5962,47.89595],[106.59667,47.89564],[106.59706,47.89533],[106.59752,47.89489],[106.59778,47.89455],[106.59805,47.89407],[106.59824,47.8936],[106.59844,47.89271],[106.59859,47.89217],[106.59875,47.89129],[106.59878,47.89115],[106.59961,47.88668],[106.6001,47.88397],[106.60012,47.88376],[106.60017,47.88344],[106.60029,47.88278],[106.60037,47.88226],[106.60056,47.88147],[106.60064,47.88116],[106.60075,47.88092],[106.60094,47.88058],[106.60122,47.88023],[106.60162,47.87989],[106.60196,47.87967],[106.60231,47.8795],[106.60271,47.87935],[106.60309,47.87923],[106.60367,47.87909],[106.60516,47.87891],[106.60601,47.8788],[106.60851,47.87852],[106.61032,47.87831],[106.61188,47.87818],[106.61288,47.87822],[106.61372,47.87836],[106.61458,47.87862],[106.61503,47.87879],[106.61625,47.87932],[106.61784,47.88005],[106.61873,47.88044],[106.61955,47.88075],[106.6204,47.88099],[106.62093,47.8811],[106.62294,47.88153],[106.62371,47.88174],[106.62421,47.8819],[106.62449,47.88201],[106.62531,47.88238],[106.62594,47.88273],[106.62721,47.88373],[106.62805,47.88441],[106.62887,47.88511],[106.63051,47.8865],[106.63161,47.88745],[106.63259,47.88828],[106.63464,47.89001],[106.63531,47.8906],[106.63595,47.89105],[106.63689,47.89154],[106.63791,47.89194],[106.64005,47.89247],[106.64077,47.89268],[106.64141,47.89293],[106.64207,47.89334],[106.64261,47.89393],[106.64285,47.89431],[106.64303,47.89504],[106.64294,47.89567],[106.64262,47.89631],[106.64128,47.89797],[106.64125,47.89801],[106.64098,47.89845],[106.64082,47.89897],[106.64079,47.89944],[106.64092,47.89991],[106.64112,47.90036],[106.64148,47.90077],[106.64169,47.90098],[106.64182,47.90109],[106.64203,47.90121],[106.64248,47.90147],[106.64295,47.90168],[106.64332,47.90179],[106.64375,47.90187],[106.64462,47.90196],[106.6452,47.90194],[106.64545,47.90192],[106.6458,47.90189],[106.64688,47.90157],[106.65007,47.90042],[106.65141,47.89994],[106.65241,47.89961],[106.65356,47.89932],[106.65449,47.89918],[106.65556,47.89909],[106.65642,47.89907],[106.65727,47.89911],[106.65791,47.89918],[106.65867,47.89928],[106.6594,47.89944],[106.66,47.8996],[106.66114,47.9],[106.66185,47.90031],[106.66211,47.90043],[106.66286,47.90076],[106.66341,47.901],[106.66399,47.90121],[106.66456,47.90136],[106.66522,47.90148],[106.6657,47.90155],[106.66621,47.90159]]}},{"type":"Feature","properties":{},"geometry":{"type":"LineString","coordinates":[[106.7842,47.90881],[106.78528,47.90892],[106.78554,47.90894],[106.78579,47.90896],[106.78601,47.90895],[106.78628,47.90894],[106.78656,47.90891],[106.78684,47.90887],[106.78709,47.9088],[106.78734,47.90871],[106.78765,47.90856],[106.78776,47.90849],[106.78786,47.90843],[106.78804,47.90829],[106.7882,47.90814],[106.78832,47.90803],[106.78849,47.90786],[106.78865,47.9077],[106.78875,47.90761],[106.78903,47.90734],[106.78937,47.90701],[106.78983,47.90657],[106.79019,47.90615],[106.79083,47.90548],[106.79103,47.90522],[106.79116,47.905],[106.79132,47.90466],[106.79152,47.90406],[106.79195,47.90283],[106.79214,47.90208],[106.79219,47.90152],[106.79209,47.89981],[106.79205,47.89905],[106.79202,47.89863],[106.79204,47.89835],[106.79211,47.89806],[106.79226,47.89777],[106.79244,47.89748],[106.79268,47.8972],[106.79294,47.89695],[106.79318,47.89679],[106.79365,47.8965],[106.79402,47.89634],[106.79431,47.89625],[106.79475,47.89613],[106.79508,47.89607],[106.7955,47.89601],[106.79603,47.896],[106.797,47.89603],[106.79721,47.89603],[106.79752,47.89604],[106.79818,47.89601],[106.79869,47.89603],[106.81003,47.89642],[106.81056,47.89644],[106.81265,47.89636],[106.81602,47.89645],[106.81641,47.89647],[106.81682,47.89653],[106.81714,47.89661],[106.81752,47.8967],[106.8179,47.89684],[106.81838,47.89708],[106.81874,47.89727],[106.82252,47.89932],[106.8231,47.89969],[106.82337,47.89988],[106.8236,47.90007],[106.82384,47.90037],[106.82403,47.90063],[106.82424,47.90098],[106.82433,47.90119],[106.82438,47.90132],[106.82446,47.90164],[106.82445,47.90203],[106.82437,47.9028],[106.82431,47.90339],[106.82434,47.90377],[106.82442,47.90409],[106.82461,47.90457],[106.82485,47.90488],[106.82518,47.90527],[106.8256,47.9057],[106.82607,47.90603],[106.82655,47.90628],[106.82704,47.9065],[106.8275,47.90666],[106.8291,47.90718],[106.82953,47.90732],[106.8302,47.90754]]}},{"type":"Feature","properties":{},"geometry":{"type":"LineString","coordinates":[[106.8092,47.90365],[106.80674,47.90358],[106.80579,47.90363],[106.80516,47.90375],[106.80456,47.90395],[106.80324,47.90465],[106.80279,47.90486],[106.8022,47.90516],[106.80182,47.90527],[106.80143,47.90536],[106.80094,47.90542],[106.80044,47.90544],[106.7999,47.90543],[106.79973,47.90543],[106.79918,47.90539],[106.79775,47.90527],[106.79446,47.905],[106.79346,47.90491],[106.79277,47.90488],[106.79228,47.90493],[106.79188,47.90502],[106.79149,47.90516],[106.79121,47.9053],[106.79092,47.90549],[106.79019,47.90615]]}},{"type":"Feature","properties":{},"geometry":{"type":"LineString","coordinates":[[106.86259,47.8923],[106.86305,47.89272],[106.8635,47.89311],[106.86368,47.89328],[106.86431,47.89389],[106.86468,47.89415],[106.86579,47.89502],[106.86673,47.89568],[106.86787,47.89654],[106.86846,47.89694],[106.86981,47.89794],[106.87127,47.89896],[106.87179,47.89937],[106.87224,47.8997],[106.87265,47.90004],[106.87293,47.90034],[106.87306,47.90056],[106.8732,47.90084],[106.87329,47.90109],[106.87334,47.90141],[106.87338,47.90193],[106.87336,47.90217],[106.87327,47.9024],[106.87317,47.90257],[106.87304,47.90273],[106.87282,47.90292]]}},{"type":"Feature","properties":{},"geometry":{"type":"LineString","coordinates":[[107.16104,47.82846],[107.163,47.82597],[107.16311,47.82582],[107.16325,47.82562],[107.16335,47.82547],[107.16344,47.8253],[107.1635,47.82515],[107.16354,47.825],[107.16358,47.82482],[107.1636,47.82463],[107.16359,47.82442],[107.16357,47.82423],[107.16352,47.82404],[107.16346,47.82387],[107.1634,47.8237],[107.1633,47.82352],[107.1632,47.82335],[107.16306,47.82318],[107.16291,47.82301],[107.16274,47.82286],[107.16255,47.82271],[107.1623,47.82254],[107.16206,47.82241],[107.16182,47.82229],[107.16156,47.82219],[107.16124,47.82208],[107.16093,47.82199],[107.16058,47.82192],[107.16023,47.82187],[107.15993,47.82184],[107.15958,47.82182],[107.15928,47.82183],[107.15893,47.82185],[107.15859,47.82188],[107.15829,47.82192],[107.1579,47.82196],[107.15758,47.822]]}},{"type":"Feature","properties":{},"geometry":{"type":"LineString","coordinates":[[107.18125,47.77703],[107.18129,47.77696],[107.18161,47.77643],[107.18211,47.77584],[107.18269,47.77523],[107.18371,47.77415],[107.18476,47.77302],[107.18525,47.77244],[107.18562,47.77184],[107.18586,47.77122],[107.18602,47.77057],[107.18606,47.76997],[107.18598,47.76931],[107.1858,47.76869],[107.18554,47.76811],[107.185,47.7671],[107.18453,47.7662],[107.18434,47.76562],[107.18422,47.76497],[107.18422,47.76433],[107.18432,47.76367],[107.18452,47.7631],[107.18492,47.76237],[107.18547,47.76172],[107.18619,47.76108],[107.18732,47.76014],[107.18862,47.75915],[107.18966,47.75832],[107.19024,47.75784],[107.19078,47.75734],[107.19126,47.75676],[107.19163,47.75622],[107.19181,47.75592],[107.19197,47.75563],[107.1921,47.75536],[107.19222,47.75502],[107.19261,47.75369],[107.19305,47.75218],[107.19327,47.75151]]}},{"type":"Feature","properties":{},"geometry":{"type":"LineString","coordinates":[[107.19487,47.73246],[107.19479,47.73211],[107.19477,47.7314],[107.19484,47.73083],[107.19505,47.73019],[107.19538,47.72956],[107.1958,47.72896],[107.19631,47.72843],[107.19708,47.72781],[107.19874,47.72648],[107.1993,47.72596],[107.19976,47.72544],[107.20048,47.72432],[107.20097,47.7235],[107.2019,47.72198],[107.20232,47.72137],[107.20281,47.7208],[107.20327,47.72033],[107.20382,47.71984],[107.20445,47.71931],[107.20534,47.71854],[107.20631,47.7177],[107.20682,47.71719],[107.20731,47.71666],[107.20769,47.71619],[107.20811,47.71572],[107.20846,47.71533],[107.20921,47.71439],[107.20972,47.71381],[107.21037,47.71304],[107.21077,47.71238],[107.21103,47.71176],[107.21118,47.71117],[107.21124,47.71075],[107.21124,47.71023],[107.21117,47.70974],[107.21104,47.70922],[107.21085,47.70878],[107.21065,47.70843],[107.21017,47.70769],[107.20922,47.70624],[107.20841,47.705],[107.20787,47.70412],[107.20759,47.70356],[107.20742,47.70301],[107.20733,47.70243],[107.20731,47.70191],[107.20743,47.70127],[107.20764,47.70063],[107.20789,47.70019],[107.20835,47.69942],[107.20891,47.69852],[107.20925,47.69802],[107.20957,47.69751],[107.20986,47.69697],[107.20998,47.69664],[107.21004,47.69625],[107.20998,47.69592],[107.20991,47.69558],[107.20977,47.69525],[107.20958,47.695],[107.20942,47.69475],[107.20918,47.69452],[107.20862,47.69409],[107.20803,47.69381],[107.20728,47.69357],[107.20652,47.69345],[107.20578,47.69344],[107.20501,47.69348],[107.20426,47.6935],[107.20352,47.69349],[107.2028,47.69336],[107.20208,47.69313],[107.20149,47.69285],[107.20091,47.69244],[107.20049,47.69195],[107.20011,47.69121],[107.19951,47.69001],[107.19915,47.68949],[107.19873,47.68898],[107.19822,47.68844],[107.19762,47.68782],[107.1975,47.68767],[107.1974,47.6875],[107.19732,47.68735],[107.19723,47.68718]]}},{"type":"Feature","properties":{},"geometry":{"type":"LineString","coordinates":[[107.19723,47.68718],[107.19712,47.68681],[107.1971,47.68657],[107.1971,47.68627],[107.19719,47.68577],[107.19744,47.68533],[107.19772,47.68499],[107.19811,47.68465],[107.19846,47.68442],[107.1988,47.68424],[107.19911,47.6841],[107.19963,47.68394],[107.19996,47.68387],[107.20029,47.68382],[107.20084,47.68378],[107.2012,47.68377],[107.20158,47.68379],[107.20198,47.68384],[107.20242,47.68392],[107.20392,47.68426],[107.20448,47.68434],[107.20511,47.68433],[107.20576,47.68424],[107.20641,47.6841],[107.20847,47.68361],[107.20926,47.68346],[107.21002,47.68341],[107.21088,47.68348],[107.21169,47.68365],[107.2125,47.684],[107.21319,47.68443],[107.21385,47.68499],[107.2145,47.68555],[107.21533,47.68603],[107.21582,47.6862],[107.21631,47.68632],[107.21745,47.68642],[107.21801,47.68639],[107.21862,47.68628],[107.21954,47.68598],[107.22004,47.68572],[107.22052,47.68536],[107.22082,47.68505],[107.22109,47.68463],[107.22126,47.68428],[107.22133,47.68386],[107.22133,47.68344],[107.22124,47.68303],[107.22106,47.68263],[107.22077,47.68228],[107.22042,47.68195],[107.21998,47.68164],[107.21955,47.68141],[107.21896,47.6812],[107.21847,47.68108],[107.21788,47.68099],[107.21695,47.68091],[107.2165,47.68084],[107.21597,47.68072],[107.21508,47.68041],[107.21439,47.67996],[107.21392,47.67956],[107.21358,47.67903],[107.21342,47.67853],[107.21345,47.67783],[107.21366,47.67731],[107.21396,47.67692],[107.21443,47.67646],[107.21524,47.6757],[107.21555,47.6753],[107.21577,47.67482],[107.21587,47.67442],[107.21587,47.674],[107.21581,47.67359],[107.21562,47.67321],[107.2152,47.67265],[107.21421,47.6715],[107.21351,47.67078],[107.21312,47.67048],[107.21251,47.67015],[107.21137,47.66971],[107.21045,47.66938],[107.20978,47.66901],[107.20916,47.66848],[107.20889,47.66807],[107.20869,47.66761],[107.20865,47.66719],[107.20868,47.66667],[107.20881,47.66575],[107.20876,47.66522],[107.2086,47.66484],[107.20837,47.66445],[107.20794,47.66403],[107.2075,47.66372],[107.20694,47.66342],[107.20631,47.66321],[107.20569,47.66309],[107.2048,47.66296],[107.2038,47.6628],[107.20306,47.66256],[107.20249,47.66229],[107.20197,47.66192],[107.20166,47.66158],[107.2013,47.66103],[107.20118,47.66051],[107.20118,47.65991],[107.20125,47.65917],[107.20122,47.65874],[107.20102,47.65827],[107.20082,47.65791],[107.20045,47.65754],[107.20013,47.65725],[107.19959,47.65694],[107.19914,47.65674],[107.19853,47.65655],[107.19731,47.65628],[107.19625,47.65593],[107.19563,47.65556],[107.19496,47.65506],[107.19354,47.65392],[107.19105,47.65197],[107.19024,47.65136],[107.18972,47.65079],[107.18944,47.65039],[107.18886,47.64945],[107.18818,47.64835],[107.18751,47.64719],[107.18698,47.64631],[107.18654,47.64561],[107.18628,47.64514],[107.18607,47.64448],[107.18614,47.64382],[107.18645,47.64321],[107.187,47.64262],[107.1878,47.64211],[107.18859,47.64182],[107.18956,47.64164],[107.19052,47.64157],[107.19111,47.64154],[107.19187,47.64144],[107.19252,47.64129],[107.19309,47.64105],[107.1936,47.64077],[107.19412,47.64039],[107.19451,47.63993],[107.19471,47.63952],[107.19482,47.63911],[107.19479,47.63858],[107.19459,47.63799],[107.19425,47.6375],[107.19365,47.63697],[107.19309,47.63648],[107.19264,47.63594],[107.19242,47.6354],[107.19235,47.63499],[107.19241,47.63442],[107.19268,47.63386],[107.19311,47.63327],[107.19365,47.63253],[107.19382,47.63215],[107.1939,47.63177],[107.19387,47.63122],[107.19367,47.63064],[107.19329,47.63008],[107.19278,47.62964],[107.19238,47.6294],[107.19165,47.6291],[107.19104,47.62894],[107.19013,47.62884],[107.18934,47.62887],[107.18862,47.62903],[107.18801,47.62922],[107.18731,47.62957],[107.18622,47.63033],[107.18577,47.63068],[107.18511,47.63101],[107.18452,47.63119],[107.1837,47.63135],[107.18326,47.63141],[107.18274,47.63142],[107.18189,47.63131],[107.18106,47.63105],[107.18036,47.63069],[107.17978,47.63024],[107.1794,47.62981],[107.17918,47.62939],[107.17907,47.6288],[107.1791,47.62834],[107.17922,47.62781],[107.17934,47.62706],[107.17946,47.62645],[107.17969,47.62599],[107.18013,47.62529],[107.18047,47.62477],[107.18095,47.62415],[107.18143,47.62376],[107.18205,47.62345],[107.18267,47.62322],[107.18344,47.62302],[107.18479,47.62289],[107.18571,47.62277],[107.18638,47.62251],[107.18723,47.62207],[107.18791,47.62168],[107.18854,47.62138],[107.18945,47.62114],[107.19037,47.62104],[107.19118,47.62109],[107.19202,47.62128],[107.19335,47.62168],[107.19439,47.6219],[107.19534,47.62193],[107.19633,47.62179],[107.19692,47.62161],[107.19742,47.6214],[107.19768,47.62127],[107.19794,47.62111],[107.19826,47.62089],[107.19851,47.62067],[107.19865,47.62051],[107.19876,47.62036],[107.19887,47.62021],[107.19896,47.62005],[107.19908,47.61977],[107.19921,47.61944],[107.19933,47.61913],[107.19945,47.61888],[107.19959,47.61863],[107.1998,47.61837],[107.19999,47.61817],[107.20025,47.61793],[107.2006,47.6177],[107.20092,47.61753],[107.2013,47.61738],[107.20164,47.61727],[107.20203,47.61718],[107.20242,47.61713],[107.20276,47.6171],[107.20313,47.61709],[107.20349,47.61709],[107.20441,47.61711],[107.20528,47.61713],[107.2056,47.61714],[107.20594,47.61715],[107.20617,47.61717],[107.20639,47.61718],[107.20662,47.61721],[107.20684,47.61725],[107.20753,47.61738],[107.20827,47.6175],[107.20866,47.61755],[107.20903,47.61757],[107.20943,47.61757],[107.2098,47.61755],[107.2102,47.6175],[107.21055,47.61742],[107.21089,47.61733],[107.21122,47.61722],[107.21151,47.61709],[107.21184,47.61693],[107.21236,47.61655],[107.21263,47.61629],[107.21297,47.6159],[107.21314,47.61572],[107.21332,47.61553],[107.21352,47.61534],[107.21373,47.61518],[107.21407,47.61496],[107.21444,47.61477],[107.21488,47.61457],[107.21533,47.61435],[107.2154,47.61432],[107.21607,47.61399],[107.21792,47.61311],[107.21896,47.61262],[107.21993,47.61216],[107.22069,47.6118],[107.2217,47.61133],[107.22272,47.61085],[107.22363,47.61041],[107.22441,47.61],[107.22477,47.60978],[107.22517,47.60952],[107.22632,47.60873],[107.22691,47.60832],[107.22745,47.60793],[107.22788,47.60768],[107.22846,47.60739],[107.22909,47.60712],[107.22955,47.60693],[107.23006,47.60672],[107.23016,47.60667],[107.23078,47.6064],[107.23091,47.60634],[107.23134,47.60614],[107.23171,47.60594],[107.2321,47.6057],[107.2325,47.60539],[107.23311,47.60486],[107.23361,47.6044],[107.23386,47.60421],[107.23412,47.60406],[107.23428,47.60396],[107.23448,47.60387],[107.23473,47.60377],[107.23498,47.60368],[107.23523,47.6036],[107.23546,47.60354],[107.23572,47.60349],[107.2361,47.6034],[107.2365,47.60332],[107.23725,47.60316],[107.23798,47.60299],[107.23829,47.60291],[107.23868,47.60279],[107.2391,47.60265],[107.24023,47.60226],[107.24136,47.60186],[107.24248,47.60146],[107.24359,47.60105],[107.24418,47.60085],[107.24478,47.6006],[107.24529,47.60036],[107.24585,47.60007],[107.2469,47.5995],[107.24746,47.5992],[107.24769,47.59909],[107.24794,47.59899],[107.24828,47.59886],[107.24866,47.59873],[107.24903,47.59863],[107.2518,47.59794],[107.25307,47.5975],[107.25429,47.59698],[107.25567,47.59642],[107.25818,47.59543],[107.25951,47.59477],[107.2605,47.59405],[107.26207,47.59236],[107.26279,47.59149],[107.26331,47.59054],[107.26378,47.58957],[107.26442,47.58862],[107.26527,47.58771],[107.26619,47.58684],[107.268,47.58501],[107.26879,47.58418],[107.26937,47.58338],[107.26976,47.58271],[107.27025,47.58198],[107.27089,47.58103],[107.27146,47.58021],[107.27198,47.57938],[107.27264,47.57837],[107.27316,47.5776],[107.27357,47.5772],[107.27394,47.57689],[107.27453,47.57658],[107.27498,47.5764],[107.27543,47.57628],[107.27602,47.57618],[107.27673,47.57613],[107.27726,47.57616],[107.27792,47.57625],[107.27842,47.57639],[107.27886,47.57655],[107.27944,47.57686],[107.27995,47.57729],[107.28031,47.57771],[107.28056,47.57824],[107.28064,47.57875],[107.28069,47.57983],[107.2811,47.58087],[107.28212,47.58173],[107.28258,47.58197],[107.28311,47.58214],[107.28359,47.58227],[107.28407,47.58234],[107.28471,47.58237],[107.28523,47.58234],[107.28572,47.58227],[107.28675,47.58198],[107.28726,47.58173],[107.28764,47.58147],[107.28808,47.58108],[107.28835,47.58073],[107.28855,47.58033],[107.28864,47.57994],[107.28865,47.57957],[107.28861,47.57913],[107.28836,47.57771],[107.28802,47.57578],[107.28793,47.57524],[107.28789,47.57464],[107.28794,47.57416],[107.28806,47.5736],[107.28829,47.57305],[107.28879,47.57212],[107.289,47.57177],[107.28928,47.5713],[107.28977,47.57053],[107.28996,47.57013],[107.29014,47.56971],[107.29023,47.56936],[107.29031,47.56886],[107.29033,47.56851],[107.29029,47.56794],[107.28985,47.56531],[107.28975,47.56461],[107.28978,47.56416],[107.28986,47.56366],[107.29014,47.56283],[107.29056,47.56204],[107.29114,47.56132],[107.29169,47.56058],[107.29278,47.55906],[107.2933,47.5583],[107.29371,47.55771],[107.2939,47.55734],[107.29401,47.55701],[107.29406,47.55662],[107.294,47.55605],[107.29397,47.55562],[107.29403,47.55501],[107.2942,47.55454],[107.29446,47.55417],[107.29482,47.55381],[107.29528,47.55345],[107.29561,47.55329],[107.29602,47.5531],[107.29663,47.55291],[107.29746,47.55277],[107.29925,47.55263],[107.29981,47.5525],[107.30018,47.5524],[107.30076,47.55215],[107.30113,47.55193],[107.3015,47.55167],[107.30182,47.55132],[107.30209,47.55091],[107.30233,47.55034],[107.30253,47.54924],[107.30268,47.54874],[107.30292,47.54839],[107.3032,47.54806],[107.30356,47.54779],[107.30406,47.54748],[107.3044,47.5473],[107.3049,47.54715],[107.30555,47.54697],[107.3064,47.54691],[107.30691,47.54693],[107.3075,47.547],[107.3081,47.54717],[107.30879,47.54743],[107.30907,47.54762],[107.30954,47.54793],[107.30989,47.54827],[107.31059,47.54926],[107.3112,47.55022],[107.31165,47.55079],[107.31202,47.5511],[107.31235,47.55134],[107.3128,47.55158],[107.31324,47.55175],[107.31369,47.55188],[107.31429,47.55199],[107.31477,47.55201],[107.31521,47.55203],[107.31584,47.55197],[107.31635,47.55187],[107.31696,47.55168],[107.31768,47.55135],[107.31801,47.55108],[107.31836,47.55078],[107.31865,47.55041],[107.31883,47.55005],[107.31903,47.54931]]}},{"type":"Feature","properties":{},"geometry":{"type":"LineString","coordinates":[[107.35233,47.5247],[107.35315,47.52571],[107.35344,47.52611],[107.35396,47.52657],[107.35444,47.52683],[107.35485,47.52705],[107.35542,47.52723],[107.35595,47.52734],[107.35737,47.52754],[107.35836,47.52767],[107.359,47.52772],[107.35958,47.5277],[107.36033,47.52759],[107.36092,47.52742],[107.3614,47.52722],[107.36175,47.52702],[107.36214,47.52676],[107.36244,47.52648],[107.36268,47.52619],[107.36284,47.52591],[107.36298,47.52551],[107.36307,47.52519],[107.36305,47.52483],[107.36288,47.52412],[107.36266,47.52354],[107.36257,47.5233],[107.36252,47.52318],[107.36224,47.52222],[107.36213,47.52181],[107.36214,47.52104],[107.36218,47.52063],[107.36231,47.52008],[107.36241,47.51985],[107.36258,47.5195],[107.36286,47.519],[107.36336,47.51838],[107.36407,47.51771],[107.36555,47.51645],[107.36791,47.51437],[107.369,47.51341],[107.36959,47.51275],[107.37117,47.5104],[107.37183,47.50964],[107.37247,47.50906],[107.37314,47.50856],[107.37377,47.50808],[107.37459,47.50762],[107.37532,47.50717],[107.37647,47.50651],[107.37714,47.50607],[107.37794,47.50545],[107.37916,47.50424],[107.38019,47.5029],[107.38119,47.50149],[107.38158,47.50096],[107.38227,47.50015],[107.38355,47.49883],[107.38493,47.49753],[107.38631,47.4962],[107.38735,47.495],[107.38783,47.49415],[107.38827,47.49321],[107.38845,47.49169],[107.3884,47.49019],[107.38829,47.48866],[107.38785,47.48715],[107.38579,47.48267],[107.38517,47.48114],[107.3848,47.47956],[107.38445,47.47795],[107.38353,47.47335],[107.38309,47.47192],[107.38102,47.46766],[107.37963,47.46472],[107.37823,47.46174],[107.37753,47.46016],[107.37736,47.45944],[107.37736,47.45899],[107.37738,47.45855],[107.37745,47.45818],[107.37757,47.45776],[107.37773,47.45736],[107.38014,47.45317],[107.38041,47.45269],[107.38058,47.45229],[107.38081,47.45155],[107.38087,47.45091],[107.38079,47.44948],[107.38069,47.44769],[107.38073,47.44713],[107.38109,47.44609],[107.38167,47.44508],[107.38202,47.44464],[107.38259,47.44394],[107.38276,47.44374],[107.3831,47.44333],[107.38335,47.44299],[107.38408,47.44216],[107.38488,47.44148],[107.38569,47.44095],[107.3879,47.4398],[107.39315,47.43706],[107.39579,47.43565],[107.39663,47.43518],[107.39698,47.43495],[107.39728,47.43471],[107.39761,47.43446],[107.39843,47.43365],[107.39908,47.43292],[107.39947,47.43249],[107.40058,47.43129],[107.4016,47.43004],[107.40463,47.42685],[107.40983,47.42117],[107.414,47.41659],[107.41653,47.41395],[107.42067,47.41028],[107.42207,47.409],[107.43356,47.39876]]}},{"type":"Feature","properties":{},"geometry":{"type":"LineString","coordinates":[[107.53883,47.24238],[107.54059,47.23977],[107.5414,47.23873],[107.54248,47.23772],[107.54391,47.23687],[107.54695,47.23513],[107.5485,47.23421],[107.54974,47.23305],[107.55165,47.23043],[107.55485,47.22638],[107.55589,47.22495],[107.55655,47.22342],[107.557,47.22186],[107.55725,47.22079],[107.55784,47.2188],[107.55816,47.21793],[107.55844,47.21732],[107.55891,47.21652],[107.55938,47.21594],[107.56247,47.21187],[107.56305,47.21119],[107.56375,47.21056],[107.56537,47.20945],[107.5688,47.20727],[107.56962,47.20667],[107.57034,47.20604],[107.57317,47.2034],[107.5738,47.20274],[107.57408,47.20238],[107.57431,47.202],[107.57469,47.20124],[107.575,47.20046],[107.57559,47.19894],[107.57678,47.19592],[107.58194,47.18272],[107.58711,47.16949],[107.5885,47.16593],[107.59086,47.15988]]}},{"type":"Feature","properties":{},"geometry":{"type":"LineString","coordinates":[[108.25065,46.60669],[108.25449,46.60119],[108.2581,46.59603],[108.26378,46.58788],[108.264,46.58756],[108.26478,46.58646],[108.26526,46.58573],[108.27012,46.57881],[108.27261,46.57526],[108.27313,46.5745],[108.27331,46.57423],[108.27433,46.57277],[108.27549,46.57113],[108.27662,46.56951],[108.27757,46.56812],[108.27776,46.56784],[108.28008,46.56454],[108.28114,46.56302],[108.28134,46.56273],[108.28166,46.56228],[108.28189,46.56195],[108.28426,46.55855],[108.28709,46.55453],[108.2882,46.5529],[108.28936,46.55127],[108.29096,46.54895],[108.29258,46.54664],[108.29425,46.54425],[108.29975,46.53632],[108.30031,46.53538],[108.30075,46.53442],[108.30481,46.52434],[108.30866,46.51475],[108.30906,46.51384],[108.30958,46.51298],[108.31039,46.51216],[108.31137,46.51142],[108.31352,46.50988],[108.31569,46.50837],[108.31629,46.50793],[108.31689,46.50751],[108.31743,46.50703],[108.3179,46.50652],[108.31843,46.50582],[108.31872,46.50538],[108.32038,46.50303],[108.32451,46.49688],[108.32896,46.49036],[108.33333,46.4839],[108.33762,46.47763],[108.33805,46.47696],[108.33837,46.47639],[108.33859,46.47575],[108.33872,46.47509],[108.33882,46.47382],[108.33889,46.47161],[108.33897,46.47017],[108.33901,46.46923],[108.33895,46.46857],[108.33877,46.46787],[108.33851,46.46733],[108.33819,46.46681],[108.3378,46.46633],[108.33734,46.46588],[108.3345,46.46331],[108.33403,46.46286],[108.33362,46.46238],[108.33329,46.46188],[108.33304,46.46136],[108.33287,46.46082],[108.33276,46.46026],[108.33263,46.45915],[108.33193,46.45336],[108.33142,46.4491],[108.33133,46.44825],[108.33128,46.44769],[108.33128,46.44694],[108.33137,46.44564],[108.33158,46.44436],[108.33174,46.44373],[108.33193,46.4431],[108.3336,46.43823],[108.33402,46.43694],[108.33559,46.43234],[108.33798,46.42532],[108.34285,46.41112],[108.34319,46.40991],[108.34336,46.40868],[108.34343,46.40746],[108.34371,46.40389],[108.34528,46.38202],[108.34544,46.37969],[108.3459,46.37326],[108.34598,46.37248],[108.34615,46.37174],[108.3464,46.37106],[108.34672,46.37044],[108.34711,46.36987],[108.34816,46.36859],[108.34868,46.36795],[108.34906,46.36751],[108.34912,46.36744],[108.34947,46.36709],[108.34973,46.36679],[108.35025,46.36614],[108.35389,46.36172],[108.35479,46.36066],[108.35707,46.3578],[108.35803,46.35669],[108.35849,46.35601],[108.35878,46.35566],[108.35926,46.35507],[108.3604,46.35368],[108.36624,46.34656],[108.36857,46.34379]]}},{"type":"Feature","properties":{},"geometry":{"type":"LineString","coordinates":[[108.66217,46.13489],[108.66452,46.13271],[108.66543,46.13188],[108.66635,46.13102],[108.66661,46.13078],[108.6669,46.13055],[108.66721,46.13031],[108.6675,46.13009],[108.66818,46.12966],[108.66884,46.12928],[108.66936,46.129],[108.6698,46.12877],[108.67024,46.12853],[108.67097,46.12817],[108.67172,46.12782],[108.67249,46.12749],[108.67327,46.12719],[108.67964,46.12473],[108.68051,46.12438],[108.68123,46.12406],[108.68183,46.12371],[108.68224,46.12343],[108.68266,46.12311],[108.68319,46.12258],[108.68369,46.12198],[108.68697,46.1176],[108.69029,46.11319],[108.69065,46.11276],[108.69102,46.1124],[108.6914,46.11207],[108.69171,46.11185],[108.69206,46.11162],[108.6928,46.11122],[108.69355,46.11089],[108.69406,46.11073],[108.69461,46.11059],[108.69646,46.11015],[108.69832,46.10975],[108.7021,46.1089],[108.70593,46.10803],[108.71177,46.1067],[108.72124,46.1045],[108.72211,46.10429],[108.72308,46.104],[108.7239,46.10365],[108.72474,46.10327],[108.72538,46.10289],[108.72604,46.10244],[108.72653,46.10201],[108.72698,46.10158],[108.72746,46.10106],[108.72822,46.09995],[108.73311,46.09215],[108.73565,46.08807],[108.73928,46.08235],[108.74107,46.07947],[108.74139,46.0788],[108.74168,46.07807],[108.74194,46.0771],[108.74355,46.06579],[108.74411,46.06172],[108.74428,46.06065],[108.74442,46.05986],[108.74457,46.0593],[108.74476,46.05875],[108.74498,46.05831],[108.74519,46.05792],[108.74543,46.05758],[108.74565,46.05727],[108.74594,46.05694],[108.74629,46.05661],[108.74663,46.05629],[108.74733,46.05575],[108.74813,46.05525],[108.74894,46.05486],[108.74983,46.0545],[108.75077,46.05418],[108.75269,46.05365],[108.75457,46.05317],[108.75621,46.05269],[108.75714,46.05233],[108.75789,46.05198],[108.75857,46.05158],[108.75884,46.05138],[108.75911,46.05116],[108.75957,46.05071],[108.75993,46.05031],[108.76027,46.04979],[108.76049,46.04937],[108.76064,46.04895],[108.76077,46.04849],[108.76104,46.04715],[108.76119,46.04645],[108.76137,46.04574],[108.76157,46.04516],[108.76179,46.04466],[108.76208,46.04418],[108.7623,46.04386],[108.76258,46.04353],[108.7631,46.04306],[108.76373,46.04258],[108.76496,46.04164],[108.76625,46.04069],[108.76707,46.04009],[108.76755,46.03976],[108.76791,46.03955],[108.7683,46.03934],[108.76871,46.03917],[108.76916,46.03899],[108.76962,46.03883],[108.77009,46.03871],[108.77057,46.03859],[108.77109,46.0385],[108.77158,46.03843],[108.77209,46.03838],[108.77305,46.03832],[108.77419,46.03823],[108.77521,46.03813],[108.77568,46.03807],[108.77613,46.03799],[108.7766,46.0379],[108.77708,46.03779],[108.77764,46.03763],[108.7782,46.03745],[108.77878,46.03722],[108.77935,46.03698],[108.7801,46.03659],[108.78106,46.03597],[108.7815,46.03561],[108.78185,46.0353],[108.78219,46.03497],[108.78248,46.03463],[108.78283,46.03417],[108.78311,46.03373],[108.78327,46.03344],[108.78347,46.03299],[108.78361,46.0326],[108.7837,46.03227],[108.78381,46.03192],[108.78417,46.03038],[108.78543,46.02536],[108.78554,46.02499],[108.78569,46.02462],[108.78587,46.02426],[108.78607,46.02389],[108.78636,46.02351],[108.78664,46.02319],[108.78717,46.02269],[108.78785,46.02219],[108.79206,46.01923],[108.79623,46.0163],[108.79669,46.01598],[108.80055,46.0133],[108.80936,46.00713],[108.80975,46.00686],[108.81004,46.00666],[108.81045,46.00637],[108.81077,46.00612],[108.811,46.00594],[108.81127,46.00568],[108.81151,46.00543],[108.81172,46.00517],[108.81195,46.00486],[108.81214,46.00455],[108.8123,46.00424],[108.81242,46.00395],[108.81251,46.00364],[108.8126,46.00319],[108.81265,46.00264],[108.81267,46.002],[108.81268,46.00147],[108.81272,46.00106],[108.81278,46.00076],[108.81287,46.00044],[108.81303,46.00005],[108.81322,45.99968],[108.81344,45.99931],[108.81377,45.99888],[108.81404,45.99857],[108.81436,45.99825],[108.81485,45.99785],[108.81523,45.99758],[108.81563,45.9973],[108.81759,45.99592],[108.8186,45.99522],[108.81961,45.99453],[108.8209,45.99354],[108.82154,45.99302],[108.82217,45.99247],[108.82342,45.99136],[108.8247,45.99026],[108.82624,45.98888],[108.82778,45.98753],[108.82962,45.98591],[108.83,45.98562],[108.8305,45.98529],[108.83088,45.98506],[108.83133,45.98483],[108.83209,45.98451],[108.83304,45.98418],[108.8349,45.98353],[108.83663,45.98293],[108.83712,45.98278],[108.83761,45.98266],[108.83792,45.98258],[108.83823,45.98253],[108.83856,45.98248],[108.8389,45.98244],[108.8393,45.9824],[108.83969,45.98239],[108.84013,45.98238],[108.84053,45.9824],[108.841,45.98243],[108.84144,45.98248],[108.84199,45.98257],[108.84252,45.98267],[108.843,45.98281],[108.84345,45.98295],[108.84404,45.98318],[108.84456,45.98343],[108.84503,45.98368],[108.84548,45.98397],[108.84676,45.98482],[108.84728,45.98513],[108.84777,45.98539],[108.84838,45.98565],[108.849,45.98586],[108.84969,45.98604],[108.85032,45.98618],[108.85098,45.98627],[108.85172,45.98632],[108.85215,45.98632],[108.85256,45.9863],[108.85301,45.98628],[108.85343,45.98623],[108.85409,45.98614],[108.8546,45.98603],[108.85519,45.98588],[108.85577,45.98569],[108.85626,45.98549],[108.85663,45.98533],[108.85696,45.98517],[108.85768,45.9848],[108.85958,45.98383],[108.86149,45.98287],[108.86238,45.9824],[108.86284,45.98218],[108.86333,45.98198],[108.86396,45.98176],[108.86443,45.98161],[108.86495,45.98149],[108.86535,45.98141],[108.86607,45.98132],[108.86674,45.98127],[108.86742,45.98127],[108.86824,45.98132],[108.86892,45.9814],[108.8696,45.98151],[108.87068,45.98167],[108.87142,45.98177],[108.87204,45.98181],[108.8726,45.98183],[108.87325,45.98181],[108.87392,45.98177],[108.87451,45.98168],[108.87517,45.98154],[108.87559,45.98143],[108.876,45.9813],[108.88005,45.97987],[108.88209,45.97915],[108.88409,45.97844],[108.88485,45.97817],[108.88552,45.97793],[108.88625,45.97772],[108.88689,45.97757],[108.8876,45.97745],[108.8884,45.97737],[108.88921,45.97736],[108.89029,45.97742],[108.89127,45.97759],[108.89241,45.97789],[108.89443,45.97828],[108.89531,45.97841],[108.89677,45.97848],[108.89861,45.97828],[108.89986,45.97792],[108.90112,45.97749],[108.90306,45.97661],[108.90485,45.97568],[108.90617,45.97448],[108.90701,45.97311],[108.91006,45.96745],[108.91091,45.96602],[108.91145,45.96531],[108.91203,45.96465],[108.9127,45.96401],[108.91345,45.96342],[108.91514,45.96233],[108.91705,45.96142],[108.91909,45.96075],[108.92043,45.96041],[108.92117,45.96027],[108.92409,45.95979],[108.92556,45.95955],[108.92702,45.95931],[108.93065,45.9587],[108.93401,45.95814],[108.93624,45.95778],[108.93659,45.95773],[108.9386,45.95741],[108.94345,45.9566],[108.9441,45.95649],[108.94466,45.95637],[108.94507,45.95627],[108.9455,45.95614],[108.94592,45.95599],[108.94632,45.95583],[108.94675,45.95564],[108.94709,45.95546],[108.94745,45.95524],[108.94779,45.95501],[108.94807,45.9548],[108.94835,45.95458],[108.94861,45.95433],[108.9489,45.95403],[108.9492,45.95369],[108.94967,45.95314],[108.95282,45.94954],[108.9535,45.94875],[108.95459,45.94749],[108.955,45.94701],[108.95589,45.94598],[108.95678,45.94501],[108.95736,45.94449],[108.95792,45.94411],[108.95857,45.94375],[108.95928,45.94344],[108.96007,45.94315],[108.96115,45.94283],[108.9624,45.94245],[108.96393,45.94203],[108.96464,45.94189],[108.96538,45.9418],[108.96585,45.94176],[108.96671,45.94176],[108.96725,45.94178],[108.96778,45.94184],[108.96875,45.94201],[108.96949,45.94218],[108.97018,45.94236],[108.97078,45.94251],[108.97135,45.94263],[108.97212,45.94278],[108.97299,45.94289],[108.97367,45.94293],[108.97456,45.94291],[108.97531,45.94284],[108.97582,45.94275],[108.97618,45.94268],[108.97683,45.94252],[108.97754,45.94228],[108.97844,45.94189],[108.9868,45.9371],[108.9885,45.9361],[108.99005,45.93496],[108.99124,45.9336],[108.99343,45.93078],[108.99482,45.92963],[108.99656,45.92885],[108.99859,45.9284],[109.00079,45.92833],[109.0052,45.92847],[109.01175,45.92864]]}},{"type":"Feature","properties":{},"geometry":{"type":"LineString","coordinates":[[109.01175,45.92864],[109.01605,45.92873],[109.01819,45.92876],[109.02033,45.92869],[109.02247,45.92847],[109.02459,45.92812],[109.02668,45.92764],[109.03088,45.92662],[109.03735,45.92501],[109.04344,45.92349],[109.04781,45.92234],[109.05197,45.92134],[109.05431,45.92074],[109.05729,45.91998],[109.058,45.91982],[109.05971,45.91939],[109.06125,45.91901],[109.06414,45.91829],[109.06544,45.91797],[109.06872,45.91715],[109.07185,45.91638],[109.07536,45.91551],[109.08019,45.91431],[109.08059,45.91421],[109.08116,45.91406],[109.08309,45.91358],[109.08472,45.91317],[109.0857,45.91293],[109.08656,45.91275],[109.08759,45.91256],[109.09662,45.91107],[109.10054,45.9104],[109.11063,45.90867],[109.11683,45.90761],[109.12549,45.90613],[109.13645,45.90427],[109.13864,45.90384],[109.14068,45.90313],[109.14249,45.90216],[109.14767,45.89912],[109.15289,45.89609],[109.15978,45.89208],[109.16668,45.88807],[109.17352,45.8841],[109.17532,45.88314],[109.17738,45.88245],[109.17951,45.88185],[109.18152,45.88105],[109.18322,45.87995],[109.18638,45.87776],[109.19109,45.87452],[109.19577,45.87131],[109.20426,45.86623],[109.20877,45.86349],[109.21108,45.86213],[109.21793,45.85806],[109.22481,45.85396],[109.22824,45.85193],[109.23337,45.84891],[109.23688,45.84683],[109.24037,45.84475],[109.24553,45.84168],[109.24897,45.83963],[109.25579,45.83557],[109.2609,45.83253],[109.26596,45.82951],[109.27252,45.82557],[109.27711,45.82282],[109.27853,45.82188],[109.27982,45.82091],[109.28466,45.81716],[109.28906,45.81377],[109.29318,45.81054],[109.29483,45.80926],[109.29611,45.80828],[109.29679,45.80775],[109.30673,45.80008],[109.30986,45.79767],[109.31165,45.79628],[109.31196,45.79603],[109.31634,45.79267],[109.31703,45.79215],[109.32276,45.78778],[109.32392,45.78673],[109.32493,45.78563],[109.32775,45.78241],[109.32889,45.78149],[109.33029,45.78077],[109.33183,45.78023],[109.33964,45.7776],[109.34963,45.77423],[109.35698,45.77174],[109.36284,45.76977],[109.36884,45.76775],[109.37489,45.7657],[109.37699,45.76514],[109.37923,45.7649],[109.3974,45.76505],[109.39963,45.765],[109.40174,45.76458],[109.40357,45.76375],[109.40517,45.76273],[109.40682,45.76179],[109.40866,45.76115],[109.41065,45.76085],[109.41265,45.76066],[109.41452,45.76022],[109.41613,45.75944],[109.41905,45.75766],[109.42004,45.7572],[109.42104,45.75692],[109.42679,45.75567],[109.42801,45.75535],[109.42917,45.75486],[109.4305,45.75411],[109.43395,45.75218],[109.43912,45.74913],[109.44609,45.74517],[109.45112,45.74225],[109.45606,45.73942],[109.46107,45.73654],[109.46613,45.73363],[109.47311,45.72966],[109.48263,45.72532],[109.48445,45.72442],[109.48995,45.72193],[109.50095,45.71687],[109.50266,45.71597],[109.50412,45.71494],[109.50781,45.71164],[109.50928,45.71075],[109.51552,45.70725],[109.51877,45.70543],[109.52379,45.70262],[109.52891,45.69974],[109.53047,45.69864],[109.53175,45.69735],[109.5327,45.69591],[109.53328,45.69436],[109.53588,45.68546],[109.53852,45.67654],[109.54026,45.67072],[109.54194,45.66501],[109.54358,45.65942],[109.54405,45.65785],[109.54541,45.65328],[109.54773,45.64549],[109.54983,45.63839],[109.55246,45.62953],[109.55275,45.62854],[109.55504,45.6208],[109.55547,45.61943],[109.55566,45.61899],[109.55592,45.61844],[109.55732,45.6161],[109.55911,45.61291],[109.55986,45.61109],[109.56074,45.60825],[109.5628,45.60148],[109.56478,45.59513],[109.5665,45.58972],[109.56827,45.58416],[109.57041,45.57715],[109.57218,45.57152],[109.57441,45.56439],[109.57652,45.55756],[109.57824,45.55206],[109.57994,45.54652],[109.58212,45.53943],[109.5839,45.53376],[109.58559,45.52831],[109.58676,45.52456],[109.58767,45.52162],[109.58937,45.51612],[109.59113,45.51042],[109.59328,45.50341],[109.59397,45.50173],[109.59429,45.50111],[109.59461,45.50057],[109.59529,45.49963],[109.59632,45.49848],[109.59889,45.49606],[109.5996,45.49539],[109.60292,45.49231],[109.6064,45.48909],[109.60882,45.48683],[109.61257,45.48336],[109.61888,45.4775],[109.62473,45.47203],[109.628,45.46897],[109.6302,45.46693],[109.63248,45.46481],[109.63608,45.46148],[109.6385,45.45921],[109.64213,45.45582],[109.6456,45.45258],[109.64884,45.44955],[109.65385,45.44487],[109.65937,45.4397],[109.663,45.43527],[109.66527,45.43252],[109.66842,45.42869],[109.67334,45.42264],[109.6775,45.41758],[109.68284,45.41117],[109.68475,45.40889],[109.68578,45.40775],[109.69136,45.40179],[109.69482,45.39806],[109.69715,45.39556],[109.70179,45.39057],[109.70521,45.38686],[109.70754,45.38436],[109.70994,45.3818],[109.71362,45.37789],[109.71859,45.37264],[109.72216,45.36879],[109.72458,45.3662],[109.72934,45.36114],[109.73585,45.35417],[109.73977,45.35001],[109.74478,45.3447],[109.74772,45.34153],[109.75062,45.3384],[109.75207,45.33685],[109.75244,45.33646],[109.75774,45.3308],[109.75933,45.32909],[109.76209,45.32614],[109.76241,45.3258],[109.7629,45.32527],[109.76427,45.32379],[109.76943,45.31829],[109.77414,45.31325],[109.77814,45.30891],[109.78236,45.3044],[109.78785,45.29852],[109.79117,45.29496],[109.79652,45.28925],[109.80158,45.28382],[109.80264,45.28278],[109.80603,45.27971],[109.80843,45.27756],[109.8122,45.2742],[109.8195,45.26763],[109.82451,45.26314],[109.82701,45.2609],[109.83055,45.25772],[109.83793,45.25106],[109.84279,45.24668],[109.85008,45.24016],[109.85587,45.23492],[109.86059,45.23067],[109.86422,45.22739],[109.86669,45.22516],[109.87145,45.22092],[109.87663,45.21625],[109.88099,45.21232],[109.88207,45.21137],[109.88322,45.21045],[109.88442,45.2096],[109.88568,45.2088],[109.88704,45.20806],[109.88851,45.20738],[109.89003,45.20677],[109.8981,45.20403],[109.89969,45.20343],[109.90124,45.20274],[109.90269,45.20199],[109.90405,45.20117],[109.90532,45.20029],[109.9132,45.19376],[109.91545,45.19189]]}},{"type":"Feature","properties":{},"geometry":{"type":"LineString","coordinates":[[109.91545,45.19189],[109.92106,45.18723],[109.92532,45.18371],[109.92853,45.18104],[109.93182,45.17831],[109.93515,45.17554],[109.93954,45.17189],[109.94377,45.16838],[109.95099,45.16237],[109.95624,45.15799],[109.9587,45.15599],[109.95934,45.1554],[109.95976,45.15504],[109.96469,45.15093],[109.9706,45.146],[109.97104,45.14569],[109.97375,45.14338],[109.97786,45.13995],[109.98218,45.13635],[109.98522,45.13381],[109.98967,45.13009],[109.99305,45.12726],[109.99762,45.12344],[110.00096,45.12065],[110.00527,45.11703],[110.00945,45.11354],[110.01708,45.10716],[110.02148,45.10347],[110.02363,45.10167],[110.02761,45.09835],[110.03238,45.09435],[110.03368,45.09318],[110.03483,45.09202],[110.03857,45.08779],[110.04212,45.08378],[110.04739,45.07782],[110.04944,45.0755],[110.05246,45.07209],[110.05768,45.0662],[110.06162,45.06176],[110.06175,45.06162],[110.07077,45.05141],[110.07167,45.05038],[110.07437,45.04733],[110.07889,45.04221],[110.08144,45.03933],[110.08221,45.03842],[110.08286,45.0375],[110.08326,45.03654],[110.08338,45.03559],[110.08327,45.03466],[110.08218,45.03048],[110.0794,45.01984],[110.07895,45.01864],[110.07827,45.01747],[110.07736,45.01638],[110.07416,45.0133],[110.07318,45.01223],[110.07242,45.01114],[110.07187,45.0101],[110.07148,45.00901],[110.07021,45.0044],[110.06991,45.0032],[110.06981,45.00198],[110.06994,45.00076],[110.07029,44.99956],[110.07089,44.99838],[110.07482,44.99191]]}},{"type":"Feature","properties":{},"geometry":{"type":"LineString","coordinates":[[110.15731,44.91143],[110.15789,44.91127],[110.15836,44.91116],[110.15879,44.91109],[110.15935,44.91102],[110.16082,44.91088],[110.16167,44.91079],[110.16566,44.91038],[110.16904,44.91011],[110.17073,44.90993],[110.17258,44.90958],[110.17431,44.90916],[110.17599,44.90861],[110.17759,44.90795],[110.17908,44.9072],[110.18322,44.90508],[110.18687,44.90321],[110.18801,44.90265],[110.18921,44.90214],[110.1905,44.90183],[110.19188,44.9017],[110.19329,44.90174],[110.19469,44.90197],[110.19609,44.90229],[110.19753,44.90265],[110.19902,44.90294],[110.20056,44.90307],[110.20214,44.90304],[110.20357,44.90286],[110.20476,44.90264],[110.21091,44.9014],[110.21207,44.90114],[110.21325,44.9008],[110.22011,44.89864],[110.22169,44.89812],[110.2232,44.8974],[110.22443,44.89641],[110.2253,44.89523],[110.22582,44.89395],[110.2276,44.88858],[110.22834,44.88729],[110.2295,44.88618],[110.23103,44.88531],[110.2328,44.88475],[110.23985,44.88267],[110.24139,44.8823],[110.24242,44.88215],[110.24273,44.88212],[110.24356,44.88209],[110.24547,44.88222],[110.24939,44.88283],[110.25167,44.88314],[110.25378,44.8832],[110.2594,44.88292],[110.26136,44.88272],[110.26329,44.8823],[110.26901,44.88071],[110.27679,44.87855],[110.28687,44.87579],[110.29289,44.87414],[110.29489,44.87355],[110.29683,44.87288],[110.29869,44.87215],[110.30048,44.87136],[110.30218,44.87049],[110.30379,44.86959],[110.3053,44.86863],[110.30673,44.86763],[110.31074,44.86458],[110.31961,44.8579],[110.32078,44.85697],[110.32169,44.85592],[110.32219,44.85475],[110.32231,44.85354],[110.3221,44.85235],[110.32187,44.85183],[110.32149,44.85121],[110.32138,44.85107],[110.32077,44.85033],[110.32066,44.85019],[110.32048,44.84998],[110.31977,44.84914],[110.31627,44.84498],[110.31258,44.84057],[110.31209,44.8399],[110.31181,44.83938],[110.31162,44.83879],[110.31144,44.83809],[110.31135,44.83755],[110.3113,44.83724],[110.31124,44.8368],[110.31109,44.83625],[110.31085,44.83557],[110.31053,44.83512],[110.31003,44.83445],[110.30919,44.83338],[110.30864,44.8325],[110.30842,44.83203],[110.30823,44.83136],[110.30819,44.83083],[110.3082,44.83026],[110.30831,44.82963],[110.30859,44.82884],[110.30996,44.82537],[110.31046,44.8244],[110.3108,44.82391],[110.31119,44.82341],[110.31464,44.8196],[110.31557,44.81873],[110.31674,44.818],[110.31803,44.81741],[110.3207,44.8163],[110.32211,44.81585],[110.32361,44.81558],[110.32741,44.81507],[110.33122,44.81453],[110.34067,44.81321],[110.34229,44.81291],[110.34385,44.81245],[110.35033,44.8102],[110.35713,44.80779],[110.36039,44.80669],[110.36667,44.80449],[110.37424,44.8018],[110.3831,44.79872],[110.38464,44.79814],[110.38604,44.79736],[110.38715,44.79636],[110.3879,44.79518],[110.38823,44.79387],[110.38811,44.79254],[110.38722,44.7885],[110.38718,44.78716],[110.38738,44.78673],[110.38762,44.7864],[110.38783,44.78616],[110.38805,44.78598],[110.38837,44.78575],[110.38877,44.78553],[110.38912,44.78538],[110.3895,44.78525],[110.39001,44.78514],[110.3905,44.78508],[110.39101,44.78506],[110.39147,44.7851],[110.39189,44.78515],[110.39233,44.78526],[110.3929,44.78546],[110.39377,44.78585],[110.39851,44.78804],[110.40153,44.78943],[110.40702,44.79195],[110.4076,44.79222],[110.40854,44.79258],[110.40906,44.79271],[110.40958,44.7928],[110.41025,44.79287],[110.41085,44.79286],[110.41143,44.7928],[110.41207,44.79269],[110.41281,44.79247],[110.41354,44.79221],[110.41519,44.79155],[110.4161,44.79123],[110.41696,44.79103],[110.41755,44.79093],[110.41814,44.79087],[110.41897,44.79084],[110.42522,44.79104],[110.42962,44.79121],[110.43639,44.79143],[110.43851,44.7915],[110.44063,44.79158],[110.44156,44.7917],[110.44241,44.79188],[110.443,44.79205],[110.4436,44.79227],[110.44446,44.79268],[110.44617,44.79357],[110.44791,44.79446],[110.44862,44.79471],[110.44935,44.79492],[110.44995,44.79504],[110.45062,44.79514],[110.45128,44.79519],[110.45211,44.7952],[110.4543,44.79505],[110.45878,44.79474],[110.4631,44.79444],[110.46412,44.79436],[110.46507,44.79434],[110.46574,44.79439],[110.46637,44.79446],[110.46726,44.79465],[110.4692,44.79519],[110.4703,44.79551],[110.47123,44.79572],[110.47261,44.79582],[110.47325,44.79583],[110.48013,44.79572],[110.48456,44.79563],[110.49301,44.79548],[110.50136,44.79533],[110.50243,44.79531],[110.50351,44.79536],[110.50566,44.79557],[110.50998,44.79605],[110.51084,44.79613],[110.51134,44.79615],[110.51231,44.79613],[110.51302,44.79605],[110.51406,44.79588],[110.51972,44.79476],[110.52559,44.79359],[110.5349,44.79176],[110.54385,44.78998],[110.55482,44.78783],[110.55517,44.78776],[110.55562,44.78767],[110.5629,44.78623],[110.56479,44.78589],[110.56561,44.78582],[110.56675,44.78582],[110.56873,44.78603],[110.57411,44.78668],[110.57478,44.78677],[110.57682,44.787],[110.57888,44.78704],[110.58091,44.78684],[110.58284,44.7864],[110.58464,44.78577],[110.58628,44.78498],[110.58788,44.78418],[110.59258,44.78187],[110.59411,44.78112],[110.59564,44.7804],[110.59731,44.77991],[110.59907,44.77973],[110.60086,44.77975],[110.60441,44.77982],[110.60616,44.77977],[110.60784,44.77944],[110.60935,44.77886],[110.61064,44.77804],[110.61164,44.77705],[110.6123,44.77594],[110.61283,44.77479],[110.61338,44.77367],[110.61415,44.7726],[110.61517,44.77164],[110.61638,44.77082],[110.61776,44.77015],[110.62792,44.76601],[110.62933,44.76539],[110.62989,44.76507],[110.63038,44.76474],[110.63082,44.76439],[110.63153,44.76366],[110.63241,44.76266],[110.63331,44.76166],[110.63383,44.76119],[110.63411,44.76097],[110.63441,44.76076],[110.63507,44.76038],[110.63576,44.76006],[110.63648,44.75981],[110.63697,44.75966],[110.63766,44.75952],[110.63827,44.75942],[110.63901,44.75937],[110.63975,44.75936],[110.64082,44.75943],[110.64421,44.75984],[110.65731,44.76145],[110.66636,44.76255],[110.67441,44.76351],[110.67548,44.76356],[110.67631,44.76356],[110.67732,44.76346],[110.67831,44.76332],[110.67924,44.7631],[110.68057,44.76267],[110.6818,44.7621],[110.68291,44.7614],[110.68374,44.7607],[110.6845,44.75992],[110.68778,44.75645],[110.69112,44.75284],[110.69448,44.74926],[110.6992,44.74419],[110.69978,44.74358],[110.70038,44.74298],[110.70067,44.74272],[110.70108,44.74241],[110.70181,44.74189],[110.70236,44.74155],[110.70301,44.74119],[110.70384,44.74081],[110.70506,44.74036],[110.71536,44.73721]]}},{"type":"Feature","properties":{},"geometry":{"type":"LineString","coordinates":[[110.71536,44.73721],[110.72143,44.73534],[110.72966,44.73286],[110.73267,44.73193],[110.73566,44.731],[110.73845,44.73016],[110.74123,44.72931],[110.74297,44.72878],[110.74783,44.7273],[110.74855,44.72709],[110.74941,44.72688],[110.74993,44.7268],[110.75047,44.72674],[110.75103,44.72671],[110.75182,44.72672],[110.75265,44.72676],[110.75424,44.72687],[110.75468,44.7269],[110.75514,44.72692],[110.75559,44.72691],[110.75607,44.72689],[110.75663,44.72683],[110.75742,44.7267],[110.75816,44.72651],[110.75894,44.72624],[110.76017,44.72577],[110.76046,44.72566],[110.76147,44.72527],[110.76217,44.72505],[110.76286,44.72486],[110.76431,44.72462],[110.76655,44.72428],[110.76877,44.72393],[110.77027,44.72372],[110.77107,44.72367],[110.77181,44.72366],[110.77232,44.72367],[110.77255,44.72369],[110.77335,44.72376],[110.77414,44.72388],[110.77494,44.72404],[110.77543,44.72418],[110.7764,44.72447],[110.77767,44.72487],[110.77791,44.72494],[110.77832,44.72507],[110.77939,44.72542],[110.78055,44.72577],[110.78095,44.72586],[110.7815,44.72595],[110.78203,44.72599],[110.78268,44.72598],[110.78316,44.72593],[110.7837,44.72584],[110.7842,44.72572],[110.78456,44.7256],[110.78492,44.72546],[110.78517,44.72535],[110.78561,44.7251],[110.78602,44.72481],[110.7864,44.72447],[110.78662,44.72422],[110.78684,44.72392],[110.78703,44.7236],[110.78722,44.72314],[110.78728,44.72278],[110.78732,44.72238],[110.78726,44.72176],[110.78704,44.72088],[110.7865,44.7187],[110.78634,44.71815],[110.7861,44.71764],[110.78548,44.71662],[110.78355,44.71357],[110.78225,44.71152],[110.78013,44.70816],[110.77969,44.70742],[110.77938,44.70674],[110.7793,44.7065],[110.77918,44.70588],[110.77917,44.70569],[110.77916,44.70527],[110.77919,44.70491],[110.77922,44.70473],[110.77938,44.70412],[110.7796,44.70358],[110.77994,44.70302],[110.78033,44.7025],[110.78556,44.69606],[110.78992,44.69067],[110.79653,44.68243]]}},{"type":"Feature","properties":{},"geometry":{"type":"LineString","coordinates":[[111.14144,44.40538],[111.15423,44.39945],[111.15559,44.39883],[111.15697,44.39827],[111.15841,44.39777],[111.15989,44.39734],[111.1614,44.39698],[111.16293,44.39669],[111.16448,44.39646],[111.16605,44.39631],[111.16763,44.39623],[111.16921,44.39622],[111.17408,44.3962],[111.17575,44.39623],[111.17743,44.39641],[111.17907,44.39678],[111.18067,44.39727],[111.18556,44.39885],[111.18884,44.39989],[111.1905,44.40031],[111.19224,44.40044],[111.19397,44.40029],[111.19559,44.39987],[111.19703,44.39919],[111.19832,44.39836],[111.20654,44.39298],[111.20811,44.39212],[111.20988,44.39143],[111.21177,44.39095],[111.22488,44.38824],[111.22679,44.38768],[111.22859,44.38696],[111.23192,44.38558],[111.23353,44.38502],[111.23529,44.38473],[111.23712,44.38458],[111.23896,44.38436],[111.24071,44.38384],[111.24228,44.38304],[111.24871,44.37956],[111.2503,44.37866],[111.25165,44.37765],[111.25272,44.37658],[111.25357,44.37541],[111.25418,44.37415],[111.25452,44.37282],[111.25508,44.36877],[111.25514,44.36745],[111.2549,44.36616],[111.25441,44.36493],[111.2538,44.36379],[111.25017,44.35744],[111.24897,44.35531],[111.24778,44.35323],[111.24732,44.35246],[111.24704,44.35199],[111.24664,44.35119],[111.24607,44.35016],[111.24453,44.34748],[111.24386,44.34631],[111.24298,44.34478],[111.2423,44.34366],[111.24187,44.34289],[111.24171,44.34261],[111.24028,44.34014],[111.23332,44.32784],[111.22873,44.31976],[111.22098,44.30617],[111.21568,44.29685],[111.21497,44.29568],[111.21397,44.29464],[111.21268,44.29382],[111.21121,44.29323],[111.20967,44.29276],[111.20821,44.29222],[111.20696,44.2915],[111.20596,44.2906],[111.20519,44.28959],[111.19621,44.27728],[111.19049,44.26945],[111.1896,44.26845],[111.18843,44.2676],[111.18701,44.26696],[111.18543,44.26657],[111.18378,44.26641],[111.18214,44.2663],[111.18052,44.26617],[111.17896,44.266],[111.17753,44.26558],[111.1763,44.26493],[111.17535,44.26411],[111.17471,44.26316],[111.17427,44.26217],[111.17385,44.26118],[111.17352,44.26019],[111.17351,44.25907],[111.17364,44.25819],[111.1738,44.25741],[111.17381,44.25733],[111.17423,44.25511],[111.17446,44.25404],[111.17461,44.25325],[111.1751,44.25071],[111.17579,44.24728],[111.17625,44.24494],[111.17651,44.24354],[111.17669,44.2426],[111.17682,44.24206],[111.17703,44.24144],[111.17733,44.2409],[111.17769,44.2404],[111.17812,44.23991],[111.17866,44.23946],[111.17986,44.23871],[111.18111,44.238],[111.1823,44.23723],[111.18322,44.23629],[111.18482,44.23435],[111.18554,44.23349],[111.1863,44.23251],[111.18658,44.23197],[111.18673,44.23144]]}},{"type":"Feature","properties":{},"geometry":{"type":"LineString","coordinates":[[111.27482,44.17989],[111.27746,44.17844],[111.27937,44.17739],[111.28304,44.17541],[111.28441,44.17457],[111.28569,44.1737],[111.28687,44.17276],[111.29319,44.16679],[111.29423,44.16577],[111.29527,44.16478],[111.29603,44.16403],[111.29653,44.16338],[111.29694,44.16267],[111.2972,44.16204],[111.29741,44.16139],[111.2987,44.15755],[111.2992,44.15623],[111.29954,44.15554],[111.29978,44.15513],[111.30006,44.15473],[111.30041,44.15428],[111.30091,44.15369],[111.30647,44.14716],[111.30801,44.14535],[111.30851,44.14476],[111.30901,44.14423],[111.30944,44.14387],[111.31003,44.14346],[111.31033,44.14328],[111.31182,44.14243],[111.31328,44.14161],[111.32475,44.13515],[111.3255,44.13475],[111.32629,44.13435],[111.32708,44.13405],[111.32787,44.13381],[111.3287,44.13364],[111.32982,44.13348],[111.33168,44.13331],[111.3329,44.13317],[111.33387,44.13298],[111.33466,44.13274],[111.33552,44.13238],[111.33611,44.13206],[111.33675,44.13165],[111.33777,44.13085],[111.34011,44.129],[111.34131,44.12805],[111.34513,44.12506],[111.34651,44.12405],[111.35585,44.11665],[111.35735,44.11572],[111.35911,44.11509],[111.36312,44.11436],[111.36507,44.11383],[111.36669,44.11298],[111.36796,44.11197],[111.3691,44.11103],[111.37129,44.10924],[111.37595,44.10547],[111.37736,44.10464],[111.37905,44.10413],[111.38085,44.10399],[111.38251,44.1042],[111.38375,44.10448],[111.38399,44.10454],[111.3847,44.10471],[111.38555,44.10489],[111.38635,44.10498],[111.38728,44.10502],[111.38877,44.10504],[111.39113,44.10507],[111.39351,44.1051],[111.3975,44.10514],[111.40169,44.1052],[111.40224,44.10521],[111.40289,44.10522],[111.40469,44.10526],[111.40968,44.10531],[111.41019,44.1053],[111.41098,44.10523],[111.41169,44.10514],[111.41346,44.10486],[111.4144,44.10473],[111.41508,44.10469],[111.41576,44.10469],[111.41656,44.10474],[111.41736,44.10484],[111.41933,44.10514],[111.42036,44.10522],[111.42112,44.10525],[111.42217,44.10516],[111.42342,44.10498],[111.42539,44.10443],[111.42737,44.10384],[111.42801,44.1036],[111.42917,44.10295],[111.42992,44.10239],[111.43057,44.10173],[111.43098,44.10111],[111.43143,44.10026],[111.43158,44.09947],[111.43163,44.09866],[111.43146,44.09704],[111.43123,44.09546],[111.43105,44.09488],[111.43061,44.09401],[111.43026,44.09352],[111.42958,44.09277],[111.42695,44.09056],[111.42587,44.08932],[111.42538,44.08789],[111.42557,44.0864],[111.42648,44.08502],[111.42782,44.08382],[111.43353,44.07897],[111.43788,44.07525],[111.44069,44.07286],[111.4422,44.0718],[111.44568,44.07023],[111.44716,44.06929],[111.44829,44.06815],[111.44904,44.06689],[111.44946,44.06556],[111.4505,44.06169],[111.45089,44.06039],[111.45124,44.05906],[111.45169,44.05771],[111.45241,44.05637],[111.45345,44.05512],[111.45479,44.05398],[111.45637,44.05299],[111.45821,44.05221],[111.46052,44.0515],[111.4688,44.04899],[111.47086,44.04839],[111.47291,44.0478],[111.47497,44.04732],[111.47703,44.04699],[111.47907,44.04676],[111.48509,44.04612],[111.49532,44.045],[111.49738,44.04499],[111.4994,44.04524],[111.50141,44.04541],[111.5034,44.04516],[111.50523,44.04454],[111.50677,44.04356],[111.50792,44.04231],[111.50863,44.04092],[111.50928,44.03952],[111.50984,44.03811],[111.5102,44.03668],[111.51118,44.03232],[111.51155,44.03083],[111.51235,44.02941],[111.51368,44.02819],[111.51526,44.0271],[111.51679,44.02598],[111.51789,44.02463],[111.5184,44.02312],[111.51826,44.02157],[111.51769,44.02006],[111.51721,44.01852],[111.51733,44.01694],[111.51811,44.01545],[111.51945,44.01418],[111.52251,44.0119]]}},{"type":"Feature","properties":{},"geometry":{"type":"LineString","coordinates":[[111.52251,44.0119],[111.53319,44.00389],[111.53473,44.0027],[111.5361,44.00144],[111.53726,44.00015],[111.53827,43.9988],[111.54023,43.99609],[111.54126,43.99475],[111.54265,43.99359],[111.54447,43.99275],[111.54659,43.99233],[111.54881,43.9922],[111.55097,43.99191],[111.55289,43.99119],[111.55444,43.9901],[111.55579,43.98891],[111.55962,43.98563],[111.56731,43.97908],[111.56838,43.97818],[111.56903,43.97764],[111.56948,43.97727],[111.5717,43.97539],[111.5751,43.97245],[111.57623,43.97142],[111.57707,43.97024],[111.57756,43.96896],[111.57787,43.96764],[111.57822,43.96635],[111.57864,43.96506],[111.57883,43.96376],[111.57863,43.96249],[111.578,43.96129],[111.57298,43.95491],[111.57223,43.95387],[111.57169,43.95279],[111.57139,43.95166],[111.57133,43.95051],[111.5714,43.94938],[111.57147,43.94824],[111.5718,43.94339],[111.57196,43.94206],[111.57253,43.94074],[111.57361,43.93954],[111.57515,43.93856],[111.58465,43.93453],[111.59326,43.93082]]}},{"type":"Feature","properties":{},"geometry":{"type":"LineString","coordinates":[[111.74691,43.83798],[111.74812,43.83698],[111.74927,43.83603],[111.74992,43.83549],[111.75059,43.83498],[111.75126,43.83448],[111.75193,43.83399],[111.75327,43.83301],[111.7546,43.83203],[111.75592,43.83107],[111.75725,43.83009],[111.7586,43.8291],[111.75994,43.82811],[111.76597,43.82369],[111.7721,43.81918],[111.77741,43.81529],[111.78269,43.8114],[111.78672,43.80844],[111.79069,43.80551],[111.79869,43.79962],[111.80099,43.79794],[111.80321,43.7963],[111.80472,43.79519],[111.80622,43.79409],[111.80921,43.79189],[111.81518,43.78748],[111.81817,43.78527],[111.8213,43.78296],[111.82209,43.78238],[111.82288,43.78179],[111.82447,43.78063],[111.826,43.7795],[111.82753,43.77837],[111.82915,43.77717],[111.83053,43.77617],[111.83205,43.77504],[111.83506,43.77282],[111.8371,43.77131],[111.83964,43.76944],[111.84115,43.76831],[111.84519,43.76533],[111.84671,43.76421],[111.84726,43.7638],[111.84989,43.76186],[111.85246,43.75993],[111.8537,43.75901],[111.85493,43.75812],[111.85792,43.75588],[111.85864,43.75536],[111.85887,43.7552],[111.86488,43.75074],[111.87315,43.74465],[111.87348,43.74439],[111.8759,43.74259],[111.87635,43.74226],[111.89005,43.73212],[111.89041,43.73186],[111.89101,43.73149],[111.8913,43.73126],[111.89164,43.73101],[111.89314,43.72992],[111.89362,43.72956],[111.89641,43.72753],[111.8981,43.72627],[111.89862,43.72588],[111.89887,43.7257],[111.9022,43.72322],[111.90263,43.72291],[111.90289,43.72272],[111.90581,43.72057],[111.90637,43.72016],[111.90783,43.71908],[111.91289,43.71531],[111.91324,43.71506],[111.91364,43.71469],[111.91419,43.71428],[111.91454,43.71402],[111.91538,43.71339],[111.91576,43.71311],[111.91691,43.71225],[111.91914,43.7106],[111.92072,43.70944],[111.93126,43.70164],[111.93853,43.69625],[111.94349,43.69258],[111.94416,43.69207],[111.94645,43.6904]]}},{"type":"Feature","properties":{},"geometry":{"type":"LineString","coordinates":[[107.03946,47.89267],[107.03796,47.89455]]}},{"type":"Feature","properties":{},"geometry":{"type":"LineString","coordinates":[[107.03796,47.89455],[107.03711,47.89557],[107.03562,47.8974],[107.03463,47.89832],[107.03342,47.89921],[107.03307,47.89943],[107.03183,47.90007]]}},{"type":"Feature","properties":{},"geometry":{"type":"LineString","coordinates":[[105.93029,49.48462],[105.93237,49.48054],[105.93288,49.47955],[105.93293,49.47944],[105.93311,49.47906],[105.93384,49.47759],[105.93416,49.47696],[105.93455,49.47621],[105.93476,49.47584],[105.93504,49.4753],[105.93532,49.47485],[105.9355,49.4746],[105.9358,49.47424],[105.93608,49.47393],[105.93641,49.47362],[105.93683,49.47326],[105.93715,49.47303],[105.93751,49.47278],[105.93783,49.47258],[105.9381,49.47242],[105.93846,49.47223],[105.93884,49.47204],[105.93923,49.47186],[105.94123,49.47101],[105.94168,49.47081],[105.94206,49.47065],[105.9425,49.47044],[105.94294,49.47021],[105.94337,49.46996],[105.94377,49.46972],[105.94421,49.46942],[105.94468,49.46909],[105.94508,49.46876],[105.94546,49.46843],[105.94575,49.46814],[105.94607,49.46779],[105.94631,49.46752],[105.94659,49.46715],[105.94684,49.46679],[105.94705,49.46645],[105.94723,49.46611],[105.94741,49.46575],[105.94754,49.4654],[105.94765,49.46507],[105.94775,49.46473],[105.94782,49.46443],[105.94788,49.46408],[105.94792,49.46373],[105.94793,49.46333],[105.94792,49.46297],[105.9479,49.46263],[105.94784,49.46222],[105.94774,49.4618],[105.94764,49.46144],[105.94752,49.46109],[105.94738,49.46076],[105.94721,49.4604],[105.94691,49.45986],[105.94664,49.45942],[105.94628,49.45882],[105.94287,49.45319],[105.93931,49.44729],[105.93909,49.44691],[105.9389,49.44655],[105.93874,49.4462],[105.93858,49.44579],[105.93846,49.44544],[105.93838,49.44509],[105.93831,49.44475],[105.93826,49.4444],[105.93823,49.44405],[105.93824,49.44364],[105.93827,49.44328],[105.93829,49.44303],[105.93836,49.4426],[105.93843,49.4422],[105.93853,49.44171],[105.93869,49.44092],[105.9389,49.43988],[105.93921,49.43845],[105.93949,49.4372],[105.94157,49.42725],[105.94163,49.42697]]}},{"type":"Feature","properties":{},"geometry":{"type":"LineString","coordinates":[[106.0926,50.33492],[106.093,50.33478],[106.09357,50.33462],[106.09391,50.33455],[106.09424,50.33449],[106.09492,50.33441],[106.09562,50.33433],[106.09638,50.33424],[106.09676,50.33419],[106.09714,50.33413],[106.09759,50.33405],[106.0983,50.33385],[106.09902,50.33361],[106.09939,50.33346],[106.09974,50.33331],[106.10043,50.33296],[106.10101,50.33259],[106.10152,50.3322],[106.10271,50.3311],[106.10396,50.3299],[106.10551,50.32842],[106.10747,50.32654],[106.1081,50.32594],[106.10962,50.32452],[106.10996,50.32418],[106.11015,50.32397],[106.11058,50.32345],[106.11093,50.32296],[106.11109,50.3227],[106.11123,50.32244],[106.11143,50.32206],[106.11164,50.32163],[106.11185,50.32123],[106.11209,50.32083],[106.11235,50.32046],[106.11261,50.32014],[106.11307,50.31967],[106.11354,50.3192],[106.11592,50.31693],[106.11701,50.31589],[106.11846,50.3145],[106.11898,50.31402],[106.11925,50.3138],[106.11956,50.3136],[106.11983,50.31345],[106.12014,50.31331],[106.12049,50.31319],[106.12084,50.31309],[106.12128,50.31299],[106.12158,50.31295],[106.12187,50.31292],[106.12236,50.3129],[106.12269,50.31291],[106.123,50.31293],[106.12343,50.31298],[106.12369,50.31303],[106.12392,50.31309],[106.12437,50.31321],[106.12483,50.31339],[106.1251,50.31351],[106.12535,50.31363],[106.12582,50.31388],[106.12677,50.31439],[106.12719,50.31461],[106.12766,50.31482],[106.12818,50.31499],[106.12877,50.31514],[106.12909,50.31518],[106.12941,50.31521],[106.12975,50.31522],[106.13011,50.31522],[106.13042,50.3152],[106.13074,50.31517],[106.13106,50.31512],[106.13138,50.31506],[106.13194,50.31488],[106.13221,50.31477],[106.13249,50.31466],[106.13276,50.3145],[106.133,50.31435],[106.13323,50.31417],[106.13346,50.31397],[106.13367,50.31377],[106.13393,50.31348],[106.13417,50.31309],[106.13434,50.3127],[106.13448,50.31209],[106.13469,50.31112],[106.13486,50.31016],[106.13501,50.30943],[106.13526,50.30831],[106.1355,50.30706],[106.13626,50.30317],[106.13633,50.30265],[106.13633,50.30231],[106.1363,50.30194],[106.13622,50.30148],[106.13611,50.30098],[106.13599,50.30046],[106.1358,50.2996],[106.13575,50.2993],[106.13577,50.29894],[106.13582,50.29871],[106.1359,50.29848],[106.13606,50.29819],[106.13625,50.29791],[106.13646,50.2977],[106.13664,50.29753],[106.13684,50.29738],[106.13705,50.29724],[106.13759,50.29693],[106.13817,50.29659],[106.13855,50.29636],[106.13889,50.29611],[106.13908,50.29595],[106.13927,50.29578],[106.13944,50.29555],[106.1396,50.29531],[106.13969,50.2951],[106.13978,50.2948],[106.13982,50.29457],[106.13982,50.29433],[106.13978,50.2941],[106.13971,50.29388],[106.13956,50.29349],[106.13933,50.29313],[106.13908,50.29278],[106.13879,50.29251],[106.13849,50.29225],[106.13816,50.29202],[106.1378,50.29181],[106.13743,50.29162],[106.13659,50.29131],[106.13599,50.29111],[106.13558,50.29095],[106.13517,50.29078],[106.13494,50.29068],[106.13471,50.29055],[106.13443,50.29036],[106.13421,50.29018],[106.13405,50.29003],[106.13391,50.28985],[106.1337,50.28955],[106.13355,50.28924],[106.13333,50.28861],[106.13311,50.28791],[106.1329,50.28719],[106.13284,50.28679],[106.13279,50.28639],[106.13283,50.28589],[106.1329,50.28537],[106.13299,50.28495],[106.1333,50.28371],[106.13421,50.27994],[106.13451,50.2788],[106.13465,50.27824],[106.13473,50.27796],[106.13484,50.27769],[106.13509,50.27731],[106.13524,50.27713],[106.13542,50.27695],[106.13576,50.27668],[106.13594,50.27657],[106.13614,50.27645],[106.13674,50.27618],[106.13739,50.27594],[106.13795,50.27573],[106.13826,50.27559],[106.13855,50.27543],[106.13875,50.27531],[106.13893,50.27518],[106.13925,50.27489],[106.13945,50.27467],[106.13962,50.27444],[106.13974,50.27419],[106.13984,50.27392],[106.13988,50.27381],[106.1399,50.27367],[106.13992,50.27336],[106.13996,50.27279],[106.14,50.27237],[106.14008,50.27205],[106.14011,50.27195],[106.14018,50.27183],[106.14023,50.27171],[106.14033,50.27155],[106.1407,50.27111],[106.14112,50.27067],[106.14174,50.27003],[106.14201,50.26967],[106.14219,50.26931],[106.14226,50.26911],[106.14232,50.26888],[106.14231,50.26847],[106.14224,50.2681],[106.1421,50.26778],[106.14189,50.26747],[106.14165,50.26719],[106.1415,50.26704],[106.14133,50.26691],[106.14098,50.26664],[106.14008,50.26604],[106.13949,50.26564],[106.13925,50.26545],[106.13904,50.26524],[106.13888,50.26505],[106.13873,50.26483],[106.13866,50.26453],[106.13858,50.26419],[106.13855,50.26377],[106.13853,50.26343],[106.13856,50.26298],[106.13852,50.26247],[106.13853,50.2614],[106.13846,50.25962],[106.13838,50.25788],[106.13822,50.25659],[106.13795,50.25502],[106.13785,50.25439],[106.13781,50.2541],[106.13777,50.25379],[106.13777,50.25344],[106.13781,50.25322],[106.13788,50.25299],[106.13798,50.25277],[106.13811,50.25256],[106.13824,50.25238],[106.13832,50.25227],[106.13843,50.25214],[106.13867,50.25193],[106.13894,50.25172],[106.13925,50.25154],[106.14031,50.25103],[106.14085,50.25077],[106.14134,50.25053],[106.14188,50.25017],[106.14212,50.24995],[106.14244,50.24965],[106.14325,50.24865],[106.14345,50.24845],[106.14376,50.24824],[106.14413,50.24802],[106.14454,50.24783],[106.14494,50.24769],[106.14543,50.24755],[106.14593,50.24746],[106.14648,50.24739],[106.14776,50.24741],[106.14907,50.24746],[106.14996,50.24745],[106.15081,50.2474],[106.152,50.24729]]}},{"type":"Feature","properties":{},"geometry":{"type":"LineString","coordinates":[[106.20741,50.22274],[106.20664,50.22033],[106.20619,50.21894],[106.20576,50.21755],[106.20554,50.21687],[106.20531,50.2162],[106.20517,50.21593],[106.20502,50.21566],[106.20472,50.21513],[106.20436,50.21454],[106.20421,50.21424],[106.20408,50.21393],[106.20394,50.21358],[106.20384,50.21322],[106.20274,50.20971],[106.20174,50.20652],[106.20074,50.20337],[106.19894,50.19765],[106.19791,50.19438],[106.19696,50.19136],[106.19674,50.19063],[106.19647,50.18958],[106.19637,50.18908],[106.19615,50.18776],[106.19588,50.18607],[106.19567,50.18488],[106.19547,50.18366],[106.19526,50.18245],[106.19494,50.18125],[106.19432,50.17924],[106.1937,50.17724],[106.19312,50.17534],[106.19283,50.17441],[106.19259,50.17347],[106.19251,50.17289],[106.19252,50.1722],[106.19254,50.17185],[106.19258,50.17149],[106.19271,50.17082],[106.19287,50.17011],[106.1932,50.16886],[106.19404,50.16556],[106.19516,50.16113],[106.19609,50.1575],[106.19703,50.15386],[106.19737,50.15253],[106.19759,50.15119],[106.19763,50.14937],[106.19758,50.14863],[106.19748,50.14791],[106.19713,50.14647],[106.19711,50.14641],[106.19656,50.14497],[106.19532,50.14183],[106.19492,50.14078],[106.19451,50.13973],[106.19391,50.13821],[106.1938,50.13793],[106.19331,50.13669],[106.19259,50.13488],[106.1921,50.13365],[106.19162,50.1324],[106.19112,50.13116],[106.19055,50.12967],[106.19005,50.12844],[106.18868,50.12494],[106.18774,50.12257],[106.1857,50.11739],[106.18538,50.11657],[106.18506,50.11578],[106.18475,50.11496],[106.18459,50.11464],[106.18446,50.1142],[106.18436,50.11385],[106.18428,50.11365],[106.18424,50.11345],[106.18415,50.11293],[106.18404,50.11203],[106.1838,50.11023],[106.18348,50.10793],[106.18316,50.10565],[106.18276,50.10281],[106.18238,50.1],[106.18214,50.09817],[106.18189,50.09643],[106.18172,50.09521],[106.18152,50.09397],[106.18123,50.09279],[106.1808,50.09163],[106.18033,50.09069],[106.17987,50.08988],[106.17941,50.08915],[106.17887,50.0884],[106.1783,50.0877],[106.17771,50.08704],[106.17615,50.08533],[106.17341,50.08231],[106.17141,50.0801],[106.17052,50.07911],[106.16728,50.07545],[106.1634,50.07144],[106.16134,50.06899],[106.15979,50.0673],[106.15875,50.06616],[106.15766,50.06498],[106.15519,50.06324],[106.1537,50.06204],[106.15188,50.06104],[106.15185,50.06103],[106.15098,50.06058],[106.15004,50.06017],[106.14703,50.05899],[106.14402,50.05782],[106.14319,50.05748],[106.1426,50.05721],[106.14205,50.05692],[106.1416,50.05663],[106.14118,50.05633],[106.14077,50.05598],[106.1404,50.05562],[106.13781,50.05269],[106.13695,50.05167],[106.13642,50.05101],[106.13607,50.05039],[106.13583,50.04996],[106.13562,50.04947],[106.13526,50.04839],[106.13465,50.04628],[106.13382,50.04324],[106.13306,50.04068],[106.13275,50.03963],[106.1312,50.03366],[106.13086,50.03204],[106.13075,50.03045],[106.13097,50.02861],[106.13113,50.02738],[106.13151,50.02513],[106.13156,50.02478],[106.13163,50.02431],[106.13178,50.02342],[106.13195,50.0224],[106.1321,50.02155],[106.13217,50.02113],[106.13225,50.02057],[106.13229,50.02034],[106.13241,50.01956],[106.13252,50.01885],[106.13264,50.01816],[106.13286,50.01687],[106.13311,50.01541],[106.13339,50.0136],[106.13346,50.01318],[106.13376,50.01112],[106.13372,50.01076],[106.13366,50.01033],[106.13356,50.00959],[106.13334,50.0088],[106.13322,50.00846],[106.13306,50.00814],[106.13268,50.00743],[106.13224,50.00675],[106.13169,50.00602],[106.13116,50.00528],[106.13008,50.00389],[106.12961,50.00308],[106.12953,50.00291],[106.12946,50.00272],[106.12933,50.00235],[106.12906,50.0015],[106.12892,50.00106],[106.12885,50.00063],[106.12884,50.00051],[106.12891,50.00008],[106.1291,49.99958],[106.12927,49.99914],[106.1294,49.99861],[106.12938,49.99823],[106.12933,49.99782],[106.12923,49.99694],[106.12925,49.99645],[106.12933,49.99579],[106.12941,49.99517],[106.12941,49.99475],[106.12936,49.9944],[106.12924,49.99401],[106.12902,49.99358],[106.12871,49.99316],[106.12822,49.99266],[106.12774,49.99211],[106.12183,49.9862],[106.12132,49.98562],[106.12101,49.9851],[106.12089,49.98452],[106.12098,49.98392],[106.12122,49.98341],[106.12172,49.98287],[106.12217,49.98252],[106.1228,49.98218],[106.12357,49.98194],[106.1242,49.98181],[106.12525,49.98176],[106.12659,49.98175],[106.1274,49.98167],[106.12803,49.98153],[106.12851,49.98136],[106.12892,49.98119],[106.12935,49.98094],[106.12977,49.9806],[106.13015,49.98022],[106.13034,49.97992],[106.13045,49.97968],[106.13054,49.97933],[106.13053,49.97893],[106.13047,49.97858],[106.13035,49.97817],[106.12994,49.97759],[106.12905,49.97691],[106.12793,49.9762],[106.12708,49.97554],[106.12641,49.97478],[106.12594,49.97391],[106.1258,49.97318],[106.12587,49.97241],[106.12619,49.97153],[106.12672,49.97056],[106.12703,49.96991],[106.12718,49.96938],[106.12711,49.96878],[106.1268,49.96819],[106.12633,49.96761],[106.1258,49.96703],[106.12527,49.96648],[106.12486,49.96593],[106.12454,49.96501],[106.12448,49.96418],[106.12461,49.96354],[106.12492,49.96266],[106.12516,49.96176],[106.12521,49.96111],[106.12516,49.96027],[106.12497,49.95971],[106.12472,49.95921],[106.12357,49.95766],[106.12291,49.95699],[106.1223,49.95618],[106.12209,49.95553],[106.12216,49.9548],[106.12246,49.95419],[106.12324,49.9533],[106.12392,49.95264],[106.12427,49.95198],[106.12434,49.95128],[106.12424,49.94984],[106.1242,49.94947],[106.12423,49.94907],[106.12444,49.94852],[106.12463,49.94818],[106.1252,49.94751],[106.12573,49.94708],[106.12674,49.94654],[106.12829,49.94591],[106.12941,49.94541],[106.13036,49.94496],[106.13122,49.94434],[106.13236,49.94296],[106.13389,49.94066],[106.13562,49.93571],[106.13601,49.9348],[106.13676,49.93388],[106.13757,49.93326],[106.13855,49.93268],[106.13884,49.93247],[106.13911,49.93227],[106.13924,49.93216],[106.13936,49.93206],[106.13958,49.93182],[106.13976,49.93158],[106.13987,49.93138],[106.13994,49.93119],[106.14,49.93098],[106.14004,49.93077],[106.14003,49.93032],[106.13997,49.93009],[106.13989,49.9299],[106.13971,49.92949],[106.13921,49.92868],[106.1391,49.92849],[106.139,49.9283],[106.13892,49.92811],[106.13885,49.92791],[106.13883,49.92779],[106.13881,49.92766],[106.1388,49.92745],[106.1388,49.92735],[106.13881,49.92722],[106.13887,49.927],[106.13893,49.92682],[106.13901,49.92663],[106.13919,49.92633],[106.13941,49.92606],[106.13968,49.92579],[106.14025,49.92524],[106.14146,49.92416],[106.14168,49.92399],[106.14192,49.92382],[106.14218,49.92365],[106.1425,49.9235],[106.14278,49.9234],[106.14307,49.9233],[106.14339,49.92321],[106.14371,49.92314],[106.14401,49.9231],[106.14432,49.92307],[106.14463,49.92304],[106.14493,49.92304],[106.14522,49.92305],[106.1455,49.92308],[106.14578,49.9231],[106.14607,49.92314],[106.14777,49.92343],[106.1481,49.92349],[106.14834,49.92353],[106.14897,49.92363],[106.14947,49.92371],[106.1501,49.92379],[106.15086,49.92386],[106.1517,49.92389],[106.15228,49.92388],[106.15287,49.92384],[106.15352,49.92376],[106.15413,49.92366],[106.15478,49.92352],[106.15514,49.92342],[106.15581,49.9232],[106.15626,49.92303],[106.15672,49.92281],[106.15759,49.92235],[106.15856,49.9218],[106.15902,49.92155],[106.15957,49.92123],[106.16006,49.92096],[106.16035,49.9208],[106.16065,49.92064],[106.16129,49.92026],[106.16189,49.91989],[106.16227,49.9196],[106.16246,49.91944],[106.16265,49.91926],[106.16294,49.91892],[106.16324,49.9184],[106.16331,49.91823],[106.16337,49.91804],[106.16342,49.91784],[106.16346,49.91765],[106.16348,49.9173],[106.16343,49.91693],[106.16337,49.91667],[106.16331,49.91651],[106.16315,49.91616],[106.16295,49.9158],[106.16273,49.91546],[106.16254,49.91517]]}},{"type":"Feature","properties":{},"geometry":{"type":"LineString","coordinates":[[105.86005,49.20465],[105.8603,49.20446],[105.8605,49.20429],[105.86076,49.20412],[105.861,49.20395],[105.86111,49.20389],[105.86119,49.20383],[105.86158,49.20358],[105.86222,49.20317],[105.86375,49.20219],[105.86487,49.20145],[105.86512,49.20128],[105.86535,49.20111],[105.86561,49.20093],[105.86577,49.20079],[105.86606,49.20055],[105.86631,49.20032],[105.86649,49.20015],[105.86669,49.19996],[105.86683,49.19979],[105.86706,49.19953],[105.86726,49.1993],[105.86743,49.19905],[105.86759,49.19885],[105.86773,49.19864],[105.86789,49.19836],[105.86807,49.19801],[105.86817,49.19781],[105.86825,49.19763],[105.86836,49.19738],[105.86847,49.1971],[105.86857,49.19679],[105.86874,49.1962],[105.86891,49.19558],[105.86895,49.19545],[105.869,49.19526],[105.86917,49.19464],[105.86929,49.19418],[105.86933,49.19404],[105.86936,49.19394],[105.86945,49.19361],[105.86949,49.19344],[105.86953,49.1933],[105.86964,49.1929],[105.86972,49.19248],[105.86974,49.19201],[105.86973,49.19167],[105.86964,49.19128],[105.86953,49.19097],[105.86937,49.19062],[105.86915,49.19026],[105.86885,49.18987],[105.86857,49.18957],[105.86808,49.18914],[105.86758,49.1888],[105.867,49.18847],[105.86648,49.18824],[105.8659,49.18805],[105.86553,49.18793],[105.86498,49.1878],[105.86407,49.18764],[105.86287,49.18758],[105.85248,49.18723],[105.84286,49.18688],[105.83984,49.18677],[105.8366,49.18668],[105.83377,49.18657],[105.82793,49.18641],[105.82555,49.18632],[105.82223,49.18622],[105.81708,49.18604],[105.81304,49.18592],[105.80896,49.18575],[105.80719,49.18572],[105.80648,49.18577],[105.80597,49.18587],[105.8054,49.18603],[105.80475,49.18631],[105.80433,49.18657],[105.80396,49.18685],[105.80363,49.18722],[105.80338,49.18765],[105.80324,49.188],[105.8024,49.19076],[105.8018,49.19274],[105.80158,49.19335],[105.80125,49.19397],[105.80084,49.19451],[105.80034,49.19504],[105.79981,49.19552],[105.79939,49.19585],[105.79893,49.19619],[105.79826,49.1966],[105.79756,49.19695],[105.79692,49.19722],[105.7963,49.19747],[105.79339,49.19855],[105.79247,49.19888],[105.79142,49.19917],[105.79071,49.19932],[105.78955,49.19952],[105.78832,49.19966],[105.78685,49.19971],[105.78548,49.1997],[105.78434,49.19961],[105.78133,49.19925],[105.77437,49.19844],[105.76903,49.19782],[105.76776,49.19765],[105.76735,49.19757],[105.76694,49.19744],[105.76657,49.19731],[105.76616,49.19713],[105.76582,49.19692],[105.76553,49.1967],[105.76513,49.19634],[105.76447,49.19574],[105.76412,49.19547],[105.76351,49.19511],[105.76302,49.19488],[105.76257,49.19472],[105.7621,49.19458],[105.76121,49.19437],[105.75936,49.19398],[105.75858,49.19382],[105.75785,49.19369],[105.75693,49.19359],[105.75599,49.19359],[105.7553,49.19364],[105.75468,49.19373],[105.7542,49.19382],[105.75375,49.19393],[105.75202,49.1945],[105.75103,49.19482],[105.74999,49.19506],[105.749,49.19522],[105.74804,49.19533],[105.74354,49.19546],[105.74259,49.19543],[105.74144,49.19533],[105.74086,49.19526],[105.7403,49.19515],[105.73919,49.19491],[105.73765,49.19449],[105.73609,49.1941],[105.73449,49.19377],[105.73284,49.1935],[105.72928,49.19299],[105.72574,49.19247],[105.72046,49.1917],[105.71925,49.19144],[105.71874,49.19131],[105.71825,49.19117],[105.71746,49.19088],[105.7167,49.19055],[105.7152,49.18984],[105.71444,49.18949],[105.71371,49.18921],[105.71329,49.18907],[105.71284,49.18897],[105.71227,49.18887],[105.71074,49.18868],[105.7098,49.18857],[105.70901,49.18845],[105.7081,49.18821],[105.70768,49.18809],[105.70702,49.18785],[105.7064,49.18758],[105.70341,49.18619],[105.70041,49.18478],[105.69533,49.18241],[105.69414,49.18178],[105.69302,49.18111],[105.6908,49.17977],[105.68867,49.17843],[105.68566,49.17658],[105.68446,49.17574],[105.68049,49.17266],[105.67421,49.16782],[105.66668,49.16201],[105.65857,49.15573],[105.65224,49.15083],[105.64874,49.14812],[105.64404,49.14449],[105.64017,49.14149],[105.6363,49.1385],[105.63132,49.13465],[105.63073,49.13425],[105.63021,49.13393],[105.6299,49.13377],[105.62917,49.13342],[105.62844,49.13314],[105.62753,49.13285],[105.62641,49.13258],[105.62374,49.13201],[105.62286,49.13175],[105.62151,49.13123],[105.62083,49.1309],[105.62036,49.13062],[105.61995,49.13035],[105.6193,49.12987],[105.61868,49.12935],[105.61818,49.12885],[105.61775,49.12831],[105.61752,49.12793],[105.61719,49.12732],[105.61693,49.1266],[105.61649,49.12502],[105.61611,49.12358],[105.61567,49.1222],[105.61534,49.12149],[105.61492,49.12082],[105.6146,49.12039],[105.61418,49.11989],[105.61367,49.11944],[105.6121,49.11815],[105.61051,49.11688],[105.60712,49.11422],[105.60399,49.11179],[105.59612,49.10561],[105.59499,49.10476],[105.59378,49.10396],[105.59251,49.10327],[105.59123,49.10261],[105.59015,49.10212],[105.58945,49.10185],[105.58873,49.10157],[105.58796,49.1013],[105.58765,49.10119],[105.5859,49.10055],[105.58531,49.10034],[105.58497,49.10023],[105.5846,49.10012],[105.5843,49.10003],[105.57886,49.09806],[105.5769,49.09736],[105.57476,49.09659],[105.57298,49.09595],[105.57264,49.09582],[105.57146,49.09538],[105.56933,49.0946],[105.56769,49.094],[105.56706,49.09379],[105.56638,49.0936],[105.56545,49.09342],[105.56449,49.0933],[105.56257,49.09308],[105.56007,49.09219],[105.55938,49.09181],[105.55873,49.09135],[105.55813,49.09079],[105.55776,49.09037],[105.5574,49.08991],[105.55607,49.08766],[105.55534,49.08647],[105.55502,49.08604],[105.55482,49.0858],[105.55458,49.08554],[105.55427,49.08526],[105.55394,49.08498],[105.55352,49.08466],[105.55309,49.08438],[105.55256,49.08406],[105.55214,49.08383],[105.55162,49.08359],[105.55096,49.0833],[105.54997,49.08288],[105.54943,49.08263],[105.5489,49.08234],[105.54823,49.08188],[105.54763,49.08135],[105.54737,49.0811],[105.54708,49.08074],[105.54657,49.07998],[105.54626,49.07958],[105.54591,49.07919],[105.5456,49.0789],[105.54523,49.07861],[105.5446,49.07817],[105.54332,49.07749],[105.53933,49.07541],[105.53808,49.07478],[105.53761,49.07456],[105.53691,49.07429],[105.53589,49.07396],[105.53528,49.07374],[105.53477,49.07351],[105.5343,49.07329],[105.53384,49.07303],[105.53344,49.07276],[105.5331,49.07251],[105.53275,49.07222],[105.5324,49.07188],[105.53206,49.07151],[105.53113,49.0705],[105.53004,49.06931],[105.52894,49.06811],[105.52853,49.06768],[105.5281,49.06724],[105.52767,49.06689],[105.52716,49.06655],[105.52668,49.06627],[105.52605,49.06596],[105.52546,49.06569],[105.52488,49.06539],[105.52443,49.06511],[105.524,49.0648],[105.52365,49.06453],[105.52333,49.06423],[105.52232,49.06308],[105.52166,49.06248],[105.52086,49.06194],[105.51877,49.06089],[105.51773,49.06035],[105.51672,49.0599],[105.5151,49.05949],[105.51308,49.05908],[105.50938,49.05835],[105.5085,49.05814],[105.50767,49.05788],[105.50686,49.0575],[105.50608,49.05706],[105.50501,49.05625],[105.50377,49.0553],[105.5025,49.05438],[105.50113,49.05366],[105.50004,49.05318],[105.49871,49.05271],[105.49727,49.05235],[105.49541,49.05204],[105.4801,49.05078],[105.47499,49.05034],[105.45572,49.04879],[105.43994,49.0474],[105.41878,49.04564],[105.41454,49.0453],[105.41143,49.04505],[105.40858,49.04479],[105.40326,49.04434],[105.40015,49.04408],[105.39997,49.04406]]}},{"type":"Feature","properties":{},"geometry":{"type":"LineString","coordinates":[[106.14405,49.84102],[106.14385,49.84076],[106.14331,49.84003],[106.14303,49.83968],[106.14274,49.83936],[106.14238,49.83901],[106.14199,49.8387],[106.14161,49.83846],[106.14123,49.83822],[106.14028,49.8377],[106.13985,49.83747],[106.13962,49.83735],[106.13906,49.83704],[106.1382,49.83659],[106.13746,49.8362],[106.13629,49.83556],[106.13523,49.83499],[106.13421,49.83445],[106.13325,49.83393],[106.13225,49.83341],[106.13051,49.83248],[106.12856,49.83144],[106.12692,49.83056],[106.12505,49.82956],[106.12457,49.82931],[106.12337,49.82866],[106.12286,49.82839],[106.11206,49.8227],[106.10648,49.8199],[106.10242,49.81774],[106.10031,49.81651],[106.08353,49.80736],[106.07177,49.80121],[106.07064,49.80056],[106.06623,49.79667],[106.06173,49.79301],[106.05806,49.79124],[106.05512,49.78902],[106.05407,49.78632],[106.05412,49.78446],[106.05179,49.78143],[106.04702,49.78008],[106.04367,49.77892],[106.03604,49.77417],[106.03222,49.77052],[106.02928,49.7673],[106.0269,49.76406],[106.02511,49.75941],[106.02339,49.75645],[106.02208,49.75521],[106.02031,49.75394],[106.01859,49.75159],[106.01722,49.74809],[106.01744,49.74382],[106.01592,49.74169]]}},{"type":"Feature","properties":{},"geometry":{"type":"LineString","coordinates":[[106.16254,49.91517],[106.1612,49.91315]]}},{"type":"Feature","properties":{},"geometry":{"type":"LineString","coordinates":[[104.87612,48.96591],[104.87509,48.96747]]}},{"type":"Feature","properties":{},"geometry":{"type":"LineString","coordinates":[[104.87509,48.96747],[104.8738,48.96916],[104.8735,48.9694],[104.8732,48.96961],[104.87283,48.96986],[104.87247,48.97008],[104.87181,48.97041],[104.87113,48.97067],[104.87077,48.97079],[104.87042,48.9709],[104.86967,48.97109],[104.86904,48.97121],[104.86823,48.9713],[104.86745,48.97134],[104.86705,48.97134],[104.86667,48.97133],[104.86601,48.97129],[104.86535,48.97123],[104.85922,48.97071],[104.85308,48.97018],[104.84078,48.96914],[104.8333,48.9685],[104.8261,48.96789],[104.82264,48.96758],[104.81856,48.96724],[104.81734,48.96712],[104.81674,48.96702],[104.81618,48.96692],[104.81557,48.96678],[104.81524,48.9667],[104.81498,48.96663],[104.8144,48.96646],[104.81413,48.96637],[104.81386,48.96628],[104.81292,48.96594],[104.81122,48.9653],[104.80911,48.9645],[104.80605,48.96334],[104.79943,48.96087],[104.79699,48.95993],[104.79456,48.95896],[104.79376,48.95859],[104.79301,48.9582],[104.79245,48.95786],[104.79196,48.95752],[104.79153,48.95719],[104.79112,48.95683],[104.79105,48.95676],[104.79085,48.95657],[104.79057,48.95632],[104.79031,48.95603],[104.78948,48.95497],[104.78789,48.95274],[104.78626,48.95054],[104.78561,48.94979],[104.78492,48.9491],[104.78425,48.94851],[104.78354,48.94795],[104.78264,48.94732],[104.78172,48.94676],[104.77925,48.9453],[104.77707,48.94401],[104.77471,48.94253],[104.77398,48.94196],[104.77336,48.94133],[104.77273,48.94063],[104.77215,48.93975],[104.77095,48.93702],[104.76997,48.93458],[104.76894,48.93199],[104.76785,48.92998],[104.76631,48.92846],[104.76507,48.92753],[104.76374,48.92682],[104.76255,48.92629],[104.76044,48.9256],[104.75904,48.9252],[104.75816,48.92494],[104.73205,48.91771],[104.73038,48.91702],[104.72878,48.91616],[104.72774,48.91524],[104.69297,48.88132],[104.6913,48.87918],[104.69024,48.877],[104.68994,48.8754],[104.69001,48.87415],[104.69043,48.87221],[104.69144,48.87007],[104.69179,48.86889],[104.69175,48.86809],[104.69153,48.8674],[104.69115,48.86677],[104.69048,48.86598],[104.68975,48.86539],[104.68874,48.86483],[104.68781,48.86452],[104.68614,48.8642],[104.67837,48.86329],[104.67573,48.86348],[104.66938,48.86537],[104.66302,48.86819],[104.65844,48.86975],[104.65497,48.87052],[104.65193,48.87134],[104.65063,48.87153],[104.64944,48.87148],[104.64822,48.87122],[104.64739,48.87093],[104.64628,48.87033],[104.64534,48.86932],[104.64212,48.86335],[104.63961,48.85856],[104.63875,48.85676],[104.63786,48.85581],[104.63657,48.85504],[104.63497,48.85457],[104.63346,48.85452],[104.6322,48.85469],[104.63076,48.85505],[104.62902,48.85553],[104.62799,48.85575],[104.62705,48.85584],[104.62546,48.85573],[104.62442,48.85549],[104.61789,48.85365],[104.61571,48.85343],[104.61035,48.85387],[104.60876,48.85421],[104.60719,48.85465],[104.60599,48.85515],[104.59466,48.86165],[104.59238,48.86265],[104.59066,48.8631],[104.58908,48.86361],[104.58832,48.86387],[104.5878,48.86411],[104.58742,48.8643],[104.58506,48.86577],[104.57884,48.86968],[104.57448,48.87248],[104.57344,48.87314],[104.57257,48.8737],[104.57055,48.87506],[104.56986,48.87602],[104.5695,48.87735],[104.56899,48.88056],[104.56835,48.88234],[104.56745,48.88324],[104.56413,48.88643],[104.5631,48.88771],[104.56238,48.88903],[104.56063,48.89559],[104.55987,48.8974],[104.5588,48.89883],[104.5573,48.90026],[104.55508,48.90137],[104.55209,48.90263],[104.55003,48.90357],[104.54919,48.90422],[104.54831,48.90511],[104.54772,48.90603],[104.54743,48.90706],[104.54696,48.91241],[104.54687,48.91303],[104.54579,48.91532],[104.54487,48.91767],[104.54257,48.9227],[104.53728,48.93111],[104.53345,48.93666]]}},{"type":"Feature","properties":{},"geometry":{"type":"LineString","coordinates":[[111.00113,44.57732],[111.01122,44.57672],[111.0129,44.57653],[111.0138,44.57634],[111.01549,44.57593],[111.01693,44.57536],[111.01848,44.57451],[111.01986,44.5735],[111.02104,44.57234],[111.02335,44.56996],[111.02469,44.56886],[111.02631,44.56798],[111.02814,44.56734],[111.03724,44.56469],[111.04417,44.56267],[111.05102,44.56067],[111.05797,44.55864],[111.05962,44.55807],[111.06108,44.55732],[111.06233,44.5564],[111.06345,44.55537],[111.06461,44.55436],[111.06607,44.55352],[111.0678,44.55298],[111.06968,44.55274],[111.07164,44.5526],[111.07356,44.55226],[111.07532,44.55155],[111.07688,44.55062],[111.08124,44.54795],[111.08421,44.54614],[111.08561,44.54512],[111.09328,44.53865],[111.09579,44.53653],[111.09686,44.53537],[111.09749,44.53404],[111.09776,44.53264],[111.09853,44.52841],[111.09934,44.52421],[111.09974,44.52142],[111.09988,44.5207],[111.09986,44.51999],[111.09967,44.5188],[111.09852,44.5151],[111.09819,44.51392],[111.09807,44.51273],[111.0981,44.50931],[111.09806,44.50817],[111.09781,44.50701],[111.09731,44.50585],[111.09657,44.50469],[111.09562,44.5036],[111.09445,44.50257],[111.09317,44.50157],[111.0919,44.50056],[111.09073,44.49947],[111.08979,44.49826],[111.08913,44.49696],[111.08877,44.49564],[111.08859,44.49431],[111.08829,44.49167],[111.08805,44.49041],[111.0879,44.48912],[111.08755,44.48662],[111.08755,44.48541],[111.08768,44.48424],[111.08786,44.48309],[111.08809,44.48195],[111.0885,44.48084],[111.08912,44.47976],[111.08994,44.47872],[111.09088,44.47772],[111.09693,44.47141],[111.09796,44.47029],[111.09873,44.46905],[111.09917,44.46773],[111.10048,44.45809],[111.10054,44.45757],[111.10056,44.45692],[111.10044,44.4559],[111.10023,44.45499],[111.10002,44.45374],[111.1,44.4534],[111.09999,44.45286],[111.09955,44.45004],[111.09925,44.44773],[111.09887,44.44526],[111.09873,44.44426],[111.09854,44.44322],[111.09838,44.44209],[111.09805,44.43988],[111.09794,44.43906],[111.09779,44.43838],[111.09773,44.43813],[111.09735,44.43553],[111.09718,44.43446],[111.09708,44.4337],[111.09706,44.43329],[111.09708,44.43292],[111.09719,44.43228],[111.09737,44.43175],[111.09761,44.43125],[111.09832,44.4303],[111.09874,44.4299],[111.0993,44.42945],[111.10046,44.42877],[111.10179,44.42825],[111.10937,44.4254],[111.11407,44.42365],[111.11981,44.42151],[111.12584,44.41925],[111.12735,44.41866],[111.12869,44.41792],[111.12977,44.41698],[111.13767,44.40816],[111.13874,44.40711],[111.14,44.40617],[111.14144,44.40538]]}},{"type":"Feature","properties":{},"geometry":{"type":"LineString","coordinates":[[106.66838,48.83851],[106.66853,48.83839],[106.66867,48.83828],[106.66897,48.83801],[106.66925,48.83773],[106.66959,48.83731],[106.66976,48.83707],[106.66989,48.83687],[106.67012,48.83642],[106.6703,48.83598],[106.67094,48.83414],[106.6719,48.8314],[106.67286,48.82865],[106.67307,48.82817],[106.67331,48.8277],[106.67351,48.82741],[106.67372,48.82716],[106.6741,48.82678],[106.6745,48.8264],[106.67544,48.82567],[106.67728,48.82427],[106.67797,48.82375],[106.68567,48.81782],[106.68638,48.81725],[106.68712,48.81667],[106.68788,48.81615],[106.68832,48.81591],[106.68878,48.81572],[106.68916,48.81557],[106.68962,48.81545],[106.69013,48.81534],[106.69109,48.81515],[106.69161,48.81506],[106.69212,48.81495],[106.69264,48.81478],[106.69313,48.8146],[106.69353,48.8144],[106.69389,48.81421],[106.69424,48.81397],[106.69456,48.81372],[106.69474,48.81353],[106.69493,48.81333],[106.6952,48.81293],[106.69537,48.81261],[106.69552,48.81222],[106.69559,48.81184],[106.69571,48.8105],[106.69576,48.80983],[106.69582,48.80948],[106.6959,48.80914],[106.696,48.80888],[106.69612,48.80863],[106.69627,48.80834],[106.69649,48.80802],[106.69671,48.80774],[106.69696,48.80747],[106.69724,48.80721],[106.69766,48.8069],[106.69892,48.80615],[106.70075,48.80516],[106.70256,48.80418],[106.704,48.80337],[106.70548,48.80257],[106.70705,48.8017],[106.70751,48.80144],[106.70803,48.80116],[106.7086,48.80084],[106.70977,48.80021],[106.71092,48.79953],[106.71136,48.7992],[106.71177,48.79883],[106.71213,48.79846],[106.71249,48.79807],[106.71276,48.7976],[106.71284,48.79745],[106.71289,48.79735],[106.71299,48.79711],[106.7131,48.79681],[106.71317,48.79646],[106.71321,48.79612],[106.71321,48.7956],[106.71319,48.79529],[106.71315,48.79496],[106.713,48.7943],[106.71283,48.79363],[106.71234,48.79159],[106.71186,48.78957],[106.71169,48.7887],[106.71166,48.78826],[106.71166,48.78786],[106.71166,48.78761],[106.71171,48.78731],[106.7118,48.78699],[106.71194,48.7866],[106.71279,48.78473],[106.71294,48.78439],[106.71304,48.78417],[106.71312,48.78402],[106.71339,48.78337],[106.71357,48.78271],[106.71364,48.78197]]}},{"type":"Feature","properties":{},"geometry":{"type":"LineString","coordinates":[[105.94174,49.4261],[105.9418,49.4256],[105.94196,49.42479],[105.94201,49.42451],[105.94203,49.42415],[105.94204,49.4239],[105.94203,49.42357],[105.94202,49.42327],[105.94188,49.42094],[105.94152,49.41571],[105.94148,49.41544],[105.94144,49.41519],[105.94138,49.41495],[105.9413,49.4147],[105.94119,49.41443],[105.94106,49.41416],[105.9409,49.41387],[105.94067,49.41351],[105.94044,49.41323],[105.94025,49.41301],[105.93999,49.41275],[105.93969,49.41248],[105.93936,49.41222],[105.93377,49.40784],[105.93362,49.40772],[105.93152,49.40607],[105.93022,49.40503],[105.92953,49.40452],[105.92912,49.4042],[105.92904,49.40413],[105.92871,49.40386],[105.92856,49.40372],[105.92833,49.40351],[105.92805,49.40321],[105.92773,49.40287],[105.92745,49.40251],[105.92737,49.4024],[105.92703,49.4019],[105.92671,49.40136],[105.92669,49.40131],[105.92627,49.40032],[105.92595,49.39936],[105.9254,49.39773],[105.92505,49.39669],[105.92462,49.3954],[105.92321,49.39129],[105.92198,49.38765],[105.9218,49.38722],[105.92162,49.38685],[105.92142,49.38648],[105.92118,49.3861],[105.92092,49.38575],[105.92063,49.38538],[105.92031,49.38503],[105.9196,49.38435],[105.91433,49.37988],[105.91237,49.37821],[105.91146,49.37744],[105.91053,49.37666],[105.91007,49.37627],[105.90961,49.37588],[105.90917,49.37549],[105.90875,49.37508],[105.90834,49.37463],[105.90799,49.37421],[105.90771,49.3738],[105.90743,49.37338],[105.90723,49.37299],[105.90706,49.3726],[105.9068,49.37184],[105.90669,49.37132],[105.90659,49.37066],[105.90644,49.36945],[105.90572,49.36327],[105.90525,49.35915],[105.90505,49.35814],[105.90477,49.35716],[105.90412,49.35464],[105.90345,49.35212],[105.903,49.3504],[105.90288,49.34981],[105.90283,49.34923],[105.90284,49.34884],[105.90288,49.34841],[105.90297,49.34798],[105.90308,49.34761],[105.90325,49.34717],[105.90345,49.34676],[105.90373,49.3463],[105.90402,49.34587],[105.90525,49.3444],[105.90585,49.34366],[105.90611,49.34329],[105.90637,49.34289],[105.90655,49.34252],[105.90673,49.34216],[105.90704,49.34141],[105.90856,49.33765],[105.91097,49.33167],[105.91134,49.33056],[105.91164,49.32944],[105.91197,49.32804],[105.91231,49.32669],[105.91234,49.32652],[105.91294,49.32403],[105.91336,49.32221],[105.91357,49.32141],[105.91383,49.32068],[105.91389,49.32053],[105.91398,49.32036],[105.91416,49.32006],[105.91436,49.31977],[105.9146,49.31949],[105.91519,49.31888],[105.91776,49.31651],[105.91818,49.31612],[105.91902,49.3151],[105.91937,49.31459],[105.91969,49.31406],[105.91992,49.31358],[105.92012,49.31311],[105.92048,49.31197],[105.92057,49.31146],[105.92062,49.31097],[105.92064,49.31047],[105.92063,49.30997],[105.92059,49.30954],[105.92046,49.30889],[105.92032,49.3083],[105.91983,49.30701],[105.9188,49.30439],[105.91795,49.30239],[105.91779,49.30195],[105.91759,49.30152],[105.91703,49.30052],[105.91607,49.29897],[105.91588,49.29876],[105.91462,49.29738],[105.91126,49.29424],[105.9096,49.29264],[105.90792,49.29107],[105.90744,49.29064],[105.90696,49.29022],[105.90598,49.28951],[105.90536,49.28912],[105.90469,49.28874],[105.90329,49.28805],[105.90056,49.28671],[105.89933,49.28607],[105.89901,49.28588],[105.89874,49.28569],[105.89846,49.28545],[105.89828,49.28524],[105.89811,49.285],[105.89796,49.28471],[105.89789,49.28452],[105.89784,49.28431],[105.8978,49.28384],[105.89787,49.28352],[105.89797,49.28319],[105.8983,49.28246],[105.89877,49.28153],[105.89911,49.28085],[105.89959,49.27985],[105.89981,49.27926],[105.89987,49.279],[105.89992,49.27869],[105.89995,49.27806],[105.89983,49.27743],[105.89974,49.27708],[105.8996,49.27677],[105.89927,49.27615],[105.89842,49.27479],[105.89752,49.27341],[105.89713,49.27283],[105.89678,49.27225],[105.89669,49.27209],[105.89662,49.27188],[105.89653,49.27152],[105.89651,49.27128],[105.89653,49.27104],[105.8966,49.27043],[105.89671,49.26971],[105.89693,49.26874],[105.89709,49.26845],[105.89728,49.26815],[105.89777,49.2676],[105.89854,49.26683],[105.89884,49.26641],[105.89897,49.26614],[105.89904,49.26581],[105.89908,49.26554],[105.89905,49.2651],[105.89887,49.26461],[105.89877,49.26443],[105.89862,49.26423],[105.89829,49.26389],[105.89748,49.26326],[105.89674,49.26267],[105.89651,49.26247],[105.89626,49.2622],[105.89609,49.26194],[105.89592,49.26165],[105.89583,49.26137],[105.89577,49.26104],[105.89581,49.26032],[105.89599,49.25905],[105.89607,49.25831],[105.89599,49.25725],[105.89589,49.2568],[105.89573,49.25607],[105.89552,49.25532],[105.89505,49.25363],[105.89476,49.25264],[105.8945,49.25195],[105.8939,49.25063],[105.89356,49.24998],[105.89316,49.24936],[105.89273,49.24874],[105.89228,49.24816],[105.89182,49.24758],[105.89133,49.24706],[105.89072,49.24643],[105.8901,49.24586],[105.88941,49.24525],[105.88868,49.24468],[105.88773,49.24398],[105.88674,49.24335],[105.88573,49.24274],[105.88466,49.24218],[105.88386,49.24178],[105.88299,49.24141],[105.88218,49.24106],[105.88137,49.24077],[105.87681,49.23931],[105.87449,49.23863],[105.86851,49.23686],[105.86625,49.23607],[105.8649,49.23542],[105.86436,49.23507],[105.8638,49.23466],[105.86305,49.23393],[105.86242,49.23314],[105.86218,49.23272],[105.86201,49.23237],[105.8618,49.23166],[105.86162,49.23087],[105.8617,49.22931],[105.86188,49.22675],[105.86208,49.22392],[105.86212,49.22211],[105.86183,49.2212],[105.86132,49.22024],[105.85729,49.21415],[105.85528,49.21111],[105.85499,49.21022],[105.85494,49.20946],[105.85507,49.20862],[105.85589,49.20748],[105.85696,49.20665],[105.85743,49.20633],[105.85818,49.20587],[105.86005,49.20465],[105.86105,49.20399],[105.86277,49.20288],[105.86416,49.20199],[105.86519,49.20131],[105.86566,49.20097],[105.86608,49.20061],[105.86641,49.20032],[105.86684,49.1999],[105.86739,49.19923],[105.86748,49.1991],[105.86784,49.19861],[105.86807,49.1982],[105.86836,49.19762],[105.8685,49.19726],[105.86858,49.19699],[105.86865,49.19679],[105.86884,49.1961],[105.86903,49.19537],[105.86919,49.19481],[105.86926,49.19457],[105.86928,49.19451],[105.86947,49.19382],[105.86959,49.19349],[105.86973,49.19318],[105.86989,49.19292],[105.87011,49.19259],[105.87058,49.19207],[105.87123,49.19143],[105.87205,49.19071],[105.87289,49.18994],[105.87353,49.18938],[105.8745,49.18838],[105.87494,49.18772],[105.87524,49.18709],[105.87537,49.1866],[105.87543,49.1861],[105.87543,49.18544],[105.87532,49.18474],[105.87479,49.18374],[105.87411,49.18288],[105.87099,49.17941],[105.86855,49.17671],[105.86615,49.17407],[105.86543,49.17338],[105.86463,49.17278],[105.86303,49.17177],[105.8597,49.16973],[105.85865,49.16897],[105.85811,49.16842],[105.85767,49.16773],[105.85752,49.16723],[105.85748,49.16697],[105.85747,49.16664],[105.85754,49.1661],[105.85773,49.16549],[105.85805,49.16505],[105.85848,49.16457],[105.8597,49.16369],[105.86329,49.16132],[105.86689,49.15889],[105.8705,49.15647],[105.87246,49.15515],[105.87996,49.15006],[105.88153,49.14899],[105.88234,49.14821],[105.88286,49.14755],[105.88332,49.14645],[105.88343,49.14597],[105.88346,49.14546],[105.88282,49.14218],[105.88242,49.14015],[105.88237,49.13965],[105.88238,49.13912],[105.88246,49.13861],[105.88255,49.13815],[105.88265,49.13787],[105.88299,49.13706],[105.88361,49.13614],[105.88428,49.13541],[105.88501,49.13479],[105.88696,49.13328],[105.888,49.13237],[105.88837,49.13198],[105.88877,49.13153],[105.88942,49.13062],[105.88975,49.13006],[105.88996,49.12957],[105.89012,49.12909],[105.89021,49.12883],[105.89028,49.12847],[105.89037,49.12787],[105.89036,49.12659],[105.8904,49.12467],[105.89044,49.12352],[105.89048,49.12225],[105.89054,49.12144],[105.8906,49.11955],[105.89066,49.11724],[105.89075,49.11454],[105.89079,49.11341],[105.89083,49.11282],[105.89091,49.11228],[105.8911,49.1116],[105.89129,49.11108],[105.89151,49.11061],[105.89173,49.1101],[105.8919,49.10975],[105.89196,49.10961],[105.89301,49.10731],[105.89399,49.10486],[105.89418,49.10368],[105.89428,49.10254],[105.89415,49.10123],[105.89385,49.09995],[105.8932,49.09797],[105.89174,49.09333],[105.88911,49.08524],[105.88688,49.07836],[105.88636,49.07726],[105.88601,49.07668],[105.8855,49.07603],[105.88497,49.07541],[105.88438,49.07481],[105.88303,49.07371],[105.88031,49.07167],[105.87951,49.07058],[105.87931,49.07026],[105.87916,49.06992],[105.87903,49.06945],[105.87895,49.06899],[105.87891,49.06838],[105.87915,49.06732],[105.87971,49.066],[105.88039,49.06448],[105.88108,49.06314],[105.88371,49.05882],[105.88444,49.05757],[105.88527,49.05632],[105.88598,49.05549],[105.88693,49.05464],[105.88899,49.05334],[105.89254,49.05169],[105.89537,49.05049],[105.89832,49.04941],[105.90899,49.04564],[105.91688,49.04286],[105.91818,49.04213],[105.9188,49.04162],[105.9194,49.04107],[105.92187,49.03924],[105.92323,49.03771],[105.92405,49.03666],[105.9245,49.03607],[105.92497,49.03517],[105.92526,49.03422],[105.9262,49.03113],[105.92661,49.02968],[105.92681,49.02896],[105.92698,49.02817],[105.92684,49.02741],[105.92668,49.02682],[105.9264,49.02625],[105.92607,49.02568]]}},{"type":"Feature","properties":{},"geometry":{"type":"LineString","coordinates":[[106.79685,48.46551],[106.79655,48.46523],[106.79497,48.46335],[106.79431,48.46265],[106.77676,48.44619],[106.77612,48.44572],[106.77544,48.44532],[106.77267,48.44424],[106.7721,48.44398],[106.77144,48.44359],[106.77063,48.44295],[106.76317,48.43631],[106.76215,48.43535],[106.76152,48.43466],[106.7609,48.43377],[106.76039,48.43275],[106.74656,48.39178],[106.74599,48.39056],[106.74337,48.38555],[106.74304,48.38479],[106.74281,48.38401],[106.74268,48.38326],[106.74266,48.38247],[106.74276,48.37958],[106.74283,48.37769],[106.7431,48.37622],[106.74341,48.37536],[106.74345,48.37527],[106.74834,48.36329],[106.75137,48.35667],[106.75386,48.3507],[106.7541,48.34987],[106.75422,48.34913],[106.7544,48.34453],[106.75478,48.33387],[106.75472,48.33306],[106.7545,48.33232],[106.75416,48.33165],[106.75341,48.33074],[106.75307,48.33041],[106.7523,48.32982],[106.74885,48.32728],[106.7483,48.32675],[106.7479,48.32624],[106.74759,48.3257],[106.74736,48.32518],[106.74722,48.32464],[106.74648,48.31939],[106.74618,48.31842],[106.73308,48.28919]]}},{"type":"Feature","properties":{},"geometry":{"type":"LineString","coordinates":[[106.79656,48.57149],[106.7989,48.57138],[106.80123,48.57126],[106.80245,48.57107],[106.80421,48.57062],[106.8048,48.5704],[106.80592,48.5699],[106.82019,48.56213],[106.8225,48.56084],[106.82306,48.56048],[106.82355,48.56008],[106.82393,48.55962],[106.82418,48.5591],[106.82439,48.55844],[106.82509,48.54832],[106.82528,48.54761],[106.82563,48.547],[106.82653,48.54607],[106.82917,48.54373],[106.82963,48.54341],[106.83013,48.54312],[106.83097,48.54276],[106.83225,48.54238],[106.8342,48.5419],[106.83566,48.54134],[106.83611,48.54109],[106.83738,48.54024],[106.83891,48.53915],[106.83944,48.53872],[106.83982,48.53824],[106.84012,48.53765],[106.84024,48.53704],[106.84024,48.53701]]}},{"type":"Feature","properties":{},"geometry":{"type":"LineString","coordinates":[[109.42031,46.24183],[109.41994,46.24124],[109.4196,46.24055],[109.41928,46.23965],[109.41915,46.23911],[109.41909,46.23859],[109.41907,46.23802],[109.41908,46.23759],[109.41914,46.23716],[109.41922,46.23667],[109.41935,46.23615],[109.41951,46.23565],[109.41987,46.23479],[109.41991,46.2347],[109.42084,46.23277],[109.42226,46.22975],[109.42354,46.22705],[109.42548,46.22293],[109.42653,46.22068],[109.4267,46.22025],[109.42686,46.2198],[109.427,46.21923],[109.42714,46.21842],[109.42717,46.21755],[109.42714,46.21684],[109.42705,46.21624],[109.42692,46.21562],[109.42662,46.2148],[109.42624,46.21397],[109.42571,46.21307],[109.42368,46.21007],[109.42195,46.20755],[109.42125,46.20647],[109.42078,46.20557],[109.4204,46.20448],[109.42017,46.20337],[109.42009,46.20237],[109.42025,46.20078],[109.42066,46.19795]]}},{"type":"Feature","properties":{},"geometry":{"type":"LineString","coordinates":[[106.8774,47.90819],[106.87838,47.90818],[106.87844,47.90818],[106.87942,47.90817],[106.87983,47.90815],[106.8801,47.90814],[106.88059,47.90811],[106.88104,47.9081],[106.88386,47.90806],[106.89107,47.90797],[106.89134,47.90798],[106.89203,47.908],[106.89225,47.90801],[106.89241,47.90801]]}},{"type":"Feature","properties":{},"geometry":{"type":"LineString","coordinates":[[106.93325,47.90751],[106.93265,47.90752]]}},{"type":"Feature","properties":{},"geometry":{"type":"LineString","coordinates":[[107.01436,47.90315],[107.0135,47.90316],[107.0099,47.90317],[107.00952,47.90316],[107.0089,47.90314],[107.00775,47.90314],[107.00708,47.90315],[107.00582,47.90316],[107.00541,47.90315],[107,47.90321],[106.99803,47.90335],[106.99696,47.90347],[106.98297,47.90539],[106.9811,47.90565],[106.97346,47.90672],[106.97295,47.90678],[106.97241,47.90684],[106.97184,47.9069],[106.97133,47.90694],[106.97068,47.90698],[106.96975,47.90701],[106.96915,47.90702],[106.96742,47.90705],[106.96541,47.90708],[106.96393,47.90709],[106.96367,47.90709],[106.9627,47.90712],[106.96129,47.90714],[106.95603,47.90721],[106.95031,47.90729],[106.9461,47.90734],[106.94424,47.90736],[106.94344,47.90739],[106.94337,47.90739],[106.9432,47.90739],[106.9431,47.90739],[106.93903,47.90744],[106.93787,47.90746],[106.9346,47.9075],[106.93325,47.90751]]}},{"type":"Feature","properties":{},"geometry":{"type":"LineString","coordinates":[[107.03048,47.90064],[107.02904,47.90124]]}},{"type":"Feature","properties":{},"geometry":{"type":"LineString","coordinates":[[106.8302,47.90754],[106.83062,47.90767]]}},{"type":"Feature","properties":{},"geometry":{"type":"LineString","coordinates":[[106.83062,47.90879],[106.83014,47.9088]]}},{"type":"Feature","properties":{},"geometry":{"type":"LineString","coordinates":[[106.72908,47.90345],[106.72847,47.90339],[106.72452,47.90302],[106.72341,47.90295],[106.72286,47.90296],[106.72223,47.903],[106.72163,47.90307],[106.72101,47.90317],[106.72019,47.90335],[106.71888,47.90369],[106.70475,47.90723],[106.70195,47.90793],[106.70133,47.90807],[106.70088,47.90815],[106.70016,47.90824],[106.69958,47.90827],[106.6995,47.90828],[106.69874,47.90828],[106.69789,47.90823],[106.69713,47.90814],[106.69623,47.90795],[106.69536,47.90769],[106.69444,47.90731],[106.69376,47.90695],[106.69287,47.90637],[106.69146,47.90536],[106.68976,47.90417],[106.6886,47.90335],[106.68674,47.90202],[106.68574,47.90146],[106.6849,47.90107],[106.68386,47.90069],[106.68263,47.90034],[106.68188,47.9002],[106.68108,47.90009],[106.68023,47.90002],[106.67725,47.89981],[106.67568,47.89971],[106.675,47.8997],[106.67435,47.89974],[106.67375,47.89982],[106.67305,47.89994],[106.67243,47.9001],[106.67179,47.90031],[106.67099,47.90063],[106.6701,47.90098],[106.66924,47.90127],[106.66855,47.90144],[106.66771,47.90155],[106.66691,47.9016],[106.66621,47.90159]]}},{"type":"Feature","properties":{},"geometry":{"type":"LineString","coordinates":[[106.8367,47.90868],[106.83763,47.90861],[106.83789,47.90859],[106.83832,47.90855],[106.83873,47.90851],[106.84433,47.90845],[106.84501,47.90843],[106.84769,47.9084],[106.84836,47.90834]]}},{"type":"Feature","properties":{},"geometry":{"type":"LineString","coordinates":[[107.03183,47.90007],[107.03048,47.90064]]}},{"type":"Feature","properties":{},"geometry":{"type":"LineString","coordinates":[[107.11859,47.86197],[107.1161,47.86195]]}},{"type":"Feature","properties":{},"geometry":{"type":"LineString","coordinates":[[107.02354,47.91437],[107.02279,47.91431],[107.01871,47.91401],[107.01839,47.91398],[107.0181,47.91395],[107.0179,47.91392],[107.01764,47.91386],[107.01743,47.91379],[107.01723,47.91371],[107.01707,47.91363],[107.01693,47.91354],[107.01679,47.91345],[107.0166,47.91331],[107.01644,47.91316],[107.01637,47.91306]]}},{"type":"Feature","properties":{},"geometry":{"type":"LineString","coordinates":[[107.11565,47.86195],[107.11475,47.86187],[107.1138,47.86188],[107.11331,47.86192],[107.11201,47.86212],[107.11088,47.86244],[107.11026,47.86265],[107.10969,47.86291],[107.10922,47.86316],[107.10865,47.86351],[107.108,47.86404],[107.10764,47.8644],[107.10742,47.86466],[107.10709,47.86509],[107.10661,47.86596],[107.10614,47.86687],[107.10589,47.86732]]}},{"type":"Feature","properties":{},"geometry":{"type":"LineString","coordinates":[[106.87043,47.90596],[106.87042,47.90624],[106.87042,47.9064],[106.87043,47.9065],[106.87049,47.90673],[106.87063,47.90698],[106.87083,47.90725],[106.871,47.90743],[106.87126,47.90762],[106.87158,47.90778],[106.872,47.90796],[106.87233,47.90806],[106.87278,47.90814],[106.87348,47.9082],[106.87359,47.90819],[106.87466,47.90823]]}},{"type":"Feature","properties":{},"geometry":{"type":"LineString","coordinates":[[106.87046,47.9054],[106.87043,47.90596]]}},{"type":"Feature","properties":{},"geometry":{"type":"LineString","coordinates":[[105.25926,49.01325],[105.25844,49.01318],[105.25774,49.01307],[105.25712,49.01293],[105.25621,49.01261],[105.25158,49.01079],[105.24903,49.00983],[105.24661,49.00869],[105.24486,49.00741],[105.24136,49.00473],[105.23757,49.00275],[105.23197,49.00043],[105.22409,48.99801],[105.22027,48.99685],[105.21647,48.99569],[105.21348,48.99477],[105.21259,48.9945],[105.21198,48.99434],[105.21122,48.99417],[105.21045,48.99402],[105.20974,48.99391],[105.20902,48.99383],[105.20831,48.99378],[105.20758,48.99375],[105.20665,48.99375],[105.20617,48.99377],[105.20572,48.9938],[105.20527,48.99382],[105.20481,48.99387],[105.20391,48.99398],[105.20208,48.99431],[105.20024,48.99464],[105.19655,48.99531],[105.19542,48.99556],[105.19486,48.99572],[105.19432,48.99588],[105.19319,48.99631],[105.19263,48.99654],[105.1921,48.99679],[105.19083,48.9975],[105.18819,48.99903],[105.18627,49.00015],[105.18098,49.00321],[105.17977,49.00388],[105.17941,49.00404],[105.17904,49.00419],[105.17867,49.0043],[105.17829,49.00441],[105.17791,49.0045],[105.1775,49.00458],[105.17709,49.00464],[105.17668,49.00468],[105.17641,49.0047],[105.17611,49.00471],[105.17554,49.00471],[105.17497,49.00468],[105.17468,49.00464],[105.17441,49.0046],[105.17398,49.00454],[105.17357,49.00446],[105.17308,49.00433],[105.17274,49.00424],[105.17242,49.00413],[105.17211,49.004],[105.17181,49.00387],[105.1716,49.00376],[105.1713,49.00359],[105.17101,49.00341],[105.17063,49.00317],[105.16932,49.00231],[105.16896,49.0021],[105.16856,49.0019],[105.16816,49.00174],[105.16779,49.00162],[105.16743,49.00151],[105.16707,49.00143],[105.16671,49.00137],[105.16634,49.00133],[105.16596,49.0013],[105.16522,49.00125],[105.16449,49.00118],[105.16411,49.00113],[105.1637,49.00106],[105.16331,49.00096],[105.16311,49.0009],[105.16291,49.00084],[105.16254,49.0007],[105.16193,49.00042],[105.16135,49.00013],[105.16091,48.99992],[105.16046,48.99972],[105.15994,48.99955],[105.1594,48.99941],[105.15895,48.99932],[105.1585,48.99926],[105.15793,48.99922],[105.15741,48.99923],[105.1564,48.99928],[105.15535,48.99933],[105.15494,48.99933],[105.15454,48.99932],[105.15405,48.99927],[105.15376,48.99923],[105.15358,48.9992],[105.15333,48.99915],[105.15302,48.99907],[105.15265,48.99896],[105.15221,48.9988],[105.15194,48.99869],[105.15169,48.99858],[105.15144,48.99845],[105.1512,48.9983],[105.15098,48.99815],[105.15074,48.99797],[105.15052,48.99777],[105.15043,48.99768],[105.15034,48.99758],[105.15017,48.99736],[105.14952,48.99656],[105.14913,48.99605],[105.14874,48.99555],[105.14795,48.99458],[105.14708,48.99352],[105.14617,48.99245],[105.14582,48.99203],[105.14546,48.99158],[105.14482,48.99081],[105.14442,48.99032],[105.14332,48.98902],[105.14295,48.98868],[105.1427,48.98851],[105.14237,48.9883],[105.14202,48.98812],[105.14164,48.98795],[105.14124,48.9878],[105.14105,48.98774],[105.14086,48.98769],[105.14047,48.98759],[105.14009,48.98752],[105.13971,48.98747],[105.13938,48.98744],[105.13904,48.98743],[105.137,48.98742],[105.13649,48.9874],[105.13623,48.98739],[105.13599,48.98736],[105.13573,48.98734],[105.13548,48.9873],[105.13522,48.98725],[105.13499,48.98719],[105.13462,48.9871],[105.13428,48.98698],[105.13395,48.98686],[105.13365,48.98672],[105.13341,48.9866],[105.1332,48.98648],[105.13299,48.98635],[105.13285,48.98625],[105.13271,48.98614],[105.13257,48.98602],[105.13244,48.98591],[105.1322,48.98567],[105.13209,48.98554],[105.13199,48.9854],[105.13188,48.98525],[105.13178,48.98509],[105.13171,48.98494],[105.13162,48.98476],[105.13153,48.98448],[105.13148,48.98425],[105.13145,48.98404],[105.13145,48.98386],[105.13145,48.98373],[105.13146,48.9836],[105.13149,48.98345],[105.13151,48.9833],[105.13195,48.98184],[105.13201,48.98148],[105.13202,48.98122],[105.132,48.98084],[105.13196,48.98065],[105.13191,48.98047],[105.13184,48.98029],[105.13177,48.98012],[105.1316,48.97979],[105.13139,48.97952],[105.13116,48.97927],[105.13084,48.97897],[105.13049,48.97872],[105.13029,48.97859],[105.13008,48.97847],[105.12965,48.97826],[105.12926,48.9781],[105.12886,48.97796],[105.12847,48.97786],[105.12809,48.97777],[105.12771,48.9777],[105.12732,48.97766],[105.12697,48.97764],[105.12662,48.97763],[105.12627,48.97763],[105.12592,48.97765],[105.12556,48.97768],[105.12522,48.97773],[105.12472,48.97783],[105.12381,48.97809],[105.1219,48.97865],[105.11809,48.9798],[105.10871,48.9826],[105.10826,48.98272],[105.09623,48.98627],[105.09554,48.98644],[105.09479,48.98658],[105.09408,48.98669],[105.09338,48.98677],[105.09274,48.98683],[105.09211,48.98685],[105.09146,48.98687],[105.09084,48.98686],[105.08993,48.98682],[105.0765,48.98554],[105.07475,48.98518],[105.07405,48.98492],[105.07355,48.98471],[105.07324,48.98456],[105.07295,48.98441],[105.07268,48.98425],[105.07243,48.98409],[105.07226,48.98398],[105.0721,48.98386],[105.07178,48.98361],[105.0712,48.9831],[105.06576,48.97824],[105.06243,48.97528],[105.06181,48.97473],[105.06123,48.97416],[105.06083,48.97375],[105.06013,48.97297],[105.05946,48.97216],[105.05892,48.97152],[105.05838,48.97087],[105.05825,48.9707],[105.05813,48.97051],[105.05803,48.97033],[105.05795,48.97015],[105.05787,48.96997],[105.05781,48.96978],[105.05777,48.96959],[105.05773,48.96939],[105.05772,48.96916],[105.05773,48.96892],[105.05787,48.96785],[105.05787,48.96763],[105.05786,48.96739],[105.05781,48.96707],[105.05774,48.96683],[105.05765,48.96662],[105.05754,48.9664],[105.0574,48.96619],[105.05724,48.96598],[105.05707,48.96579],[105.05691,48.96563],[105.05673,48.96547],[105.05647,48.96526],[105.05618,48.96507],[105.0559,48.9649],[105.05562,48.96475],[105.05509,48.96453],[105.0536,48.96395],[105.05324,48.96379],[105.05291,48.96361],[105.05258,48.96341],[105.05242,48.96329],[105.05227,48.96317],[105.05206,48.96301],[105.05196,48.96291],[105.05188,48.96282],[105.05172,48.96263],[105.05157,48.96244],[105.05145,48.96224],[105.05131,48.96198],[105.0512,48.96173],[105.05113,48.9615],[105.05108,48.96128],[105.05069,48.95913],[105.05063,48.95895],[105.05055,48.95867],[105.05042,48.95838],[105.0503,48.95815],[105.04967,48.95744],[105.04888,48.95674],[105.04796,48.95621],[105.04696,48.95582],[105.04529,48.95543],[105.04357,48.95515],[105.03513,48.95373],[105.03042,48.9529],[105.01108,48.94967],[105.00153,48.94804],[104.99624,48.94715],[104.99276,48.94652],[104.99126,48.94626],[104.98973,48.94601],[104.98946,48.94597],[104.98852,48.94582],[104.98215,48.94474],[104.9799,48.94435],[104.97561,48.94363],[104.97366,48.9433],[104.97229,48.9431],[104.97089,48.94296],[104.96966,48.94286],[104.96847,48.94281],[104.96725,48.94279],[104.96661,48.94278],[104.96591,48.9428],[104.96525,48.94283],[104.96458,48.94287],[104.96192,48.94314],[104.95964,48.94348],[104.95907,48.94359],[104.95853,48.94371],[104.95746,48.94398],[104.95502,48.94464],[104.94991,48.94611],[104.94423,48.94773],[104.93853,48.94938],[104.93013,48.95177],[104.92274,48.9539],[104.91845,48.95511],[104.9135,48.95655],[104.91089,48.95729],[104.91026,48.95748],[104.90967,48.9577],[104.90906,48.95795],[104.9085,48.95823],[104.90701,48.959],[104.90668,48.95917],[104.90633,48.95933],[104.90615,48.9594],[104.90597,48.95946],[104.90557,48.95958],[104.90445,48.95986],[104.9039,48.96004],[104.9034,48.96023],[104.90288,48.9605],[104.90266,48.96063],[104.90234,48.96086],[104.90203,48.96111],[104.90052,48.9624],[104.89975,48.96307],[104.89934,48.96339],[104.89894,48.96367],[104.8987,48.9638],[104.89859,48.96386],[104.8984,48.96395],[104.89803,48.96409],[104.89733,48.96433],[104.89658,48.9646],[104.89584,48.96484],[104.8954,48.96496],[104.89495,48.96505],[104.89468,48.96509],[104.89441,48.96513],[104.89387,48.96518],[104.89338,48.96517],[104.89301,48.96516],[104.89258,48.96511],[104.89219,48.96504],[104.89074,48.96477],[104.88887,48.9644],[104.887,48.96402],[104.8852,48.96367],[104.88344,48.96332],[104.88283,48.96321],[104.88222,48.96314],[104.88192,48.96312],[104.88163,48.96311],[104.88104,48.96312],[104.88054,48.96317],[104.88005,48.96325],[104.87957,48.96335],[104.87914,48.96349],[104.87871,48.96365],[104.8783,48.96383],[104.87795,48.96401],[104.87762,48.96421],[104.87728,48.96447],[104.87701,48.96473],[104.87675,48.96502],[104.8765,48.96534],[104.87612,48.96591]]}},{"type":"Feature","properties":{},"geometry":{"type":"LineString","coordinates":[[105.39936,49.04401],[105.39639,49.04376],[105.39279,49.04345],[105.39213,49.04343],[105.39141,49.04344],[105.39027,49.04354],[105.38917,49.04374],[105.38796,49.04411],[105.38758,49.04426],[105.38721,49.04441],[105.38651,49.04478],[105.38335,49.04683],[105.37831,49.05011],[105.37215,49.05405],[105.37067,49.05473],[105.36971,49.05504],[105.36874,49.05524],[105.36821,49.05532],[105.36768,49.05535],[105.3672,49.0554],[105.3666,49.0554],[105.36608,49.05539],[105.36555,49.05535],[105.36497,49.05529],[105.36419,49.05517],[105.36325,49.05491],[105.36249,49.05464],[105.36122,49.05407],[105.35975,49.05342],[105.35844,49.05301],[105.35501,49.05245],[105.3498,49.05169],[105.3448,49.05093],[105.34285,49.05036],[105.3414,49.04979],[105.33993,49.04882],[105.33847,49.04763],[105.33658,49.04566],[105.33502,49.04412],[105.33297,49.04207],[105.33153,49.04082],[105.32976,49.03982],[105.3216,49.03538],[105.31711,49.03294],[105.3153,49.03194],[105.31425,49.03101],[105.31321,49.02954],[105.31232,49.02808],[105.31127,49.02639],[105.31026,49.0253],[105.30892,49.0242],[105.30704,49.02298],[105.30436,49.0206],[105.30188,49.0187],[105.29986,49.01714],[105.29732,49.01625],[105.29122,49.01565],[105.28195,49.01465],[105.28006,49.01444],[105.2784,49.01405],[105.27653,49.01355],[105.27384,49.01247],[105.27223,49.01214],[105.27047,49.01191],[105.26846,49.0121],[105.26351,49.01316],[105.26248,49.01323],[105.26165,49.01338],[105.25976,49.01329]]}},{"type":"Feature","properties":{},"geometry":{"type":"LineString","coordinates":[[106.8976,47.90793],[106.89981,47.90776],[106.90046,47.90765],[106.90169,47.90747],[106.90259,47.90731],[106.90365,47.90708],[106.90449,47.90693],[106.90457,47.90692],[106.90521,47.90682],[106.90669,47.90677],[106.90739,47.90676],[106.9077,47.90676],[106.90817,47.90678],[106.9086,47.90684],[106.9088,47.90689],[106.90894,47.90693]]}},{"type":"Feature","properties":{},"geometry":{"type":"LineString","coordinates":[[106.89707,47.90795],[106.8987,47.9078],[106.90004,47.90767],[106.90151,47.90744],[106.90362,47.90705],[106.90463,47.90683],[106.90541,47.90664],[106.90572,47.90659],[106.9067,47.90652],[106.90763,47.90655],[106.90809,47.90665],[106.90986,47.9071],[106.91118,47.90743],[106.9123,47.90769]]}},{"type":"Feature","properties":{},"geometry":{"type":"LineString","coordinates":[[106.90506,47.9069],[106.90572,47.90692],[106.90729,47.90691],[106.90819,47.90689],[106.90894,47.90693],[106.90986,47.9071]]}},{"type":"Feature","properties":{},"geometry":{"type":"LineString","coordinates":[[106.8845,47.9074],[106.88461,47.90737],[106.88473,47.90735],[106.88485,47.90732],[106.88497,47.90729],[106.88505,47.90727],[106.88514,47.90724],[106.88522,47.90721],[106.8853,47.90717],[106.88539,47.90713],[106.88544,47.9071],[106.8855,47.90707],[106.88558,47.90702],[106.88566,47.90697],[106.88571,47.90694],[106.88577,47.9069],[106.88581,47.90687],[106.88586,47.90684],[106.8859,47.90681],[106.88593,47.90678],[106.88596,47.90674],[106.88602,47.90668],[106.88606,47.90663],[106.88611,47.90658],[106.88616,47.90651],[106.88623,47.9064],[106.88631,47.90628],[106.88644,47.90606],[106.8865,47.90597],[106.88656,47.90588],[106.88661,47.9058],[106.88668,47.90572],[106.88675,47.90563],[106.88683,47.90554],[106.88693,47.90545],[106.88704,47.90535],[106.88712,47.90529],[106.88722,47.90521],[106.88732,47.90514],[106.88744,47.90508],[106.88759,47.90499],[106.88769,47.90494],[106.88779,47.90489],[106.88787,47.90485],[106.8879,47.90484],[106.88796,47.90482],[106.88808,47.90478],[106.88817,47.90475],[106.88827,47.90472],[106.88837,47.90469],[106.88846,47.90466],[106.88854,47.90465],[106.88863,47.90463],[106.88874,47.9046],[106.88884,47.90459],[106.88899,47.90457],[106.88914,47.90455],[106.88945,47.90453],[106.88964,47.90452],[106.88984,47.90452],[106.89071,47.90448],[106.89179,47.90444]]}},{"type":"Feature","properties":{},"geometry":{"type":"LineString","coordinates":[[107.02552,47.90963],[107.02246,47.90912],[107.02184,47.909],[107.0209,47.90883],[107.01701,47.90822],[107.01669,47.9082],[107.01633,47.90821],[107.0159,47.90823],[107.01543,47.90827],[107.01521,47.90829],[107.01507,47.9083],[107.01476,47.9083],[107.01459,47.9083],[107.01435,47.90829],[107.01413,47.90826],[107.01392,47.90823],[107.01372,47.90818],[107.01354,47.90812],[107.01336,47.90806],[107.01321,47.908],[107.01307,47.90793],[107.01291,47.90784],[107.0127,47.90768],[107.01239,47.90741]]}},{"type":"Feature","properties":{},"geometry":{"type":"LineString","coordinates":[[107.00121,47.90311],[107.00239,47.9031],[107.00298,47.9031],[107.00362,47.9031],[107.00474,47.90311],[107.00661,47.9031],[107.00701,47.9031],[107.00779,47.90309],[107.00834,47.90309],[107.00896,47.90304],[107.00959,47.90303],[107.01153,47.90303],[107.01414,47.90302],[107.01777,47.90295],[107.01907,47.90295],[107.02058,47.90297],[107.02177,47.90296],[107.02233,47.90294],[107.02268,47.90293],[107.02303,47.90289],[107.02329,47.90287],[107.02358,47.90283],[107.02392,47.90277],[107.02436,47.90268],[107.02576,47.90236],[107.02619,47.90226]]}},{"type":"Feature","properties":{},"geometry":{"type":"LineString","coordinates":[[107.01959,47.90292],[107.01996,47.90288],[107.02035,47.90283],[107.0208,47.90271],[107.02126,47.90248],[107.02155,47.90225],[107.02183,47.90199],[107.02202,47.90154],[107.02206,47.90142],[107.02211,47.90123],[107.0221,47.90106],[107.02208,47.90093],[107.02207,47.9009],[107.02206,47.90085],[107.02204,47.90078],[107.02188,47.90042],[107.0215,47.90001],[107.02139,47.89994],[107.02132,47.89989],[107.02116,47.8998],[107.02104,47.89973],[107.0209,47.89966],[107.02076,47.8996],[107.02068,47.89957],[107.02055,47.89952],[107.02046,47.8995],[107.02033,47.89946],[107.02021,47.89944],[107.02006,47.89941],[107.01992,47.8994],[107.01968,47.89937],[107.01952,47.89936],[107.0193,47.89935],[107.01918,47.89934],[107.01906,47.89934],[107.01893,47.89935],[107.01884,47.89935],[107.01875,47.89937],[107.01863,47.89938],[107.01849,47.89941],[107.01833,47.89944],[107.01821,47.89946],[107.01809,47.89949],[107.0179,47.89955],[107.0177,47.89962],[107.01756,47.89968],[107.01742,47.89975],[107.01729,47.89983],[107.01714,47.89993],[107.01701,47.90002],[107.01691,47.90011],[107.01682,47.9002],[107.01674,47.90028],[107.01665,47.90039],[107.01659,47.90048],[107.01654,47.90058],[107.0165,47.9007],[107.01647,47.90081],[107.01645,47.90093],[107.01644,47.90117],[107.01645,47.90137],[107.0165,47.90153],[107.01654,47.90165],[107.01662,47.90181],[107.01672,47.90196],[107.01684,47.90211],[107.01697,47.90225],[107.01711,47.90236],[107.01729,47.90248],[107.01744,47.90257],[107.01757,47.90263],[107.01774,47.9027],[107.01792,47.90276],[107.01815,47.90281],[107.01836,47.90285],[107.01858,47.90288],[107.01894,47.90293]]}},{"type":"Feature","properties":{},"geometry":{"type":"LineString","coordinates":[[107.48713,47.35096],[107.48648,47.35147]]}},{"type":"Feature","properties":{},"geometry":{"type":"LineString","coordinates":[[107.02659,47.90219],[107.02561,47.90249],[107.02499,47.90266],[107.02453,47.90276],[107.02405,47.90284],[107.02357,47.90291],[107.02309,47.90296],[107.02258,47.90299],[107.02212,47.903],[107.02065,47.903],[107.01959,47.90299],[107.01784,47.90301],[107.017,47.90303],[107.01152,47.90307],[107.00883,47.90309],[107.00834,47.90309]]}},{"type":"Feature","properties":{},"geometry":{"type":"LineString","coordinates":[[107.47425,47.3625],[107.4734,47.36318]]}},{"type":"Feature","properties":{},"geometry":{"type":"LineString","coordinates":[[107.00832,47.90318],[107.00524,47.9032],[107.0042,47.90321],[107.00191,47.90328],[107.00121,47.90332]]}},{"type":"Feature","properties":{},"geometry":{"type":"LineString","coordinates":[[107.02314,47.91084],[107.01891,47.9102],[107.01765,47.91001],[107.01562,47.9097],[107.01523,47.90963],[107.01496,47.90954],[107.01474,47.90946],[107.01457,47.90938],[107.0144,47.90929],[107.01425,47.90918],[107.01404,47.90903],[107.01379,47.9088],[107.01359,47.90864]]}},{"type":"Feature","properties":{},"geometry":{"type":"LineString","coordinates":[[107.02324,47.91125],[107.01782,47.91049],[107.01694,47.91038],[107.01627,47.91028],[107.01594,47.91022],[107.01567,47.91014],[107.01541,47.91006],[107.01519,47.90997],[107.01503,47.90989],[107.01489,47.90982],[107.01477,47.90974],[107.01465,47.90965],[107.01433,47.9094]]}},{"type":"Feature","properties":{},"geometry":{"type":"LineString","coordinates":[[107.02265,47.91211],[107.01763,47.91132],[107.01737,47.91129],[107.01681,47.91117],[107.01653,47.91109],[107.01623,47.91097],[107.01585,47.91079],[107.01548,47.91055],[107.01523,47.91034],[107.015,47.91012]]}},{"type":"Feature","properties":{},"geometry":{"type":"LineString","coordinates":[[107.02292,47.91035],[107.02249,47.91029],[107.02205,47.91021],[107.02104,47.91006],[107.01764,47.90953],[107.01743,47.90949],[107.01703,47.90946],[107.01666,47.90945],[107.01623,47.90946],[107.01584,47.90947],[107.01561,47.90945],[107.01536,47.90943],[107.01511,47.90939],[107.01483,47.90932],[107.0146,47.90924],[107.01434,47.90913],[107.01427,47.90909],[107.01415,47.90903],[107.01379,47.9088]]}},{"type":"Feature","properties":{},"geometry":{"type":"LineString","coordinates":[[104.18178,49.06979],[104.17976,49.06835],[104.17926,49.06798],[104.17906,49.06782],[104.17884,49.06761],[104.17867,49.0674],[104.17858,49.06722],[104.17851,49.06698],[104.17837,49.0662],[104.17834,49.066],[104.17828,49.0658],[104.17823,49.06566],[104.17812,49.06547],[104.17803,49.06532],[104.17787,49.06516],[104.1777,49.06501],[104.17722,49.06472],[104.17663,49.06439],[104.17617,49.06415],[104.17598,49.06405],[104.17575,49.06396],[104.17501,49.06368],[104.17468,49.06355],[104.1733,49.06302],[104.1721,49.06256],[104.17162,49.06238]]}},{"type":"Feature","properties":{},"geometry":{"type":"LineString","coordinates":[[104.11839,49.06541],[104.11841,49.06537],[104.11893,49.06452],[104.12087,49.06132],[104.12116,49.06085],[104.12163,49.06007],[104.12182,49.05977],[104.12293,49.05793],[104.1237,49.05668],[104.12383,49.05645],[104.12414,49.05596],[104.1243,49.05573],[104.12446,49.05554],[104.1246,49.05539],[104.12476,49.05524],[104.12496,49.05508],[104.12523,49.05491],[104.1255,49.05475],[104.12583,49.0546],[104.12616,49.05449],[104.12646,49.05439],[104.12671,49.05434],[104.12701,49.05428],[104.12735,49.05423],[104.12769,49.0542],[104.12802,49.05419],[104.12833,49.0542],[104.12874,49.05424],[104.12942,49.05432],[104.12973,49.05436],[104.13135,49.05456],[104.1327,49.05471],[104.1355,49.05505],[104.1381,49.05536],[104.13857,49.05541],[104.1392,49.05546],[104.13977,49.05549],[104.14026,49.05549],[104.14069,49.05549],[104.14109,49.0555],[104.14151,49.05549]]}},{"type":"Feature","properties":{},"geometry":{"type":"LineString","coordinates":[[104.12942,49.05432],[104.12909,49.05426],[104.12882,49.0542],[104.12729,49.05374],[104.12673,49.05358],[104.12631,49.05345],[104.12291,49.05243],[104.12249,49.05229],[104.12214,49.05216],[104.12178,49.05198],[104.12145,49.05175],[104.12112,49.05149],[104.11931,49.05005],[104.11819,49.04914],[104.11784,49.04883],[104.11764,49.04861],[104.11749,49.0484],[104.11735,49.04816],[104.11721,49.0478],[104.11695,49.04712],[104.11687,49.04692],[104.11674,49.0467],[104.1166,49.0465],[104.11645,49.04632],[104.11624,49.04611],[104.11601,49.04593],[104.11576,49.04578],[104.11549,49.04564],[104.11523,49.04552],[104.11488,49.04541],[104.11449,49.04533],[104.11411,49.04528],[104.11376,49.04524],[104.1134,49.04524],[104.11307,49.04525],[104.1127,49.04528],[104.11197,49.04537],[104.11165,49.04541],[104.11127,49.04543],[104.11083,49.04543],[104.11044,49.0454],[104.11008,49.04536],[104.10969,49.04529],[104.10729,49.04475],[104.10693,49.04468],[104.10651,49.04462],[104.1059,49.04453],[104.10128,49.0439],[104.10065,49.04382],[104.1003,49.04376],[104.10007,49.0437],[104.09953,49.04358],[104.09889,49.04343],[104.09864,49.04336],[104.09834,49.04326],[104.09727,49.04282]]}},{"type":"Feature","properties":{},"geometry":{"type":"LineString","coordinates":[[111.91763,43.71194],[111.91717,43.71227],[111.91667,43.71264]]}},{"type":"Feature","properties":{},"geometry":{"type":"LineString","coordinates":[[111.90432,43.72192],[111.90534,43.72118],[111.91218,43.71612],[111.91254,43.71578]]}},{"type":"Feature","properties":{},"geometry":{"type":"LineString","coordinates":[[111.91288,43.7156],[111.91255,43.716],[111.91216,43.71637],[111.91197,43.71654],[111.90575,43.72114],[111.90173,43.72414]]}},{"type":"Feature","properties":{},"geometry":{"type":"LineString","coordinates":[[111.90289,43.72278],[111.90512,43.72113],[111.91227,43.71585],[111.91252,43.71566]]}},{"type":"Feature","properties":{},"geometry":{"type":"LineString","coordinates":[[111.9036,43.72231],[111.9121,43.71604],[111.91294,43.71541]]}},{"type":"Feature","properties":{},"geometry":{"type":"LineString","coordinates":[[111.91432,43.71425],[111.91403,43.71453],[111.91356,43.71496],[111.91288,43.7156],[111.91195,43.71642],[111.91172,43.71659],[111.90593,43.72086]]}},{"type":"Feature","properties":{},"geometry":{"type":"LineString","coordinates":[[111.91032,43.7198],[111.91207,43.7185],[111.91241,43.7182],[111.91263,43.71797],[111.91283,43.71772],[111.91302,43.71739],[111.91312,43.71712],[111.91318,43.71688],[111.91322,43.71669],[111.91326,43.71626]]}},{"type":"Feature","properties":{},"geometry":{"type":"LineString","coordinates":[[111.91366,43.71474],[111.91324,43.71506]]}},{"type":"Feature","properties":{},"geometry":{"type":"LineString","coordinates":[[111.9132,43.72242],[111.91387,43.7219],[111.91416,43.72167],[111.91441,43.7214],[111.91462,43.72114],[111.91478,43.72089],[111.91494,43.72053],[111.91502,43.72028],[111.91585,43.71734]]}},{"type":"Feature","properties":{},"geometry":{"type":"LineString","coordinates":[[111.91667,43.71264],[111.91627,43.71295],[111.91439,43.71432],[111.91411,43.71457],[111.91397,43.71472],[111.91374,43.71501],[111.91361,43.71526],[111.91335,43.71591],[111.91335,43.71592],[111.91326,43.71626],[111.91311,43.71694],[111.91297,43.71733],[111.91281,43.71764],[111.91267,43.71782],[111.91237,43.71817],[111.91212,43.7184],[111.91067,43.71947],[111.91032,43.7198],[111.90919,43.72065],[111.90767,43.72176],[111.90726,43.72205],[111.9069,43.72242],[111.90671,43.72267],[111.90659,43.7229],[111.90647,43.72318],[111.90632,43.7236],[111.906,43.72452],[111.90506,43.72722]]}},{"type":"Feature","properties":{},"geometry":{"type":"LineString","coordinates":[[111.91175,43.71792],[111.91155,43.71821],[111.91141,43.7184],[111.91125,43.71861],[111.91086,43.71903],[111.91055,43.71932],[111.91006,43.7197],[111.90976,43.71991],[111.90955,43.72001],[111.90915,43.72014],[111.9087,43.72027],[111.90823,43.72048],[111.90787,43.72069],[111.90753,43.72093],[111.9068,43.72148],[111.90652,43.72163]]}},{"type":"Feature","properties":{},"geometry":{"type":"LineString","coordinates":[[111.91152,43.71867],[111.91258,43.71647],[111.91284,43.71593],[111.91304,43.7156]]}},{"type":"Feature","properties":{},"geometry":{"type":"LineString","coordinates":[[111.91327,43.71534],[111.91301,43.71576],[111.91276,43.71626],[111.91172,43.71846]]}},{"type":"Feature","properties":{},"geometry":{"type":"LineString","coordinates":[[111.91218,43.71612],[111.91193,43.71635],[111.9118,43.71646],[111.90497,43.72151],[111.90399,43.72223]]}},{"type":"Feature","properties":{},"geometry":{"type":"LineString","coordinates":[[111.91229,43.71686],[111.91175,43.71792],[111.91164,43.71814],[111.91146,43.71851]]}},{"type":"Feature","properties":{},"geometry":{"type":"LineString","coordinates":[[111.92149,43.70904],[111.91971,43.71027],[111.91922,43.71062],[111.91799,43.71156],[111.91747,43.71192],[111.91642,43.71272],[111.91563,43.7133],[111.91535,43.71349]]}},{"type":"Feature","properties":{},"geometry":{"type":"LineString","coordinates":[[111.90237,43.72376],[111.90575,43.72124],[111.90594,43.72111],[111.91197,43.71663],[111.91212,43.71651],[111.91224,43.71639],[111.91255,43.716]]}},{"type":"Feature","properties":{},"geometry":{"type":"LineString","coordinates":[[111.90576,43.72376],[111.90454,43.72723],[111.90424,43.72808],[111.90415,43.7283],[111.90403,43.72852],[111.90385,43.72878],[111.90363,43.72901],[111.90341,43.72918],[111.90309,43.72942]]}},{"type":"Feature","properties":{},"geometry":{"type":"LineString","coordinates":[[111.91145,43.72379],[111.91099,43.72419],[111.90206,43.7308]]}},{"type":"Feature","properties":{},"geometry":{"type":"LineString","coordinates":[[111.91079,43.72419],[111.91033,43.72447],[111.90992,43.72472],[111.90962,43.72493],[111.9019,43.73064]]}},{"type":"Feature","properties":{},"geometry":{"type":"LineString","coordinates":[[111.91099,43.72419],[111.91074,43.72445],[111.90209,43.73084]]}},{"type":"Feature","properties":{},"geometry":{"type":"LineString","coordinates":[[111.91074,43.72445],[111.9104,43.72477],[111.91019,43.72495],[111.90213,43.73089]]}},{"type":"Feature","properties":{},"geometry":{"type":"LineString","coordinates":[[111.91323,43.71499],[111.90906,43.7181],[111.90578,43.72051],[111.90466,43.72133],[111.90442,43.72151]]}},{"type":"Feature","properties":{},"geometry":{"type":"LineString","coordinates":[[111.91106,43.71635],[111.91075,43.71656],[111.90901,43.71786]]}},{"type":"Feature","properties":{},"geometry":{"type":"LineString","coordinates":[[111.9117,43.71603],[111.91113,43.71636],[111.91091,43.7165],[111.91038,43.7169]]}},{"type":"Feature","properties":{},"geometry":{"type":"LineString","coordinates":[[111.9121,43.71573],[111.91148,43.7161],[111.91106,43.71635],[111.91065,43.71659],[111.91046,43.71672],[111.90896,43.71782]]}},{"type":"Feature","properties":{},"geometry":{"type":"LineString","coordinates":[[106.88364,47.90747],[106.88475,47.90746],[106.88865,47.90743]]}},{"type":"Feature","properties":{},"geometry":{"type":"LineString","coordinates":[[106.8845,47.9074],[106.88477,47.90738],[106.88504,47.90738],[106.88564,47.90736],[106.88745,47.90734],[106.88869,47.90734],[106.8889,47.90736],[106.88919,47.90739],[106.88941,47.90742],[106.88957,47.90746],[106.88987,47.90755]]}},{"type":"Feature","properties":{},"geometry":{"type":"LineString","coordinates":[[106.87833,47.90732],[106.87858,47.90729],[106.87931,47.90723],[106.88024,47.90716],[106.8804,47.90714],[106.88056,47.90713],[106.88072,47.90713],[106.88081,47.90713],[106.88089,47.90713],[106.88097,47.90713],[106.88104,47.90714],[106.88111,47.90715],[106.88119,47.90716],[106.88132,47.90718],[106.88147,47.9072],[106.88156,47.90722],[106.88161,47.90723],[106.88178,47.90727],[106.88198,47.90732],[106.88217,47.90736],[106.88233,47.90739],[106.88249,47.90742],[106.88266,47.90744],[106.88283,47.90745],[106.88297,47.90746],[106.88319,47.90747]]}},{"type":"Feature","properties":{},"geometry":{"type":"LineString","coordinates":[[106.88477,47.90738],[106.88503,47.90736],[106.88519,47.90735],[106.88532,47.90734],[106.88543,47.90733],[106.88557,47.90732],[106.88572,47.90731],[106.88596,47.9073],[106.88627,47.90729],[106.8866,47.90729],[106.88691,47.90729]]}},{"type":"Feature","properties":{},"geometry":{"type":"LineString","coordinates":[[106.89314,47.9079],[106.8936,47.90785],[106.89408,47.90775],[106.89458,47.90761],[106.89474,47.90754],[106.89503,47.90738]]}},{"type":"Feature","properties":{},"geometry":{"type":"LineString","coordinates":[[106.88222,47.90753],[106.88425,47.90751],[106.88572,47.90749],[106.88865,47.90743],[106.88907,47.90747],[106.88946,47.90752],[106.88978,47.90758],[106.89015,47.90766],[106.89038,47.90771],[106.89069,47.90778],[106.89098,47.90782],[106.89127,47.90785],[106.89184,47.90788],[106.89229,47.90791],[106.89298,47.90795]]}},{"type":"Feature","properties":{},"geometry":{"type":"LineString","coordinates":[[106.89236,47.90795],[106.89166,47.90793],[106.89158,47.90792],[106.88141,47.90805],[106.88053,47.90805],[106.88004,47.90806],[106.87969,47.90809],[106.8789,47.90816],[106.87844,47.90818]]}},{"type":"Feature","properties":{},"geometry":{"type":"LineString","coordinates":[[106.88475,47.90746],[106.88518,47.90742],[106.88552,47.90741],[106.88589,47.90741],[106.88746,47.90738],[106.88822,47.90738],[106.88874,47.90739],[106.88909,47.90742],[106.88948,47.90747],[106.88987,47.90755],[106.89015,47.90766]]}},{"type":"Feature","properties":{},"geometry":{"type":"LineString","coordinates":[[106.89158,47.90792],[106.8911,47.90789],[106.89096,47.90789],[106.89073,47.90788],[106.88227,47.90799],[106.88151,47.90799],[106.88054,47.90801],[106.87992,47.90802],[106.87947,47.90803],[106.87917,47.90805],[106.87782,47.90817],[106.8774,47.90819]]}},{"type":"Feature","properties":{},"geometry":{"type":"LineString","coordinates":[[106.72815,47.89692],[106.73149,47.89723],[106.73281,47.89736],[106.73307,47.8974],[106.73343,47.89749],[106.73375,47.89762],[106.73406,47.89777],[106.73439,47.898],[106.73588,47.89962],[106.73688,47.90071]]}},{"type":"Feature","properties":{},"geometry":{"type":"LineString","coordinates":[[106.75288,47.88588],[106.75228,47.88587],[106.74247,47.88505],[106.74186,47.885],[106.74114,47.88494],[106.74072,47.88492],[106.74038,47.88492],[106.74007,47.88493],[106.73978,47.88495],[106.73944,47.88499],[106.73915,47.88503],[106.73861,47.88514],[106.73831,47.88523],[106.73803,47.88532],[106.7377,47.88545],[106.73737,47.8856],[106.7371,47.88573],[106.73687,47.88588],[106.73666,47.88601],[106.73647,47.88615],[106.73617,47.88641],[106.73592,47.88667],[106.73568,47.88698],[106.73555,47.88722],[106.73541,47.88747],[106.73533,47.88768],[106.73524,47.888],[106.7352,47.88827],[106.7352,47.88839],[106.73523,47.88888],[106.73524,47.88929],[106.73547,47.89046],[106.73549,47.89057]]}},{"type":"Feature","properties":{},"geometry":{"type":"LineString","coordinates":[[106.73843,47.90201],[106.73868,47.90225],[106.73876,47.90233],[106.73901,47.90255],[106.7393,47.90273],[106.73963,47.90287],[106.74007,47.903],[106.74041,47.90306],[106.74076,47.90311],[106.74238,47.90335],[106.74435,47.90364],[106.74607,47.9039],[106.74733,47.90408],[106.75131,47.90448],[106.75303,47.90465],[106.75475,47.90482],[106.75556,47.90491],[106.75591,47.90496],[106.75626,47.90501],[106.75657,47.90507],[106.75689,47.90513],[106.75728,47.90521],[106.75766,47.90529],[106.75801,47.90537],[106.75835,47.90546],[106.75918,47.90569],[106.75995,47.90591],[106.76074,47.90613],[106.76143,47.90632],[106.76175,47.90641],[106.76204,47.90649],[106.76299,47.90668],[106.76332,47.90675],[106.76369,47.90681]]}},{"type":"Feature","properties":{},"geometry":{"type":"LineString","coordinates":[[106.72526,47.89452],[106.73002,47.89484],[106.73149,47.89498],[106.73193,47.89509],[106.73237,47.89527],[106.73272,47.89552],[106.73299,47.89581],[106.73315,47.89607],[106.73329,47.89635],[106.73343,47.89673],[106.7336,47.8971],[106.73388,47.89744],[106.73418,47.89777],[106.73439,47.898]]}},{"type":"Feature","properties":{},"geometry":{"type":"LineString","coordinates":[[108.36495,47.7533],[108.36475,47.75298],[108.36461,47.75275],[108.36453,47.75262],[108.36336,47.75113],[108.36312,47.75079],[108.36287,47.75033],[108.36272,47.74993],[108.3626,47.7494],[108.36258,47.74916],[108.36258,47.74891],[108.3626,47.74862],[108.36264,47.74835],[108.36272,47.74808],[108.36292,47.74749],[108.36319,47.74671],[108.36327,47.74647],[108.36332,47.74625],[108.36336,47.74604],[108.36337,47.7458],[108.36336,47.74554],[108.36332,47.74531],[108.36326,47.74504],[108.36316,47.74478],[108.36302,47.7445],[108.36282,47.74418],[108.36247,47.74374],[108.36073,47.74151],[108.36025,47.74089],[108.36013,47.74073],[108.35932,47.73968],[108.35894,47.73921],[108.35789,47.73785],[108.35755,47.73742],[108.35739,47.73721],[108.35724,47.73699],[108.35703,47.73664],[108.35692,47.73644],[108.35682,47.73622],[108.35676,47.73604],[108.35674,47.73587],[108.35674,47.73566],[108.35677,47.73547],[108.35684,47.73527],[108.35697,47.73505],[108.3571,47.73487],[108.35727,47.73472],[108.35749,47.73455],[108.35774,47.73439],[108.36411,47.73054]]}},{"type":"Feature","properties":{},"geometry":{"type":"LineString","coordinates":[[108.37286,47.76322],[108.37273,47.76299],[108.37267,47.76282],[108.37263,47.76266],[108.37261,47.76249],[108.37262,47.76232],[108.37264,47.76218],[108.3727,47.76202],[108.37276,47.76186],[108.37283,47.76172],[108.37298,47.76153],[108.37313,47.76138],[108.37331,47.76124],[108.37354,47.76109],[108.37374,47.76097],[108.37398,47.76088],[108.37439,47.76073],[108.37848,47.75927],[108.3863,47.75645],[108.38783,47.7559],[108.39319,47.75398],[108.39348,47.75388],[108.39375,47.75381],[108.39399,47.75377],[108.39424,47.75375],[108.39452,47.75374],[108.3948,47.75375],[108.39507,47.75378],[108.39532,47.75382],[108.39556,47.75388],[108.39578,47.75396],[108.39599,47.75405],[108.39621,47.75416],[108.3964,47.75428],[108.39657,47.75441],[108.39674,47.75458],[108.39702,47.75486],[108.39726,47.75516],[108.3985,47.75675],[108.39869,47.75695],[108.3989,47.75719],[108.39923,47.7576]]}},{"type":"Feature","properties":{},"geometry":{"type":"LineString","coordinates":[[108.3752,47.76648],[108.37493,47.76621],[108.37458,47.76586],[108.37427,47.76548],[108.37274,47.76414]]}},{"type":"Feature","properties":{},"geometry":{"type":"LineString","coordinates":[[108.36686,47.74559],[108.36559,47.74576],[108.36519,47.74582],[108.36491,47.74589],[108.36464,47.74597],[108.36435,47.74609],[108.36404,47.74624],[108.3638,47.7464],[108.3636,47.74655],[108.36343,47.7467],[108.36326,47.74688],[108.36307,47.74716],[108.36292,47.74749]]}},{"type":"Feature","properties":{},"geometry":{"type":"LineString","coordinates":[[108.36247,47.74374],[108.36278,47.74405],[108.36335,47.74463],[108.36361,47.74485],[108.36383,47.74501],[108.36407,47.74514],[108.36432,47.74526],[108.36464,47.74539],[108.36491,47.74548],[108.36518,47.74553],[108.36548,47.74558],[108.36583,47.74562],[108.36614,47.74563],[108.36657,47.74562],[108.36686,47.74559],[108.36791,47.74546]]}},{"type":"Feature","properties":{},"geometry":{"type":"LineString","coordinates":[[108.37493,47.76621],[108.37475,47.76606],[108.37461,47.76594],[108.3744,47.76582],[108.3742,47.76573],[108.37381,47.7656],[108.3731,47.76539],[108.37276,47.76531],[108.37248,47.76526],[108.37222,47.76523],[108.3719,47.76522],[108.37157,47.76522],[108.37131,47.76524],[108.37104,47.7653],[108.37078,47.76537],[108.37042,47.7655],[108.36863,47.76613]]}},{"type":"Feature","properties":{},"geometry":{"type":"LineString","coordinates":[[108.37848,47.75927],[108.37873,47.75915],[108.37896,47.75904],[108.37918,47.75891],[108.37936,47.75878],[108.37952,47.75864],[108.37965,47.7585],[108.37973,47.75837],[108.3798,47.75822],[108.37984,47.75807],[108.37986,47.75793],[108.37984,47.75776],[108.37978,47.75741],[108.37971,47.75721],[108.37963,47.75702],[108.37949,47.7568],[108.37933,47.75658],[108.37909,47.7563],[108.37808,47.75517]]}},{"type":"Feature","properties":{},"geometry":{"type":"LineString","coordinates":[[106.74811,47.90474],[106.749,47.90487],[106.75126,47.90508],[106.75627,47.90556],[106.75783,47.90571],[106.75858,47.90581],[106.75922,47.90593],[106.76008,47.9061],[106.76125,47.90632],[106.76204,47.90649]]}},{"type":"Feature","properties":{},"geometry":{"type":"LineString","coordinates":[[105.94195,49.42524],[105.94203,49.42479],[105.94207,49.4245],[105.9421,49.42415],[105.94211,49.4239],[105.9421,49.42357],[105.94209,49.42326],[105.94194,49.42093],[105.9416,49.4157],[105.94157,49.41543],[105.94152,49.41518],[105.94146,49.41493],[105.94137,49.41469],[105.94126,49.41442],[105.94114,49.41415],[105.94098,49.41385],[105.94076,49.41349],[105.94053,49.41319],[105.94033,49.41297],[105.94005,49.4127],[105.93976,49.41244],[105.93942,49.41217],[105.93253,49.40679],[105.93173,49.40616],[105.93147,49.40593],[105.9312,49.40566],[105.93091,49.40534],[105.93064,49.40493],[105.93039,49.40451],[105.9303,49.40429],[105.93021,49.40406],[105.93014,49.40381],[105.93009,49.40356],[105.93004,49.40328],[105.93002,49.40305],[105.93002,49.40286],[105.93004,49.40251],[105.9301,49.40215],[105.93019,49.4018],[105.93029,49.40153],[105.93042,49.40122],[105.93058,49.40093],[105.93082,49.40057],[105.9311,49.40022],[105.93127,49.40004],[105.93143,49.39988],[105.93178,49.39956],[105.93204,49.39935],[105.93242,49.39908],[105.93315,49.39861],[105.93331,49.39851],[105.93342,49.39844],[105.93352,49.39837],[105.93469,49.39759],[105.9353,49.39722],[105.93568,49.39702],[105.93611,49.39682],[105.93679,49.39655],[105.93751,49.39632],[105.94699,49.39335],[105.95534,49.39075],[105.96364,49.38816],[105.96405,49.38803],[105.96446,49.38791],[105.96534,49.38771],[105.96584,49.38764],[105.96638,49.38758],[105.96689,49.38755],[105.96742,49.38753],[105.9696,49.38755],[105.99282,49.38774],[106.01601,49.38803],[106.01669,49.38803],[106.01729,49.38799],[106.01803,49.38789],[106.01878,49.38777],[106.01964,49.38758],[106.02051,49.38734],[106.02695,49.38565],[106.03268,49.38411],[106.0389,49.38248],[106.04206,49.38167],[106.04456,49.38101],[106.04557,49.38076],[106.0461,49.38064],[106.04665,49.38054],[106.04774,49.38037],[106.0485,49.38032],[106.04925,49.38028],[106.04998,49.38027],[106.05072,49.38028],[106.05133,49.3803],[106.05191,49.38035],[106.05251,49.38041],[106.05309,49.38049],[106.05728,49.38108],[106.07224,49.38322],[106.09303,49.3862],[106.09514,49.38639],[106.09735,49.38634],[106.10034,49.38585],[106.10925,49.38434],[106.11089,49.38414],[106.11262,49.38414],[106.11456,49.38428],[106.11703,49.38471],[106.14072,49.389],[106.14477,49.38976],[106.16286,49.39317],[106.18148,49.39667],[106.185,49.39733],[106.18707,49.39772],[106.18984,49.39824],[106.19124,49.3985],[106.19263,49.39876],[106.19819,49.39981],[106.20374,49.40086],[106.20539,49.40118],[106.20582,49.40131],[106.20626,49.40146],[106.20711,49.40176],[106.21035,49.40294],[106.2136,49.40409],[106.21393,49.40418],[106.21427,49.40424],[106.21461,49.40429],[106.21496,49.40432],[106.21543,49.40432],[106.21592,49.40429],[106.21644,49.40421],[106.21696,49.40409],[106.21731,49.40398],[106.21767,49.40384],[106.21796,49.40368],[106.21826,49.40351],[106.21853,49.40329],[106.21883,49.40303],[106.22152,49.40041],[106.22423,49.39778],[106.22544,49.39659],[106.2256,49.39644],[106.22576,49.39631],[106.22593,49.39619],[106.22611,49.39607],[106.22648,49.39587],[106.22668,49.39578],[106.22689,49.3957],[106.22731,49.39556],[106.22774,49.39545],[106.22812,49.39539],[106.22868,49.39535],[106.2296,49.39532],[106.23176,49.39527],[106.23211,49.39525],[106.23246,49.39522],[106.23279,49.39518],[106.23315,49.3951],[106.23352,49.39501],[106.23379,49.39491],[106.23407,49.3948],[106.23431,49.39469],[106.23453,49.39457],[106.23473,49.39444],[106.23493,49.39429],[106.23513,49.39412],[106.23533,49.39393],[106.23549,49.39372],[106.23565,49.39348],[106.23576,49.39323],[106.2358,49.3931],[106.23583,49.39295],[106.23588,49.39268],[106.23598,49.39197],[106.23613,49.39138],[106.2363,49.39109],[106.23649,49.39082],[106.23668,49.39061],[106.23685,49.39046],[106.23702,49.39033],[106.2373,49.39014],[106.23764,49.38996],[106.23797,49.38981],[106.23817,49.38974],[106.23837,49.38967],[106.23861,49.3896],[106.23886,49.38955],[106.23911,49.38951],[106.23935,49.38948],[106.23959,49.38946],[106.23985,49.38944],[106.2401,49.38944],[106.24035,49.38945],[106.24069,49.38946],[106.2409,49.38949],[106.24121,49.38954],[106.24152,49.38961],[106.24184,49.38969],[106.24215,49.3898],[106.24246,49.38992],[106.24261,49.38999],[106.24276,49.39007],[106.24293,49.39017],[106.24309,49.39027],[106.24326,49.39039],[106.24348,49.39058],[106.24369,49.39079],[106.24383,49.39095],[106.24396,49.39113],[106.24405,49.39132],[106.24414,49.39151],[106.2444,49.3923],[106.2445,49.39256],[106.24461,49.39279],[106.24474,49.39299],[106.24483,49.39312],[106.24495,49.39323],[106.24516,49.39347],[106.24539,49.3937],[106.24586,49.39415],[106.24732,49.39557],[106.24773,49.39597],[106.24787,49.39609],[106.24803,49.39623],[106.24819,49.39635],[106.24835,49.39647],[106.24855,49.39659],[106.2487,49.39667],[106.24889,49.39676],[106.24924,49.39691],[106.24947,49.39699],[106.24967,49.39705],[106.24991,49.39711],[106.25017,49.39716],[106.25049,49.39721],[106.25087,49.39724],[106.25116,49.39725],[106.25155,49.39725],[106.25186,49.39723],[106.25216,49.3972],[106.25247,49.39715],[106.25269,49.3971],[106.25292,49.39704],[106.25313,49.39698],[106.25334,49.3969],[106.25364,49.39678],[106.25386,49.39666],[106.25406,49.39655],[106.25422,49.39645],[106.25438,49.39634],[106.25451,49.39624],[106.25465,49.3961],[106.25478,49.39596],[106.2549,49.39582],[106.255,49.39568],[106.2551,49.39552],[106.25521,49.39531],[106.25528,49.3951],[106.25535,49.39485],[106.25538,49.3945],[106.2554,49.39415],[106.25546,49.39312],[106.25552,49.39209],[106.25564,49.38968],[106.25567,49.38926],[106.25569,49.38901],[106.25574,49.38873],[106.25579,49.38845],[106.25586,49.38815],[106.25597,49.38784],[106.25624,49.38725],[106.2564,49.38695],[106.2566,49.38665],[106.2568,49.38638],[106.25702,49.38609],[106.25724,49.38585],[106.2575,49.38559],[106.25801,49.3851],[106.25924,49.38397],[106.26239,49.38111],[106.26554,49.37824],[106.26708,49.37683],[106.26724,49.3767],[106.26743,49.37656],[106.26783,49.37633],[106.26805,49.37621],[106.26828,49.37612],[106.26852,49.37603],[106.26878,49.37596],[106.26899,49.3759],[106.26922,49.37585],[106.26968,49.37578],[106.26994,49.37575],[106.27061,49.37569],[106.2712,49.37564],[106.2715,49.3756],[106.2718,49.37554],[106.27212,49.37547],[106.27248,49.37536],[106.27282,49.37522],[106.27312,49.37508],[106.27338,49.37494],[106.27362,49.37477],[106.27384,49.37461],[106.27403,49.37442],[106.27418,49.37424],[106.27439,49.37395],[106.27446,49.37383],[106.27453,49.3737],[106.27458,49.37358],[106.27462,49.37345],[106.27465,49.37329],[106.27468,49.37303],[106.27468,49.37261],[106.27468,49.37177],[106.27469,49.36838],[106.27472,49.36735],[106.27479,49.36683],[106.2749,49.36631],[106.27551,49.36395],[106.27736,49.35666],[106.27957,49.34787],[106.28004,49.34605],[106.28024,49.34529],[106.28034,49.34492],[106.28048,49.34455],[106.28066,49.34413],[106.28088,49.34372],[106.28111,49.34331],[106.28138,49.34292],[106.28165,49.34257],[106.28244,49.34165],[106.28276,49.34131],[106.28544,49.33827],[106.28837,49.33496],[106.28983,49.33331],[106.29019,49.3329],[106.29054,49.3325],[106.29073,49.33229],[106.29091,49.33206],[106.29105,49.33184],[106.2912,49.33161],[106.29137,49.33131],[106.29146,49.33112],[106.29152,49.33095],[106.29158,49.33075],[106.29165,49.3305],[106.2917,49.33022],[106.29172,49.32993],[106.29172,49.32949],[106.29149,49.32625],[106.29121,49.3223],[106.29033,49.31001],[106.28942,49.29776],[106.28942,49.29752],[106.28943,49.29729],[106.28945,49.29704],[106.28947,49.29693],[106.2895,49.29681],[106.28955,49.29659],[106.28964,49.29635],[106.28973,49.29611],[106.28982,49.29589],[106.28999,49.29558],[106.29018,49.2953],[106.29039,49.29502],[106.29075,49.29462],[106.29112,49.29423],[106.29259,49.29276],[106.29812,49.28722],[106.30306,49.28227],[106.30877,49.27653],[106.31076,49.27452],[106.31101,49.27427],[106.31129,49.27404],[106.31158,49.27382],[106.31174,49.27371],[106.31191,49.2736],[106.31219,49.27343],[106.31265,49.27317],[106.31303,49.27298],[106.31345,49.27281],[106.31434,49.27245],[106.31764,49.27106],[106.32212,49.26919],[106.32277,49.26893],[106.32311,49.26881],[106.32346,49.2687],[106.32405,49.26855],[106.32466,49.26842],[106.32523,49.26833],[106.32553,49.2683],[106.32585,49.26827],[106.32765,49.26826],[106.35535,49.26941],[106.36817,49.26986],[106.36926,49.26986],[106.36964,49.26984],[106.36999,49.2698],[106.37035,49.26975],[106.37073,49.2697],[106.37108,49.26961],[106.37142,49.26953],[106.37179,49.26942],[106.3721,49.26931],[106.37238,49.26919],[106.37272,49.26905],[106.37306,49.26888],[106.37334,49.26872],[106.3736,49.26857],[106.37397,49.26831],[106.37425,49.26808],[106.37451,49.26784],[106.37466,49.26768],[106.37481,49.26752],[106.37505,49.2672],[106.37512,49.26708],[106.37523,49.2669],[106.3754,49.26654],[106.37573,49.26549],[106.37605,49.26445],[106.37628,49.26398],[106.37656,49.26354],[106.37672,49.26334],[106.37688,49.26314],[106.37725,49.26276],[106.37755,49.2625],[106.37787,49.26225],[106.37821,49.26202],[106.37855,49.2618],[106.37924,49.26145],[106.37963,49.26128],[106.38002,49.26112],[106.38207,49.26037],[106.38294,49.26004],[106.38349,49.25979],[106.38513,49.25889],[106.38773,49.25739],[106.38903,49.25663],[106.38966,49.25626],[106.38997,49.25607],[106.39025,49.25585],[106.39037,49.25575],[106.39048,49.25564],[106.39068,49.2554],[106.39076,49.25528],[106.39083,49.25517],[106.39095,49.25493],[106.39099,49.25483],[106.39103,49.25471],[106.39105,49.2546],[106.39107,49.25449],[106.39109,49.25434],[106.39109,49.25419],[106.39109,49.25404],[106.39104,49.25372],[106.39096,49.25341],[106.3908,49.25278],[106.3905,49.25151],[106.39012,49.24989],[106.39003,49.2494],[106.39003,49.24916],[106.39006,49.24893],[106.39013,49.24864],[106.39026,49.24836],[106.39042,49.2481],[106.39061,49.24786],[106.39091,49.24758],[106.39108,49.24745],[106.39126,49.24733],[106.3914,49.24724],[106.392,49.24691],[106.39302,49.24638],[106.39404,49.24585],[106.39422,49.24575],[106.3944,49.24563],[106.39457,49.24552],[106.39474,49.24539],[106.39511,49.24504],[106.39525,49.24487],[106.39539,49.24465],[106.39545,49.24454],[106.39551,49.24441],[106.39557,49.24421],[106.39562,49.24401],[106.39567,49.24379],[106.39593,49.24148],[106.39597,49.24126],[106.39603,49.24109],[106.39612,49.24088],[106.39623,49.24066],[106.39637,49.24047],[106.39651,49.2403],[106.3967,49.24011],[106.39685,49.23997],[106.39704,49.23984],[106.39721,49.23972],[106.3974,49.23961],[106.3976,49.23951],[106.3978,49.23942],[106.39823,49.23926],[106.3987,49.23913],[106.39923,49.23904],[106.40313,49.23874],[106.41098,49.23817],[106.41494,49.23788],[106.41743,49.2377],[106.41881,49.23755],[106.41964,49.23738],[106.42069,49.23709],[106.42256,49.23657],[106.42281,49.23649],[106.42322,49.23638]]}},{"type":"Feature","properties":{},"geometry":{"type":"LineString","coordinates":[[106.17936,49.922],[106.17947,49.92173],[106.18001,49.92052],[106.18168,49.91689]]}},{"type":"Feature","properties":{},"geometry":{"type":"LineString","coordinates":[[106.18001,49.92052],[106.18036,49.92014],[106.18065,49.91993],[106.18103,49.91971],[106.18148,49.91947],[106.18169,49.9193],[106.182,49.91893],[106.18261,49.91782],[106.18312,49.91681]]}},{"type":"Feature","properties":{},"geometry":{"type":"LineString","coordinates":[[106.17947,49.92173],[106.17949,49.92136],[106.17941,49.92107],[106.17926,49.92081],[106.17906,49.92052],[106.17892,49.92021],[106.17889,49.91981],[106.1794,49.91862],[106.17984,49.91761],[106.18009,49.91686]]}},{"type":"Feature","properties":{},"geometry":{"type":"LineString","coordinates":[[107.09457,49.72287],[107.09399,49.72267],[107.09365,49.72257],[107.09324,49.72246],[107.09281,49.72236],[107.09243,49.72227],[107.09193,49.72219],[107.09138,49.72214],[107.09079,49.72212],[107.09029,49.72214],[107.08978,49.72218],[107.0892,49.72227],[107.08868,49.72239],[107.0882,49.72254],[107.08772,49.72271],[107.08733,49.72289],[107.08693,49.72311],[107.08649,49.72337],[107.08598,49.72367],[107.08565,49.72386],[107.08532,49.72401],[107.08478,49.7242],[107.08425,49.72433],[107.08345,49.72453],[107.08294,49.7247],[107.08258,49.72487],[107.08197,49.72523],[107.07937,49.72679],[107.07671,49.72838],[107.07001,49.73241]]}},{"type":"Feature","properties":{},"geometry":{"type":"LineString","coordinates":[[107.00753,47.90305],[107.00827,47.90296],[107.00857,47.90295],[107.01414,47.90291],[107.01444,47.9029],[107.01464,47.90288],[107.01481,47.90286],[107.01502,47.90282],[107.01519,47.90277],[107.01541,47.9027],[107.01553,47.90264]]}},{"type":"Feature","properties":{},"geometry":{"type":"LineString","coordinates":[[107.01959,47.90292],[107.02155,47.90291],[107.0221,47.90289],[107.0227,47.90285],[107.02326,47.90279],[107.02374,47.90272],[107.02418,47.90265],[107.02469,47.90254],[107.02534,47.90239],[107.02557,47.90235],[107.02619,47.90226],[107.02659,47.90219],[107.02725,47.90197]]}},{"type":"Feature","properties":{},"geometry":{"type":"LineString","coordinates":[[107.01959,47.90292],[107.01894,47.90293],[107.012,47.90297],[107.00868,47.90299],[107.00825,47.903],[107.00753,47.90305],[107.00701,47.9031]]}},{"type":"Feature","properties":{},"geometry":{"type":"LineString","coordinates":[[106.44611,49.2289],[106.44572,49.2289],[106.44532,49.2289],[106.44466,49.2289],[106.44375,49.22904],[106.44307,49.22928],[106.44253,49.22958],[106.43982,49.23133],[106.43913,49.23165],[106.43844,49.23192],[106.43786,49.23214],[106.43713,49.23241]]}},{"type":"Feature","properties":{},"geometry":{"type":"LineString","coordinates":[[106.43665,49.23255],[106.43626,49.2327],[106.43527,49.23308],[106.43476,49.23326],[106.43461,49.23333],[106.43406,49.23363],[106.43369,49.23391],[106.43351,49.23413],[106.43319,49.23485],[106.433,49.23519],[106.43263,49.23555],[106.43227,49.23575],[106.43198,49.23585],[106.43063,49.23619],[106.4296,49.23644]]}},{"type":"Feature","properties":{},"geometry":{"type":"LineString","coordinates":[[106.48943,49.2219],[106.4879,49.22233],[106.48514,49.22312],[106.48082,49.22435],[106.47515,49.22596],[106.47067,49.22723],[106.46343,49.22928],[106.46202,49.22968],[106.46137,49.22981],[106.46085,49.22984],[106.46032,49.22984],[106.45701,49.22958],[106.45543,49.22945],[106.4547,49.22941],[106.45348,49.22939],[106.45267,49.22938],[106.44899,49.22912],[106.44657,49.22893]]}},{"type":"Feature","properties":{},"geometry":{"type":"LineString","coordinates":[[106.43677,49.2287],[106.43807,49.22872]]}},{"type":"Feature","properties":{},"geometry":{"type":"LineString","coordinates":[[106.44657,49.22893],[106.44611,49.2289]]}},{"type":"Feature","properties":{},"geometry":{"type":"LineString","coordinates":[[106.43489,49.23317],[106.42675,49.23549]]}},{"type":"Feature","properties":{},"geometry":{"type":"LineString","coordinates":[[106.43677,49.22863],[106.43869,49.22868]]}},{"type":"Feature","properties":{},"geometry":{"type":"LineString","coordinates":[[106.43597,49.23275],[106.43592,49.23277],[106.43543,49.23296],[106.43489,49.23317],[106.43429,49.23339],[106.43423,49.23341],[106.43374,49.23359],[106.43132,49.23429],[106.43096,49.23443],[106.43058,49.23452],[106.42952,49.23479],[106.42825,49.23516],[106.42638,49.23569],[106.42535,49.23598],[106.42441,49.23619]]}},{"type":"Feature","properties":{},"geometry":{"type":"LineString","coordinates":[[106.43687,49.23201],[106.43618,49.23192],[106.43549,49.23187]]}},{"type":"Feature","properties":{},"geometry":{"type":"LineString","coordinates":[[106.4359,49.22884],[106.43412,49.22877],[106.43353,49.22872]]}},{"type":"Feature","properties":{},"geometry":{"type":"LineString","coordinates":[[106.43256,49.22863],[106.4341,49.22906],[106.43449,49.22908],[106.43543,49.22911]]}},{"type":"Feature","properties":{},"geometry":{"type":"LineString","coordinates":[[106.43681,49.22898],[106.43754,49.22898],[106.43813,49.22892],[106.43916,49.2287]]}},{"type":"Feature","properties":{},"geometry":{"type":"LineString","coordinates":[[106.43687,49.23229],[106.43538,49.23237],[106.43503,49.23242],[106.43306,49.23297]]}},{"type":"Feature","properties":{},"geometry":{"type":"LineString","coordinates":[[106.42599,49.23565],[106.4297,49.23459],[106.43401,49.23336],[106.43507,49.23305],[106.43543,49.23296]]}},{"type":"Feature","properties":{},"geometry":{"type":"LineString","coordinates":[[106.43592,49.23277],[106.43471,49.2331],[106.42781,49.23508],[106.42614,49.23555],[106.42588,49.23562]]}},{"type":"Feature","properties":{},"geometry":{"type":"LineString","coordinates":[[106.4348,49.23301],[106.43442,49.23307],[106.43395,49.23319],[106.43078,49.23411],[106.42947,49.23448]]}},{"type":"Feature","properties":{},"geometry":{"type":"LineString","coordinates":[[106.43786,49.23214],[106.43745,49.23222],[106.43687,49.23229],[106.43562,49.23246],[106.43315,49.23313]]}},{"type":"Feature","properties":{},"geometry":{"type":"LineString","coordinates":[[106.43677,49.22876],[106.43767,49.22876],[106.43807,49.22872],[106.43869,49.22868],[106.4398,49.22859]]}},{"type":"Feature","properties":{},"geometry":{"type":"LineString","coordinates":[[106.44054,49.22854],[106.4398,49.22859],[106.43916,49.2287],[106.43801,49.22886],[106.43762,49.22889],[106.43678,49.22887]]}},{"type":"Feature","properties":{},"geometry":{"type":"LineString","coordinates":[[106.42441,49.23619],[106.42499,49.23611],[106.42547,49.23605],[106.42625,49.23583],[106.42712,49.23558],[106.42721,49.23555]]}},{"type":"Feature","properties":{},"geometry":{"type":"LineString","coordinates":[[106.43844,49.23192],[106.438,49.232],[106.43749,49.23204],[106.43687,49.23201],[106.43611,49.23198],[106.43543,49.23203],[106.43425,49.23235]]}},{"type":"Feature","properties":{},"geometry":{"type":"LineString","coordinates":[[106.44532,49.2289],[106.44429,49.22881],[106.44183,49.22861],[106.44029,49.22864],[106.43851,49.22909],[106.43797,49.22915],[106.43666,49.22913]]}},{"type":"Feature","properties":{},"geometry":{"type":"LineString","coordinates":[[106.44183,49.22861],[106.44054,49.22854],[106.43977,49.22855],[106.43565,49.22842],[106.43446,49.22856],[106.43403,49.22861],[106.43331,49.22864],[106.43292,49.22864]]}},{"type":"Feature","properties":{},"geometry":{"type":"LineString","coordinates":[[106.42719,49.23551],[106.42887,49.23503],[106.4299,49.23473],[106.43111,49.23442],[106.43153,49.23427],[106.4339,49.23358],[106.43461,49.23333]]}},{"type":"Feature","properties":{},"geometry":{"type":"LineString","coordinates":[[106.43429,49.23339],[106.43156,49.23417],[106.42921,49.23483],[106.42715,49.23541],[106.42675,49.23549],[106.42668,49.23551],[106.42599,49.23565],[106.42546,49.23575]]}},{"type":"Feature","properties":{},"geometry":{"type":"LineString","coordinates":[[106.43591,49.22894],[106.43478,49.22891],[106.43438,49.22887],[106.43353,49.22872],[106.43337,49.22869],[106.43292,49.22864],[106.43256,49.22863],[106.43227,49.22862],[106.43103,49.22859]]}},{"type":"Feature","properties":{},"geometry":{"type":"LineString","coordinates":[[109.42412,46.24405],[109.42428,46.24355],[109.42467,46.24307],[109.42524,46.24269],[109.42734,46.24164],[109.42815,46.24148],[109.42898,46.24138],[109.42947,46.24127],[109.43015,46.24092],[109.43053,46.24058],[109.43129,46.23975],[109.43149,46.23932],[109.43153,46.23879],[109.43134,46.23828],[109.43094,46.23783],[109.43056,46.23759],[109.42968,46.23719],[109.42642,46.23572]]}},{"type":"Feature","properties":{},"geometry":{"type":"LineString","coordinates":[[109.42409,46.24261],[109.42451,46.23967]]}},{"type":"Feature","properties":{},"geometry":{"type":"LineString","coordinates":[[109.42702,46.24723],[109.42749,46.2476],[109.42836,46.24815]]}},{"type":"Feature","properties":{},"geometry":{"type":"LineString","coordinates":[[109.42968,46.23719],[109.42888,46.23672],[109.42765,46.23616]]}},{"type":"Feature","properties":{},"geometry":{"type":"LineString","coordinates":[[109.42425,46.24524],[109.42387,46.24508],[109.42098,46.24399]]}},{"type":"Feature","properties":{},"geometry":{"type":"LineString","coordinates":[[109.42479,46.24555],[109.42585,46.2463],[109.42622,46.24671],[109.42738,46.24835]]}},{"type":"Feature","properties":{},"geometry":{"type":"LineString","coordinates":[[109.44438,46.26221],[109.44432,46.26193],[109.44404,46.26041],[109.44397,46.26005],[109.44384,46.25936],[109.4436,46.25811],[109.44349,46.25763],[109.44335,46.25722],[109.44315,46.25679],[109.44299,46.2565],[109.44271,46.25608],[109.44245,46.25578],[109.44224,46.25555],[109.44198,46.25531],[109.44164,46.25502],[109.44118,46.25472],[109.44062,46.25438],[109.43944,46.25374],[109.43838,46.25314]]}},{"type":"Feature","properties":{},"geometry":{"type":"LineString","coordinates":[[109.42653,46.24651],[109.42714,46.247],[109.42765,46.24737],[109.42808,46.24762]]}},{"type":"Feature","properties":{},"geometry":{"type":"LineString","coordinates":[[109.42677,46.24651],[109.42708,46.24669],[109.43583,46.25158],[109.43632,46.25183]]}},{"type":"Feature","properties":{},"geometry":{"type":"LineString","coordinates":[[109.42743,46.24769],[109.42775,46.24796],[109.42799,46.24812],[109.42905,46.24871]]}},{"type":"Feature","properties":{},"geometry":{"type":"LineString","coordinates":[[109.42049,46.2421],[109.42107,46.2428],[109.42175,46.24347],[109.42214,46.2438],[109.42254,46.24411],[109.42315,46.24451],[109.4238,46.24491],[109.42443,46.2453],[109.42529,46.24577],[109.4257,46.24601],[109.42609,46.24621],[109.42668,46.24653],[109.42722,46.24691],[109.4279,46.24728],[109.42976,46.2483],[109.43041,46.24869],[109.433,46.25012],[109.43789,46.25286],[109.43838,46.25314]]}},{"type":"Feature","properties":{},"geometry":{"type":"LineString","coordinates":[[109.42609,46.24621],[109.42677,46.24651],[109.42723,46.24671],[109.42744,46.24683],[109.43591,46.25157],[109.43632,46.25183],[109.43669,46.25212]]}},{"type":"Feature","properties":{},"geometry":{"type":"LineString","coordinates":[[109.42529,46.24577],[109.42465,46.24532],[109.42424,46.24473],[109.42414,46.24446],[109.42412,46.24405],[109.42409,46.24261],[109.42403,46.23971]]}},{"type":"Feature","properties":{},"geometry":{"type":"LineString","coordinates":[[109.42615,46.24632],[109.42642,46.24653],[109.42702,46.24723],[109.42743,46.24769],[109.42771,46.248],[109.42852,46.24847]]}},{"type":"Feature","properties":{},"geometry":{"type":"LineString","coordinates":[[109.42722,46.24691],[109.42653,46.24651],[109.42615,46.24632],[109.42595,46.24622],[109.4251,46.24573],[109.42479,46.24555],[109.42464,46.24547],[109.42425,46.24524],[109.4232,46.24465],[109.42254,46.24428]]}},{"type":"Feature","properties":{},"geometry":{"type":"LineString","coordinates":[[106.72595,47.89233],[106.72738,47.89241],[106.72967,47.89257],[106.72992,47.89259],[106.73029,47.89262],[106.73104,47.8927],[106.7317,47.89284],[106.73198,47.89295],[106.73222,47.89309],[106.73233,47.89316],[106.73257,47.89335],[106.73277,47.89356],[106.73291,47.89383],[106.73296,47.89405],[106.733,47.89425],[106.73304,47.89539]]}},{"type":"Feature","properties":{},"geometry":{"type":"LineString","coordinates":[[106.74231,47.88499],[106.74292,47.88499],[106.7541,47.88593],[106.7543,47.88595]]}},{"type":"Feature","properties":{},"geometry":{"type":"LineString","coordinates":[[106.76576,47.8893],[106.76991,47.8893],[106.77056,47.88931],[106.77251,47.88946]]}},{"type":"Feature","properties":{},"geometry":{"type":"LineString","coordinates":[[106.75349,47.88598],[106.75251,47.88607],[106.75178,47.88606]]}},{"type":"Feature","properties":{},"geometry":{"type":"LineString","coordinates":[[106.76552,47.88999],[106.76636,47.8906],[106.7667,47.8909],[106.76745,47.8918]]}},{"type":"Feature","properties":{},"geometry":{"type":"LineString","coordinates":[[106.7327,47.89327],[106.73302,47.89389],[106.7331,47.89414],[106.73315,47.89444],[106.73315,47.89467],[106.7331,47.89504],[106.73309,47.89541],[106.73311,47.89577]]}},{"type":"Feature","properties":{},"geometry":{"type":"LineString","coordinates":[[106.7541,47.88599],[106.75349,47.88598],[106.75265,47.88596],[106.74261,47.88511],[106.74186,47.885]]}},{"type":"Feature","properties":{},"geometry":{"type":"LineString","coordinates":[[106.75716,47.88624],[106.7576,47.88632],[106.75793,47.8864],[106.75829,47.88653],[106.75967,47.88713],[106.76273,47.88846],[106.76397,47.88915],[106.76517,47.8898],[106.76552,47.88999],[106.76577,47.89013],[106.76602,47.89028],[106.76661,47.8907],[106.76757,47.89178]]}},{"type":"Feature","properties":{},"geometry":{"type":"LineString","coordinates":[[106.76273,47.88846],[106.76419,47.88906],[106.76476,47.8892],[106.765,47.88924],[106.76523,47.88926],[106.76576,47.8893],[106.76633,47.88935],[106.77078,47.88968],[106.77297,47.88984]]}},{"type":"Feature","properties":{},"geometry":{"type":"LineString","coordinates":[[106.73418,47.89777],[106.73347,47.89714],[106.73312,47.89687],[106.73274,47.89665],[106.73232,47.89643],[106.73186,47.89628],[106.73185,47.89627],[106.73136,47.89614],[106.73082,47.89607],[106.73051,47.89604],[106.72602,47.89563]]}},{"type":"Feature","properties":{},"geometry":{"type":"LineString","coordinates":[[106.73,47.89327],[106.7316,47.89359],[106.73185,47.89369],[106.73208,47.8938],[106.73224,47.89389],[106.73252,47.8941],[106.73277,47.89441],[106.73291,47.89473],[106.73304,47.89539],[106.73311,47.89577],[106.73329,47.89635]]}},{"type":"Feature","properties":{},"geometry":{"type":"LineString","coordinates":[[106.87112,47.8983],[106.87113,47.89813],[106.87116,47.89789],[106.87121,47.89773],[106.87145,47.89727],[106.87152,47.89709],[106.87158,47.8969],[106.87159,47.89677],[106.87159,47.89672],[106.87159,47.89667],[106.87153,47.89629],[106.87142,47.89604],[106.87137,47.89597],[106.87124,47.89576],[106.87115,47.89567]]}},{"type":"Feature","properties":{},"geometry":{"type":"LineString","coordinates":[[106.62096,47.82372],[106.62327,47.82689],[106.62617,47.8309],[106.62855,47.83417],[106.62868,47.83434],[106.62907,47.83483],[106.63048,47.83627],[106.63063,47.83642],[106.63068,47.83647],[106.63141,47.83712],[106.6319,47.83752],[106.63276,47.83815],[106.63371,47.83874],[106.63514,47.83971],[106.64314,47.84462],[106.64332,47.84474]]}},{"type":"Feature","properties":{},"geometry":{"type":"LineString","coordinates":[[107.00662,47.90337],[107.00697,47.90342],[107.00724,47.90345],[107.00747,47.90345],[107.00798,47.90343],[107.00828,47.90341],[107.00851,47.9034],[107.0087,47.90341],[107.00884,47.90341],[107.00897,47.90343],[107.00917,47.90346],[107.00935,47.9035],[107.00952,47.90355],[107.00968,47.90362],[107.00989,47.90374],[107.01008,47.90386],[107.01021,47.90396],[107.0103,47.90404],[107.01036,47.90411],[107.01042,47.90418],[107.0109,47.90499]]}},{"type":"Feature","properties":{},"geometry":{"type":"LineString","coordinates":[[107.01637,47.91306],[107.01629,47.91286],[107.01624,47.91263],[107.0162,47.91239],[107.01622,47.91215],[107.01623,47.91211],[107.01623,47.91194],[107.0162,47.91171],[107.01614,47.91152],[107.01604,47.91135],[107.01586,47.91107],[107.0156,47.91079],[107.0155,47.9107],[107.01537,47.91056],[107.01523,47.91042],[107.01515,47.91033],[107.015,47.91012],[107.01433,47.9094],[107.01403,47.9091],[107.01382,47.90888],[107.01369,47.90876],[107.01359,47.90864],[107.01307,47.90813],[107.01267,47.9077],[107.01239,47.90741],[107.01231,47.90733],[107.01229,47.90731],[107.01223,47.90726],[107.01219,47.9072],[107.01194,47.90693],[107.01179,47.90677],[107.01166,47.9066],[107.01158,47.90649],[107.01147,47.90631],[107.01138,47.90612],[107.01131,47.90595],[107.01124,47.90573],[107.01116,47.90538],[107.0111,47.90515],[107.01108,47.90507],[107.01103,47.90487],[107.01096,47.90459],[107.01088,47.9044],[107.01074,47.90419],[107.01062,47.90403],[107.01047,47.90389],[107.01029,47.90375],[107.01012,47.90364],[107.00993,47.90353],[107.0097,47.90343],[107.00943,47.90334],[107.0093,47.9033],[107.00915,47.90327],[107.00899,47.90324],[107.00882,47.90321],[107.00832,47.90318],[107.00775,47.90314]]}},{"type":"Feature","properties":{},"geometry":{"type":"LineString","coordinates":[[107.00524,47.9032],[107.0055,47.90321],[107.00568,47.90322],[107.00588,47.90324],[107.00627,47.9033],[107.00662,47.90337]]}},{"type":"Feature","properties":{},"geometry":{"type":"LineString","coordinates":[[107.01553,47.90264],[107.01562,47.90259],[107.01575,47.90251],[107.01592,47.90238],[107.01609,47.90222],[107.0162,47.90208],[107.01628,47.90196],[107.01637,47.9018],[107.01642,47.90164],[107.01645,47.90152],[107.01645,47.90137]]}},{"type":"Feature","properties":{},"geometry":{"type":"LineString","coordinates":[[107.00662,47.90337],[107.00689,47.90343],[107.00707,47.90349],[107.00718,47.90355],[107.00731,47.90364],[107.00747,47.90376],[107.00762,47.9039],[107.00788,47.90418],[107.00803,47.90439],[107.00813,47.90458]]}},{"type":"Feature","properties":{},"geometry":{"type":"LineString","coordinates":[[107.00627,47.9033],[107.00652,47.90338],[107.00677,47.90347],[107.00688,47.90352],[107.00698,47.90357],[107.00715,47.90367],[107.00734,47.90379],[107.00745,47.90387],[107.00751,47.90392],[107.00774,47.90412],[107.00795,47.90436],[107.00812,47.90467],[107.00838,47.90519],[107.00877,47.90593]]}},{"type":"Feature","properties":{},"geometry":{"type":"LineString","coordinates":[[106.01592,49.74169],[106.01518,49.74121],[106.0123,49.73933],[106.01197,49.73906],[106.0118,49.73891],[106.01165,49.73875],[106.0115,49.73853],[106.01143,49.73842],[106.01136,49.7383],[106.0113,49.73815],[106.01119,49.73786],[106.01097,49.73706],[106.01087,49.73667],[106.0107,49.73626],[106.01048,49.73593],[106.01022,49.73565],[106.01001,49.73548],[106.00979,49.73531],[106.00871,49.73468],[106.00804,49.73431],[106.00742,49.73392],[106.00631,49.73309],[106.00404,49.73133],[106.00332,49.73074],[106.00273,49.7301],[106.00227,49.72947],[106.0021,49.72915],[106.00197,49.72882],[106.00188,49.72859],[106.0018,49.72832],[106.00088,49.72421],[106.00036,49.72216],[105.99994,49.72108],[105.99951,49.72017],[105.99903,49.71935],[105.99852,49.71855],[105.99793,49.71777],[105.9973,49.71701],[105.99657,49.71622],[105.99578,49.71547],[105.99496,49.71477],[105.99379,49.71388],[105.99322,49.71348],[105.99263,49.7131],[105.99138,49.71235],[105.99074,49.712],[105.99009,49.71167],[105.98956,49.71141],[105.98902,49.71116],[105.98792,49.71069],[105.98571,49.7098],[105.98351,49.70889],[105.98129,49.708],[105.97941,49.70723],[105.97752,49.70646],[105.97558,49.70566],[105.97547,49.70562],[105.97383,49.70495],[105.97173,49.70409],[105.96963,49.70325],[105.96751,49.70237],[105.96574,49.70165],[105.95655,49.69792],[105.95057,49.69546],[105.9504,49.69539],[105.94804,49.69442],[105.94633,49.69373],[105.9446,49.69302],[105.94233,49.69209],[105.94114,49.69161],[105.93878,49.69061],[105.93636,49.68963],[105.93436,49.68881],[105.93284,49.6882],[105.93213,49.68791],[105.93135,49.68759],[105.93014,49.68709],[105.92987,49.68698],[105.92828,49.68634],[105.92731,49.68594],[105.92644,49.68558],[105.92595,49.68539],[105.92589,49.68536],[105.9232,49.68425],[105.92071,49.68316],[105.91953,49.68255],[105.91837,49.68191],[105.91413,49.67942],[105.91083,49.67747],[105.91073,49.67741],[105.90748,49.67552],[105.90424,49.67363],[105.90095,49.67172],[105.89768,49.66979],[105.89726,49.66952],[105.89685,49.66923],[105.89645,49.6689],[105.89614,49.66859],[105.89576,49.66813],[105.89537,49.66756],[105.89511,49.66701],[105.89395,49.66442],[105.89254,49.66122],[105.89017,49.65591],[105.88828,49.65166],[105.88716,49.64914],[105.88518,49.64472],[105.88333,49.64055],[105.88257,49.6388],[105.88111,49.6356],[105.88055,49.63472],[105.88006,49.6341],[105.87931,49.63333],[105.87849,49.63257],[105.87759,49.63179],[105.87626,49.6306],[105.87391,49.62852],[105.87075,49.6257],[105.86771,49.62299],[105.8655,49.62104],[105.86461,49.6202],[105.86428,49.61982],[105.86398,49.61943],[105.86346,49.61864],[105.86325,49.61826],[105.86306,49.61783],[105.86277,49.61698],[105.86265,49.61637],[105.86258,49.61568],[105.86262,49.61501],[105.86271,49.61433],[105.86282,49.61388],[105.86296,49.61341],[105.86336,49.61251],[105.8643,49.61074],[105.86625,49.60706],[105.8675,49.60468],[105.86977,49.60036],[105.872,49.59617],[105.87247,49.59545],[105.87275,49.59508],[105.87307,49.59473],[105.87328,49.59448],[105.87383,49.59394],[105.87429,49.59355],[105.87574,49.59247],[105.87771,49.59105],[105.87855,49.59045],[105.87895,49.59014],[105.87933,49.58983],[105.87974,49.58947],[105.88015,49.58908],[105.88044,49.58878],[105.88069,49.58848],[105.88086,49.58826],[105.88113,49.58788],[105.88138,49.58746],[105.88159,49.5871],[105.88177,49.58669],[105.88193,49.58626],[105.88223,49.58521],[105.8828,49.58309],[105.88305,49.58226],[105.88343,49.58145],[105.88371,49.58091],[105.88408,49.5804],[105.88454,49.5798],[105.88534,49.57905],[105.88621,49.57832],[105.88801,49.57686],[105.88988,49.57533],[105.89073,49.57463],[105.89179,49.57376],[105.89235,49.5733],[105.89243,49.57324],[105.89373,49.57217],[105.8944,49.5716],[105.895,49.57104],[105.89576,49.57028],[105.89647,49.56947],[105.89694,49.56888],[105.89735,49.56829],[105.89756,49.56798],[105.89807,49.56712],[105.89938,49.56474],[105.90035,49.56296],[105.90128,49.56122],[105.90308,49.55791],[105.90399,49.55624],[105.90489,49.55461],[105.90587,49.55281],[105.90677,49.55118],[105.90708,49.55058],[105.9079,49.5491],[105.9087,49.54761],[105.90893,49.54721],[105.90955,49.54605],[105.91049,49.54434],[105.91155,49.5424],[105.9126,49.54045],[105.91418,49.53755],[105.91592,49.53435],[105.91679,49.53276],[105.91703,49.5323],[105.91726,49.53183],[105.91742,49.53145],[105.9176,49.53102],[105.91774,49.53064],[105.91788,49.53021],[105.9181,49.52939],[105.91821,49.52891],[105.91829,49.52841],[105.9184,49.52743],[105.91849,49.52545],[105.91861,49.52321],[105.91871,49.52097],[105.91893,49.51654],[105.91914,49.51211],[105.91944,49.5058],[105.91963,49.50189],[105.91971,49.5012],[105.91986,49.50056],[105.92007,49.49999],[105.92031,49.49942],[105.92085,49.49852],[105.92109,49.4982],[105.92154,49.49767],[105.92216,49.49704],[105.92285,49.49638],[105.92436,49.49499],[105.92474,49.4946],[105.92488,49.49445]]}},{"type":"Feature","properties":{},"geometry":{"type":"LineString","coordinates":[[106.02093,48.9524],[106.02938,48.95177],[106.0311,48.95149],[106.03211,48.95128],[106.03373,48.95075],[106.03515,48.95013],[106.03791,48.94862],[106.04126,48.94671],[106.04463,48.94486],[106.04637,48.94379],[106.04704,48.94334],[106.04797,48.94266],[106.05429,48.93684],[106.05947,48.93192],[106.06237,48.92914],[106.0633,48.9282],[106.06404,48.92724],[106.06441,48.92663],[106.06477,48.92579],[106.06513,48.92439],[106.06516,48.9236],[106.06513,48.92283],[106.06498,48.92202],[106.06467,48.9212],[106.06419,48.91998],[106.06401,48.91887],[106.0641,48.91837],[106.06428,48.91781],[106.06457,48.91737],[106.06483,48.91707],[106.06532,48.91663],[106.06578,48.91633],[106.06638,48.91602],[106.06721,48.91571],[106.06813,48.91552],[106.06894,48.91544],[106.06952,48.91543],[106.07012,48.91544],[106.07262,48.91568],[106.07463,48.91578],[106.07589,48.91569],[106.07666,48.91557],[106.07744,48.91539],[106.07891,48.91489],[106.08008,48.91427],[106.08533,48.90998],[106.08597,48.90945],[106.08697,48.90864],[106.08747,48.90816],[106.08794,48.90769],[106.08852,48.90699],[106.09052,48.9043],[106.09165,48.90278],[106.09187,48.90249],[106.09361,48.9001],[106.09537,48.89774],[106.09564,48.89739],[106.09636,48.89644],[106.09743,48.89502],[106.0983,48.89399],[106.09918,48.89308],[106.10023,48.89226],[106.10105,48.89165],[106.10118,48.89156],[106.10132,48.89146],[106.11043,48.8851],[106.11155,48.88438],[106.11271,48.88379],[106.11409,48.88323],[106.11482,48.88299],[106.11553,48.88277],[106.11689,48.88244],[106.11828,48.88224],[106.11971,48.88214],[106.12116,48.8821],[106.12495,48.88191],[106.13216,48.88162],[106.13484,48.88152],[106.13561,48.88141],[106.13654,48.88122],[106.13715,48.88098],[106.13774,48.88066],[106.13872,48.88001],[106.13987,48.87886],[106.14059,48.87831],[106.141,48.87808],[106.14235,48.87756],[106.14376,48.87733],[106.14446,48.8773],[106.14512,48.87735],[106.14586,48.87743],[106.14657,48.87761],[106.14775,48.87806],[106.14929,48.87914],[106.15069,48.88029],[106.15146,48.88077],[106.15232,48.88117],[106.15329,48.88143],[106.15415,48.88152],[106.15512,48.8815],[106.15599,48.88143],[106.15794,48.88102],[106.15877,48.88088],[106.15969,48.88078],[106.16047,48.88078],[106.16131,48.88085],[106.16489,48.88134],[106.16609,48.8816],[106.16961,48.88311],[106.17105,48.88376],[106.17253,48.88435],[106.17398,48.88478],[106.17545,48.88509],[106.17735,48.88532],[106.1825,48.88546],[106.18439,48.88575],[106.18581,48.88606],[106.19186,48.88762],[106.19672,48.88882],[106.19811,48.88899],[106.19967,48.88907],[106.20108,48.88905]]}},{"type":"Feature","properties":{},"geometry":{"type":"LineString","coordinates":[[106.20108,48.88905],[106.21452,48.88799],[106.22628,48.88706],[106.23865,48.88603],[106.25087,48.88508],[106.2526,48.88488],[106.25423,48.8845],[106.25794,48.88348],[106.26175,48.88224],[106.26897,48.88005],[106.28362,48.87566],[106.30012,48.87062],[106.31236,48.86684],[106.31901,48.86474],[106.32191,48.8639],[106.32336,48.86333],[106.32482,48.86262],[106.32576,48.86203],[106.32671,48.86134],[106.32719,48.86097],[106.32934,48.85931],[106.33573,48.8543],[106.33766,48.85277],[106.33959,48.85125],[106.34027,48.85073],[106.34143,48.84982],[106.34327,48.84837],[106.34426,48.84763],[106.34479,48.84729],[106.3454,48.84698],[106.346,48.84672],[106.34666,48.84648],[106.34699,48.84637],[106.34734,48.84628],[106.34771,48.8462],[106.34809,48.84613],[106.34849,48.84607],[106.34944,48.84595],[106.35565,48.84533],[106.3587,48.84505],[106.35951,48.84502],[106.36032,48.84505],[106.36117,48.84514],[106.362,48.84526],[106.36322,48.84563],[106.3644,48.84609],[106.36881,48.84788],[106.36935,48.84811],[106.3742,48.85011],[106.37566,48.85071],[106.3764,48.85098],[106.37718,48.85123],[106.37766,48.85135],[106.37818,48.85143],[106.37872,48.8515],[106.37926,48.85154],[106.3798,48.85157],[106.38067,48.85156],[106.38102,48.85154],[106.38141,48.85151],[106.38209,48.85142],[106.38278,48.85129],[106.38414,48.85098],[106.38594,48.85058],[106.38774,48.85012],[106.38958,48.84973],[106.3905,48.84955],[106.39099,48.84947],[106.39148,48.84941],[106.39261,48.84934],[106.39377,48.84931],[106.39605,48.8494]]}},{"type":"Feature","properties":{},"geometry":{"type":"LineString","coordinates":[[105.92607,49.02568],[105.92468,49.02429],[105.9233,49.02307],[105.92261,49.02222],[105.92224,49.02155],[105.92199,49.01984],[105.92254,49.01821],[105.9251,49.01439],[105.92637,49.01121],[105.92805,49.00581],[105.92822,49.00506],[105.92827,49.00474],[105.92832,49.00352],[105.92816,49.00026],[105.92825,48.99969],[105.92907,48.99698],[105.93023,48.99343],[105.93051,48.99254],[105.93091,48.99177],[105.93124,48.99132],[105.93233,48.99033],[105.93366,48.98956],[105.93632,48.98823],[105.94135,48.98584],[105.94235,48.98526],[105.94376,48.98421],[105.94469,48.98334],[105.94669,48.98096],[105.94747,48.98014],[105.94897,48.97895],[105.9503,48.97801],[105.95222,48.97673],[105.95247,48.97655],[105.95439,48.97526],[105.95527,48.97463],[105.95614,48.9739],[105.95673,48.97324],[105.95728,48.97251],[105.9575,48.97216],[105.95772,48.97176],[105.95807,48.97094],[105.95871,48.96918],[105.95901,48.96854],[105.95913,48.9683],[105.9593,48.9681],[105.95974,48.96771],[105.96027,48.96735],[105.96088,48.96712],[105.96162,48.9669],[105.96432,48.96645],[105.96553,48.96611],[105.96591,48.96591],[105.96653,48.96546],[105.96743,48.96473],[105.96835,48.96404],[105.96884,48.96374],[105.96943,48.96344],[105.96995,48.96323],[105.97084,48.96295],[105.97151,48.96284],[105.97261,48.96271],[105.97316,48.96268],[105.97467,48.96283],[105.97695,48.96303],[105.97806,48.96304],[105.97931,48.96293],[105.98349,48.96225],[105.98569,48.96184],[105.9883,48.9611],[105.99264,48.95949],[105.99638,48.95817],[106.00307,48.9558],[106.00777,48.95413],[106.00989,48.95346],[106.01199,48.95305],[106.01486,48.95279],[106.02093,48.9524]]}},{"type":"Feature","properties":{},"geometry":{"type":"LineString","coordinates":[[106.20262,50.23385],[106.20334,50.23335],[106.20478,50.23235],[106.20495,50.23223],[106.20533,50.23197],[106.20619,50.23137],[106.20661,50.23105],[106.20699,50.23071],[106.20745,50.23016],[106.2078,50.22963],[106.20808,50.22895],[106.20823,50.22832],[106.2084,50.22678],[106.2084,50.22626],[106.20833,50.22575],[106.20808,50.22494],[106.20753,50.22312]]}},{"type":"Feature","properties":{},"geometry":{"type":"LineString","coordinates":[[106.1612,49.91315],[106.16075,49.91247],[106.16053,49.9121],[106.16028,49.91166],[106.16005,49.91122],[106.1597,49.91058],[106.15933,49.90997],[106.15856,49.90877],[106.15812,49.90811],[106.15772,49.90749],[106.15731,49.90688],[106.15691,49.90627],[106.15652,49.90568],[106.15616,49.90514],[106.15604,49.90492],[106.15595,49.9047],[106.15583,49.90441],[106.15573,49.90409],[106.15569,49.90383],[106.15565,49.90344],[106.15563,49.90307],[106.1556,49.90227],[106.15557,49.90147],[106.1556,49.90117],[106.15564,49.90096],[106.15571,49.90074],[106.15578,49.9006],[106.15594,49.90034],[106.15614,49.90009],[106.15627,49.89996],[106.15662,49.89966],[106.15678,49.89955],[106.15694,49.89944],[106.15709,49.89936],[106.15724,49.89928],[106.15756,49.89914],[106.15791,49.89901],[106.15834,49.89888],[106.16029,49.89834],[106.16051,49.89827],[106.16073,49.89819],[106.16104,49.89806],[106.16132,49.89793],[106.16154,49.8978],[106.16174,49.89766],[106.16189,49.89755],[106.16212,49.89735],[106.16233,49.89714],[106.16251,49.89687],[106.16265,49.8966],[106.16275,49.89634],[106.16281,49.89608],[106.16281,49.89588],[106.16279,49.89568],[106.16275,49.89531],[106.16252,49.89446],[106.16234,49.89379],[106.16204,49.89259],[106.16195,49.89219],[106.16187,49.89181],[106.16183,49.89145],[106.16182,49.89106],[106.16187,49.89037],[106.16194,49.88962],[106.16198,49.88923],[106.16203,49.88886],[106.16209,49.8885],[106.16213,49.88831],[106.16219,49.88812],[106.16233,49.88779],[106.1626,49.88729],[106.16293,49.88678],[106.16352,49.88594],[106.1644,49.88463],[106.1646,49.88429],[106.16478,49.88392],[106.16491,49.88355],[106.16501,49.88318],[106.16502,49.88312],[106.16509,49.88234],[106.16503,49.88182],[106.16497,49.88157],[106.16489,49.88132],[106.16471,49.88089],[106.16461,49.88069],[106.16451,49.8805],[106.16421,49.87996],[106.16406,49.87969],[106.16392,49.87942],[106.16366,49.87891],[106.16357,49.87864],[106.16349,49.87838],[106.16343,49.87812],[106.16339,49.87784],[106.16336,49.87745],[106.16338,49.87725],[106.1634,49.87705],[106.16343,49.87687],[106.16347,49.87667],[106.16371,49.87551],[106.16386,49.87491],[106.16399,49.87429],[106.16405,49.87391],[106.16407,49.87373],[106.16409,49.87352],[106.16411,49.87315],[106.16409,49.87277],[106.16406,49.8724],[106.16388,49.87098],[106.16375,49.87002],[106.16363,49.86904],[106.16353,49.86846],[106.16341,49.8679],[106.16322,49.86731],[106.16297,49.86674],[106.16278,49.86636],[106.1625,49.86592],[106.16221,49.86549],[106.15924,49.86144],[106.15791,49.85968],[106.15724,49.85879],[106.15655,49.85787],[106.15481,49.85552],[106.15307,49.85317],[106.15204,49.85178],[106.15082,49.85014],[106.14982,49.84879],[106.14883,49.84745],[106.14744,49.84558],[106.14615,49.84385],[106.14487,49.84213],[106.14439,49.84146]]}},{"type":"Feature","properties":{},"geometry":{"type":"LineString","coordinates":[[106.14439,49.84146],[106.14405,49.84102]]}},{"type":"Feature","properties":{},"geometry":{"type":"LineString","coordinates":[[106.39605,48.8494],[106.40555,48.85026],[106.41656,48.85125],[106.4179,48.85138],[106.42438,48.85196],[106.42606,48.85213],[106.43332,48.85334],[106.4354,48.8537],[106.43578,48.85377],[106.43602,48.85381],[106.4366,48.85391],[106.43717,48.854],[106.43897,48.85432],[106.44109,48.85468],[106.44982,48.85611],[106.45474,48.85692],[106.45855,48.85756],[106.46121,48.85801],[106.46137,48.85804],[106.46296,48.85831],[106.46696,48.85898],[106.46827,48.85915],[106.46976,48.85921],[106.47227,48.85912],[106.47575,48.85886],[106.48196,48.85841],[106.48469,48.85818],[106.48628,48.85807],[106.48743,48.85799],[106.49006,48.85779],[106.49273,48.85759],[106.49386,48.85758],[106.495,48.85759],[106.50181,48.85778],[106.50862,48.85798],[106.52292,48.85827],[106.52365,48.85827],[106.52438,48.85825],[106.52473,48.85824],[106.5251,48.85821],[106.52586,48.85813],[106.52659,48.858],[106.52731,48.85784],[106.52796,48.85769],[106.52824,48.8576],[106.52862,48.85748],[106.53191,48.85626],[106.5335,48.85569],[106.53428,48.85543],[106.53518,48.85519],[106.53606,48.85499],[106.53711,48.85481],[106.53909,48.85453],[106.54306,48.85398],[106.54744,48.85338],[106.54964,48.85304],[106.55076,48.8529],[106.5513,48.85285],[106.55186,48.85283],[106.5524,48.85285],[106.55294,48.85289],[106.55418,48.85299],[106.55532,48.85309],[106.55651,48.85312],[106.55701,48.85309],[106.55752,48.85304],[106.56058,48.85271],[106.5655,48.8522],[106.56794,48.85195],[106.5691,48.85183],[106.57041,48.85175],[106.57187,48.85176],[106.57332,48.8518],[106.57623,48.8519],[106.58204,48.85209],[106.58833,48.8523],[106.59148,48.8524],[106.5946,48.85251],[106.60289,48.85279],[106.60822,48.85296],[106.61358,48.85314],[106.62122,48.85339],[106.625,48.85353],[106.62877,48.85362],[106.6295,48.85359],[106.63022,48.85352],[106.63105,48.85345],[106.63191,48.85332],[106.63347,48.85298],[106.6344,48.8527],[106.6378,48.85163],[106.64217,48.85027],[106.64655,48.84889],[106.65034,48.84769],[106.65226,48.84708],[106.65415,48.84644],[106.65533,48.84592],[106.65646,48.8453],[106.65848,48.84414],[106.66055,48.84297]]}},{"type":"Feature","properties":{},"geometry":{"type":"LineString","coordinates":[[106.79681,48.47967],[106.79791,48.47895],[106.80376,48.47617],[106.80429,48.47588],[106.80496,48.47536],[106.80538,48.47472],[106.80549,48.47444],[106.80558,48.4739],[106.80547,48.47328],[106.80517,48.47273],[106.80446,48.47183]]}},{"type":"Feature","properties":{},"geometry":{"type":"LineString","coordinates":[[106.76479,48.63545],[106.76485,48.63507]]}},{"type":"Feature","properties":{},"geometry":{"type":"LineString","coordinates":[[106.71364,48.78197],[106.71364,48.78176]]}},{"type":"Feature","properties":{},"geometry":{"type":"LineString","coordinates":[[106.71375,48.77774],[106.71375,48.77759]]}},{"type":"Feature","properties":{},"geometry":{"type":"LineString","coordinates":[[106.71375,48.77759],[106.71382,48.77546],[106.7139,48.77207],[106.714,48.77148],[106.7142,48.77089],[106.71478,48.76991],[106.71696,48.76738],[106.71744,48.76659],[106.71764,48.76589],[106.71761,48.76509],[106.71745,48.76455],[106.71728,48.76422],[106.71584,48.76208],[106.71548,48.76143],[106.71535,48.76076],[106.71539,48.7601],[106.71568,48.75939],[106.71616,48.75873],[106.71959,48.75585],[106.72008,48.75526],[106.72039,48.75465],[106.72053,48.75396],[106.72018,48.75002],[106.72023,48.74938],[106.72046,48.74851],[106.72203,48.74478],[106.72217,48.74403],[106.72214,48.74319],[106.72189,48.74231],[106.7217,48.7419],[106.7209,48.74078],[106.7178,48.7381],[106.71729,48.73762],[106.71686,48.73704],[106.7163,48.73595],[106.71572,48.73439],[106.7155,48.73397],[106.71496,48.7333],[106.71425,48.73266],[106.71314,48.73195],[106.70969,48.73007],[106.7088,48.72931],[106.70842,48.72887],[106.70813,48.72838],[106.70791,48.72785],[106.70776,48.7269],[106.70783,48.72636],[106.70805,48.72566],[106.70858,48.72483],[106.71271,48.72053],[106.71339,48.71967],[106.71685,48.71437],[106.71762,48.71339],[106.71841,48.71264],[106.71952,48.71177],[106.72479,48.70778],[106.72514,48.70757],[106.72627,48.70693],[106.73405,48.7029],[106.74251,48.69844],[106.74351,48.69792],[106.74456,48.6975],[106.74523,48.69732],[106.74594,48.69721],[106.74666,48.69715],[106.74739,48.69716],[106.74855,48.69732],[106.75176,48.6981],[106.75284,48.69823],[106.75383,48.69825],[106.75785,48.69811],[106.75891,48.698],[106.75992,48.69781],[106.76091,48.69753],[106.76131,48.69735],[106.7625,48.69669],[106.77536,48.68786],[106.77663,48.68695],[106.77768,48.68603],[106.77897,48.68453],[106.77992,48.68285],[106.78045,48.68089],[106.78051,48.67896],[106.7804,48.67685],[106.78027,48.67623],[106.77991,48.67525],[106.7794,48.67431],[106.77813,48.67264],[106.77343,48.66682],[106.77216,48.66564],[106.77083,48.66451],[106.77016,48.66374],[106.76947,48.66257],[106.76655,48.65693],[106.76622,48.65622],[106.76586,48.65511],[106.76577,48.65468],[106.76477,48.64987]]}},{"type":"Feature","properties":{},"geometry":{"type":"LineString","coordinates":[[106.79672,48.51629],[106.79492,48.51603],[106.79398,48.51582],[106.79256,48.51531],[106.7914,48.51469],[106.79051,48.514],[106.78974,48.51313],[106.78932,48.51237],[106.78905,48.51156],[106.78898,48.51065],[106.78916,48.50968],[106.79154,48.50368],[106.7918,48.50232],[106.79184,48.50174],[106.79173,48.50068],[106.79061,48.49519],[106.79071,48.49415],[106.79096,48.49339],[106.79143,48.4926],[106.79201,48.49191],[106.79564,48.48805],[106.79602,48.48755],[106.79629,48.48703],[106.79646,48.48634],[106.79641,48.48565],[106.79558,48.48318],[106.79547,48.48227],[106.79557,48.48157],[106.79582,48.48093],[106.79619,48.48033],[106.79681,48.47967]]}},{"type":"Feature","properties":{},"geometry":{"type":"LineString","coordinates":[[106.71364,48.78176],[106.71372,48.77891],[106.71375,48.77774]]}},{"type":"Feature","properties":{},"geometry":{"type":"LineString","coordinates":[[106.5404,47.96275],[106.5403,47.96245],[106.54003,47.96197],[106.53977,47.96167],[106.53946,47.96137],[106.53873,47.96082],[106.53827,47.9606],[106.53777,47.9604],[106.53718,47.96023],[106.53658,47.9601],[106.53587,47.96001],[106.53482,47.95994],[106.5329,47.95985],[106.53222,47.95978],[106.53196,47.95973],[106.53161,47.95967],[106.53114,47.95956],[106.5304,47.95933],[106.53009,47.9592],[106.52979,47.95904],[106.52925,47.95873],[106.52893,47.95845],[106.52862,47.95815],[106.52838,47.95788],[106.52813,47.95751],[106.52798,47.95718],[106.52788,47.95681],[106.52783,47.95642],[106.52781,47.95605],[106.52789,47.9556],[106.52818,47.95481],[106.5299,47.95077],[106.53122,47.94748],[106.5314,47.94655],[106.53138,47.94606],[106.53129,47.9454],[106.53087,47.94449],[106.53034,47.94357],[106.53009,47.9431],[106.52996,47.94267],[106.52984,47.94209],[106.52987,47.94157],[106.53008,47.94091],[106.53034,47.94047],[106.53066,47.94006],[106.53188,47.93882],[106.53335,47.93733],[106.53415,47.93659],[106.53535,47.9354],[106.5357,47.93505],[106.53756,47.93328],[106.54029,47.93064],[106.54175,47.92917],[106.5428,47.92818],[106.54284,47.92814],[106.54377,47.92722],[106.54649,47.92459],[106.54794,47.92319],[106.54925,47.92194],[106.55053,47.92063],[106.55065,47.92051],[106.55113,47.91989],[106.55143,47.91937],[106.55164,47.91868],[106.55199,47.91733],[106.55207,47.91683],[106.55242,47.91607],[106.5527,47.91572],[106.55324,47.91505],[106.55501,47.91305],[106.55641,47.91146],[106.55682,47.91099],[106.55727,47.91048],[106.55764,47.91006],[106.55769,47.91001],[106.55809,47.90956],[106.55846,47.90915],[106.55865,47.90899],[106.55894,47.90872],[106.55947,47.90835],[106.56,47.90808],[106.56057,47.90786],[106.56132,47.90764],[106.56223,47.90751],[106.56478,47.90741],[106.56685,47.90734],[106.56751,47.90725],[106.56781,47.90718],[106.56809,47.90709],[106.56865,47.90688],[106.56914,47.90662],[106.57169,47.90486],[106.57222,47.9045],[106.57277,47.90415],[106.57338,47.90388],[106.57406,47.90369],[106.57492,47.90357],[106.57553,47.90357],[106.57612,47.90362],[106.57671,47.90374],[106.57733,47.90395],[106.57774,47.90415],[106.57814,47.9044],[106.5787,47.90487],[106.57996,47.90632],[106.58077,47.90728],[106.58147,47.9081],[106.58211,47.90859],[106.58266,47.90888],[106.5833,47.9091],[106.58407,47.90926],[106.58468,47.9093],[106.58541,47.90928]]}},{"type":"Feature","properties":{},"geometry":{"type":"LineString","coordinates":[[106.65485,48.11628],[106.65347,48.11538],[106.63972,48.10623],[106.63878,48.10566],[106.63638,48.10431],[106.63543,48.1038],[106.63324,48.1026],[106.62768,48.09958],[106.62762,48.09955],[106.62641,48.0989],[106.61954,48.09516],[106.60977,48.08985],[106.60785,48.08903],[106.60537,48.08808],[106.60511,48.08798],[106.58792,48.08151],[106.58663,48.08089],[106.58564,48.08019],[106.58473,48.07925],[106.58444,48.0788],[106.58218,48.07429],[106.58149,48.07327],[106.581,48.0727],[106.58048,48.07219],[106.58025,48.072],[106.57932,48.07122],[106.5791,48.07109],[106.57886,48.07095],[106.57479,48.06859],[106.57348,48.06751],[106.57104,48.06514],[106.57073,48.06482],[106.57024,48.06435],[106.56926,48.06339],[106.56771,48.06186],[106.56278,48.05697],[106.56171,48.05594],[106.56131,48.05555],[106.55897,48.05322],[106.55789,48.05207],[106.55625,48.04973],[106.55287,48.04471],[106.55155,48.04273],[106.55118,48.04201],[106.55086,48.04107],[106.55066,48.04021],[106.5504,48.03467],[106.5503,48.03392],[106.55009,48.03322],[106.54665,48.02485],[106.54339,48.01689],[106.543,48.01581],[106.54288,48.01496],[106.54291,48.01458],[106.54344,48.01198],[106.54357,48.01107],[106.54347,48.01014],[106.54326,48.00957]]}},{"type":"Feature","properties":{},"geometry":{"type":"LineString","coordinates":[[106.76485,48.63507],[106.76513,48.63289],[106.76515,48.632],[106.7651,48.6316],[106.76473,48.63052],[106.76431,48.62988],[106.76321,48.62873],[106.76234,48.62792],[106.76155,48.62704],[106.76124,48.62657],[106.76097,48.62606],[106.76078,48.62554],[106.76067,48.62503],[106.7606,48.62399],[106.76077,48.62314],[106.76328,48.61529],[106.76339,48.61444],[106.76336,48.61399],[106.76295,48.61201],[106.76299,48.61156],[106.76317,48.6111],[106.76374,48.61027],[106.76525,48.60829],[106.76571,48.60745],[106.76591,48.60661],[106.76607,48.60374],[106.76616,48.60039],[106.76604,48.59978],[106.76531,48.59799],[106.76517,48.59707],[106.7652,48.59674],[106.7659,48.59396],[106.76614,48.59334],[106.76661,48.59271],[106.76744,48.59212],[106.769,48.59127],[106.7696,48.59073],[106.76988,48.59034],[106.77009,48.58977],[106.77023,48.58802],[106.77039,48.58745],[106.77064,48.5869],[106.77097,48.58638],[106.77177,48.58551],[106.77703,48.58142],[106.78374,48.57631],[106.78474,48.57567],[106.7853,48.57538],[106.79214,48.57229],[106.7932,48.57193],[106.79411,48.57172],[106.79554,48.57153],[106.79656,48.57149]]}},{"type":"Feature","properties":{},"geometry":{"type":"LineString","coordinates":[[106.80394,48.4712],[106.80354,48.4707],[106.80204,48.46896],[106.80148,48.46841],[106.80064,48.46784],[106.79789,48.46626],[106.79734,48.46591],[106.79685,48.46551]]}},{"type":"Feature","properties":{},"geometry":{"type":"LineString","coordinates":[[106.83219,48.51979],[106.83189,48.51963]]}},{"type":"Feature","properties":{},"geometry":{"type":"LineString","coordinates":[[106.80446,48.47183],[106.80394,48.4712]]}},{"type":"Feature","properties":{},"geometry":{"type":"LineString","coordinates":[[106.83189,48.51963],[106.83118,48.51929],[106.83022,48.51896],[106.82954,48.51882],[106.82808,48.51872],[106.82385,48.51863],[106.82286,48.51873],[106.82188,48.51894],[106.8213,48.51912],[106.82017,48.51973],[106.81939,48.5204],[106.81696,48.52291],[106.81657,48.52327],[106.81602,48.52363],[106.81533,48.52394],[106.8145,48.52417],[106.81378,48.52426],[106.81305,48.52426],[106.81228,48.52416],[106.81167,48.52402],[106.81075,48.52362],[106.81024,48.52328],[106.80927,48.52251],[106.80442,48.51843],[106.80362,48.51788],[106.80266,48.51736],[106.80163,48.51696],[106.80091,48.51675],[106.80021,48.51662],[106.7995,48.51652],[106.79672,48.51629]]}},{"type":"Feature","properties":{},"geometry":{"type":"LineString","coordinates":[[106.71228,48.20297],[106.71224,48.20267]]}},{"type":"Feature","properties":{},"geometry":{"type":"LineString","coordinates":[[106.71224,48.20267],[106.71206,48.20168],[106.71195,48.20107],[106.7116,48.19908],[106.71157,48.19847],[106.71159,48.19784],[106.71175,48.19686],[106.71186,48.19655],[106.71212,48.19582],[106.71359,48.19285],[106.71448,48.19104],[106.71471,48.19006],[106.71475,48.18957],[106.71464,48.18871],[106.71424,48.18767],[106.71261,48.18532],[106.70719,48.1775],[106.70658,48.1764],[106.70478,48.17164],[106.70433,48.17072],[106.70374,48.16992],[106.70261,48.16866],[106.7002,48.16667],[106.69925,48.16588],[106.69767,48.16457],[106.69003,48.15826],[106.68892,48.15725],[106.68845,48.15675],[106.67021,48.13385]]}},{"type":"Feature","properties":{},"geometry":{"type":"LineString","coordinates":[[108.35938,46.34851],[108.35932,46.34837],[108.35927,46.34821],[108.35924,46.348],[108.35925,46.34773],[108.35928,46.34749],[108.35937,46.34724],[108.35954,46.34698],[108.35975,46.34676],[108.36,46.34651],[108.36134,46.34524]]}},{"type":"Feature","properties":{},"geometry":{"type":"LineString","coordinates":[[111.59326,43.93082],[111.60208,43.92704],[111.61741,43.92048],[111.63272,43.91393],[111.64017,43.91074],[111.64761,43.90755],[111.64807,43.90734],[111.6485,43.90712],[111.64887,43.90694],[111.64937,43.90666],[111.64978,43.9064],[111.65014,43.90614],[111.65052,43.90587],[111.65088,43.90559],[111.65151,43.905],[111.65211,43.90438],[111.65827,43.89706],[111.6658,43.88809],[111.6663,43.88755],[111.66656,43.88731],[111.66685,43.88707],[111.66748,43.88661],[111.66819,43.88624],[111.66897,43.8859],[111.66979,43.88559],[111.67146,43.88496],[111.67321,43.88432],[111.67684,43.88297],[111.67776,43.8826],[111.67822,43.88241],[111.67868,43.88218],[111.67908,43.88196],[111.67949,43.88171],[111.67986,43.88145],[111.68023,43.88117],[111.68091,43.8806],[111.68158,43.88],[111.68555,43.87638],[111.68623,43.87579],[111.68696,43.87523],[111.68776,43.87471],[111.68862,43.87426],[111.68955,43.87384],[111.69053,43.87348],[111.69159,43.87316],[111.69265,43.87295],[111.69375,43.8728],[111.69487,43.87268],[111.69713,43.8725],[111.69929,43.87233],[111.70142,43.87215],[111.70208,43.87206],[111.70241,43.87201],[111.70279,43.87195],[111.70352,43.87179],[111.7042,43.87162],[111.70456,43.87152],[111.70488,43.87142],[111.7052,43.87131],[111.70553,43.8712],[111.70602,43.87099],[111.70651,43.87078],[111.70695,43.87056],[111.70741,43.87032],[111.70793,43.87],[111.70809,43.8699],[111.70824,43.86979],[111.70865,43.86951],[111.70903,43.86923],[111.71056,43.86798],[111.71507,43.86424],[111.71638,43.86317],[111.71856,43.86138],[111.72072,43.85958],[111.72298,43.85771],[111.72525,43.85585],[111.72919,43.8526],[111.73312,43.84935],[111.73424,43.84843],[111.73528,43.84757],[111.73729,43.84589],[111.73831,43.84507],[111.74236,43.84173],[111.7426,43.84154],[111.74453,43.83996],[111.74571,43.83896],[111.74691,43.83798]]}},{"type":"Feature","properties":{},"geometry":{"type":"LineString","coordinates":[[111.89277,43.73025],[111.89314,43.72992]]}},{"type":"Feature","properties":{},"geometry":{"type":"LineString","coordinates":[[111.8913,43.73126],[111.89184,43.7308]]}},{"type":"Feature","properties":{},"geometry":{"type":"LineString","coordinates":[[111.89041,43.73186],[111.89184,43.7308],[111.89482,43.7286],[111.89636,43.72749],[111.89746,43.72666],[111.89774,43.72644],[111.89844,43.72592],[111.89931,43.72528],[111.90209,43.72324],[111.90263,43.72291]]}},{"type":"Feature","properties":{},"geometry":{"type":"LineString","coordinates":[[111.89127,43.73137],[111.89224,43.73065],[111.89277,43.73025]]}},{"type":"Feature","properties":{},"geometry":{"type":"LineString","coordinates":[[111.89164,43.73101],[111.89127,43.73137],[111.89073,43.73177]]}},{"type":"Feature","properties":{},"geometry":{"type":"LineString","coordinates":[[111.87684,43.74221],[111.89003,43.73241],[111.89052,43.73207],[111.89112,43.73162]]}},{"type":"Feature","properties":{},"geometry":{"type":"LineString","coordinates":[[111.87817,43.74113],[111.88959,43.73266],[111.88974,43.73253],[111.89058,43.73181]]}},{"type":"Feature","properties":{},"geometry":{"type":"LineString","coordinates":[[111.87684,43.74184],[111.8726,43.74497],[111.87233,43.74517],[111.8721,43.74533],[111.87179,43.7455],[111.87153,43.74563],[111.87103,43.74587],[111.86844,43.74713],[111.86779,43.74745],[111.86747,43.74764],[111.86743,43.74766],[111.86708,43.74786],[111.86674,43.74805],[111.86613,43.74834],[111.86578,43.74848],[111.86536,43.74862],[111.86505,43.74871]]}},{"type":"Feature","properties":{},"geometry":{"type":"LineString","coordinates":[[111.89005,43.73212],[111.88953,43.73243],[111.88921,43.73266],[111.885,43.7358],[111.88463,43.73608],[111.87684,43.74184],[111.87635,43.74226]]}},{"type":"Feature","properties":{},"geometry":{"type":"LineString","coordinates":[[111.87556,43.74293],[111.8759,43.74259]]}},{"type":"Feature","properties":{},"geometry":{"type":"LineString","coordinates":[[111.87348,43.74439],[111.87414,43.74397],[111.87556,43.74293],[111.89017,43.73211]]}},{"type":"Feature","properties":{},"geometry":{"type":"LineString","coordinates":[[111.87699,43.74195],[111.88965,43.73255],[111.88982,43.73242],[111.89017,43.73211],[111.89058,43.73181],[111.89101,43.73149]]}},{"type":"Feature","properties":{},"geometry":{"type":"LineString","coordinates":[[111.87414,43.74397],[111.87364,43.74435],[111.87216,43.74545],[111.8681,43.74843],[111.86699,43.74924]]}},{"type":"Feature","properties":{},"geometry":{"type":"LineString","coordinates":[[111.8726,43.74497],[111.87315,43.74465]]}},{"type":"Feature","properties":{},"geometry":{"type":"LineString","coordinates":[[111.87103,43.74587],[111.87173,43.74547],[111.87215,43.74521],[111.87256,43.74491],[111.87427,43.74366]]}},{"type":"Feature","properties":{},"geometry":{"type":"LineString","coordinates":[[111.90108,43.72499],[111.90081,43.7253],[111.9006,43.72554],[111.90026,43.72581],[111.89995,43.72603]]}},{"type":"Feature","properties":{},"geometry":{"type":"LineString","coordinates":[[111.90205,43.72281],[111.9022,43.72271],[111.90319,43.72198],[111.90355,43.72172],[111.9037,43.72162],[111.90389,43.72149],[111.90418,43.72131],[111.90452,43.72109]]}},{"type":"Feature","properties":{},"geometry":{"type":"LineString","coordinates":[[111.90021,43.72551],[111.90065,43.72519],[111.90084,43.72503],[111.90102,43.72489]]}},{"type":"Feature","properties":{},"geometry":{"type":"LineString","coordinates":[[111.89307,43.73927],[111.8937,43.73736],[111.89384,43.73709],[111.89394,43.7369],[111.8942,43.73659],[111.89468,43.73613],[111.89482,43.73601],[111.89518,43.73575],[111.89548,43.73545]]}},{"type":"Feature","properties":{},"geometry":{"type":"LineString","coordinates":[[111.89882,43.72643],[111.90074,43.72503],[111.90086,43.72498],[111.90102,43.72489],[111.9011,43.72483],[111.90181,43.72431],[111.90224,43.724],[111.90292,43.72352]]}},{"type":"Feature","properties":{},"geometry":{"type":"LineString","coordinates":[[111.9013,43.72487],[111.90099,43.72522],[111.90079,43.7255],[111.90053,43.7258],[111.90035,43.72594],[111.90009,43.72613]]}},{"type":"Feature","properties":{},"geometry":{"type":"LineString","coordinates":[[111.89393,43.73008],[111.89692,43.72788],[111.89715,43.72771],[111.89772,43.7273],[111.89788,43.72718],[111.89808,43.72703],[111.89821,43.7269],[111.8987,43.72632],[111.89886,43.72614],[111.89905,43.72597],[111.89949,43.72562],[111.90007,43.72519]]}},{"type":"Feature","properties":{},"geometry":{"type":"LineString","coordinates":[[111.89664,43.72707],[111.90229,43.7229],[111.90241,43.7228],[111.90244,43.72278],[111.90309,43.7223],[111.90341,43.72203],[111.90402,43.7215],[111.90452,43.72109],[111.90534,43.7205]]}},{"type":"Feature","properties":{},"geometry":{"type":"LineString","coordinates":[[111.89861,43.7273],[111.89901,43.7269]]}},{"type":"Feature","properties":{},"geometry":{"type":"LineString","coordinates":[[111.89604,43.73517],[111.89685,43.73456],[111.89744,43.73403],[111.89761,43.73386],[111.8977,43.73378],[111.89787,43.73354],[111.89798,43.73328],[111.89804,43.73299],[111.89806,43.73275],[111.89803,43.73252],[111.89798,43.73228],[111.89696,43.72952],[111.89687,43.72915],[111.89688,43.72889],[111.89696,43.72865],[111.89712,43.72837],[111.89731,43.72814],[111.89737,43.72805],[111.89752,43.72791],[111.89797,43.7276],[111.89819,43.72744],[111.89921,43.72668]]}},{"type":"Feature","properties":{},"geometry":{"type":"LineString","coordinates":[[111.89394,43.7366],[111.89548,43.73545],[111.89714,43.73422]]}},{"type":"Feature","properties":{},"geometry":{"type":"LineString","coordinates":[[111.89518,43.73575],[111.89665,43.73465],[111.89686,43.73448],[111.89714,43.73422],[111.89742,43.73396],[111.89764,43.73371],[111.8978,43.73345],[111.89792,43.73318],[111.89798,43.73295],[111.89799,43.73268],[111.89794,43.73244],[111.89786,43.7322],[111.89699,43.72979],[111.89693,43.72963],[111.89676,43.72918],[111.89673,43.72894],[111.89674,43.72863],[111.8968,43.72841],[111.8969,43.72817],[111.89704,43.72797],[111.89725,43.72772],[111.89752,43.72747],[111.89772,43.7273]]}},{"type":"Feature","properties":{},"geometry":{"type":"LineString","coordinates":[[111.90093,43.72545],[111.90071,43.72578],[111.90054,43.72597],[111.90034,43.72615],[111.89962,43.72667],[111.89937,43.72681],[111.89907,43.72698],[111.89888,43.7271],[111.89861,43.7273],[111.89822,43.72759],[111.89767,43.72798]]}},{"type":"Feature","properties":{},"geometry":{"type":"LineString","coordinates":[[111.90106,43.7252],[111.90093,43.72545],[111.90072,43.72583],[111.90039,43.7264]]}},{"type":"Feature","properties":{},"geometry":{"type":"LineString","coordinates":[[111.90153,43.72457],[111.9013,43.72487],[111.90106,43.7252],[111.90086,43.7258],[111.90083,43.72604],[111.90083,43.72621],[111.9009,43.72647],[111.90103,43.72674],[111.90116,43.72695],[111.90132,43.72716],[111.90154,43.72734],[111.90176,43.72751]]}},{"type":"Feature","properties":{},"geometry":{"type":"LineString","coordinates":[[111.90099,43.72522],[111.90073,43.72552],[111.90057,43.72566],[111.90032,43.72587],[111.90002,43.72608]]}},{"type":"Feature","properties":{},"geometry":{"type":"LineString","coordinates":[[111.89822,43.72759],[111.89842,43.72747],[111.89869,43.72733],[111.89904,43.72718],[111.89941,43.72708],[111.89981,43.72704],[111.90014,43.72702],[111.90052,43.72706],[111.90086,43.72712],[111.90115,43.72721],[111.90141,43.72732],[111.90176,43.72751],[111.90306,43.72841]]}},{"type":"Feature","properties":{},"geometry":{"type":"LineString","coordinates":[[111.89819,43.72744],[111.89862,43.72718],[111.89878,43.72708],[111.89901,43.7269]]}},{"type":"Feature","properties":{},"geometry":{"type":"LineString","coordinates":[[111.90181,43.72431],[111.90153,43.72457],[111.90125,43.72484],[111.90108,43.72499],[111.90087,43.72517],[111.90071,43.72536],[111.90047,43.72556],[111.89989,43.72598]]}},{"type":"Feature","properties":{},"geometry":{"type":"LineString","coordinates":[[111.91239,43.71552],[111.91323,43.71499],[111.91364,43.71469]]}},{"type":"Feature","properties":{},"geometry":{"type":"LineString","coordinates":[[111.91488,43.7137],[111.9151,43.71345],[111.91526,43.71323],[111.91565,43.7126],[111.9158,43.71243],[111.91603,43.71221],[111.91739,43.7112]]}},{"type":"Feature","properties":{},"geometry":{"type":"LineString","coordinates":[[111.90671,43.7201],[111.91254,43.71578],[111.91294,43.71541],[111.91366,43.71474],[111.91432,43.71425],[111.91462,43.71402]]}},{"type":"Feature","properties":{},"geometry":{"type":"LineString","coordinates":[[111.91454,43.71402],[111.91488,43.7137],[111.91549,43.71314],[111.91602,43.71264],[111.91631,43.71241],[111.91764,43.71142]]}},{"type":"Feature","properties":{},"geometry":{"type":"LineString","coordinates":[[111.91576,43.71311],[111.91609,43.71281],[111.91632,43.71262],[111.91909,43.71056],[111.91918,43.7105],[111.92236,43.70806],[111.93114,43.70154],[111.94352,43.69241],[111.94534,43.69111],[111.94646,43.69034],[111.94825,43.68904]]}},{"type":"Feature","properties":{},"geometry":{"type":"LineString","coordinates":[[111.9121,43.71604],[111.91252,43.71566],[111.91289,43.71531]]}},{"type":"Feature","properties":{},"geometry":{"type":"LineString","coordinates":[[111.91627,43.71295],[111.91607,43.71307],[111.91577,43.71326],[111.91535,43.71349],[111.91508,43.71369]]}},{"type":"Feature","properties":{},"geometry":{"type":"LineString","coordinates":[[111.92473,43.70679],[111.92064,43.70977],[111.91956,43.71053],[111.9189,43.711],[111.91873,43.71112],[111.9183,43.71146],[111.91763,43.71194],[111.91705,43.71249],[111.91695,43.71261],[111.91677,43.71291],[111.91666,43.71322],[111.91659,43.71359],[111.91659,43.71394],[111.91651,43.71451],[111.91638,43.715],[111.91618,43.71574],[111.91588,43.7168],[111.91579,43.71717],[111.91575,43.71749],[111.91567,43.71775],[111.91542,43.71865],[111.91494,43.72034]]}},{"type":"Feature","properties":{},"geometry":{"type":"LineString","coordinates":[[111.91667,43.71264],[111.91637,43.71297],[111.91626,43.71311],[111.91614,43.71334],[111.9161,43.71346],[111.91606,43.7136],[111.91592,43.71392],[111.91583,43.71409],[111.91571,43.71425],[111.91552,43.71447],[111.91532,43.71466],[111.91511,43.71486],[111.91496,43.71503],[111.91485,43.71522],[111.91473,43.71546],[111.91414,43.7175]]}},{"type":"Feature","properties":{},"geometry":{"type":"LineString","coordinates":[[111.89976,43.73243],[111.89939,43.73277]]}},{"type":"Feature","properties":{},"geometry":{"type":"LineString","coordinates":[[111.90131,43.73108],[111.90167,43.73076],[111.90185,43.73061]]}},{"type":"Feature","properties":{},"geometry":{"type":"LineString","coordinates":[[111.90726,43.72205],[111.90645,43.72266],[111.90623,43.72285],[111.90606,43.72305],[111.90594,43.72324],[111.90585,43.7234],[111.90578,43.72357],[111.9045,43.72715]]}},{"type":"Feature","properties":{},"geometry":{"type":"LineString","coordinates":[[111.90767,43.72176],[111.90658,43.72239],[111.90635,43.72254],[111.90608,43.72276],[111.90583,43.72303],[111.90569,43.72319],[111.90554,43.72348],[111.9043,43.72688]]}},{"type":"Feature","properties":{},"geometry":{"type":"LineString","coordinates":[[111.91562,43.71526],[111.91399,43.72083]]}},{"type":"Feature","properties":{},"geometry":{"type":"LineString","coordinates":[[111.90231,43.73054],[111.90286,43.73005],[111.90327,43.72971],[111.91033,43.72447]]}},{"type":"Feature","properties":{},"geometry":{"type":"LineString","coordinates":[[111.91197,43.72341],[111.9115,43.72368],[111.91079,43.72419],[111.90343,43.72965],[111.90314,43.72988],[111.90277,43.73019]]}},{"type":"Feature","properties":{},"geometry":{"type":"LineString","coordinates":[[111.91277,43.72274],[111.9115,43.72368]]}},{"type":"Feature","properties":{},"geometry":{"type":"LineString","coordinates":[[111.91575,43.71468],[111.91556,43.71509],[111.91546,43.71529],[111.9154,43.71545],[111.91475,43.71768]]}},{"type":"Feature","properties":{},"geometry":{"type":"LineString","coordinates":[[111.91593,43.71408],[111.91575,43.71468],[111.91563,43.71511],[111.91487,43.71759],[111.91441,43.71915],[111.9139,43.72096]]}},{"type":"Feature","properties":{},"geometry":{"type":"LineString","coordinates":[[111.91606,43.7136],[111.91593,43.71408],[111.91588,43.71438],[111.91587,43.71453],[111.91587,43.71474],[111.91584,43.71502],[111.91581,43.71526],[111.91576,43.71552]]}},{"type":"Feature","properties":{},"geometry":{"type":"LineString","coordinates":[[111.91576,43.71552],[111.91486,43.71861],[111.91477,43.71891],[111.91467,43.71914],[111.91454,43.7194],[111.91446,43.71961],[111.91429,43.72016],[111.9142,43.72038],[111.91399,43.72083],[111.91383,43.72139],[111.91376,43.72166],[111.91368,43.72186],[111.91357,43.72205],[111.91342,43.72223],[111.9132,43.72242],[111.91277,43.72274],[111.91232,43.72315]]}},{"type":"Feature","properties":{},"geometry":{"type":"LineString","coordinates":[[111.91587,43.71474],[111.91588,43.71508],[111.91588,43.71525],[111.91584,43.71545],[111.91524,43.7176],[111.91485,43.71887],[111.91474,43.71921],[111.91468,43.71934],[111.91456,43.7196],[111.91429,43.72016]]}},{"type":"Feature","properties":{},"geometry":{"type":"LineString","coordinates":[[111.91335,43.71591],[111.9134,43.7157],[111.91346,43.7155],[111.91355,43.71526],[111.91362,43.71509],[111.91375,43.71488],[111.91403,43.71453]]}},{"type":"Feature","properties":{},"geometry":{"type":"LineString","coordinates":[[111.94645,43.6904],[111.94715,43.68991],[111.9483,43.68907]]}},{"type":"Feature","properties":{},"geometry":{"type":"LineString","coordinates":[[111.90209,43.73084],[111.89947,43.73278],[111.89901,43.73305],[111.89807,43.73374],[111.89688,43.73462],[111.8947,43.73623],[111.89434,43.73654],[111.89411,43.73678],[111.89395,43.737],[111.89384,43.73724],[111.89377,43.73739],[111.89357,43.738],[111.89314,43.73927]]}},{"type":"Feature","properties":{},"geometry":{"type":"LineString","coordinates":[[111.90224,43.724],[111.90191,43.7243],[111.90169,43.72456],[111.90151,43.72481],[111.90139,43.72502],[111.90132,43.72529],[111.9013,43.72546],[111.90121,43.72613]]}},{"type":"Feature","properties":{},"geometry":{"type":"LineString","coordinates":[[111.9019,43.73064],[111.90131,43.73108],[111.90094,43.73142],[111.90066,43.73168],[111.90019,43.7321]]}},{"type":"Feature","properties":{},"geometry":{"type":"LineString","coordinates":[[111.90213,43.73089],[111.90007,43.7324],[111.8999,43.73251],[111.89947,43.73278]]}},{"type":"Feature","properties":{},"geometry":{"type":"LineString","coordinates":[[111.90206,43.7308],[111.89939,43.73277],[111.89901,43.73305]]}},{"type":"Feature","properties":{},"geometry":{"type":"LineString","coordinates":[[111.90543,43.72386],[111.90461,43.72615],[111.90436,43.72688],[111.90381,43.7285],[111.90375,43.72865],[111.90368,43.72878],[111.90353,43.729],[111.90335,43.7292],[111.90309,43.72942],[111.90257,43.72981],[111.90235,43.72999],[111.90177,43.73051],[111.90149,43.73079],[111.90123,43.73109],[111.90094,43.73142]]}},{"type":"Feature","properties":{},"geometry":{"type":"LineString","coordinates":[[111.90185,43.73061],[111.90594,43.7276]]}},{"type":"Feature","properties":{},"geometry":{"type":"LineString","coordinates":[[111.90202,43.73076],[111.90019,43.7321],[111.89976,43.73243],[111.89685,43.73456]]}},{"type":"Feature","properties":{},"geometry":{"type":"LineString","coordinates":[[111.89654,43.72725],[111.90055,43.72426],[111.90258,43.72278],[111.90301,43.72245],[111.90364,43.72198],[111.90395,43.72175],[111.90501,43.72098],[111.90561,43.72054],[111.90979,43.71747],[111.9117,43.71603],[111.9121,43.71573],[111.91239,43.71552]]}},{"type":"Feature","properties":{},"geometry":{"type":"LineString","coordinates":[[109.37622,46.11713],[109.37641,46.11683]]}},{"type":"Feature","properties":{},"geometry":{"type":"LineString","coordinates":[[109.38655,45.99853],[109.38645,45.99829]]}},{"type":"Feature","properties":{},"geometry":{"type":"LineString","coordinates":[[109.38345,45.99032],[109.3834,45.99002]]}},{"type":"Feature","properties":{},"geometry":{"type":"LineString","coordinates":[[109.37641,46.11683],[109.37784,46.11462],[109.3815,46.10894],[109.38889,46.09748],[109.39029,46.09525],[109.39101,46.0939],[109.39381,46.08618],[109.39424,46.08513],[109.39476,46.08409],[109.39595,46.08221],[109.39898,46.07769],[109.40966,46.06173],[109.41004,46.06096],[109.41038,46.06014],[109.41066,46.05873],[109.41068,46.0572],[109.41042,46.05565],[109.40926,46.05295],[109.3917,46.0109],[109.38917,46.00479],[109.38655,45.99853]]}},{"type":"Feature","properties":{},"geometry":{"type":"LineString","coordinates":[[109.38645,45.99829],[109.38487,45.99452],[109.38399,45.99238],[109.38345,45.99032]]}},{"type":"Feature","properties":{},"geometry":{"type":"LineString","coordinates":[[109.3834,45.99002],[109.38115,45.97966],[109.37894,45.96951],[109.37654,45.9584],[109.37456,45.94935],[109.37273,45.94099],[109.36945,45.92585],[109.36506,45.90565]]}},{"type":"Feature","properties":{},"geometry":{"type":"LineString","coordinates":[[109.37209,46.13754],[109.37231,46.12577],[109.37236,46.1249],[109.37246,46.12408],[109.37267,46.12323],[109.37297,46.1224],[109.37344,46.12146],[109.37403,46.12052],[109.37516,46.11878],[109.37622,46.11713]]}},{"type":"Feature","properties":{},"geometry":{"type":"LineString","coordinates":[[109.3917,46.16728],[109.39071,46.16645],[109.38932,46.16518],[109.38747,46.1631],[109.38214,46.15592],[109.3747,46.14632],[109.37352,46.14464],[109.37282,46.14326],[109.37226,46.14144],[109.37212,46.14052],[109.37209,46.13785]]}},{"type":"Feature","properties":{},"geometry":{"type":"LineString","coordinates":[[109.39198,46.16747],[109.3917,46.16728]]}},{"type":"Feature","properties":{},"geometry":{"type":"LineString","coordinates":[[109.36506,45.90565],[109.36501,45.90541]]}},{"type":"Feature","properties":{},"geometry":{"type":"LineString","coordinates":[[109.37209,46.13785],[109.37209,46.13754]]}},{"type":"Feature","properties":{},"geometry":{"type":"LineString","coordinates":[[109.4257,46.24601],[109.4251,46.24573]]}},{"type":"Feature","properties":{},"geometry":{"type":"LineString","coordinates":[[109.42066,46.19795],[109.42071,46.19766]]}},{"type":"Feature","properties":{},"geometry":{"type":"LineString","coordinates":[[109.42071,46.19766],[109.42229,46.18703],[109.42233,46.18615],[109.42224,46.18527],[109.42212,46.18472],[109.42191,46.18406],[109.42164,46.18341],[109.42112,46.18254],[109.42053,46.18173],[109.41997,46.18114],[109.41932,46.18056],[109.41845,46.17988],[109.4175,46.17927],[109.41672,46.17886],[109.41567,46.17843],[109.40853,46.17576],[109.40106,46.17292],[109.39823,46.17163],[109.39667,46.17078],[109.39517,46.16977],[109.39198,46.16747]]}},{"type":"Feature","properties":{},"geometry":{"type":"LineString","coordinates":[[109.42668,46.24653],[109.42737,46.24691],[109.4293,46.24799],[109.43071,46.24877],[109.4317,46.24932],[109.43244,46.24974],[109.43338,46.25028],[109.43645,46.25199],[109.43669,46.25212],[109.43746,46.25255],[109.43789,46.25286]]}},{"type":"Feature","properties":{},"geometry":{"type":"LineString","coordinates":[[109.36501,45.90541],[109.36271,45.89485],[109.35946,45.87989],[109.35648,45.86605],[109.35641,45.86508],[109.35647,45.86426],[109.35671,45.86332],[109.35698,45.86249],[109.35747,45.86157],[109.35805,45.86076],[109.35873,45.85996],[109.36029,45.8587],[109.3612,45.85813],[109.36211,45.85764],[109.3633,45.85717],[109.36636,45.85627],[109.36892,45.8555],[109.37014,45.85497],[109.37135,45.85438],[109.37229,45.85379],[109.37312,45.85321],[109.3743,45.85221],[109.37494,45.85148],[109.37585,45.85025],[109.37628,45.84941],[109.3767,45.84848],[109.37701,45.84711],[109.37713,45.84611],[109.37706,45.84515],[109.37691,45.84416],[109.37561,45.83781],[109.37523,45.83647],[109.37485,45.83565],[109.37442,45.83488],[109.37335,45.83336],[109.36777,45.82622],[109.35805,45.81378],[109.35048,45.80403],[109.34568,45.79783],[109.3454,45.79748],[109.34367,45.79525],[109.34302,45.79443],[109.34267,45.79402],[109.3423,45.79364],[109.34188,45.7932],[109.34141,45.79279],[109.34092,45.79239],[109.34039,45.79198],[109.33987,45.79165],[109.33933,45.79133],[109.3382,45.79071],[109.3375,45.79041],[109.33679,45.79013],[109.33533,45.78965],[109.33448,45.78943],[109.33363,45.78924],[109.33268,45.78908],[109.33174,45.78895],[109.33094,45.78889],[109.3301,45.78884],[109.32892,45.78884],[109.32812,45.78888],[109.32735,45.78896],[109.3265,45.78906],[109.32567,45.7892],[109.32436,45.78947],[109.32368,45.78966],[109.3223,45.79008],[109.32088,45.79054],[109.31989,45.79087],[109.31892,45.79126],[109.31799,45.79172],[109.31716,45.79218],[109.31678,45.79243],[109.31639,45.79271],[109.31493,45.79383],[109.31276,45.79551],[109.31244,45.79574],[109.31218,45.79589],[109.31196,45.79603]]}},{"type":"Feature","properties":{},"geometry":{"type":"LineString","coordinates":[[110.11365,44.8656],[110.11345,44.86541]]}},{"type":"Feature","properties":{},"geometry":{"type":"LineString","coordinates":[[110.15558,44.89631],[110.15549,44.89612]]}},{"type":"Feature","properties":{},"geometry":{"type":"LineString","coordinates":[[110.15549,44.89612],[110.15479,44.89466],[110.15436,44.89382],[110.15401,44.89315],[110.15345,44.89202],[110.15311,44.89143],[110.15268,44.8908],[110.15184,44.88976],[110.15086,44.88866],[110.1498,44.88745],[110.14902,44.88651],[110.14869,44.88614],[110.14794,44.88545],[110.1471,44.88477],[110.14624,44.8841],[110.14537,44.88343],[110.1448,44.88298],[110.1443,44.8826],[110.14324,44.88179],[110.14272,44.88143],[110.14196,44.88098],[110.14059,44.88029],[110.13946,44.87985],[110.13869,44.87955],[110.13594,44.87853],[110.13128,44.87688],[110.12896,44.87604],[110.12661,44.8752],[110.12523,44.87469],[110.12449,44.87441],[110.12337,44.87392],[110.12222,44.87333],[110.12063,44.87228],[110.11957,44.87129],[110.11857,44.87033],[110.11749,44.86928],[110.11593,44.86778],[110.11365,44.8656]]}},{"type":"Feature","properties":{},"geometry":{"type":"LineString","coordinates":[[110.11345,44.86541],[110.11215,44.86414],[110.11105,44.86275],[110.11015,44.86136],[110.10944,44.86001],[110.10897,44.8588],[110.10846,44.85653],[110.10821,44.85449],[110.10831,44.85291],[110.10864,44.84995],[110.11483,44.78904],[110.116,44.77655],[110.11616,44.77448],[110.11607,44.773],[110.11589,44.77153],[110.11547,44.77013],[110.11459,44.76791],[110.10771,44.75189],[110.1068,44.74951],[110.10658,44.74871],[110.10643,44.74797],[110.10626,44.74673],[110.10628,44.74446],[110.10698,44.73225],[110.10735,44.72467],[110.10722,44.7237],[110.10691,44.72276],[110.10648,44.72191],[110.10562,44.72064],[110.09923,44.71404],[110.09829,44.71283],[110.09744,44.7113],[110.09689,44.70964],[110.09677,44.70814],[110.09742,44.69973],[110.0975,44.69734],[110.09716,44.69472],[110.09585,44.69135],[110.0934,44.68424],[110.09164,44.6737]]}},{"type":"Feature","properties":{},"geometry":{"type":"LineString","coordinates":[[110.15886,44.90371],[110.15816,44.90232],[110.15743,44.9009],[110.1573,44.90056],[110.15719,44.90018],[110.15718,44.89962],[110.15712,44.89933]]}},{"type":"Feature","properties":{},"geometry":{"type":"LineString","coordinates":[[108.33548,47.70759],[108.33506,47.70716]]}},{"type":"Feature","properties":{},"geometry":{"type":"LineString","coordinates":[[107.71073,47.46672],[107.69924,47.46862],[107.697,47.46909],[107.69368,47.47042],[107.69134,47.47217],[107.6894,47.47464],[107.68841,47.47582],[107.68737,47.47641],[107.68429,47.47779],[107.68153,47.47838],[107.67806,47.47838],[107.67564,47.47805],[107.67293,47.47721],[107.64515,47.46598],[107.64282,47.46454],[107.6406,47.46209],[107.61315,47.42454],[107.60949,47.41954],[107.60693,47.41643],[107.60504,47.41176],[107.60374,47.40653],[107.60078,47.39399],[107.59942,47.39196],[107.59766,47.39065],[107.59312,47.38818],[107.59115,47.38709],[107.58989,47.38605],[107.57565,47.37187],[107.57297,47.36989],[107.5699,47.36831],[107.56693,47.3671],[107.50566,47.34822],[107.50066,47.34664],[107.49993,47.34642],[107.49925,47.34623],[107.49849,47.34608],[107.49755,47.34597],[107.49656,47.34594],[107.49589,47.34596],[107.49549,47.346],[107.49499,47.34606],[107.49456,47.34614],[107.49404,47.34625],[107.49354,47.34638],[107.49298,47.34656],[107.49249,47.34674],[107.4921,47.34692],[107.4917,47.34713],[107.49145,47.34727],[107.4912,47.34742],[107.49091,47.34763],[107.49063,47.34785],[107.48993,47.34845],[107.48839,47.34984],[107.48798,47.3502],[107.48787,47.3503],[107.48713,47.35096],[107.48343,47.35427],[107.47467,47.36212],[107.47429,47.36246],[107.47425,47.3625]]}},{"type":"Feature","properties":{},"geometry":{"type":"LineString","coordinates":[[107.1161,47.86195],[107.11565,47.86195]]}},{"type":"Feature","properties":{},"geometry":{"type":"LineString","coordinates":[[107.14866,47.84126],[107.14842,47.8413]]}},{"type":"Feature","properties":{},"geometry":{"type":"LineString","coordinates":[[107.14842,47.8413],[107.14816,47.84133],[107.14703,47.84144],[107.14593,47.84159],[107.14486,47.84186],[107.14386,47.84226],[107.14298,47.84271],[107.14225,47.84329],[107.14168,47.84392],[107.14126,47.84461],[107.14064,47.84602],[107.14021,47.8467],[107.13996,47.84702],[107.13969,47.84733],[107.13911,47.84787],[107.13871,47.84816],[107.13828,47.84841],[107.1374,47.84888],[107.13548,47.8497],[107.13456,47.85014],[107.13368,47.85067],[107.1331,47.85113],[107.13242,47.85187],[107.13194,47.85257],[107.13158,47.85328],[107.13127,47.85402],[107.1309,47.85475],[107.13042,47.85544],[107.12978,47.85609],[107.12896,47.85669],[107.12722,47.85773],[107.12637,47.85828],[107.12559,47.85888],[107.12486,47.85952],[107.12409,47.86015],[107.12318,47.86069],[107.12217,47.8612],[107.12106,47.86159],[107.11973,47.86187],[107.11859,47.86197]]}},{"type":"Feature","properties":{},"geometry":{"type":"LineString","coordinates":[[110.79653,44.68243],[110.79659,44.68236]]}},{"type":"Feature","properties":{},"geometry":{"type":"LineString","coordinates":[[110.80537,44.67341],[110.80548,44.67331]]}},{"type":"Feature","properties":{},"geometry":{"type":"LineString","coordinates":[[110.79659,44.68236],[110.79713,44.68168],[110.79763,44.68111],[110.79816,44.68056],[110.80034,44.67841],[110.80339,44.67538],[110.80537,44.67341]]}},{"type":"Feature","properties":{},"geometry":{"type":"LineString","coordinates":[[110.80548,44.67331],[110.80912,44.66969],[110.81229,44.66654],[110.81252,44.66628],[110.81289,44.66579],[110.81321,44.66525],[110.81343,44.66471],[110.81352,44.66438],[110.81358,44.66406],[110.81363,44.66347],[110.81343,44.66135],[110.8134,44.66072],[110.81346,44.66022],[110.81355,44.65977],[110.81378,44.65913],[110.81411,44.65858],[110.81447,44.6581],[110.81548,44.65713],[110.81682,44.65632],[110.8199,44.65495],[110.82062,44.65457],[110.82129,44.65416],[110.82172,44.6538],[110.82209,44.65346],[110.82254,44.65295],[110.82328,44.65183],[110.8256,44.64808],[110.82584,44.64775],[110.8261,44.64744],[110.82664,44.6469],[110.82737,44.64639],[110.82814,44.64596],[110.82911,44.64557],[110.82994,44.64532],[110.83088,44.64513],[110.83188,44.64497],[110.83762,44.64405],[110.84328,44.64312],[110.84902,44.6422],[110.84996,44.64198],[110.85086,44.64169],[110.85255,44.64091],[110.86077,44.63686],[110.86829,44.63318],[110.86965,44.63245],[110.87027,44.63207],[110.87094,44.63164],[110.87216,44.63077],[110.8734,44.62989],[110.87851,44.62622],[110.8852,44.62147],[110.88789,44.61953],[110.89568,44.61396],[110.90209,44.60936],[110.90806,44.60507],[110.91174,44.60245],[110.91304,44.6016],[110.91457,44.60098],[110.91543,44.60082],[110.91629,44.60069],[110.91803,44.60056],[110.92482,44.60017],[110.92652,44.60004],[110.92827,44.59993],[110.93006,44.59992],[110.93194,44.59989],[110.93385,44.59999],[110.93578,44.60012],[110.93964,44.6003],[110.9416,44.60031],[110.94354,44.60014],[110.94545,44.59977],[110.94727,44.59925],[110.94897,44.59858],[110.95385,44.59655],[110.95679,44.59528],[110.96002,44.59398],[110.96485,44.59199],[110.96557,44.59169],[110.9755,44.5876],[110.97823,44.58649],[110.98077,44.58544],[110.98104,44.58533],[110.98316,44.58448],[110.98406,44.58416],[110.98503,44.58392],[110.98714,44.58357],[110.98826,44.58339],[110.98958,44.58313],[110.99089,44.58267],[110.99211,44.582],[110.99314,44.58123],[110.99532,44.57965],[110.9965,44.57883],[110.99717,44.57847],[110.99766,44.57819],[110.99852,44.57784],[110.99941,44.57757],[111.00024,44.57742],[111.00113,44.57732]]}},{"type":"Feature","properties":{},"geometry":{"type":"LineString","coordinates":[[108.34824,46.37729],[108.35236,46.37956]]}},{"type":"Feature","properties":{},"geometry":{"type":"LineString","coordinates":[[108.35643,46.38413],[108.35285,46.38215],[108.35136,46.38132],[108.35111,46.38117],[108.35085,46.381],[108.35059,46.3808],[108.35037,46.38058],[108.35017,46.38031],[108.34995,46.37991],[108.34956,46.37899],[108.34935,46.37847],[108.34914,46.37807],[108.34897,46.37786],[108.3488,46.37768],[108.34852,46.37749],[108.34841,46.3774],[108.34824,46.37729],[108.34783,46.37705],[108.34755,46.37684],[108.34727,46.37657],[108.34702,46.3763],[108.34687,46.37607],[108.34677,46.37582],[108.34667,46.37545],[108.34661,46.3751],[108.3466,46.37484],[108.34665,46.37376],[108.34671,46.37304],[108.34681,46.37183],[108.34689,46.37104],[108.34695,46.37076],[108.34706,46.37037],[108.3472,46.37007],[108.34741,46.36969],[108.34766,46.36934],[108.34796,46.36893],[108.34816,46.36859]]}},{"type":"Feature","properties":{},"geometry":{"type":"LineString","coordinates":[[115.71237,49.80534],[115.70965,49.80177],[115.70889,49.80077],[115.7065,49.79759],[115.68625,49.77077],[115.68546,49.76974],[115.67941,49.76173],[115.67708,49.75857],[115.67364,49.7541],[115.67318,49.75337],[115.67272,49.75243],[115.67244,49.75169],[115.67232,49.7508],[115.67179,49.7471],[115.67168,49.74623],[115.67158,49.74548],[115.67133,49.74414],[115.67108,49.74339],[115.67079,49.74276],[115.6705,49.74226],[115.67015,49.74174],[115.66942,49.74088],[115.66844,49.73999],[115.66796,49.7396],[115.66724,49.73913],[115.66631,49.73861],[115.66505,49.73803],[115.66361,49.73746],[115.66229,49.73693],[115.66152,49.73662],[115.66104,49.7364],[115.66056,49.73616],[115.65991,49.73583],[115.65941,49.73553],[115.65873,49.73504],[115.6583,49.73471],[115.6531,49.73061],[115.65222,49.7299],[115.65134,49.72921],[115.6496,49.72785],[115.64755,49.72621],[115.64724,49.72599],[115.64534,49.72443],[115.6372,49.71802],[115.63555,49.71675],[115.63403,49.71531],[115.6283,49.70891],[115.62677,49.7071],[115.62571,49.70618],[115.62427,49.70538],[115.61974,49.70299],[115.61826,49.70212],[115.61712,49.70105],[115.61635,49.69978],[115.61624,49.69898],[115.61614,49.69681],[115.61607,49.69023],[115.61601,49.68667],[115.61618,49.68596],[115.61657,49.68529],[115.61794,49.6838],[115.61837,49.6832],[115.61868,49.68239],[115.6187,49.68193],[115.61861,49.6811],[115.61592,49.67765],[115.61455,49.67614],[115.61346,49.67542],[115.61249,49.67466],[115.61171,49.6737],[115.61127,49.6727],[115.6097,49.66743],[115.60794,49.66215],[115.60687,49.65886],[115.60599,49.65588],[115.60501,49.65263],[115.60435,49.65076],[115.60402,49.65008],[115.60322,49.64919],[115.6027,49.64884],[115.60158,49.64807],[115.60057,49.64743],[115.59946,49.64682],[115.59796,49.6462],[115.59666,49.64583],[115.59528,49.64563],[115.59404,49.64562],[115.59292,49.64566],[115.59103,49.64609],[115.58858,49.64725],[115.58423,49.64927],[115.5836,49.64953],[115.58261,49.64979],[115.58158,49.64993],[115.5805,49.64988],[115.57937,49.6498],[115.57827,49.64951],[115.57678,49.6486],[115.57416,49.6467],[115.57371,49.64602],[115.5734,49.64502],[115.57356,49.64392],[115.57407,49.64242],[115.57416,49.64171],[115.57403,49.64063],[115.57288,49.63767],[115.57224,49.63606],[115.57221,49.63414],[115.57289,49.63216],[115.574,49.62926],[115.57427,49.62855],[115.57437,49.62757],[115.57426,49.62684],[115.57393,49.62595],[115.57294,49.6248],[115.57178,49.62386],[115.56935,49.62259],[115.56623,49.62093],[115.56475,49.62],[115.56351,49.61902],[115.56199,49.6174],[115.56108,49.61641],[115.56041,49.61567],[115.56011,49.61496],[115.55982,49.61392],[115.55978,49.61284],[115.55957,49.61174],[115.55953,49.61066],[115.55935,49.60994],[115.55882,49.60918],[115.55782,49.60823],[115.55365,49.60448],[115.55122,49.6023],[115.54955,49.60081],[115.5485,49.59985],[115.54729,49.59875],[115.54602,49.59761],[115.54543,49.59701],[115.5452,49.59676],[115.54494,49.59643],[115.54473,49.59613],[115.54436,49.59554],[115.54415,49.59512],[115.54396,49.59468],[115.54361,49.59367],[115.54307,49.59206],[115.54267,49.59089],[115.54226,49.5897],[115.54171,49.58806],[115.54117,49.58638],[115.54077,49.5853],[115.53949,49.5815],[115.53918,49.58059],[115.53866,49.57907],[115.53858,49.57881],[115.53846,49.57847],[115.53833,49.5781],[115.5381,49.5774],[115.53787,49.57677],[115.5377,49.57635],[115.53756,49.57603],[115.53729,49.5755],[115.53708,49.57509],[115.5368,49.57463],[115.53598,49.57329],[115.53559,49.57265],[115.53457,49.57096],[115.53433,49.57061],[115.53395,49.57011],[115.53352,49.56963],[115.53326,49.56938],[115.53264,49.5688],[115.53235,49.56854],[115.53163,49.56787],[115.53124,49.56751],[115.53004,49.5664],[115.52931,49.56571],[115.5287,49.56522],[115.52826,49.56492],[115.52793,49.56473],[115.52722,49.56435],[115.52394,49.56292],[115.52262,49.56233],[115.51894,49.56124],[115.5133,49.55952],[115.51205,49.55912],[115.51104,49.55872],[115.51001,49.55818],[115.5092,49.55768],[115.50801,49.55678],[115.50645,49.55546],[115.50372,49.55312],[115.50319,49.55262],[115.50245,49.55183],[115.50211,49.55136],[115.50162,49.55071],[115.50115,49.54993],[115.50025,49.54847],[115.4982,49.54505],[115.49791,49.54426],[115.49763,49.54343],[115.49744,49.54263],[115.4973,49.54169],[115.49704,49.53948],[115.49691,49.53835],[115.4968,49.53781],[115.49654,49.5372],[115.49618,49.5366],[115.49589,49.53622],[115.49495,49.53534],[115.49328,49.5339],[115.49284,49.53345],[115.49249,49.53297],[115.49177,49.53138],[115.49022,49.52758],[115.48904,49.52467],[115.48835,49.52296],[115.48752,49.52095],[115.48361,49.51137],[115.48167,49.50657],[115.48072,49.50422],[115.47984,49.5021],[115.47729,49.49574],[115.47693,49.49492],[115.47674,49.49435],[115.4766,49.49348],[115.47669,49.49278],[115.47684,49.49224],[115.47705,49.49173],[115.4782,49.49006],[115.47949,49.48825],[115.48139,49.48559],[115.48323,49.48299],[115.48556,49.47969],[115.48621,49.47894],[115.48701,49.4783],[115.48756,49.47796],[115.48871,49.4774],[115.49032,49.47669],[115.49109,49.47626],[115.49171,49.47579],[115.49207,49.47543],[115.49233,49.47507],[115.49267,49.47431],[115.49273,49.47392],[115.49275,49.47353],[115.49271,49.4727],[115.49242,49.46664],[115.49142,49.44515],[115.48981,49.41043],[115.48911,49.39504],[115.48899,49.39098],[115.48885,49.3901],[115.48866,49.38965],[115.48837,49.38915],[115.488,49.38862],[115.48736,49.38799],[115.48612,49.38695],[115.47752,49.38005],[115.4734,49.37658],[115.47131,49.37494],[115.47073,49.37448],[115.47027,49.37406],[115.46971,49.37353],[115.46931,49.37301],[115.4688,49.37225],[115.4684,49.37147],[115.46813,49.37067],[115.46794,49.36986],[115.46788,49.36936],[115.46788,49.36888],[115.46794,49.3679],[115.46805,49.36597],[115.46824,49.3625],[115.46834,49.36086],[115.4684,49.3599],[115.46832,49.3587],[115.46813,49.3581],[115.46789,49.35755],[115.46695,49.3555],[115.4668,49.35498],[115.46673,49.35438],[115.46677,49.35378],[115.46694,49.3531],[115.46714,49.35265],[115.46747,49.3521],[115.46791,49.35157],[115.4685,49.35099],[115.47158,49.3485],[115.47579,49.34509],[115.47941,49.34221],[115.48166,49.34035],[115.48211,49.33992],[115.48244,49.33949],[115.48278,49.33893],[115.4829,49.33865],[115.48302,49.33837],[115.48318,49.33772],[115.48322,49.3372],[115.48315,49.33665],[115.48304,49.33612],[115.48289,49.33572],[115.48263,49.33524],[115.48231,49.33479],[115.48188,49.33426],[115.4812,49.3337],[115.47862,49.33187],[115.47629,49.33028],[115.47583,49.32995],[115.475,49.32954],[115.47415,49.3292],[115.47312,49.32885],[115.47018,49.32797],[115.46973,49.32782],[115.46916,49.32762],[115.46865,49.32738],[115.46799,49.32703],[115.46717,49.32647],[115.46673,49.3261],[115.46627,49.32561],[115.46566,49.32467],[115.46509,49.32353],[115.46451,49.32249],[115.46406,49.32156],[115.46285,49.3192],[115.46258,49.31859],[115.46228,49.31758],[115.46227,49.31674],[115.46232,49.31594],[115.46232,49.31431],[115.46239,49.31276],[115.4631,49.30948],[115.46329,49.3085],[115.46371,49.30735],[115.46435,49.30636],[115.46566,49.30481],[115.46571,49.30475],[115.46607,49.30421],[115.46615,49.30409],[115.46657,49.3034],[115.46709,49.30247],[115.46735,49.30202],[115.46784,49.30115],[115.46842,49.30011],[115.46866,49.29961],[115.46887,49.2991],[115.46902,49.29863],[115.46913,49.29817],[115.46919,49.29757],[115.4692,49.29747],[115.46921,49.29697],[115.46916,49.29618],[115.46894,49.29528],[115.46888,49.29506],[115.4688,49.29484],[115.46862,49.29445],[115.46847,49.29413],[115.46816,49.29363],[115.46789,49.29323],[115.4676,49.29284],[115.46704,49.29209],[115.46659,49.29153],[115.46587,49.29059],[115.46537,49.28994],[115.46477,49.28907],[115.46392,49.28796],[115.46268,49.28633],[115.46168,49.28501],[115.46057,49.2835],[115.45991,49.28257],[115.45945,49.2816],[115.45904,49.2802],[115.459,49.27859],[115.45912,49.27707],[115.45925,49.27537],[115.45959,49.27016],[115.45994,49.26503],[115.46021,49.2608],[115.46023,49.26009],[115.46008,49.25919],[115.45963,49.25812],[115.45891,49.25708],[115.45672,49.25393],[115.45631,49.25329],[115.45611,49.25255],[115.45605,49.25176],[115.45622,49.251],[115.45709,49.24755],[115.45733,49.24675],[115.45743,49.24584],[115.45727,49.24492],[115.45692,49.24407],[115.45441,49.23699],[115.45396,49.2354],[115.45344,49.23166],[115.45295,49.22842],[115.45242,49.22473],[115.45166,49.2194],[115.45104,49.21567],[115.45078,49.21388],[115.45073,49.21224],[115.45099,49.21084],[115.45202,49.20735],[115.45569,49.19439],[115.4565,49.19162],[115.45701,49.18984],[115.45724,49.18902],[115.45781,49.18698],[115.4581,49.18562],[115.45811,49.18476],[115.45798,49.18375],[115.45766,49.18275],[115.45712,49.18166],[115.45657,49.18087],[115.45582,49.18003],[115.45273,49.17737],[115.45015,49.17521],[115.4494,49.17445],[115.44717,49.17144],[115.44478,49.16825],[115.44256,49.16524],[115.44094,49.16301],[115.44046,49.16224],[115.43989,49.16097],[115.43973,49.16061],[115.4394,49.15978],[115.43887,49.15899],[115.43819,49.15821],[115.43722,49.15748],[115.43476,49.15606],[115.43401,49.15566],[115.43316,49.15508],[115.43263,49.15459],[115.4319,49.15367],[115.4255,49.14223],[115.42314,49.1387],[115.41932,49.13397],[115.41477,49.12825],[115.41398,49.12727],[115.41363,49.12681],[115.41344,49.12642],[115.41328,49.12607],[115.41318,49.12566],[115.41311,49.12527],[115.41314,49.12091],[115.41313,49.12041],[115.41302,49.11987],[115.4128,49.11911],[115.41238,49.11845],[115.41196,49.11779],[115.40524,49.10856],[115.40131,49.10302],[115.39818,49.09871],[115.38924,49.08626],[115.38891,49.0857],[115.38868,49.08498],[115.38857,49.0844],[115.3886,49.08359],[115.38874,49.08251],[115.3892,49.07943],[115.38948,49.07764],[115.38961,49.07683],[115.38964,49.07659],[115.38969,49.07616],[115.38969,49.07553],[115.38941,49.07248],[115.38933,49.07205],[115.38922,49.07171],[115.38902,49.07124],[115.38887,49.071],[115.38862,49.0706],[115.38835,49.07026],[115.388,49.06989],[115.38751,49.06948],[115.38658,49.06873],[115.38277,49.06561],[115.38239,49.06533],[115.38155,49.06484],[115.38112,49.06465],[115.3806,49.06441],[115.37926,49.06396],[115.36783,49.06022],[115.36535,49.05944],[115.36262,49.05858],[115.36079,49.05797],[115.35959,49.05753],[115.35836,49.05699],[115.35725,49.05639],[115.35513,49.05492],[115.34942,49.05102],[115.34766,49.04981],[115.34635,49.04857],[115.34553,49.04754],[115.34481,49.04618],[115.34242,49.04082],[115.34111,49.03924],[115.33873,49.03653],[115.33314,49.03014],[115.33071,49.02734],[115.32997,49.0265],[115.32955,49.02608],[115.3291,49.02567],[115.32873,49.02535],[115.32527,49.02255],[115.32499,49.02231],[115.32473,49.02205],[115.32435,49.0216],[115.32402,49.02102],[115.32389,49.0207],[115.32378,49.02027],[115.32373,49.01982],[115.32374,49.01936],[115.32384,49.01866],[115.32427,49.01546],[115.32446,49.01397],[115.32447,49.01322],[115.32438,49.01271],[115.32427,49.01234],[115.324,49.01172],[115.32363,49.01116],[115.32287,49.01016],[115.32107,49.00788],[115.31859,49.00471],[115.3158,49.00108],[115.31219,48.99646],[115.3118,48.99573],[115.31151,48.9946],[115.31155,48.99267],[115.31151,48.99088],[115.31153,48.98534],[115.31154,48.97543],[115.31157,48.97271],[115.3114,48.97143],[115.31092,48.97013],[115.30934,48.96712],[115.30784,48.96424],[115.30704,48.9627],[115.30649,48.96197],[115.30551,48.9611],[115.30102,48.95771],[115.30065,48.95707],[115.30042,48.95651],[115.30039,48.95618],[115.30044,48.95572],[115.30064,48.9552],[115.30303,48.95071],[115.3032,48.94992],[115.3032,48.94868],[115.3028,48.94766],[115.30168,48.94534],[115.29898,48.94026],[115.29888,48.93982],[115.29882,48.93932],[115.29879,48.93832],[115.30304,48.92412],[115.304,48.92031],[115.30546,48.91654],[115.30621,48.91372],[115.30684,48.91154],[115.3072,48.90936],[115.30777,48.90523],[115.30842,48.90237],[115.30876,48.90118],[115.31012,48.89767],[115.31173,48.89409],[115.31251,48.8922],[115.31283,48.89123],[115.31314,48.88756],[115.31309,48.88711],[115.31292,48.8866],[115.31249,48.88597],[115.3118,48.88541],[115.31094,48.88506],[115.31027,48.88489],[115.30999,48.88483],[115.30952,48.88479],[115.30896,48.88478],[115.30688,48.88489],[115.30592,48.88495],[115.30529,48.88494],[115.3045,48.88482],[115.30396,48.88468],[115.30338,48.88445],[115.30173,48.88345],[115.30078,48.88299],[115.3,48.88273],[115.29918,48.88253],[115.29779,48.88238],[115.29606,48.88227],[115.29475,48.88215],[115.29339,48.88199],[115.29231,48.88178],[115.28865,48.88095],[115.28764,48.88073],[115.28661,48.88057],[115.28587,48.88051],[115.28514,48.8805],[115.2845,48.8805],[115.28387,48.88055],[115.28227,48.88082],[115.28057,48.88113],[115.27887,48.88145],[115.27676,48.88173],[115.27543,48.88182],[115.27224,48.88196],[115.26884,48.88209],[115.26786,48.88209],[115.26714,48.88202],[115.26667,48.88192],[115.266,48.8817],[115.26541,48.88141],[115.26504,48.88114],[115.26472,48.88084],[115.26445,48.88051],[115.26347,48.87868],[115.25946,48.87418],[115.25545,48.86964],[115.25507,48.86888],[115.25494,48.86847],[115.25479,48.868],[115.25472,48.86715],[115.25475,48.86604],[115.25462,48.8649],[115.25445,48.86423],[115.25418,48.86353],[115.25287,48.86098],[115.25142,48.85827],[115.24809,48.85186],[115.24749,48.85086],[115.24687,48.85039],[115.24672,48.85027],[115.24644,48.85011],[115.24599,48.84991],[115.24552,48.84976],[115.24434,48.84948],[115.2425,48.84909],[115.2418,48.8489],[115.24091,48.84853],[115.23805,48.84689],[115.22555,48.83971],[115.22382,48.83876],[115.22211,48.83778],[115.22083,48.83688],[115.21972,48.83599],[115.2145,48.83171],[115.21417,48.83144],[115.2116,48.82924],[115.2072,48.82401],[115.20674,48.82345],[115.2065,48.82315],[115.20643,48.82306],[115.20483,48.82118],[115.20338,48.81944],[115.20324,48.81927],[115.20111,48.81673],[115.20096,48.81654],[115.20024,48.81564],[115.19902,48.81419],[115.19385,48.80801],[115.18658,48.79932],[115.18512,48.79765],[115.17704,48.78794],[115.17623,48.78712],[115.17576,48.78673],[115.17529,48.78639],[115.17463,48.78595],[115.17191,48.78428],[115.16919,48.78258],[115.15964,48.7767],[115.14407,48.76705],[115.14304,48.76642],[115.14271,48.76617],[115.14225,48.7658],[115.14186,48.76546],[115.14127,48.76481],[115.14036,48.76382],[115.14007,48.76358],[115.13974,48.76334],[115.13946,48.76315],[115.13912,48.76299],[115.13851,48.7628],[115.13824,48.76274],[115.13791,48.76268],[115.13749,48.76262],[115.13704,48.76259],[115.12902,48.76235],[115.12225,48.76214],[115.12065,48.76199],[115.11895,48.76167],[115.11815,48.76146],[115.11738,48.76121],[115.11582,48.76069],[115.11069,48.75891],[115.10986,48.7586],[115.10908,48.75823],[115.10845,48.75794],[115.10754,48.75738],[115.10689,48.75693],[115.10404,48.75477],[115.10085,48.75239],[115.10058,48.75219],[115.09998,48.75186],[115.09972,48.75175],[115.09933,48.75162],[115.09896,48.75153],[115.09854,48.75146],[115.09812,48.75142],[115.09769,48.7514],[115.09713,48.75143],[115.09684,48.75147],[115.09656,48.75151],[115.09619,48.7516],[115.09577,48.75172],[115.09528,48.75191],[115.09483,48.75215],[115.09442,48.75238],[115.09312,48.75315],[115.09264,48.75344],[115.09224,48.75361],[115.09169,48.75379],[115.09109,48.75388],[115.09079,48.75392],[115.09029,48.75395],[115.08972,48.75394],[115.08933,48.75389],[115.08896,48.75382],[115.08835,48.75365],[115.08802,48.75351],[115.08772,48.75336],[115.08732,48.75314],[115.08698,48.75287],[115.08636,48.75224],[115.08574,48.75169],[115.08545,48.75147],[115.08508,48.75127],[115.08464,48.75106],[115.08412,48.75089],[115.07842,48.74954],[115.06869,48.74723],[115.06237,48.74574],[115.06071,48.74531],[115.0602,48.74515],[115.05979,48.74499],[115.05932,48.7448],[115.05885,48.74455],[115.05842,48.74431],[115.05803,48.74405],[115.05757,48.74369],[115.05714,48.74327],[115.05673,48.74282],[115.0565,48.74251],[115.05628,48.74214],[115.05588,48.74138],[115.05545,48.74076],[115.05498,48.74023],[115.05445,48.73984],[115.05391,48.7395],[115.05145,48.73815],[115.05009,48.73744],[115.04941,48.73704],[115.04874,48.73654],[115.04834,48.73616],[115.04799,48.73571],[115.04772,48.73522],[115.04758,48.73485],[115.04746,48.73443],[115.0474,48.73401],[115.04739,48.73356],[115.04751,48.73308],[115.04759,48.73282],[115.04771,48.73253],[115.04792,48.73211],[115.04886,48.73049],[115.04903,48.73008],[115.0491,48.72983],[115.04914,48.72957],[115.04912,48.72921],[115.04905,48.72891],[115.04887,48.72854],[115.04867,48.72822],[115.04833,48.72788],[115.04795,48.72759],[115.04543,48.72596],[115.04152,48.72345],[115.0396,48.7222],[115.03757,48.7209],[115.02978,48.71582],[115.02906,48.71528],[115.02821,48.71458],[115.02687,48.71329],[115.02616,48.71248],[115.02548,48.71161],[115.02365,48.70912],[115.02285,48.70824],[115.02031,48.70593],[115.01921,48.70494],[115.01767,48.70395],[115.01671,48.70346],[115.01573,48.70303],[115.0102,48.70107],[115.00929,48.70071],[115.0089,48.7005],[115.00853,48.70022],[115.00832,48.70003],[115.00806,48.69976],[115.00787,48.69947],[115.00773,48.69916],[115.00577,48.69395],[115.00561,48.69317],[115.00562,48.6926],[115.00577,48.69211],[115.00625,48.6909],[115.00645,48.69043],[115.00664,48.69005],[115.00693,48.68968],[115.00733,48.68931],[115.00795,48.68879],[115.00842,48.6883],[115.00872,48.68781],[115.00885,48.68746],[115.00889,48.68712],[115.00886,48.68677],[115.0088,48.68643],[115.00861,48.68606],[115.00837,48.68571],[115.00794,48.6853],[115.00652,48.68439],[115.00503,48.6835],[115.00434,48.68319],[115.00395,48.68304],[115.00367,48.68295],[115.0032,48.68281],[115.00269,48.68269],[115.00191,48.68259],[115.00128,48.68255],[115.00062,48.68253],[115,48.68256],[114.99937,48.68263],[114.99878,48.68274],[114.99815,48.68288],[114.99722,48.68322],[114.99624,48.68365],[114.9943,48.68457],[114.99386,48.68474],[114.99335,48.68485],[114.99288,48.68492],[114.99234,48.68496],[114.99196,48.68494],[114.99148,48.6849],[114.99113,48.68485],[114.99074,48.68476],[114.99041,48.68466],[114.9899,48.68447],[114.98945,48.68419],[114.98902,48.68389],[114.98885,48.68375],[114.9887,48.68355],[114.9885,48.68333],[114.98837,48.68308],[114.9882,48.68262],[114.98819,48.68208],[114.98856,48.67957],[114.98851,48.67914],[114.98836,48.67873],[114.98812,48.67836],[114.9878,48.67801],[114.98743,48.67772],[114.98695,48.67745],[114.98631,48.67719],[114.9855,48.67696],[114.98347,48.67644],[114.98297,48.67627],[114.98246,48.67602],[114.98203,48.67576],[114.98159,48.67535],[114.98134,48.67501],[114.98109,48.67441],[114.97967,48.67066],[114.97951,48.67006],[114.97944,48.66945],[114.9794,48.6686],[114.97945,48.66768],[114.97953,48.6661],[114.97948,48.66546],[114.97937,48.66483],[114.97834,48.66028],[114.97827,48.65978],[114.97825,48.65929],[114.9784,48.6582],[114.97853,48.65727],[114.97862,48.65589],[114.97858,48.65533],[114.97839,48.65378],[114.97779,48.65141],[114.97744,48.65043],[114.9754,48.64584],[114.97502,48.64491],[114.97488,48.64428],[114.97492,48.64366],[114.97502,48.64296],[114.97563,48.63966],[114.97558,48.63888],[114.97543,48.63847],[114.9752,48.63806],[114.9749,48.63765],[114.97453,48.63732],[114.97261,48.63584],[114.97189,48.63525],[114.97119,48.63445],[114.96865,48.63112],[114.96635,48.6281],[114.96496,48.62624],[114.96014,48.61988],[114.95966,48.61904],[114.9592,48.61819],[114.95831,48.61647],[114.95816,48.61622],[114.95796,48.61598],[114.95742,48.61555],[114.95705,48.61534],[114.95662,48.61515],[114.9556,48.61478],[114.95491,48.61455],[114.95458,48.61444],[114.95418,48.61426],[114.95392,48.61412],[114.95358,48.61388],[114.95313,48.61346],[114.95294,48.61316],[114.95277,48.61279],[114.95269,48.61253],[114.95265,48.61219],[114.95269,48.61177],[114.95283,48.61114],[114.95308,48.61],[114.95319,48.60927],[114.95319,48.60854],[114.95294,48.60734],[114.9528,48.60676],[114.95271,48.60607],[114.95274,48.60562],[114.95287,48.605],[114.95315,48.60408],[114.9535,48.6031],[114.95415,48.60116],[114.9547,48.59948],[114.95529,48.59776],[114.95642,48.59431],[114.95677,48.59265],[114.95803,48.58664],[114.95812,48.58605],[114.95814,48.58546],[114.95809,48.58456],[114.95789,48.58367],[114.95585,48.57871],[114.95544,48.57778],[114.95518,48.57682],[114.95508,48.57588],[114.95509,48.57538],[114.95516,48.57487],[114.95534,48.57393],[114.95571,48.57302],[114.95946,48.56631],[114.95981,48.56567],[114.9601,48.5649],[114.96019,48.56441],[114.96021,48.56394],[114.96014,48.56337],[114.95998,48.56282],[114.9592,48.56077],[114.95858,48.55898],[114.95839,48.55829],[114.95823,48.55753],[114.95802,48.55627],[114.95762,48.55373],[114.95671,48.54815],[114.95581,48.54256],[114.95467,48.53554],[114.95431,48.53305],[114.95425,48.53205],[114.95433,48.53106],[114.95448,48.53025],[114.95469,48.52943],[114.95487,48.52891],[114.95832,48.52132],[114.95863,48.52047],[114.95878,48.51963],[114.95883,48.51889],[114.95878,48.51815],[114.95868,48.51756],[114.95848,48.51682],[114.95544,48.50931],[114.95518,48.50869],[114.95502,48.50799],[114.95497,48.50761],[114.95499,48.50722],[114.95509,48.50683],[114.95519,48.50642],[114.95563,48.50503],[114.95618,48.50322],[114.95621,48.50264],[114.95616,48.50195],[114.95598,48.50134],[114.95574,48.50081],[114.95517,48.49996],[114.9545,48.49911],[114.95314,48.49736],[114.95252,48.49648],[114.95212,48.49555],[114.95146,48.4938],[114.94978,48.48952],[114.94944,48.48884],[114.94909,48.48836],[114.94866,48.48788],[114.94509,48.48401],[114.9447,48.48356],[114.94435,48.48304],[114.94419,48.48281],[114.94409,48.48245],[114.94403,48.48218],[114.944,48.48177],[114.94398,48.47918],[114.94407,48.47673],[114.94405,48.47431],[114.94397,48.47333],[114.94369,48.47232],[114.94325,48.47135],[114.94289,48.47074],[114.94245,48.47013],[114.94194,48.46958],[114.94134,48.46903],[114.94029,48.46821],[114.93177,48.46296],[114.92197,48.45694],[114.91442,48.45233],[114.91362,48.4517],[114.91174,48.45006],[114.90944,48.44789],[114.89958,48.43903],[114.89897,48.43848],[114.898,48.43761],[114.89632,48.4361],[114.89251,48.43267],[114.89205,48.43225],[114.89005,48.43045],[114.88662,48.42733],[114.88524,48.42608],[114.88489,48.42576],[114.87584,48.41754],[114.87504,48.4169],[114.87408,48.41628],[114.85548,48.40484],[114.83977,48.39517],[114.82928,48.3887],[114.82616,48.38679],[114.82536,48.3863],[114.82386,48.38538],[114.82295,48.38482],[114.82182,48.38413],[114.82063,48.3834],[114.81982,48.38289],[114.81879,48.38226],[114.81815,48.38183],[114.81757,48.38139],[114.81697,48.38088],[114.81633,48.38029],[114.81595,48.37994],[114.81543,48.37946],[114.81399,48.37816],[114.81349,48.37775],[114.81297,48.37738],[114.8121,48.3768],[114.81038,48.37572],[114.80937,48.37507],[114.80753,48.37389],[114.80571,48.37275],[114.80406,48.37169],[114.80218,48.37049],[114.80041,48.36935],[114.7991,48.36852],[114.79841,48.36807],[114.79658,48.36691],[114.79556,48.36627],[114.79501,48.36596],[114.79451,48.36572],[114.79403,48.36553],[114.79272,48.36501],[114.78959,48.36374],[114.78882,48.36339],[114.78807,48.36294],[114.78561,48.36129],[114.78311,48.35959],[114.78088,48.35807],[114.77896,48.35676],[114.77754,48.35581],[114.77594,48.35469],[114.77423,48.35356],[114.77302,48.35273],[114.77167,48.35193],[114.77033,48.35133],[114.76727,48.35012],[114.76506,48.34924],[114.76311,48.34847],[114.76194,48.34802],[114.76083,48.34766],[114.75838,48.347],[114.75702,48.34661],[114.7557,48.34616],[114.75454,48.34564],[114.75379,48.34526],[114.75299,48.34481],[114.75221,48.3443],[114.75144,48.34372],[114.75072,48.34308],[114.75007,48.34243],[114.74958,48.34183],[114.749,48.34102],[114.74793,48.33947],[114.74693,48.33802],[114.74625,48.33707],[114.74547,48.33622],[114.74315,48.3341],[114.7426,48.33352],[114.7421,48.33291],[114.74173,48.33234],[114.74142,48.33177],[114.7412,48.33124],[114.74102,48.33077],[114.74086,48.33011],[114.74077,48.32942],[114.74076,48.32888],[114.74081,48.32818],[114.74098,48.32738],[114.74123,48.32661],[114.74252,48.3235],[114.74446,48.31883],[114.74591,48.31532],[114.74726,48.31208],[114.75019,48.30509],[114.75043,48.30442],[114.75058,48.30373],[114.75202,48.29674],[114.75275,48.2928],[114.75283,48.29198],[114.75284,48.29154],[114.75236,48.28723],[114.75228,48.28668],[114.7521,48.28617],[114.75191,48.28574],[114.75163,48.28536],[114.75125,48.28498],[114.75081,48.28465]]}},{"type":"Feature","properties":{},"geometry":{"type":"LineString","coordinates":[[114.53303,48.09966],[114.53226,48.10056],[114.53194,48.1009],[114.53176,48.10105],[114.53139,48.10127],[114.53108,48.1014],[114.5306,48.10155],[114.52959,48.10169],[114.52893,48.10184],[114.52839,48.10208],[114.5281,48.10226],[114.52789,48.10246],[114.52766,48.10271],[114.52752,48.10294],[114.52744,48.10325],[114.52745,48.10356],[114.52749,48.10386],[114.52764,48.10415],[114.52795,48.10453],[114.52826,48.10476],[114.52868,48.10497],[114.52913,48.10514],[114.52944,48.10522],[114.52982,48.10526],[114.53028,48.10526],[114.53073,48.10523],[114.53125,48.1051]]}},{"type":"Feature","properties":{},"geometry":{"type":"LineString","coordinates":[[114.56046,48.10947],[114.56067,48.10965],[114.56125,48.11016],[114.56156,48.11045],[114.56187,48.11073],[114.56252,48.11129],[114.56276,48.11151],[114.56295,48.11169],[114.56298,48.11171],[114.56394,48.11256],[114.56478,48.1133],[114.56528,48.11376],[114.56631,48.11465],[114.56723,48.11548],[114.56851,48.11663],[114.56885,48.11693],[114.56972,48.11771],[114.57072,48.11864],[114.57168,48.11945],[114.5721,48.11982],[114.5724,48.12011],[114.57259,48.12029],[114.57276,48.12045],[114.57295,48.12061],[114.57315,48.12078],[114.57379,48.1213],[114.57476,48.12218],[114.57664,48.12389],[114.57822,48.12528],[114.58083,48.12757],[114.58346,48.12995],[114.58833,48.13424],[114.59317,48.13854],[114.59356,48.13895],[114.59404,48.13949],[114.60188,48.14934],[114.60223,48.14978],[114.60257,48.15024],[114.60281,48.15066],[114.60291,48.15088],[114.60299,48.1511],[114.6031,48.15144],[114.60319,48.15179],[114.60325,48.15211],[114.60328,48.1525],[114.60393,48.15944],[114.60404,48.15998],[114.60412,48.16022],[114.60422,48.16047],[114.60443,48.16087],[114.60468,48.16128],[114.60771,48.16569],[114.61439,48.17542],[114.61893,48.18208],[114.62351,48.18874],[114.62484,48.19065],[114.62516,48.19112],[114.62552,48.19166],[114.6258,48.19217],[114.62606,48.19271],[114.62641,48.19358],[114.62681,48.1945],[114.62757,48.19629],[114.62804,48.19737],[114.62887,48.19913],[114.62917,48.19951],[114.62991,48.20027],[114.63058,48.20075],[114.6314,48.20127],[114.63471,48.2033],[114.63544,48.20379],[114.63759,48.20514],[114.63903,48.20604],[114.63984,48.20657],[114.6502,48.21482],[114.6571,48.22033],[114.65812,48.22122],[114.65865,48.22177],[114.66061,48.22406],[114.66183,48.22548],[114.66355,48.22748],[114.66522,48.2294],[114.66549,48.22974],[114.66588,48.23006],[114.66656,48.23047],[114.66735,48.23085],[114.67067,48.23241],[114.67442,48.23418],[114.68029,48.23694],[114.68459,48.23893],[114.68723,48.2402],[114.68894,48.24121],[114.70017,48.24855],[114.70392,48.2509],[114.70527,48.25187],[114.70608,48.25261],[114.7078,48.25437],[114.71033,48.25702],[114.71066,48.25731],[114.7111,48.25766],[114.7115,48.25792],[114.71184,48.25812],[114.71227,48.25835],[114.71271,48.25855],[114.7132,48.25873],[114.71369,48.25891],[114.71487,48.25927],[114.7161,48.25965],[114.71775,48.26017],[114.71846,48.26044],[114.7191,48.26073],[114.71958,48.261],[114.72026,48.26142],[114.72103,48.26194],[114.72682,48.26566],[114.73238,48.26925],[114.73289,48.2696],[114.73309,48.26975],[114.73331,48.26991],[114.73368,48.27029],[114.73406,48.27073],[114.73506,48.272],[114.73617,48.27335],[114.74134,48.27985],[114.74177,48.28047],[114.74206,48.28083],[114.74236,48.28118],[114.74278,48.28153],[114.74304,48.28173],[114.74335,48.28189],[114.74375,48.28211],[114.74431,48.28231],[114.74532,48.28266],[114.74905,48.28382],[114.75002,48.28418],[114.75048,48.28443],[114.75081,48.28465]]}},{"type":"Feature","properties":{},"geometry":{"type":"LineString","coordinates":[[108.49659,46.24093],[108.49983,46.23533],[108.50043,46.23424],[108.5007,46.23371],[108.50091,46.23317],[108.50107,46.23265],[108.5013,46.23165],[108.502,46.22906],[108.5022,46.22824],[108.50244,46.22732],[108.50278,46.22629],[108.50301,46.22573],[108.50326,46.22515],[108.50357,46.22453],[108.50436,46.22321],[108.50486,46.2225],[108.50541,46.22178],[108.50607,46.22104],[108.50679,46.2203],[108.5076,46.21956],[108.50849,46.21883],[108.50946,46.21811],[108.51964,46.21111],[108.52463,46.20764],[108.52566,46.20692],[108.52717,46.20589],[108.5277,46.20553],[108.52915,46.20453],[108.5323,46.20236],[108.53923,46.19762],[108.54057,46.19669],[108.54078,46.19655],[108.54129,46.19619],[108.54579,46.19309],[108.54765,46.1918],[108.54856,46.19123],[108.56015,46.18324],[108.56481,46.18004],[108.56956,46.17677],[108.57128,46.17575],[108.57313,46.17486],[108.57689,46.17327],[108.58066,46.17165],[108.58622,46.16925],[108.59683,46.16465],[108.60176,46.16251],[108.6034,46.16183],[108.60512,46.16141],[108.60693,46.16125],[108.60878,46.16121],[108.61064,46.16113],[108.61247,46.16087],[108.61422,46.16041],[108.61581,46.15974],[108.61726,46.15892],[108.62077,46.15676],[108.62425,46.15472],[108.62634,46.15348],[108.62844,46.15223],[108.62917,46.15181],[108.62956,46.1516],[108.62996,46.15142],[108.63033,46.15125],[108.63071,46.15109],[108.6312,46.1509],[108.63169,46.15074],[108.63441,46.14988],[108.63722,46.14901],[108.63817,46.14872],[108.63918,46.1484],[108.64113,46.1478],[108.64408,46.14688],[108.64704,46.14597],[108.64796,46.14568],[108.64893,46.14537],[108.6494,46.14521],[108.64994,46.14501],[108.65086,46.14459],[108.65169,46.14416],[108.65249,46.14367],[108.65314,46.14318],[108.65381,46.1426],[108.65553,46.14102],[108.65688,46.13977],[108.66007,46.13683],[108.66217,46.13489]]}},{"type":"Feature","properties":{},"geometry":{"type":"LineString","coordinates":[[108.35853,46.35577],[108.35787,46.35637],[108.35759,46.35662],[108.35738,46.35685],[108.35592,46.35863],[108.35387,46.36115],[108.35258,46.36272],[108.35169,46.36378],[108.34996,46.36587],[108.3493,46.36668],[108.3488,46.36739]]}},{"type":"Feature","properties":{},"geometry":{"type":"LineString","coordinates":[[108.36195,46.3511],[108.36229,46.35068],[108.36254,46.35038],[108.36266,46.35017],[108.36277,46.34991],[108.36287,46.34969],[108.36298,46.34945],[108.36312,46.34912],[108.36325,46.34892],[108.36355,46.34853],[108.36385,46.34816],[108.36497,46.34678]]}},{"type":"Feature","properties":{},"geometry":{"type":"LineString","coordinates":[[108.34866,46.36767],[108.34892,46.36736],[108.34944,46.36674],[108.35032,46.36566],[108.35153,46.36419],[108.35249,46.36302],[108.35371,46.36153],[108.35454,46.36053],[108.35755,46.35685],[108.35783,46.35655],[108.35801,46.35639]]}},{"type":"Feature","properties":{},"geometry":{"type":"LineString","coordinates":[[108.3606,46.3531],[108.36077,46.35274],[108.36091,46.35246],[108.36108,46.35219],[108.36132,46.3519],[108.36174,46.35136],[108.36195,46.3511],[108.36217,46.35086],[108.36252,46.3505],[108.36279,46.35023],[108.36313,46.34993],[108.36354,46.34958],[108.36401,46.34909],[108.36427,46.34883]]}},{"type":"Feature","properties":{},"geometry":{"type":"LineString","coordinates":[[108.34918,46.36003],[108.35085,46.36163],[108.3512,46.362],[108.35136,46.36227],[108.35149,46.36266],[108.35151,46.36301],[108.35145,46.36344],[108.35125,46.36382],[108.35081,46.36457],[108.3495,46.36618],[108.34927,46.36649],[108.3491,46.36681],[108.3488,46.36739],[108.34866,46.36767],[108.34818,46.36845]]}},{"type":"Feature","properties":{},"geometry":{"type":"LineString","coordinates":[[108.36037,46.35046],[108.36036,46.35075],[108.36041,46.3519],[108.3604,46.35238],[108.36032,46.35312],[108.3602,46.35349],[108.36,46.35387],[108.35973,46.35429],[108.3592,46.35495],[108.35881,46.35543],[108.35856,46.35573],[108.35853,46.35577]]}},{"type":"Feature","properties":{},"geometry":{"type":"LineString","coordinates":[[108.34477,46.36846],[108.34325,46.36649],[108.34295,46.36599]]}},{"type":"Feature","properties":{},"geometry":{"type":"LineString","coordinates":[[108.35787,46.35637],[108.35741,46.35691],[108.35442,46.36057],[108.35325,46.36201],[108.35215,46.36332],[108.35097,46.36475],[108.34939,46.36669],[108.34892,46.36736]]}},{"type":"Feature","properties":{},"geometry":{"type":"LineString","coordinates":[[108.35423,46.34432],[108.35734,46.34586],[108.3576,46.34602],[108.35788,46.34624],[108.35805,46.34641],[108.35832,46.34673]]}},{"type":"Feature","properties":{},"geometry":{"type":"LineString","coordinates":[[108.343,46.34396],[108.34228,46.34453],[108.34086,46.34563],[108.34048,46.34593],[108.33984,46.34642],[108.33939,46.34675],[108.3389,46.34711],[108.33872,46.34724],[108.33755,46.34812],[108.33703,46.3485],[108.33666,46.34879],[108.33621,46.34914],[108.33597,46.34933],[108.3358,46.34949],[108.33553,46.34982],[108.33536,46.35008],[108.33527,46.35024],[108.33519,46.35042],[108.33512,46.35059],[108.33507,46.35075],[108.33505,46.35096],[108.33506,46.35119],[108.33509,46.35148],[108.3351,46.35156],[108.33513,46.35189],[108.33518,46.35246],[108.33525,46.35319],[108.33533,46.35381],[108.33541,46.35462],[108.33547,46.35507],[108.33554,46.35562],[108.33559,46.35611],[108.33562,46.35665],[108.33573,46.35755],[108.33578,46.35795],[108.33585,46.35842],[108.3359,46.35909],[108.33594,46.35951],[108.33599,46.36011],[108.33601,46.36027],[108.33605,46.36088],[108.3361,46.36125],[108.33614,46.36144],[108.33621,46.36166],[108.33632,46.36188],[108.33644,46.36209],[108.33658,46.36227],[108.3368,46.36251],[108.33701,46.3627],[108.33726,46.36289],[108.33743,46.363],[108.33843,46.36357],[108.3389,46.36384],[108.33915,46.36399],[108.33942,46.36412],[108.33963,46.36422],[108.3399,46.36432],[108.34029,46.36447],[108.34061,46.3646],[108.34127,46.36479],[108.34192,46.36497],[108.34244,46.36522],[108.34285,46.36548],[108.34325,46.36587],[108.34392,46.36651],[108.34436,46.36682],[108.34484,46.36709],[108.34518,46.36724],[108.34553,46.36736],[108.3459,46.36747],[108.3462,46.36754],[108.34655,46.36759],[108.34687,46.3676],[108.34722,46.36759],[108.3477,46.36751],[108.34808,46.3674],[108.34838,46.36726],[108.34862,46.36711],[108.34884,46.36694],[108.34907,46.36673],[108.34927,46.36649]]}},{"type":"Feature","properties":{},"geometry":{"type":"LineString","coordinates":[[108.34749,46.36933],[108.3477,46.369],[108.34859,46.36761],[108.3491,46.36681]]}},{"type":"Feature","properties":{},"geometry":{"type":"LineString","coordinates":[[108.36081,46.35151],[108.36099,46.35112],[108.36118,46.35084],[108.36144,46.35053]]}},{"type":"Feature","properties":{},"geometry":{"type":"LineString","coordinates":[[108.36072,46.35167],[108.36077,46.35127],[108.36079,46.35116],[108.36082,46.35083],[108.36096,46.35027]]}},{"type":"Feature","properties":{},"geometry":{"type":"LineString","coordinates":[[108.34818,46.36845],[108.34904,46.36743],[108.34958,46.36675],[108.35021,46.36598],[108.35141,46.36453],[108.35239,46.36333],[108.35415,46.36119],[108.35495,46.36018],[108.35658,46.35822],[108.35765,46.35692],[108.35806,46.35643],[108.35852,46.35589],[108.35897,46.35532],[108.35905,46.35522],[108.35965,46.35449],[108.35971,46.35441],[108.36003,46.35394],[108.36032,46.35348],[108.3605,46.35314],[108.36059,46.35286],[108.36064,46.35247],[108.36071,46.35194],[108.36072,46.35183],[108.36072,46.35167],[108.36072,46.35135],[108.36068,46.35104],[108.36058,46.35073],[108.36037,46.3503],[108.36036,46.35027],[108.36022,46.35],[108.36011,46.34979],[108.35975,46.34911],[108.35938,46.34851],[108.35902,46.34791],[108.35878,46.34749],[108.35871,46.34737],[108.35855,46.34712],[108.35832,46.34673],[108.3581,46.34633],[108.35793,46.34595],[108.35782,46.34554],[108.35778,46.34511],[108.35777,46.34472],[108.35779,46.34431],[108.3578,46.34384]]}},{"type":"Feature","properties":{},"geometry":{"type":"LineString","coordinates":[[108.34371,46.34153],[108.34449,46.34188],[108.35246,46.34527],[108.35326,46.3456],[108.35508,46.34635],[108.35561,46.3466],[108.35671,46.34711],[108.35772,46.3476],[108.3583,46.34793],[108.35835,46.34796],[108.35869,46.34821],[108.35903,46.3485],[108.35932,46.34881],[108.35959,46.34912],[108.3598,46.3494],[108.35997,46.34965],[108.36022,46.35]]}},{"type":"Feature","properties":{},"geometry":{"type":"LineString","coordinates":[[108.34562,46.3722],[108.34615,46.37107],[108.34663,46.37041],[108.34749,46.36933]]}},{"type":"Feature","properties":{},"geometry":{"type":"LineString","coordinates":[[108.36071,46.35194],[108.36081,46.35151],[108.36091,46.35119],[108.36102,46.35096],[108.36115,46.35076],[108.36135,46.35052]]}},{"type":"Feature","properties":{},"geometry":{"type":"LineString","coordinates":[[108.34127,46.36479],[108.3419,46.36506],[108.34239,46.36538],[108.34273,46.3657],[108.34295,46.36599],[108.34418,46.36759]]}},{"type":"Feature","properties":{},"geometry":{"type":"LineString","coordinates":[[108.35081,46.36457],[108.35158,46.36363],[108.35174,46.36338],[108.35186,46.36302],[108.35197,46.36258],[108.35216,46.36224],[108.35479,46.35899],[108.35563,46.35794]]}},{"type":"Feature","properties":{},"geometry":{"type":"LineString","coordinates":[[108.35849,46.35601],[108.35795,46.35666],[108.35683,46.358],[108.35468,46.36067],[108.35229,46.36356],[108.35118,46.36489],[108.34968,46.36674],[108.34912,46.36744]]}},{"type":"Feature","properties":{},"geometry":{"type":"LineString","coordinates":[[108.36093,46.34852],[108.36062,46.34874],[108.36045,46.34892],[108.36032,46.34909],[108.36024,46.34926],[108.36019,46.34948],[108.3602,46.34973],[108.36025,46.34999],[108.36036,46.35027]]}},{"type":"Feature","properties":{},"geometry":{"type":"LineString","coordinates":[[108.36087,46.35171],[108.36074,46.35217],[108.3607,46.35258],[108.36067,46.35283],[108.3606,46.3531],[108.36049,46.35337],[108.3603,46.3537],[108.36001,46.35405],[108.35971,46.35441]]}},{"type":"Feature","properties":{},"geometry":{"type":"LineString","coordinates":[[108.35806,46.35643],[108.35831,46.35603]]}},{"type":"Feature","properties":{},"geometry":{"type":"LineString","coordinates":[[108.36001,46.35405],[108.3604,46.35368]]}},{"type":"Feature","properties":{},"geometry":{"type":"LineString","coordinates":[[107.85773,46.794],[107.85845,46.79368],[107.86233,46.79198],[107.86526,46.79069],[107.86794,46.78952],[107.8693,46.78892],[107.87059,46.78827],[107.87186,46.78756],[107.87438,46.78616],[107.87835,46.78395],[107.87979,46.78315]]}},{"type":"Feature","properties":{},"geometry":{"type":"LineString","coordinates":[[107.98247,46.7517],[107.98259,46.75162]]}},{"type":"Feature","properties":{},"geometry":{"type":"LineString","coordinates":[[107.89353,46.77548],[107.89363,46.77543]]}},{"type":"Feature","properties":{},"geometry":{"type":"LineString","coordinates":[[107.8574,46.79414],[107.85773,46.794]]}},{"type":"Feature","properties":{},"geometry":{"type":"LineString","coordinates":[[107.87979,46.78315],[107.88002,46.78304]]}},{"type":"Feature","properties":{},"geometry":{"type":"LineString","coordinates":[[107.89363,46.77543],[107.89605,46.77408],[107.89686,46.77363],[107.89769,46.77319],[107.89811,46.773],[107.89857,46.77283],[107.89905,46.77269],[107.89955,46.77256],[107.90003,46.77248],[107.90054,46.77242],[107.90133,46.77238],[107.90212,46.77239],[107.90374,46.77248],[107.90802,46.77275],[107.91015,46.7729],[107.91444,46.77316],[107.91653,46.77327],[107.91863,46.77341],[107.91925,46.77345],[107.92012,46.77349],[107.9207,46.77349],[107.92128,46.77345],[107.92226,46.77331],[107.92295,46.77314],[107.92418,46.77268],[107.92599,46.77175],[107.93037,46.76951],[107.9331,46.76813],[107.93695,46.76615],[107.93822,46.76551],[107.93885,46.76519],[107.9395,46.76489],[107.94022,46.76461],[107.94092,46.7644],[107.94136,46.7643],[107.94185,46.76421],[107.94247,46.76411],[107.94576,46.76367],[107.94918,46.76322],[107.95634,46.76227],[107.95709,46.76217],[107.95782,46.76203],[107.9583,46.76193],[107.95872,46.76181],[107.95928,46.76164],[107.95993,46.76138],[107.96279,46.76017],[107.97361,46.7556],[107.97699,46.75416],[107.9804,46.75272],[107.98115,46.75239],[107.98189,46.75204],[107.98247,46.7517]]}},{"type":"Feature","properties":{},"geometry":{"type":"LineString","coordinates":[[107.88002,46.78304],[107.88108,46.78242],[107.8825,46.78165],[107.88388,46.78086],[107.88533,46.78006],[107.89353,46.77548]]}},{"type":"Feature","properties":{},"geometry":{"type":"LineString","coordinates":[[106.57073,48.06482],[106.57063,48.06476],[106.56935,48.06359],[106.56354,48.05785],[106.5633,48.0576],[106.56278,48.05697]]}},{"type":"Feature","properties":{},"geometry":{"type":"LineString","coordinates":[[106.56275,48.05687],[106.5632,48.05724],[106.56699,48.06096],[106.56742,48.06139],[106.56813,48.0621],[106.5692,48.06315],[106.56968,48.06364],[106.57004,48.06409],[106.57024,48.06435]]}},{"type":"Feature","properties":{},"geometry":{"type":"LineString","coordinates":[[106.59859,47.89217],[106.59875,47.89175],[106.59927,47.88895],[106.59964,47.88696],[106.59969,47.88672],[106.6001,47.88451],[106.6002,47.88393],[106.60017,47.88344]]}},{"type":"Feature","properties":{},"geometry":{"type":"LineString","coordinates":[[106.60012,47.88376],[106.59997,47.88411],[106.59985,47.88491],[106.59937,47.88758],[106.59889,47.89009],[106.59849,47.89214],[106.59844,47.89271]]}},{"type":"Feature","properties":{},"geometry":{"type":"LineString","coordinates":[[111.24187,44.34289],[111.24213,44.34324],[111.24222,44.34339],[111.2436,44.34573],[111.24477,44.34777],[111.24612,44.35013],[111.24705,44.35186],[111.24732,44.35246]]}},{"type":"Feature","properties":{},"geometry":{"type":"LineString","coordinates":[[111.17381,44.25733],[111.17383,44.25688],[111.17411,44.25551],[111.17435,44.25417],[111.17465,44.25268],[111.17492,44.2513],[111.17532,44.24926],[111.17563,44.24772],[111.17613,44.24513],[111.17631,44.24417],[111.17651,44.24354]]}},{"type":"Feature","properties":{},"geometry":{"type":"LineString","coordinates":[[111.24108,44.34171],[111.24189,44.34304],[111.24645,44.35101],[111.24704,44.35199]]}},{"type":"Feature","properties":{},"geometry":{"type":"LineString","coordinates":[[111.26737,44.18399],[111.26784,44.18368]]}},{"type":"Feature","properties":{},"geometry":{"type":"LineString","coordinates":[[111.24189,44.34304],[111.24171,44.34261]]}},{"type":"Feature","properties":{},"geometry":{"type":"LineString","coordinates":[[111.26664,44.18433],[111.26784,44.18368],[111.26827,44.18345],[111.26991,44.18252],[111.27299,44.18084],[111.27425,44.18014],[111.27509,44.17967],[111.27754,44.17833],[111.27866,44.17771],[111.27937,44.17739]]}},{"type":"Feature","properties":{},"geometry":{"type":"LineString","coordinates":[[111.86505,43.74871],[111.86458,43.74886],[111.86388,43.74907],[111.86358,43.74914],[111.86306,43.74925],[111.86255,43.74932],[111.86193,43.74938],[111.86163,43.74938],[111.86107,43.74934],[111.85735,43.74882]]}},{"type":"Feature","properties":{},"geometry":{"type":"LineString","coordinates":[[111.8588,43.75062],[111.86358,43.74914]]}},{"type":"Feature","properties":{},"geometry":{"type":"LineString","coordinates":[[111.8588,43.74845],[111.86093,43.74872],[111.86269,43.74894],[111.86308,43.74896],[111.86362,43.74894],[111.86439,43.74885],[111.86505,43.74871]]}},{"type":"Feature","properties":{},"geometry":{"type":"LineString","coordinates":[[111.86458,43.74886],[111.86389,43.74912],[111.86327,43.74939],[111.86284,43.74966],[111.8624,43.74999],[111.86085,43.75111],[111.85807,43.75315]]}},{"type":"Feature","properties":{},"geometry":{"type":"LineString","coordinates":[[107.4869,47.35131],[107.48656,47.3517],[107.48639,47.35187],[107.47622,47.36096],[107.47595,47.36118],[107.47557,47.36146]]}},{"type":"Feature","properties":{},"geometry":{"type":"LineString","coordinates":[[107.47514,47.36177],[107.47557,47.36146],[107.47578,47.36128],[107.4867,47.3515],[107.4869,47.35131],[107.48722,47.35096]]}},{"type":"Feature","properties":{},"geometry":{"type":"LineString","coordinates":[[107.48733,47.35086],[107.48792,47.35033],[107.48864,47.34968],[107.48876,47.34957],[107.48974,47.34873],[107.49037,47.3483],[107.49059,47.34815],[107.49116,47.34774],[107.4914,47.34759],[107.49168,47.34744],[107.49206,47.34728],[107.49254,47.34717],[107.49467,47.34683],[107.49758,47.34636],[107.49799,47.34631],[107.49845,47.34631],[107.49897,47.34637],[107.49965,47.34649],[107.50069,47.34673],[107.50147,47.34697]]}},{"type":"Feature","properties":{},"geometry":{"type":"LineString","coordinates":[[107.47595,47.36118],[107.47636,47.36089],[107.47649,47.36081],[107.47659,47.36072],[107.4768,47.36054],[107.48128,47.35653]]}},{"type":"Feature","properties":{},"geometry":{"type":"LineString","coordinates":[[107.47499,47.36175],[107.47542,47.36131],[107.47552,47.3612],[107.48564,47.35214],[107.48579,47.35201],[107.48635,47.35158]]}},{"type":"Feature","properties":{},"geometry":{"type":"LineString","coordinates":[[107.49116,47.34774],[107.49148,47.34752],[107.49169,47.34737],[107.49187,47.34727],[107.49226,47.34709],[107.49266,47.34698],[107.49317,47.34689],[107.49412,47.34673],[107.49605,47.34642],[107.49718,47.34623],[107.49767,47.34617],[107.49818,47.34618],[107.49886,47.34631]]}},{"type":"Feature","properties":{},"geometry":{"type":"LineString","coordinates":[[107.49317,47.34689],[107.49395,47.34681],[107.49457,47.34671],[107.49746,47.34625],[107.49779,47.34622],[107.49806,47.34623],[107.4984,47.34625],[107.49886,47.34631],[107.49965,47.34649]]}},{"type":"Feature","properties":{},"geometry":{"type":"LineString","coordinates":[[111.38375,44.10448],[111.38431,44.10457],[111.38542,44.10481],[111.38618,44.10492],[111.38692,44.10497],[111.38775,44.10499],[111.39538,44.10507],[111.39658,44.10508],[111.39982,44.10514],[111.40093,44.10514],[111.40131,44.10516],[111.40169,44.1052]]}},{"type":"Feature","properties":{},"geometry":{"type":"LineString","coordinates":[[110.76702,44.72397],[110.76821,44.72368],[110.76963,44.72344],[110.76993,44.72339],[110.77033,44.72338],[110.77079,44.72339],[110.77214,44.72325],[110.7729,44.72316],[110.77339,44.7232],[110.77371,44.72326],[110.77409,44.72338]]}},{"type":"Feature","properties":{},"geometry":{"type":"LineString","coordinates":[[111.38399,44.10454],[111.38456,44.10473],[111.38523,44.10488],[111.38583,44.10497],[111.38638,44.10502],[111.38712,44.10507],[111.38793,44.10507],[111.39069,44.10511],[111.39502,44.10516],[111.39868,44.10521],[111.40117,44.10525],[111.40176,44.10525],[111.40279,44.10527]]}},{"type":"Feature","properties":{},"geometry":{"type":"LineString","coordinates":[[110.76993,44.72339],[110.77031,44.72333],[110.77134,44.72319],[110.77201,44.7231],[110.77242,44.72308],[110.77284,44.72308],[110.77322,44.72311],[110.77354,44.72317],[110.77374,44.72323],[110.77396,44.72332],[110.77409,44.72338],[110.77581,44.72409],[110.77674,44.72448],[110.77683,44.72451],[110.77735,44.72473]]}},{"type":"Feature","properties":{},"geometry":{"type":"LineString","coordinates":[[111.38431,44.10457],[111.38593,44.10482]]}},{"type":"Feature","properties":{},"geometry":{"type":"LineString","coordinates":[[111.40176,44.10525],[111.40224,44.10521]]}},{"type":"Feature","properties":{},"geometry":{"type":"LineString","coordinates":[[110.76017,44.72577],[110.76125,44.72541],[110.76195,44.72516],[110.76265,44.72497],[110.76339,44.72483],[110.76663,44.72432],[110.76931,44.72389],[110.7701,44.72379],[110.77084,44.72373],[110.77136,44.72371],[110.772,44.72371],[110.77253,44.72373],[110.77306,44.72377],[110.77376,44.72387],[110.77433,44.72397],[110.77482,44.72407],[110.77548,44.72425],[110.77697,44.72471],[110.7776,44.72491],[110.77832,44.72507]]}},{"type":"Feature","properties":{},"geometry":{"type":"LineString","coordinates":[[110.76046,44.72566],[110.76085,44.72545],[110.76145,44.72523],[110.76214,44.725],[110.76259,44.72489],[110.76298,44.7248],[110.76424,44.72459],[110.76528,44.72443],[110.7692,44.72381],[110.76993,44.72371],[110.7705,44.72366],[110.77098,44.72363],[110.77156,44.72361],[110.77218,44.72362],[110.77269,44.72364],[110.77329,44.7237],[110.77392,44.72379],[110.77448,44.7239],[110.77498,44.72401],[110.77554,44.72416],[110.77657,44.72448],[110.77735,44.72473],[110.77767,44.72487]]}},{"type":"Feature","properties":{},"geometry":{"type":"LineString","coordinates":[[110.77683,44.72451],[110.77776,44.72481]]}},{"type":"Feature","properties":{},"geometry":{"type":"LineString","coordinates":[[106.87115,47.89567],[106.87094,47.89546],[106.87047,47.89509],[106.86737,47.8928],[106.86499,47.89107],[106.86458,47.89077],[106.86421,47.89049],[106.86365,47.89007]]}},{"type":"Feature","properties":{},"geometry":{"type":"LineString","coordinates":[[105.39997,49.04406],[105.39936,49.04401]]}},{"type":"Feature","properties":{},"geometry":{"type":"LineString","coordinates":[[106.7878,47.9094],[106.78848,47.90955],[106.78883,47.90969],[106.78917,47.90988],[106.7894,47.91003],[106.7895,47.91015],[106.78967,47.91036],[106.78997,47.91095],[106.78997,47.91097],[106.79037,47.9118],[106.79076,47.91263],[106.79082,47.91276],[106.79099,47.91302],[106.7911,47.91318],[106.79123,47.91335],[106.79134,47.91346],[106.7916,47.91372],[106.79194,47.91395],[106.79219,47.9141],[106.79246,47.91422],[106.79283,47.91435],[106.79415,47.91468]]}},{"type":"Feature","properties":{},"geometry":{"type":"LineString","coordinates":[[106.86317,47.91192],[106.86345,47.91187],[106.86376,47.91181],[106.86409,47.91171],[106.86444,47.91155],[106.86509,47.91119],[106.86538,47.91102],[106.86564,47.91088],[106.86597,47.91072],[106.86625,47.91061],[106.86661,47.91051],[106.86696,47.91044],[106.86711,47.91041],[106.86799,47.91024],[106.87144,47.90943],[106.87182,47.90932],[106.87211,47.90921],[106.87249,47.90903],[106.87276,47.90891],[106.87318,47.90873],[106.87379,47.90855],[106.8744,47.90842],[106.87518,47.90833],[106.87548,47.90831],[106.87846,47.90829],[106.87939,47.90828],[106.87964,47.90827],[106.88035,47.90826]]}},{"type":"Feature","properties":{},"geometry":{"type":"LineString","coordinates":[[106.87186,47.91029],[106.8654,47.91145],[106.86353,47.91188],[106.86317,47.91192],[106.86296,47.91193],[106.86241,47.91195],[106.86185,47.91196],[106.86094,47.91199],[106.85737,47.91201]]}},{"type":"Feature","properties":{},"geometry":{"type":"LineString","coordinates":[[106.93265,47.90752],[106.93044,47.90755],[106.91822,47.90772],[106.91075,47.9078],[106.90572,47.90788],[106.89854,47.90798],[106.89582,47.90801],[106.89387,47.90803],[106.89353,47.90804],[106.89273,47.90806]]}},{"type":"Feature","properties":{},"geometry":{"type":"LineString","coordinates":[[106.87424,47.90841],[106.87332,47.90855],[106.87289,47.90865],[106.87241,47.90877],[106.8713,47.90901],[106.86759,47.90988],[106.86708,47.91005],[106.8669,47.91011],[106.8664,47.91022],[106.86615,47.91028],[106.86539,47.91035],[106.86443,47.91037],[106.86405,47.91036],[106.86237,47.91025],[106.86181,47.91023],[106.86155,47.91021],[106.86103,47.91018],[106.85989,47.91011],[106.85944,47.91013],[106.85564,47.91034]]}},{"type":"Feature","properties":{},"geometry":{"type":"LineString","coordinates":[[106.89247,47.90811],[106.89213,47.90814],[106.89169,47.90821],[106.89131,47.90834],[106.89102,47.90842],[106.89038,47.90854],[106.89026,47.90854]]}},{"type":"Feature","properties":{},"geometry":{"type":"LineString","coordinates":[[106.89301,47.90811],[106.89378,47.90817],[106.89384,47.90818]]}},{"type":"Feature","properties":{},"geometry":{"type":"LineString","coordinates":[[106.89163,47.90813],[106.89247,47.90811],[106.89301,47.90811],[106.89473,47.90808],[106.89513,47.90809],[106.89546,47.90814],[106.89616,47.90825],[106.89636,47.90826],[106.89687,47.90825]]}},{"type":"Feature","properties":{},"geometry":{"type":"LineString","coordinates":[[106.89148,47.90813],[106.89051,47.90821],[106.88984,47.90826],[106.88915,47.90832],[106.88839,47.90834],[106.88744,47.90834]]}},{"type":"Feature","properties":{},"geometry":{"type":"LineString","coordinates":[[106.87939,47.90828],[106.8788,47.90832],[106.87799,47.90847],[106.8775,47.90852],[106.87704,47.90858],[106.87618,47.90858]]}},{"type":"Feature","properties":{},"geometry":{"type":"LineString","coordinates":[[106.86539,47.91035],[106.86611,47.91034],[106.86684,47.91034],[106.8671,47.91033],[106.86738,47.9103],[106.86799,47.91024]]}},{"type":"Feature","properties":{},"geometry":{"type":"LineString","coordinates":[[106.85774,47.91155],[106.85812,47.91146],[106.85857,47.91141],[106.85888,47.91138],[106.86045,47.91138],[106.86259,47.91137],[106.8635,47.91136],[106.86404,47.91132],[106.86444,47.91125],[106.86479,47.91119],[106.86507,47.91111],[106.8654,47.91098],[106.86564,47.91088]]}},{"type":"Feature","properties":{},"geometry":{"type":"LineString","coordinates":[[106.85561,47.90947],[106.85719,47.90987],[106.85734,47.90991],[106.85751,47.90993],[106.85794,47.90996],[106.85844,47.90999],[106.85863,47.90999],[106.85955,47.91001],[106.85987,47.91002],[106.86103,47.91018]]}},{"type":"Feature","properties":{},"geometry":{"type":"LineString","coordinates":[[106.86981,47.90921],[106.86937,47.90924],[106.86882,47.90924],[106.86853,47.90922],[106.86822,47.90917],[106.86789,47.90911],[106.86738,47.90899],[106.86713,47.90894],[106.86684,47.90889],[106.86656,47.90885],[106.86587,47.90885],[106.86464,47.90888],[106.86327,47.90889],[106.8604,47.90889],[106.85984,47.90889],[106.85935,47.90889],[106.85895,47.90887],[106.85812,47.90875],[106.85738,47.90865],[106.85674,47.90863],[106.8544,47.90864],[106.85384,47.90864],[106.85295,47.90864],[106.85254,47.90867],[106.85191,47.90869],[106.85129,47.90872],[106.85118,47.90872]]}},{"type":"Feature","properties":{},"geometry":{"type":"LineString","coordinates":[[106.87518,47.90833],[106.87459,47.90838],[106.87424,47.90841],[106.87331,47.90848],[106.87285,47.90854],[106.87247,47.9086],[106.87198,47.90872],[106.8714,47.90886],[106.87023,47.90913],[106.86981,47.90921],[106.86924,47.9093],[106.86854,47.90948],[106.86721,47.90978]]}},{"type":"Feature","properties":{},"geometry":{"type":"LineString","coordinates":[[106.85325,47.9084],[106.85271,47.90834],[106.85246,47.9083],[106.85223,47.90823],[106.85189,47.90809],[106.85166,47.90795],[106.85143,47.9078],[106.85112,47.90758],[106.85099,47.90748],[106.85087,47.90735],[106.85073,47.9072],[106.8506,47.90696],[106.85049,47.90672],[106.85043,47.90651],[106.85038,47.90635],[106.85002,47.90526],[106.8498,47.90457]]}},{"type":"Feature","properties":{},"geometry":{"type":"LineString","coordinates":[[106.83771,47.89905],[106.83742,47.90114],[106.8374,47.90226],[106.8374,47.90245],[106.83746,47.90268],[106.83755,47.90288],[106.83773,47.90318],[106.83834,47.90387],[106.8389,47.90448],[106.83932,47.90496],[106.83972,47.90539],[106.84028,47.90599],[106.84121,47.90702],[106.84155,47.90736],[106.84179,47.90756],[106.84209,47.90777],[106.84242,47.90794],[106.84292,47.90815],[106.84328,47.90825],[106.84371,47.90835],[106.84414,47.90842],[106.84433,47.90845]]}},{"type":"Feature","properties":{},"geometry":{"type":"LineString","coordinates":[[106.84292,47.90815],[106.84239,47.908],[106.84195,47.9079],[106.84147,47.90787],[106.8406,47.90788],[106.83762,47.90793]]}},{"type":"Feature","properties":{},"geometry":{"type":"LineString","coordinates":[[106.83972,47.90539],[106.83951,47.90513],[106.83937,47.90487],[106.83921,47.90457],[106.83908,47.90426],[106.83902,47.90395],[106.83902,47.90389],[106.83904,47.90362],[106.8391,47.9033],[106.83934,47.90164]]}},{"type":"Feature","properties":{},"geometry":{"type":"LineString","coordinates":[[106.85158,47.9083],[106.84904,47.90834],[106.84836,47.90834],[106.84625,47.90837],[106.84589,47.90835],[106.84555,47.9083],[106.84523,47.90822],[106.84497,47.90814],[106.84462,47.90797],[106.84433,47.9078],[106.84405,47.90756],[106.84373,47.90722],[106.8433,47.90679],[106.8429,47.90637]]}},{"type":"Feature","properties":{},"geometry":{"type":"LineString","coordinates":[[106.85268,47.90839],[106.8521,47.90836],[106.85158,47.9083],[106.85112,47.90827],[106.85095,47.90826],[106.84916,47.90828],[106.84864,47.90828]]}},{"type":"Feature","properties":{},"geometry":{"type":"LineString","coordinates":[[106.85118,47.90872],[106.85054,47.90876],[106.85015,47.90884],[106.84964,47.90898],[106.84941,47.90905],[106.84872,47.90925],[106.84823,47.90938],[106.84787,47.90944],[106.8471,47.90949],[106.84586,47.9095],[106.84523,47.90951],[106.84386,47.90952],[106.84158,47.90954],[106.84051,47.90956]]}},{"type":"Feature","properties":{},"geometry":{"type":"LineString","coordinates":[[106.84051,47.90956],[106.84095,47.9096],[106.84155,47.9096],[106.84387,47.90958],[106.84639,47.90955],[106.84713,47.90954],[106.84772,47.90958],[106.84798,47.90963],[106.84827,47.90971],[106.84855,47.90981],[106.84901,47.91008]]}},{"type":"Feature","properties":{},"geometry":{"type":"LineString","coordinates":[[104.53345,48.93666],[104.53332,48.93684]]}},{"type":"Feature","properties":{},"geometry":{"type":"LineString","coordinates":[[104.53332,48.93684],[104.53042,48.94122]]}},{"type":"Feature","properties":{},"geometry":{"type":"LineString","coordinates":[[111.89112,43.73162],[111.89162,43.73119],[111.89185,43.73099],[111.89224,43.73065]]}},{"type":"Feature","properties":{},"geometry":{"type":"LineString","coordinates":[[106.79227,47.90171],[106.7922,47.90026],[106.79214,47.89948],[106.79213,47.89915],[106.79214,47.89891],[106.79217,47.89872],[106.79222,47.89852],[106.79231,47.8983],[106.79241,47.89811],[106.79252,47.898],[106.79263,47.89787],[106.79288,47.89766],[106.79308,47.89751],[106.79317,47.89746],[106.79342,47.89729],[106.79372,47.89713],[106.79401,47.897],[106.79433,47.89689],[106.79462,47.89682],[106.79497,47.89675],[106.7954,47.89671],[106.79558,47.89671]]}},{"type":"Feature","properties":{},"geometry":{"type":"LineString","coordinates":[[106.74808,47.90524],[106.74841,47.90526],[106.76046,47.90644],[106.76079,47.90648]]}},{"type":"Feature","properties":{},"geometry":{"type":"LineString","coordinates":[[106.80647,47.90422],[106.80549,47.90416],[106.80505,47.90417],[106.80466,47.90423],[106.80416,47.90434],[106.80373,47.90448],[106.80324,47.90465]]}},{"type":"Feature","properties":{},"geometry":{"type":"LineString","coordinates":[[106.7488,47.90526],[106.74926,47.9053],[106.75973,47.90631],[106.76006,47.90635],[106.76037,47.90639],[106.76079,47.90648],[106.76145,47.90659],[106.76166,47.90661]]}},{"type":"Feature","properties":{},"geometry":{"type":"LineString","coordinates":[[110.12284,44.92179],[110.12425,44.92143],[110.1248,44.92127],[110.12787,44.92039],[110.12819,44.92031],[110.12839,44.92024],[110.1288,44.92006]]}},{"type":"Feature","properties":{},"geometry":{"type":"LineString","coordinates":[[107.15643,47.80403],[107.15578,47.80363],[107.1551,47.80323],[107.15433,47.80285],[107.15348,47.80249],[107.15243,47.80204],[107.15104,47.80138],[107.1502,47.80106],[107.14941,47.80072],[107.14845,47.80039],[107.14739,47.8002],[107.14642,47.80024],[107.14593,47.80033],[107.1455,47.80042],[107.14505,47.80058],[107.14466,47.80074],[107.14433,47.80094],[107.14397,47.80116]]}},{"type":"Feature","properties":{},"geometry":{"type":"LineString","coordinates":[[107.15665,47.8042],[107.15643,47.80403]]}},{"type":"Feature","properties":{},"geometry":{"type":"LineString","coordinates":[[107.17469,47.81039],[107.17452,47.81035],[107.17432,47.81032],[107.17405,47.81029],[107.17377,47.81027],[107.17336,47.81025],[107.17304,47.81026],[107.17275,47.81029],[107.17237,47.81034],[107.17202,47.8104],[107.17003,47.81082],[107.16961,47.81089],[107.16922,47.81095],[107.16887,47.81098],[107.16848,47.811],[107.16814,47.811],[107.16773,47.81098],[107.16729,47.81093],[107.16685,47.81085],[107.16643,47.81076],[107.16609,47.81066],[107.16578,47.81055],[107.16538,47.81038],[107.1651,47.81025],[107.1648,47.81008],[107.16452,47.8099],[107.16418,47.80967],[107.16347,47.80915],[107.16247,47.80845],[107.16149,47.80771],[107.16121,47.80751],[107.15963,47.80637],[107.15788,47.8051],[107.15665,47.8042]]}},{"type":"Feature","properties":{},"geometry":{"type":"LineString","coordinates":[[107.17496,47.81048],[107.17469,47.81039]]}},{"type":"Feature","properties":{},"geometry":{"type":"LineString","coordinates":[[106.152,50.24729],[106.15225,50.24727]]}},{"type":"Feature","properties":{},"geometry":{"type":"LineString","coordinates":[[106.15225,50.24727],[106.15591,50.24694],[106.15691,50.24682],[106.15723,50.24677],[106.15755,50.24669],[106.15788,50.2466],[106.15819,50.2465],[106.15878,50.24623],[106.1593,50.2459],[106.1601,50.2454],[106.16052,50.24516],[106.16093,50.24496],[106.16124,50.24484],[106.16152,50.24475],[106.1618,50.24468],[106.16224,50.24459],[106.16251,50.24456],[106.16278,50.24453],[106.16312,50.24452],[106.16348,50.24452],[106.16416,50.24457],[106.16549,50.24477],[106.16667,50.2449],[106.16715,50.24492],[106.16764,50.2449],[106.16812,50.24486],[106.16861,50.24479],[106.16897,50.2447],[106.16932,50.24459],[106.16966,50.24447],[106.16998,50.24432],[106.17049,50.244],[106.17098,50.24363],[106.17166,50.24306],[106.17238,50.24254],[106.1728,50.24229],[106.1731,50.24217],[106.1734,50.24207],[106.17354,50.24202],[106.17701,50.24092],[106.1786,50.24044],[106.17899,50.24034],[106.17943,50.24026],[106.1799,50.24021],[106.18306,50.24017],[106.1851,50.24014],[106.18678,50.24011],[106.18725,50.2401],[106.18787,50.24004],[106.18849,50.23994],[106.18914,50.23976],[106.18965,50.23961],[106.19092,50.23922]]}},{"type":"Feature","properties":{},"geometry":{"type":"LineString","coordinates":[[106.20546,50.23109],[106.20524,50.23147],[106.20505,50.23174],[106.20488,50.23194],[106.20474,50.23209],[106.20453,50.23225],[106.20402,50.23261],[106.20375,50.23279],[106.20355,50.23291],[106.20332,50.23302],[106.20258,50.23334],[106.20091,50.23408]]}},{"type":"Feature","properties":{},"geometry":{"type":"LineString","coordinates":[[106.20352,50.23309],[106.20381,50.23285],[106.20403,50.23267],[106.20451,50.23234],[106.20476,50.23215],[106.20495,50.23197],[106.20516,50.23173],[106.20525,50.23154],[106.20546,50.23109],[106.20564,50.23072],[106.20599,50.22999],[106.20625,50.22943],[106.20645,50.22902]]}},{"type":"Feature","properties":{},"geometry":{"type":"LineString","coordinates":[[106.20227,50.23379],[106.2027,50.23357],[106.20315,50.23332],[106.20352,50.23309],[106.20422,50.23261],[106.20455,50.23237],[106.20489,50.23214],[106.2052,50.23191],[106.20542,50.23169],[106.20564,50.23148],[106.20629,50.23096],[106.20702,50.23026],[106.20754,50.22967]]}},{"type":"Feature","properties":{},"geometry":{"type":"LineString","coordinates":[[106.20209,50.23414],[106.20161,50.23443],[106.20096,50.23485],[106.19986,50.23559],[106.19943,50.23589],[106.19895,50.23617],[106.19861,50.23637],[106.19776,50.2368],[106.1971,50.23711],[106.19644,50.23738],[106.19594,50.23757],[106.19516,50.23783],[106.19385,50.23823],[106.19227,50.23871],[106.19157,50.23893],[106.19075,50.23922]]}},{"type":"Feature","properties":{},"geometry":{"type":"LineString","coordinates":[[106.20193,50.23412],[106.2015,50.23436],[106.2011,50.23461],[106.2002,50.23523],[106.19947,50.23572],[106.19882,50.23612],[106.19834,50.23639],[106.19763,50.23674],[106.19716,50.23697],[106.19663,50.23719],[106.19616,50.23738],[106.19554,50.23759],[106.1945,50.23792],[106.19275,50.23846],[106.19175,50.23876],[106.19118,50.23895],[106.19067,50.23915]]}},{"type":"Feature","properties":{},"geometry":{"type":"LineString","coordinates":[[106.20221,50.23391],[106.20162,50.23418],[106.20122,50.23439],[106.20092,50.23459],[106.20035,50.23499],[106.1995,50.23554],[106.19918,50.23576],[106.19855,50.23614],[106.19759,50.23664],[106.19663,50.23706],[106.19595,50.23733],[106.19527,50.23756],[106.19404,50.23795],[106.19233,50.23847],[106.19153,50.23872],[106.19112,50.23886],[106.19052,50.23911],[106.18998,50.23937]]}},{"type":"Feature","properties":{},"geometry":{"type":"LineString","coordinates":[[106.20478,50.23235],[106.20407,50.23279],[106.20351,50.23315],[106.20338,50.23325],[106.20293,50.23357],[106.20209,50.23414],[106.20054,50.23521],[106.19968,50.23579],[106.19896,50.23624],[106.19855,50.23647],[106.19756,50.23697],[106.19706,50.23718],[106.19633,50.23748],[106.19569,50.23771],[106.19362,50.23835],[106.19155,50.23898],[106.19075,50.23922],[106.19056,50.23928],[106.18965,50.23961]]}},{"type":"Feature","properties":{},"geometry":{"type":"LineString","coordinates":[[106.20422,50.23261],[106.20351,50.23315]]}},{"type":"Feature","properties":{},"geometry":{"type":"LineString","coordinates":[[106.18469,50.24009],[106.18614,50.24008]]}},{"type":"Feature","properties":{},"geometry":{"type":"LineString","coordinates":[[106.20162,50.23418],[106.20115,50.23439],[106.20094,50.2345],[106.20064,50.23469],[106.19925,50.23564],[106.19856,50.23606],[106.19821,50.23624],[106.19782,50.23646],[106.19747,50.23662],[106.19701,50.23683],[106.19651,50.23704],[106.19596,50.23725],[106.19546,50.23743],[106.19452,50.23774],[106.1936,50.23801],[106.1929,50.23823],[106.19205,50.23849],[106.19158,50.23864],[106.19123,50.23876],[106.1909,50.23892],[106.19052,50.23911]]}},{"type":"Feature","properties":{},"geometry":{"type":"LineString","coordinates":[[106.20338,50.23325],[106.20307,50.23343],[106.20248,50.23376],[106.20221,50.23391],[106.20169,50.23419],[106.20137,50.23437],[106.20112,50.23452],[106.19988,50.23537],[106.19925,50.23578],[106.19878,50.23607],[106.19821,50.23638],[106.19746,50.23675],[106.19661,50.23713],[106.19595,50.23739],[106.19498,50.23772],[106.19418,50.23796],[106.19253,50.23846],[106.19156,50.23877],[106.19085,50.23902],[106.18998,50.23937],[106.18947,50.23958],[106.18892,50.23977]]}},{"type":"Feature","properties":{},"geometry":{"type":"LineString","coordinates":[[106.20157,50.2341],[106.20122,50.23425],[106.20086,50.23442],[106.20055,50.23462],[106.19961,50.23526],[106.1991,50.2356],[106.19868,50.23587],[106.19821,50.23613],[106.19773,50.23638],[106.19712,50.23669],[106.19664,50.23689],[106.19596,50.23716],[106.19554,50.23731],[106.19479,50.23756],[106.19349,50.23795],[106.19238,50.23829],[106.19148,50.23857],[106.19115,50.23869],[106.19078,50.23887],[106.19043,50.23904],[106.19005,50.23924],[106.18964,50.2394],[106.18918,50.23957],[106.18871,50.23971],[106.18829,50.23979]]}},{"type":"Feature","properties":{},"geometry":{"type":"LineString","coordinates":[[106.20293,50.23357],[106.20244,50.23385],[106.20193,50.23412],[106.20131,50.23453],[106.2006,50.23503],[106.19967,50.23566],[106.19922,50.23595],[106.19875,50.23623],[106.19843,50.2364],[106.19771,50.23677],[106.19699,50.23711],[106.19639,50.23734],[106.19594,50.23751],[106.19539,50.2377],[106.19443,50.238],[106.19304,50.23842],[106.19181,50.2388],[106.19067,50.23915],[106.19012,50.23937],[106.18965,50.23956],[106.18892,50.23977],[106.18849,50.23989],[106.18805,50.23997],[106.1875,50.24004],[106.18691,50.24006],[106.18614,50.24008],[106.18558,50.24011],[106.1851,50.24014]]}},{"type":"Feature","properties":{},"geometry":{"type":"LineString","coordinates":[[106.20209,50.23387],[106.20164,50.23404],[106.20125,50.23418],[106.20085,50.23437],[106.20047,50.23461],[106.20016,50.23482],[106.1993,50.23541],[106.19873,50.23577],[106.19837,50.23597],[106.19799,50.23619],[106.19752,50.23642],[106.19699,50.23667],[106.19628,50.23698],[106.19578,50.23716],[106.19512,50.2374],[106.19462,50.23755],[106.19371,50.23783],[106.19257,50.23818],[106.19143,50.23852],[106.19109,50.23866],[106.19062,50.23886],[106.18994,50.23918],[106.18943,50.23941],[106.189,50.23957],[106.18869,50.23968],[106.18829,50.23979],[106.1876,50.23993],[106.18713,50.23998],[106.1865,50.24003]]}},{"type":"Feature","properties":{},"geometry":{"type":"LineString","coordinates":[[106.2058,50.23123],[106.20617,50.23078],[106.20683,50.22997]]}},{"type":"Feature","properties":{},"geometry":{"type":"LineString","coordinates":[[106.20332,50.23302],[106.20283,50.2332],[106.20233,50.23338],[106.20084,50.23403]]}},{"type":"Feature","properties":{},"geometry":{"type":"LineString","coordinates":[[106.20307,50.23343],[106.20271,50.2336],[106.20227,50.23379],[106.20209,50.23387],[106.20157,50.2341],[106.20113,50.23433],[106.2008,50.23453],[106.2004,50.23479],[106.19984,50.23517],[106.19909,50.23568],[106.1987,50.23591],[106.19836,50.23611],[106.19764,50.23648],[106.19716,50.23671],[106.19669,50.23691],[106.19616,50.23712],[106.19579,50.23727],[106.19517,50.23748],[106.19452,50.23769],[106.19344,50.23801],[106.19234,50.23835],[106.19165,50.23855],[106.1914,50.23863],[106.19121,50.23871],[106.19101,50.23881],[106.19062,50.23899],[106.19027,50.23918],[106.18991,50.23934],[106.18958,50.23947],[106.18928,50.2396],[106.18878,50.23975],[106.1884,50.23985],[106.18801,50.23992],[106.18746,50.23999],[106.18703,50.24002],[106.1865,50.24003],[106.18577,50.24004],[106.18537,50.24005],[106.18469,50.24009],[106.18438,50.24009],[106.18383,50.24013],[106.18306,50.24017]]}},{"type":"Feature","properties":{},"geometry":{"type":"LineString","coordinates":[[106.20542,50.23169],[106.20556,50.2315],[106.2058,50.23123],[106.20623,50.23079],[106.20691,50.23]]}},{"type":"Feature","properties":{},"geometry":{"type":"LineString","coordinates":[[106.20629,50.23096],[106.20596,50.23126],[106.20554,50.23171],[106.20534,50.23189],[106.20495,50.23223]]}},{"type":"Feature","properties":{},"geometry":{"type":"LineString","coordinates":[[106.20564,50.23148],[106.20626,50.23088],[106.20677,50.2304],[106.20716,50.23001],[106.20747,50.2296]]}},{"type":"Feature","properties":{},"geometry":{"type":"LineString","coordinates":[[106.20599,50.22999],[106.20576,50.23035],[106.20555,50.2306],[106.20529,50.23084],[106.20487,50.23119],[106.20466,50.23137]]}},{"type":"Feature","properties":{},"geometry":{"type":"LineString","coordinates":[[106.20556,50.2315],[106.20569,50.23131],[106.20579,50.23112],[106.20584,50.23097],[106.20593,50.23076],[106.20599,50.2306],[106.20611,50.23046],[106.20692,50.22948]]}},{"type":"Feature","properties":{},"geometry":{"type":"LineString","coordinates":[[106.21205,50.22931],[106.21166,50.22948],[106.21124,50.22964],[106.21067,50.22981],[106.21024,50.22994],[106.21,50.23002],[106.20962,50.23029],[106.20928,50.23055],[106.20828,50.23131],[106.20775,50.23171],[106.20734,50.23202]]}},{"type":"Feature","properties":{},"geometry":{"type":"LineString","coordinates":[[106.20914,50.22964],[106.20964,50.2293],[106.20965,50.22929],[106.20988,50.22916],[106.21013,50.22902],[106.21044,50.22889],[106.2108,50.22879],[106.21115,50.22873],[106.21144,50.22869],[106.21187,50.22867],[106.21212,50.22869],[106.21281,50.22876]]}},{"type":"Feature","properties":{},"geometry":{"type":"LineString","coordinates":[[106.2091,50.23077],[106.21039,50.22979]]}},{"type":"Feature","properties":{},"geometry":{"type":"LineString","coordinates":[[106.20699,50.23097],[106.20718,50.23082],[106.20735,50.23065],[106.20746,50.2305],[106.20755,50.23035],[106.20767,50.23008],[106.20788,50.22961],[106.20813,50.22908],[106.20835,50.22866],[106.20855,50.22834],[106.20883,50.22789],[106.20895,50.22764],[106.20901,50.22742],[106.20902,50.22723],[106.20902,50.22694],[106.20898,50.22667],[106.20894,50.22645],[106.20896,50.22611],[106.209,50.2257],[106.20902,50.22544],[106.20904,50.22514],[106.20903,50.22485],[106.209,50.22469],[106.20871,50.22333]]}},{"type":"Feature","properties":{},"geometry":{"type":"LineString","coordinates":[[106.20965,50.22929],[106.21057,50.22866],[106.21122,50.22823]]}},{"type":"Feature","properties":{},"geometry":{"type":"LineString","coordinates":[[106.20615,50.2315],[106.20553,50.2319],[106.20499,50.23228]]}},{"type":"Feature","properties":{},"geometry":{"type":"LineString","coordinates":[[106.20791,50.23031],[106.20822,50.23004],[106.20853,50.22972]]}},{"type":"Feature","properties":{},"geometry":{"type":"LineString","coordinates":[[106.20533,50.23197],[106.20564,50.23179],[106.20615,50.2315],[106.20658,50.23124],[106.20718,50.23091],[106.20767,50.23063],[106.20801,50.23042],[106.20859,50.23002],[106.20914,50.22964],[106.20952,50.22941],[106.21,50.22916],[106.21031,50.22902],[106.21058,50.22891],[106.21077,50.22886],[106.21114,50.22879],[106.21148,50.22874],[106.21184,50.22873],[106.21245,50.22874],[106.21281,50.22876],[106.21328,50.2288],[106.21359,50.22881],[106.2139,50.2288],[106.21435,50.22875],[106.21513,50.22864],[106.21589,50.22853],[106.21634,50.22846],[106.21667,50.22843],[106.21703,50.22843],[106.21791,50.2285],[106.21892,50.2286],[106.2217,50.22897]]}},{"type":"Feature","properties":{},"geometry":{"type":"LineString","coordinates":[[106.20962,50.23029],[106.2091,50.23077],[106.20835,50.23135],[106.20808,50.23154]]}},{"type":"Feature","properties":{},"geometry":{"type":"LineString","coordinates":[[106.209,50.2257],[106.20899,50.22607],[106.209,50.22631],[106.20905,50.2267],[106.20908,50.22704]]}},{"type":"Feature","properties":{},"geometry":{"type":"LineString","coordinates":[[106.21261,50.22914],[106.21237,50.22924],[106.21214,50.22934],[106.21187,50.22951],[106.21157,50.22976],[106.21043,50.23063]]}},{"type":"Feature","properties":{},"geometry":{"type":"LineString","coordinates":[[106.21435,50.22875],[106.21383,50.22883],[106.2134,50.22892],[106.21297,50.22902],[106.21268,50.22912],[106.21261,50.22914],[106.21205,50.22931],[106.21129,50.22953]]}},{"type":"Feature","properties":{},"geometry":{"type":"LineString","coordinates":[[106.20898,50.22667],[106.20888,50.22635],[106.20881,50.22599],[106.20871,50.22552],[106.20861,50.22515],[106.2085,50.22457],[106.20841,50.22413]]}},{"type":"Feature","properties":{},"geometry":{"type":"LineString","coordinates":[[106.20658,50.23124],[106.20699,50.23097],[106.20749,50.23061],[106.20791,50.23031],[106.20846,50.22992],[106.20886,50.22964],[106.2091,50.22948]]}},{"type":"Feature","properties":{},"geometry":{"type":"LineString","coordinates":[[106.21,50.23002],[106.2096,50.23026],[106.20925,50.23047],[106.20898,50.23063],[106.20874,50.23081],[106.20834,50.23113],[106.20808,50.23138],[106.20775,50.23171]]}},{"type":"Feature","properties":{},"geometry":{"type":"LineString","coordinates":[[106.22288,50.22906],[106.2232,50.22916],[106.22356,50.22929],[106.22393,50.22945],[106.22425,50.2296],[106.22435,50.22965],[106.22467,50.2298],[106.22494,50.22992],[106.22525,50.23002],[106.22562,50.23012],[106.22691,50.23033]]}},{"type":"Feature","properties":{},"geometry":{"type":"LineString","coordinates":[[106.23407,50.2293],[106.23464,50.22916],[106.23539,50.22902],[106.23931,50.2284],[106.23968,50.22833],[106.24001,50.22823],[106.2404,50.22808],[106.24083,50.22789],[106.24117,50.2277],[106.24184,50.22732]]}},{"type":"Feature","properties":{},"geometry":{"type":"LineString","coordinates":[[106.22152,50.22879],[106.22105,50.22867],[106.22065,50.22854],[106.22006,50.22835],[106.21953,50.2282],[106.21904,50.2281],[106.21867,50.22805],[106.21824,50.22803],[106.21676,50.22802],[106.2164,50.22802]]}},{"type":"Feature","properties":{},"geometry":{"type":"LineString","coordinates":[[106.22955,50.23182],[106.2291,50.23159],[106.22882,50.23144],[106.22857,50.23137],[106.22806,50.23128],[106.22396,50.23078],[106.22214,50.23056],[106.22148,50.23052],[106.22104,50.23052],[106.22075,50.23056],[106.22049,50.23063],[106.21888,50.23107]]}},{"type":"Feature","properties":{},"geometry":{"type":"LineString","coordinates":[[106.22544,50.22957],[106.22598,50.22966],[106.22641,50.22974],[106.22683,50.2298],[106.22733,50.22987],[106.22774,50.22992],[106.22818,50.22995],[106.22875,50.22996],[106.22951,50.22995],[106.23024,50.22991],[106.23095,50.22979],[106.23148,50.22972],[106.23286,50.22949],[106.23407,50.2293],[106.23531,50.22909],[106.23743,50.22875],[106.23916,50.22846],[106.23972,50.22836],[106.24006,50.22827],[106.24052,50.22809],[106.24083,50.22796],[106.24109,50.22781],[106.24184,50.22732],[106.24331,50.22631]]}},{"type":"Feature","properties":{},"geometry":{"type":"LineString","coordinates":[[106.21634,50.22846],[106.21682,50.22839],[106.21713,50.22836],[106.21761,50.22834],[106.21847,50.22832],[106.21897,50.22834],[106.21926,50.22837],[106.21984,50.22846],[106.22152,50.22879],[106.22288,50.22906],[106.22413,50.22931],[106.22436,50.22936],[106.22544,50.22957],[106.22639,50.22982],[106.22727,50.23013],[106.22754,50.23025],[106.2279,50.23048],[106.22818,50.23073],[106.22856,50.23113],[106.2287,50.23125],[106.22891,50.23141],[106.22912,50.23155],[106.22955,50.23182],[106.22989,50.23202],[106.23019,50.23214],[106.23052,50.23223],[106.23087,50.2323],[106.23125,50.23234],[106.23176,50.23238],[106.23261,50.23244]]}},{"type":"Feature","properties":{},"geometry":{"type":"LineString","coordinates":[[106.23148,50.22972],[106.23209,50.22957],[106.23269,50.22944],[106.23339,50.22934]]}},{"type":"Feature","properties":{},"geometry":{"type":"LineString","coordinates":[[106.22727,50.23013],[106.22673,50.22995],[106.22614,50.22979],[106.22579,50.2297]]}},{"type":"Feature","properties":{},"geometry":{"type":"LineString","coordinates":[[106.23176,50.23238],[106.23131,50.23232],[106.23096,50.23226],[106.23038,50.23214]]}},{"type":"Feature","properties":{},"geometry":{"type":"LineString","coordinates":[[106.22396,50.23078],[106.22455,50.23088],[106.22499,50.23095],[106.22562,50.23104],[106.2274,50.23125],[106.22806,50.23128]]}},{"type":"Feature","properties":{},"geometry":{"type":"LineString","coordinates":[[106.21513,50.22864],[106.21569,50.22851],[106.2161,50.22842],[106.21639,50.22836],[106.21677,50.22832],[106.21726,50.22828],[106.21815,50.22828],[106.21889,50.22828]]}},{"type":"Feature","properties":{},"geometry":{"type":"LineString","coordinates":[[106.22639,50.22982],[106.22689,50.22995],[106.22726,50.23006],[106.22754,50.23014],[106.22787,50.2302],[106.22826,50.23026],[106.22867,50.23031],[106.23008,50.23048],[106.23339,50.2309]]}},{"type":"Feature","properties":{},"geometry":{"type":"LineString","coordinates":[[106.19092,50.23922],[106.19148,50.23907],[106.19204,50.23894],[106.19228,50.23886],[106.19327,50.23856],[106.19445,50.2382],[106.19564,50.23784],[106.19613,50.23768],[106.19662,50.2375],[106.19712,50.2373],[106.19793,50.23694],[106.19851,50.23664],[106.19894,50.23639],[106.19946,50.23608],[106.19997,50.23574],[106.20073,50.23523],[106.20106,50.235],[106.20137,50.23478],[106.20212,50.23426],[106.20262,50.23385]]}},{"type":"Feature","properties":{},"geometry":{"type":"LineString","coordinates":[[106.19204,50.23894],[106.1905,50.23941]]}},{"type":"Feature","properties":{},"geometry":{"type":"LineString","coordinates":[[106.19159,50.23836],[106.1922,50.23813],[106.19255,50.23802],[106.19282,50.23793],[106.19482,50.23733]]}},{"type":"Feature","properties":{},"geometry":{"type":"LineString","coordinates":[[106.18438,50.24009],[106.18219,50.24012],[106.18067,50.24013],[106.17981,50.24016],[106.17937,50.24022],[106.17902,50.24029],[106.17877,50.24033]]}},{"type":"Feature","properties":{},"geometry":{"type":"LineString","coordinates":[[106.19281,50.23875],[106.19342,50.23859],[106.19403,50.23841],[106.19479,50.23817],[106.19574,50.23788],[106.19625,50.23771],[106.19667,50.23755]]}},{"type":"Feature","properties":{},"geometry":{"type":"LineString","coordinates":[[106.19228,50.23886],[106.19281,50.23875],[106.19344,50.23861],[106.1939,50.23851],[106.19437,50.2384],[106.19485,50.23826],[106.19557,50.23804],[106.19605,50.23784]]}},{"type":"Feature","properties":{},"geometry":{"type":"LineString","coordinates":[[106.18943,50.23941],[106.18995,50.23913],[106.19035,50.23892],[106.19087,50.23866],[106.1913,50.23848],[106.19159,50.23836],[106.19258,50.23805],[106.19421,50.23757],[106.19532,50.23723]]}},{"type":"Feature","properties":{},"geometry":{"type":"LineString","coordinates":[[106.20753,50.22312],[106.20741,50.22274]]}},{"type":"Feature","properties":{},"geometry":{"type":"LineString","coordinates":[[107.00877,47.90593],[107.00879,47.90597],[107.00885,47.9061]]}},{"type":"Feature","properties":{},"geometry":{"type":"LineString","coordinates":[[105.95905,49.43611],[105.95835,49.43582],[105.95812,49.43571],[105.95791,49.4356],[105.95759,49.4354],[105.95715,49.4351],[105.95668,49.43481],[105.95642,49.43467],[105.95608,49.43449]]}},{"type":"Feature","properties":{},"geometry":{"type":"LineString","coordinates":[[105.95511,49.43409],[105.9554,49.43418],[105.95561,49.43423],[105.95584,49.43427],[105.95604,49.4343],[105.95633,49.43432],[105.95658,49.43433],[105.95681,49.43432],[105.95715,49.43429],[105.95738,49.43428],[105.95761,49.43428],[105.95786,49.43429],[105.95809,49.43432],[105.95827,49.43435],[105.95851,49.4344],[105.95875,49.43448],[105.95905,49.43456],[105.96134,49.43554]]}},{"type":"Feature","properties":{},"geometry":{"type":"LineString","coordinates":[[105.94858,49.43276],[105.94889,49.43292],[105.94917,49.43311],[105.94943,49.43331],[105.94955,49.43343],[105.94965,49.43356],[105.94977,49.43375],[105.94985,49.43397],[105.94991,49.43426],[105.94997,49.43442],[105.95007,49.43457],[105.9501,49.43461],[105.95019,49.43472],[105.95027,49.4348],[105.95046,49.43495],[105.95067,49.43507],[105.95089,49.43517],[105.95383,49.43639]]}},{"type":"Feature","properties":{},"geometry":{"type":"LineString","coordinates":[[107.1564,47.81644],[107.15657,47.81639],[107.15704,47.81622],[107.15728,47.81613],[107.1578,47.81595],[107.15808,47.81586],[107.15847,47.81572],[107.15896,47.81552],[107.15963,47.81525],[107.16011,47.81504],[107.16049,47.81488],[107.16089,47.81475],[107.16128,47.81464],[107.16164,47.81454],[107.16214,47.81443],[107.16253,47.81437],[107.1629,47.81432],[107.16331,47.81429],[107.16376,47.81426],[107.16424,47.81425],[107.16474,47.81426],[107.16531,47.8143],[107.16576,47.81435],[107.16619,47.81442],[107.16703,47.8146],[107.16746,47.81469],[107.16782,47.81477],[107.1685,47.81486],[107.1691,47.81493],[107.16998,47.81511],[107.17035,47.81519],[107.1709,47.81525]]}},{"type":"Feature","properties":{},"geometry":{"type":"LineString","coordinates":[[107.17153,47.81539],[107.17227,47.81553],[107.17264,47.81559],[107.17294,47.81561],[107.17326,47.81563],[107.17358,47.81563],[107.17386,47.81561],[107.17414,47.81559],[107.17442,47.81554],[107.17477,47.81546],[107.17518,47.81532],[107.17549,47.81519],[107.17577,47.81506],[107.17597,47.81495],[107.17616,47.81483],[107.17638,47.81468],[107.17656,47.81453],[107.17674,47.81436],[107.17692,47.81414],[107.17705,47.81394],[107.1772,47.81366],[107.17728,47.81345],[107.17733,47.81319],[107.17735,47.81293],[107.17733,47.81265],[107.17727,47.81242],[107.1772,47.8122],[107.17709,47.812],[107.17697,47.8118],[107.1768,47.81159],[107.17661,47.81139],[107.17639,47.8112],[107.17615,47.81101],[107.17586,47.81084],[107.17559,47.8107],[107.1753,47.81058],[107.17496,47.81048]]}},{"type":"Feature","properties":{},"geometry":{"type":"LineString","coordinates":[[107.17151,47.81543],[107.17206,47.81554],[107.17236,47.81559],[107.17265,47.81564],[107.17297,47.81568],[107.17322,47.8157],[107.17351,47.81571],[107.17383,47.8157],[107.17414,47.81568],[107.17443,47.81563],[107.17475,47.81557],[107.17522,47.81543],[107.17553,47.81532],[107.17574,47.81522],[107.17595,47.81511],[107.17624,47.81494],[107.17651,47.81476],[107.17675,47.81454],[107.17693,47.81435],[107.17707,47.81417],[107.1772,47.81397],[107.17729,47.81378],[107.17738,47.81357],[107.17745,47.81332],[107.17755,47.81271],[107.17759,47.81245],[107.17762,47.81224],[107.17766,47.81204],[107.17769,47.81186],[107.17775,47.8117],[107.17783,47.81151],[107.17791,47.81136],[107.17801,47.8112],[107.17815,47.81102],[107.17829,47.81088],[107.17843,47.81073],[107.17866,47.81055],[107.17888,47.8104],[107.17913,47.81025],[107.17941,47.8101],[107.17971,47.80998],[107.17998,47.80988],[107.18027,47.80981],[107.18053,47.80975],[107.1808,47.80972],[107.18113,47.80969],[107.18136,47.80968],[107.18181,47.80966],[107.18259,47.80964],[107.18337,47.80964],[107.18453,47.80952],[107.18567,47.80921],[107.18659,47.80881],[107.18744,47.8082],[107.18915,47.80676],[107.19053,47.80561],[107.19129,47.80506],[107.19205,47.80474],[107.19209,47.80472],[107.19256,47.80457],[107.19308,47.8044],[107.19448,47.80397],[107.19593,47.80343],[107.19659,47.80307],[107.19764,47.80238],[107.19874,47.80162],[107.20076,47.80034],[107.20242,47.7994],[107.20332,47.7989],[107.20545,47.79772],[107.20587,47.79753],[107.20775,47.79638],[107.20894,47.79556],[107.20997,47.79474],[107.21109,47.79368],[107.21197,47.79261],[107.21264,47.79159],[107.21353,47.78972],[107.21459,47.78758],[107.21544,47.78608],[107.21585,47.78567],[107.21722,47.78416],[107.21762,47.78338],[107.21753,47.78257],[107.21738,47.78216],[107.21715,47.78185],[107.21682,47.78139],[107.21646,47.78102],[107.21608,47.78037],[107.21594,47.77972],[107.21606,47.77894],[107.21655,47.77823],[107.21759,47.77752],[107.21913,47.77686],[107.22078,47.77616],[107.22132,47.77591],[107.22164,47.77571],[107.22195,47.77548],[107.22219,47.77524],[107.22243,47.77496],[107.22263,47.77461],[107.22276,47.77425],[107.22281,47.77393],[107.22287,47.77339],[107.22303,47.77264],[107.2232,47.7723],[107.22343,47.77199],[107.22369,47.77172],[107.22401,47.77148],[107.2244,47.77124],[107.22488,47.77101],[107.22543,47.77084],[107.22606,47.77071],[107.22734,47.77047],[107.22775,47.77037],[107.22819,47.77021],[107.22867,47.76998],[107.22895,47.76981],[107.22978,47.76922],[107.23023,47.76892],[107.23059,47.76871],[107.23109,47.76849],[107.23124,47.76843],[107.23168,47.76826],[107.23265,47.7679],[107.23341,47.76754],[107.23405,47.76715],[107.23455,47.76669],[107.2349,47.76617],[107.23531,47.76545],[107.23573,47.76477],[107.23602,47.76437],[107.23644,47.76403],[107.23707,47.7637],[107.23764,47.76347],[107.23825,47.76332],[107.23899,47.76324],[107.23972,47.76324],[107.24147,47.76333],[107.24236,47.76327],[107.24331,47.76314],[107.24372,47.76304],[107.24436,47.76281],[107.24579,47.76231],[107.24801,47.76153],[107.2494,47.76102],[107.25034,47.7607],[107.25099,47.7605],[107.25154,47.76039],[107.25225,47.7603],[107.25289,47.76027],[107.25355,47.76031],[107.25396,47.76035],[107.25463,47.76046],[107.25534,47.76068],[107.25564,47.7608],[107.25628,47.76112],[107.25658,47.76129],[107.25774,47.76226],[107.25871,47.76318],[107.25926,47.76368],[107.25976,47.76402],[107.26027,47.76428],[107.2608,47.76451],[107.26134,47.76467],[107.2619,47.76482],[107.26243,47.76489],[107.26294,47.76494],[107.26319,47.76495],[107.26379,47.76494],[107.26463,47.76483],[107.26521,47.76469],[107.2657,47.76455],[107.26657,47.7643],[107.26804,47.76388],[107.26921,47.76353],[107.26985,47.76333],[107.27061,47.76307],[107.27115,47.76279],[107.27156,47.76246],[107.2719,47.76212],[107.27212,47.76176],[107.27225,47.76143],[107.27234,47.76109],[107.27232,47.76083],[107.27229,47.76042],[107.27219,47.76011],[107.2719,47.75964],[107.27159,47.75928],[107.27086,47.75859],[107.27054,47.75823],[107.27033,47.75787],[107.27022,47.75764],[107.27012,47.75721],[107.27014,47.75682],[107.2702,47.75641],[107.27047,47.75592],[107.27072,47.75563],[107.2711,47.75527],[107.2715,47.75497],[107.27168,47.75484],[107.27317,47.75388],[107.27359,47.7536],[107.274,47.75331],[107.2748,47.75284],[107.27515,47.75263],[107.27542,47.75247],[107.2762,47.75196],[107.27686,47.75158],[107.27703,47.75149],[107.27766,47.75125],[107.27774,47.75121],[107.27798,47.75114],[107.27854,47.75096],[107.27874,47.7509],[107.27947,47.75068],[107.28017,47.75044],[107.2804,47.75037],[107.28121,47.75004],[107.2817,47.74985],[107.2821,47.7497],[107.28298,47.74932]]}},{"type":"Feature","properties":{},"geometry":{"type":"LineString","coordinates":[[107.17125,47.81538],[107.17151,47.81543]]}},{"type":"Feature","properties":{},"geometry":{"type":"LineString","coordinates":[[107.17128,47.81533],[107.17153,47.81539]]}},{"type":"Feature","properties":{},"geometry":{"type":"LineString","coordinates":[[106.78633,47.91542],[106.78822,47.91538],[106.78853,47.91538],[106.78877,47.91536],[106.78909,47.91532],[106.78957,47.9152],[106.78993,47.91505],[106.79014,47.91495],[106.79032,47.91483],[106.79048,47.91471],[106.79062,47.91458],[106.79076,47.91443],[106.79088,47.91427],[106.79098,47.91408],[106.79106,47.91387],[106.79109,47.91367],[106.79108,47.91347],[106.79103,47.9132],[106.79082,47.91276]]}},{"type":"Feature","properties":{},"geometry":{"type":"LineString","coordinates":[[106.8291,47.90718],[106.82771,47.90684],[106.82713,47.90671],[106.82645,47.90655],[106.82628,47.90651],[106.82615,47.90649],[106.82595,47.90646],[106.8258,47.90645],[106.82349,47.90641],[106.82259,47.90639]]}},{"type":"Feature","properties":{},"geometry":{"type":"LineString","coordinates":[[106.79818,47.89601],[106.79971,47.89594],[106.80116,47.89584],[106.80168,47.89584],[106.80285,47.8959],[106.80786,47.89608],[106.80824,47.89611],[106.80868,47.89616],[106.80963,47.89625],[106.81265,47.89636]]}},{"type":"Feature","properties":{},"geometry":{"type":"LineString","coordinates":[[106.83062,47.90767],[106.8321,47.90815],[106.83276,47.90835],[106.83334,47.90852],[106.83375,47.90859],[106.83405,47.90864],[106.83443,47.90867],[106.83476,47.90869]]}},{"type":"Feature","properties":{},"geometry":{"type":"LineString","coordinates":[[106.81631,47.91414],[106.81101,47.91358],[106.8102,47.9135],[106.80812,47.91329],[106.80698,47.91317],[106.80669,47.91312],[106.80645,47.91307],[106.8051,47.91269],[106.80493,47.91265],[106.80332,47.9122],[106.80255,47.91202],[106.8018,47.91185],[106.79967,47.91146],[106.79926,47.91139],[106.79823,47.91121],[106.79291,47.91027],[106.79139,47.91002],[106.79051,47.90986],[106.79004,47.90979],[106.78978,47.90972],[106.78948,47.90968],[106.7878,47.9094],[106.78744,47.90934],[106.78723,47.9093],[106.78702,47.90928],[106.78621,47.9092],[106.78485,47.90907]]}},{"type":"Feature","properties":{},"geometry":{"type":"LineString","coordinates":[[110.0916,44.67347],[110.09002,44.664],[110.08685,44.64502],[110.07389,44.56807],[110.06884,44.53827],[110.06783,44.53215],[110.06716,44.52943],[110.06616,44.52656],[110.06575,44.52567],[110.06529,44.52462],[110.06504,44.52405],[110.0648,44.52348],[110.06283,44.51887],[110.06041,44.51326],[110.06023,44.51282],[110.05982,44.51187],[110.05913,44.5103],[110.0584,44.50858]]}},{"type":"Feature","properties":{},"geometry":{"type":"LineString","coordinates":[[110.09164,44.6737],[110.0916,44.67347]]}},{"type":"Feature","properties":{},"geometry":{"type":"LineString","coordinates":[[106.60244,47.80772],[106.60029,47.80666]]}},{"type":"Feature","properties":{},"geometry":{"type":"LineString","coordinates":[[106.6091,47.81096],[106.60181,47.80734]]}},{"type":"Feature","properties":{},"geometry":{"type":"LineString","coordinates":[[106.62079,47.82348],[106.62096,47.82372]]}},{"type":"Feature","properties":{},"geometry":{"type":"LineString","coordinates":[[106.69271,47.87032],[106.69315,47.87052]]}},{"type":"Feature","properties":{},"geometry":{"type":"LineString","coordinates":[[106.64332,47.84474],[106.64362,47.84493]]}},{"type":"Feature","properties":{},"geometry":{"type":"LineString","coordinates":[[106.67358,47.86182],[106.67407,47.86195]]}},{"type":"Feature","properties":{},"geometry":{"type":"LineString","coordinates":[[106.64362,47.84493],[106.64627,47.84657]]}},{"type":"Feature","properties":{},"geometry":{"type":"LineString","coordinates":[[106.64627,47.84657],[106.64654,47.84676]]}},{"type":"Feature","properties":{},"geometry":{"type":"LineString","coordinates":[[106.60186,47.8073],[106.6023,47.80747],[106.60251,47.80757],[106.60869,47.81062],[106.60938,47.81101]]}},{"type":"Feature","properties":{},"geometry":{"type":"LineString","coordinates":[[106.60136,47.80706],[106.60181,47.80734],[106.60244,47.80772],[106.60866,47.81079],[106.6091,47.81096],[106.60981,47.81122]]}},{"type":"Feature","properties":{},"geometry":{"type":"LineString","coordinates":[[106.67407,47.86195],[106.68445,47.86481],[106.68571,47.86518],[106.68693,47.86576],[106.688,47.86642],[106.69069,47.86907],[106.69139,47.86962],[106.69234,47.87014],[106.69271,47.87032]]}},{"type":"Feature","properties":{},"geometry":{"type":"LineString","coordinates":[[106.64654,47.84676],[106.64805,47.84769],[106.65157,47.84988],[106.65499,47.85201],[106.65508,47.85207],[106.65949,47.85484],[106.65964,47.85493],[106.66064,47.85556],[106.66199,47.8564],[106.66653,47.85923],[106.66753,47.85978],[106.66911,47.86048],[106.6697,47.86071],[106.67198,47.86138],[106.67358,47.86182]]}},{"type":"Feature","properties":{},"geometry":{"type":"LineString","coordinates":[[106.69315,47.87052],[106.70711,47.87679],[106.71451,47.88012],[106.72004,47.88252]]}},{"type":"Feature","properties":{},"geometry":{"type":"LineString","coordinates":[[111.91239,43.71552],[111.91354,43.71467]]}},{"type":"Feature","properties":{},"geometry":{"type":"LineString","coordinates":[[111.91508,43.71369],[111.91462,43.71402]]}},{"type":"Feature","properties":{},"geometry":{"type":"LineString","coordinates":[[111.89901,43.7269],[111.89926,43.7267]]}},{"type":"Feature","properties":{},"geometry":{"type":"LineString","coordinates":[[111.91462,43.71402],[111.91419,43.71428]]}},{"type":"Feature","properties":{},"geometry":{"type":"LineString","coordinates":[[111.91538,43.71339],[111.91508,43.71369]]}},{"type":"Feature","properties":{},"geometry":{"type":"LineString","coordinates":[[111.86389,43.74912],[111.86159,43.74981]]}},{"type":"Feature","properties":{},"geometry":{"type":"LineString","coordinates":[[111.89052,43.73207],[111.89014,43.7324],[111.88974,43.73271],[111.87739,43.74186]]}},{"type":"Feature","properties":{},"geometry":{"type":"LineString","coordinates":[[111.87153,43.74563],[111.87101,43.74593],[111.87062,43.74613],[111.86916,43.74684],[111.86844,43.74713]]}},{"type":"Feature","properties":{},"geometry":{"type":"LineString","coordinates":[[111.89112,43.73162],[111.89068,43.73202],[111.89053,43.73214],[111.89024,43.73238],[111.88978,43.73274],[111.87794,43.74152]]}},{"type":"Feature","properties":{},"geometry":{"type":"LineString","coordinates":[[111.86306,43.74925],[111.86253,43.74935],[111.86193,43.74943],[111.86162,43.74943],[111.86105,43.74939],[111.8573,43.74888]]}},{"type":"Feature","properties":{},"geometry":{"type":"LineString","coordinates":[[111.85879,43.74849],[111.86267,43.74898],[111.86308,43.749],[111.86361,43.74899],[111.86408,43.74892],[111.86439,43.74885]]}},{"type":"Feature","properties":{},"geometry":{"type":"LineString","coordinates":[[114.53162,48.10496],[114.53125,48.1051],[114.52862,48.10598],[114.52785,48.10614],[114.52736,48.10618],[114.52687,48.10619],[114.52634,48.10615],[114.52582,48.10606],[114.52495,48.10586],[114.52185,48.10513],[114.52012,48.10473],[114.51932,48.10457],[114.51851,48.10446],[114.517,48.1044],[114.51554,48.1045],[114.51442,48.1047],[114.50888,48.10665],[114.50785,48.10683],[114.50685,48.10692],[114.50574,48.10696],[114.49668,48.10672],[114.49592,48.10658],[114.49515,48.10631],[114.49443,48.1059],[114.49401,48.10551],[114.49365,48.10503],[114.4934,48.10422],[114.49308,48.1024],[114.49296,48.10202],[114.49271,48.10147],[114.49114,48.09891],[114.49075,48.09845],[114.49072,48.09843],[114.49053,48.09826],[114.49048,48.0982],[114.49014,48.09797],[114.48961,48.09769],[114.48564,48.09622],[114.4816,48.09475],[114.47353,48.09176],[114.47264,48.09137],[114.47197,48.09108],[114.4713,48.09084],[114.46992,48.09046],[114.46893,48.09017],[114.46809,48.08996],[114.46807,48.08995],[114.4653,48.08876],[114.46421,48.08797],[114.46366,48.08708],[114.46323,48.08358],[114.46309,48.08205],[114.46286,48.08108],[114.4626,48.0803],[114.46258,48.0799],[114.46289,48.07913]]}},{"type":"Feature","properties":{},"geometry":{"type":"LineString","coordinates":[[106.54326,48.00957],[106.54319,48.00942]]}},{"type":"Feature","properties":{},"geometry":{"type":"LineString","coordinates":[[106.66232,48.12394],[106.66221,48.1238]]}},{"type":"Feature","properties":{},"geometry":{"type":"LineString","coordinates":[[106.54319,48.00942],[106.54298,48.00896],[106.53953,48.00396],[106.53947,48.00388],[106.53701,48.00023],[106.53451,47.9965],[106.53426,47.99588],[106.534,47.99526],[106.53202,47.98898],[106.53201,47.98893],[106.53188,47.98817],[106.53185,47.98719],[106.53197,47.98619],[106.53294,47.9809],[106.53333,47.97989],[106.53364,47.97929],[106.53495,47.97724],[106.53513,47.97679],[106.53523,47.97623],[106.53516,47.97554],[106.53495,47.97495],[106.53384,47.9733],[106.53349,47.97264],[106.53335,47.97212],[106.53332,47.97171],[106.53347,47.97091],[106.53385,47.97022],[106.53443,47.96959],[106.53548,47.96879],[106.53584,47.96853]]}},{"type":"Feature","properties":{},"geometry":{"type":"LineString","coordinates":[[106.66221,48.1238],[106.65831,48.1189],[106.65795,48.1185],[106.6571,48.1178],[106.65485,48.11628]]}},{"type":"Feature","properties":{},"geometry":{"type":"LineString","coordinates":[[106.73304,48.28911],[106.72896,48.27999],[106.72879,48.2795],[106.72865,48.27852],[106.72875,48.27778],[106.72899,48.27705],[106.72927,48.27648],[106.72968,48.27593],[106.73518,48.27063],[106.73628,48.26941],[106.73685,48.26857],[106.74086,48.26085]]}},{"type":"Feature","properties":{},"geometry":{"type":"LineString","coordinates":[[106.74086,48.26085],[106.74106,48.26045]]}},{"type":"Feature","properties":{},"geometry":{"type":"LineString","coordinates":[[106.73308,48.28919],[106.73304,48.28911]]}},{"type":"Feature","properties":{},"geometry":{"type":"LineString","coordinates":[[106.74106,48.26045],[106.74781,48.2476],[106.74808,48.24696],[106.74821,48.24639],[106.74825,48.24601],[106.74813,48.245],[106.74782,48.24417],[106.74727,48.24329],[106.74671,48.2427],[106.74622,48.24229],[106.73842,48.23733],[106.73699,48.23626],[106.736,48.23531],[106.73518,48.23434],[106.73452,48.23323],[106.73122,48.22558],[106.73073,48.22485],[106.73028,48.22435],[106.72971,48.22389],[106.72905,48.22344],[106.72651,48.22192],[106.726,48.22151],[106.72528,48.22072],[106.72491,48.22015],[106.72087,48.2129],[106.72018,48.21177],[106.71972,48.21124],[106.7192,48.21075],[106.71784,48.20982],[106.7151,48.20824],[106.7142,48.20756],[106.7135,48.2068],[106.7128,48.20561],[106.71228,48.20297]]}},{"type":"Feature","properties":{},"geometry":{"type":"LineString","coordinates":[[111.18677,44.23133],[111.18707,44.23024],[111.18753,44.22806],[111.18772,44.22705],[111.18786,44.22657],[111.18808,44.22619],[111.18835,44.22585],[111.18881,44.22546],[111.18929,44.22516],[111.18996,44.22488],[111.19065,44.22472],[111.19129,44.22466],[111.19194,44.22469],[111.19244,44.22476],[111.19365,44.22505],[111.19477,44.2253],[111.19563,44.22537],[111.19661,44.22529],[111.20113,44.22472],[111.2041,44.22437],[111.20705,44.22399],[111.20846,44.22363],[111.20976,44.22311],[111.21618,44.22041],[111.21746,44.21989],[111.21883,44.2195],[111.22026,44.21933],[111.22172,44.21928],[111.2261,44.21926],[111.23333,44.21925],[111.23477,44.21923],[111.23617,44.21903],[111.23744,44.21855],[111.23848,44.21783],[111.23918,44.21692],[111.23948,44.21591],[111.23937,44.21487],[111.23881,44.2128],[111.23798,44.20958],[111.23734,44.20734],[111.23646,44.20393],[111.23619,44.20281],[111.23628,44.20172],[111.23698,44.20076],[111.23813,44.20007],[111.23951,44.19974],[111.24094,44.1998],[111.24223,44.20025],[111.24339,44.20096],[111.24455,44.20157],[111.24576,44.20212],[111.24713,44.20235],[111.24853,44.2022],[111.24978,44.20165],[111.25066,44.20081],[111.25105,44.19981],[111.25085,44.19878],[111.25021,44.19783],[111.24954,44.19691],[111.24923,44.19591],[111.24935,44.19538],[111.24951,44.19493],[111.25046,44.19296],[111.25094,44.19198],[111.25109,44.19168],[111.25138,44.19131],[111.25163,44.19108],[111.25194,44.19086],[111.25229,44.19066],[111.25276,44.19045],[111.25342,44.19026],[111.25412,44.19012],[111.25554,44.18989],[111.25691,44.18956],[111.25818,44.18904],[111.26167,44.18713],[111.26451,44.18555],[111.26737,44.18399],[111.27482,44.17989]]}},{"type":"Feature","properties":{},"geometry":{"type":"LineString","coordinates":[[111.18673,44.23144],[111.18677,44.23133]]}},{"type":"Feature","properties":{},"geometry":{"type":"LineString","coordinates":[[105.92316,49.494],[105.92291,49.49404],[105.92266,49.49406],[105.92236,49.49407],[105.9219,49.49408],[105.92162,49.49409],[105.92131,49.49413],[105.92107,49.49417],[105.9209,49.49422],[105.9207,49.49428],[105.91972,49.49461],[105.91942,49.4947],[105.91916,49.49478],[105.91885,49.49487],[105.91739,49.49536]]}},{"type":"Feature","properties":{},"geometry":{"type":"LineString","coordinates":[[105.92405,49.49386],[105.92375,49.49405],[105.92357,49.49415],[105.92342,49.49423],[105.92328,49.4943],[105.92325,49.49431],[105.92297,49.49443],[105.92271,49.49454],[105.92249,49.49465],[105.92214,49.49483],[105.92193,49.49495],[105.92177,49.49506]]}},{"type":"Feature","properties":{},"geometry":{"type":"LineString","coordinates":[[105.92689,49.48979],[105.92651,49.49016],[105.92638,49.4903],[105.9254,49.49158],[105.92513,49.49194],[105.92479,49.49239]]}},{"type":"Feature","properties":{},"geometry":{"type":"LineString","coordinates":[[105.93335,49.47815],[105.93314,49.47841],[105.93296,49.47859],[105.93276,49.47877],[105.93254,49.47896],[105.93224,49.47917],[105.93199,49.47937],[105.93178,49.47957],[105.93163,49.47975],[105.93148,49.47997],[105.92836,49.48619],[105.92829,49.48638],[105.92826,49.48654],[105.92826,49.48671],[105.92832,49.48716],[105.92833,49.48733],[105.92832,49.48761],[105.92827,49.48793]]}},{"type":"Feature","properties":{},"geometry":{"type":"LineString","coordinates":[[105.90332,49.51619],[105.90584,49.51257],[105.90607,49.51222],[105.90619,49.51204],[105.9063,49.51186],[105.90651,49.51142]]}},{"type":"Feature","properties":{},"geometry":{"type":"LineString","coordinates":[[105.91793,49.49372],[105.91761,49.4938],[105.91734,49.49385],[105.91712,49.49387],[105.91692,49.49388],[105.91668,49.49387],[105.91646,49.49385],[105.91543,49.49374],[105.91523,49.49373],[105.91504,49.49372],[105.91487,49.49372],[105.91464,49.49374],[105.91179,49.49454]]}},{"type":"Feature","properties":{},"geometry":{"type":"LineString","coordinates":[[105.91743,49.49544],[105.91922,49.49485],[105.92076,49.49432],[105.92096,49.49426],[105.92121,49.4942],[105.92145,49.49417],[105.92175,49.49414],[105.92215,49.49411],[105.92266,49.49406]]}},{"type":"Feature","properties":{},"geometry":{"type":"LineString","coordinates":[[105.92184,49.4951],[105.92201,49.49499],[105.92224,49.49485],[105.92251,49.49471],[105.92325,49.49431]]}},{"type":"Feature","properties":{},"geometry":{"type":"LineString","coordinates":[[105.91684,49.50567],[105.91565,49.50565],[105.91546,49.50564],[105.91522,49.50561],[105.91496,49.50558]]}},{"type":"Feature","properties":{},"geometry":{"type":"LineString","coordinates":[[105.92547,49.49169],[105.92605,49.49093]]}},{"type":"Feature","properties":{},"geometry":{"type":"LineString","coordinates":[[105.91003,49.51803],[105.91048,49.51846],[105.91105,49.51902],[105.91173,49.51968],[105.91188,49.51982],[105.91199,49.51991],[105.91213,49.52003],[105.91226,49.52012],[105.91255,49.5203],[105.91383,49.52104],[105.91393,49.52112],[105.91424,49.52134],[105.91445,49.52153],[105.9146,49.52169],[105.91474,49.52189],[105.91489,49.52213],[105.91501,49.52238],[105.91506,49.52256],[105.91508,49.52272],[105.91508,49.52294],[105.91484,49.52731],[105.91462,49.53115]]}},{"type":"Feature","properties":{},"geometry":{"type":"LineString","coordinates":[[105.91016,49.5044],[105.91007,49.50468],[105.91,49.50488],[105.90993,49.50503],[105.90898,49.50688],[105.90821,49.5084],[105.90798,49.50885],[105.90789,49.50902],[105.90781,49.50913],[105.90772,49.50925],[105.90763,49.50938]]}},{"type":"Feature","properties":{},"geometry":{"type":"LineString","coordinates":[[105.91772,49.50546],[105.9163,49.50544],[105.91595,49.50545],[105.91558,49.50547],[105.91482,49.50554],[105.91458,49.50556],[105.91424,49.50557]]}},{"type":"Feature","properties":{},"geometry":{"type":"LineString","coordinates":[[105.90656,49.51149],[105.90752,49.50959]]}},{"type":"Feature","properties":{},"geometry":{"type":"LineString","coordinates":[[105.925,49.49324],[105.92477,49.49339],[105.92452,49.49355],[105.92411,49.49382],[105.92405,49.49386],[105.92335,49.49434],[105.92304,49.49456],[105.92276,49.49475],[105.92249,49.49492],[105.92214,49.49512],[105.92195,49.49523],[105.92156,49.49548]]}},{"type":"Feature","properties":{},"geometry":{"type":"LineString","coordinates":[[105.92715,49.48953],[105.92689,49.48979],[105.92663,49.49001],[105.92637,49.49019],[105.92622,49.49031],[105.92609,49.49044],[105.92574,49.49089],[105.92542,49.49132],[105.92522,49.49153],[105.92504,49.49169],[105.92484,49.49184],[105.92463,49.492],[105.92441,49.49214]]}},{"type":"Feature","properties":{},"geometry":{"type":"LineString","coordinates":[[105.91024,49.50424],[105.91054,49.50368],[105.91064,49.50348],[105.91075,49.50323],[105.91081,49.50303],[105.91086,49.50287],[105.91091,49.50262],[105.91094,49.50242],[105.91098,49.50218],[105.91105,49.50089],[105.91107,49.50074],[105.91109,49.50032],[105.91108,49.50014],[105.91107,49.50002],[105.91106,49.49983]]}},{"type":"Feature","properties":{},"geometry":{"type":"LineString","coordinates":[[105.91275,49.49773],[105.91646,49.49648],[105.91667,49.4964],[105.91689,49.49631],[105.91717,49.49619]]}},{"type":"Feature","properties":{},"geometry":{"type":"LineString","coordinates":[[105.90898,49.50688],[105.90915,49.50662],[105.90936,49.50637],[105.90955,49.50619],[105.90977,49.50604],[105.91001,49.5059],[105.91029,49.50578],[105.91059,49.50568],[105.91092,49.5056],[105.91117,49.50557],[105.91149,49.50554],[105.91189,49.50553],[105.91229,49.50554],[105.91424,49.50557],[105.91458,49.50558],[105.91496,49.50558],[105.91685,49.50561]]}},{"type":"Feature","properties":{},"geometry":{"type":"LineString","coordinates":[[105.9188,49.49559],[105.91857,49.49568],[105.91838,49.49576],[105.91817,49.49585]]}},{"type":"Feature","properties":{},"geometry":{"type":"LineString","coordinates":[[105.90886,49.51656],[105.90876,49.51642],[105.90748,49.51456],[105.90697,49.5138],[105.90666,49.51338],[105.90653,49.51317],[105.90645,49.51297],[105.90638,49.51274],[105.90633,49.51254],[105.90631,49.51231],[105.90632,49.51206],[105.90637,49.51186],[105.90643,49.51165],[105.90651,49.51142],[105.90719,49.51011],[105.90728,49.50995],[105.90741,49.50978],[105.90752,49.50959],[105.90763,49.50938],[105.90789,49.50887],[105.90813,49.5084],[105.90836,49.50796],[105.91016,49.5044],[105.91024,49.50424],[105.91034,49.50398],[105.91039,49.50383],[105.91046,49.50367],[105.9106,49.5034],[105.91068,49.50319],[105.91076,49.50294],[105.91083,49.50266],[105.91087,49.50243],[105.9109,49.50213],[105.91099,49.50088],[105.91106,49.49983],[105.91107,49.49956],[105.91109,49.49931],[105.91112,49.4991],[105.91119,49.49888],[105.91129,49.49869],[105.91144,49.4985],[105.9116,49.49833],[105.91177,49.49819],[105.91199,49.49805],[105.9122,49.49793],[105.9124,49.49785],[105.91275,49.49773],[105.91304,49.49762],[105.91331,49.4975],[105.91351,49.49742],[105.91388,49.49729],[105.91559,49.49672],[105.91717,49.49619],[105.91817,49.49585],[105.91919,49.49551],[105.91955,49.49537],[105.91984,49.49525],[105.92014,49.4951],[105.92036,49.49498],[105.92061,49.49483],[105.92088,49.49467],[105.92101,49.49458],[105.92119,49.49448],[105.92145,49.49436],[105.92167,49.49428],[105.92187,49.49422],[105.92215,49.49417],[105.9228,49.49406],[105.92316,49.494],[105.9234,49.49394],[105.92375,49.49383],[105.92402,49.49373],[105.92415,49.49367],[105.92433,49.49359],[105.92458,49.49347],[105.925,49.49324],[105.9254,49.49301],[105.92558,49.49289],[105.92578,49.49275],[105.92594,49.49259],[105.92607,49.49242],[105.92625,49.49216],[105.9264,49.4919],[105.92643,49.49181],[105.92781,49.48912]]}},{"type":"Feature","properties":{},"geometry":{"type":"LineString","coordinates":[[105.91601,49.49457],[105.91757,49.49406],[105.91782,49.49398],[105.91816,49.49382]]}},{"type":"Feature","properties":{},"geometry":{"type":"LineString","coordinates":[[105.92042,49.49546],[105.92314,49.4942],[105.92348,49.49405],[105.92388,49.49385],[105.92405,49.49376],[105.92418,49.49369],[105.92458,49.49347]]}},{"type":"Feature","properties":{},"geometry":{"type":"LineString","coordinates":[[105.91499,49.49465],[105.91711,49.49397],[105.91793,49.49372],[105.91812,49.49367],[105.91841,49.49359],[105.91876,49.49351],[105.91891,49.49348],[105.91926,49.49343],[105.91937,49.49342],[105.91954,49.49341],[105.92023,49.49337],[105.92044,49.49338],[105.92066,49.4934],[105.92091,49.49342],[105.92113,49.49345],[105.92159,49.49352],[105.92195,49.49357],[105.92249,49.49363],[105.92286,49.49366],[105.92317,49.49366],[105.92344,49.49365],[105.92368,49.49362],[105.92389,49.49358],[105.92416,49.49351],[105.92447,49.49341],[105.92483,49.49327],[105.92511,49.49316],[105.9254,49.49301]]}},{"type":"Feature","properties":{},"geometry":{"type":"LineString","coordinates":[[105.91937,49.49342],[105.91911,49.49347],[105.91905,49.49348],[105.91886,49.49353],[105.91868,49.49358],[105.91852,49.49365],[105.91834,49.49373],[105.91816,49.49382],[105.91795,49.49394],[105.91773,49.49405],[105.91756,49.49412],[105.91736,49.49419],[105.91435,49.4952]]}},{"type":"Feature","properties":{},"geometry":{"type":"LineString","coordinates":[[105.91528,49.49313],[105.91764,49.49349],[105.9179,49.49352],[105.91816,49.49354],[105.91838,49.49354],[105.91856,49.49353],[105.91876,49.49351]]}},{"type":"Feature","properties":{},"geometry":{"type":"LineString","coordinates":[[105.91708,49.49903],[105.91527,49.49898],[105.91501,49.49898],[105.91462,49.499],[105.91435,49.49901]]}},{"type":"Feature","properties":{},"geometry":{"type":"LineString","coordinates":[[105.92143,49.49574],[105.92173,49.49555],[105.92187,49.49545],[105.92198,49.49535],[105.92215,49.49519],[105.92228,49.49507],[105.92249,49.49492]]}},{"type":"Feature","properties":{},"geometry":{"type":"LineString","coordinates":[[105.92061,49.49483],[105.92042,49.49493],[105.92022,49.49503],[105.91996,49.49515],[105.91967,49.49528],[105.91941,49.49538],[105.919,49.49553],[105.9188,49.49559],[105.91742,49.49605]]}},{"type":"Feature","properties":{},"geometry":{"type":"LineString","coordinates":[[105.91654,49.49254],[105.91794,49.49275],[105.91891,49.4929],[105.91928,49.49297],[105.91966,49.49304],[105.92091,49.49337],[105.92116,49.49343],[105.92137,49.49347],[105.92159,49.49352]]}},{"type":"Feature","properties":{},"geometry":{"type":"LineString","coordinates":[[105.91107,49.50074],[105.9111,49.50053],[105.91116,49.50033],[105.91126,49.50015],[105.91134,49.50002],[105.91143,49.49991],[105.9116,49.49973],[105.91182,49.49956],[105.91205,49.49941],[105.91229,49.49929],[105.91254,49.4992],[105.9129,49.49909],[105.91319,49.49903],[105.91348,49.499],[105.91378,49.49899],[105.91435,49.49901],[105.91704,49.49909],[105.91714,49.49909]]}},{"type":"Feature","properties":{},"geometry":{"type":"LineString","coordinates":[[105.92513,49.49194],[105.92523,49.49177],[105.9254,49.49149],[105.9256,49.49111],[105.92574,49.49089]]}},{"type":"Feature","properties":{},"geometry":{"type":"LineString","coordinates":[[105.93277,49.47898],[105.93252,49.47933],[105.93231,49.47962],[105.93205,49.47998],[105.93194,49.48015],[105.93183,49.48034],[105.93173,49.48053],[105.92894,49.48602],[105.92882,49.4863],[105.9287,49.48661],[105.92854,49.48709],[105.92838,49.48763],[105.92827,49.48793],[105.92817,49.48825],[105.92808,49.48853],[105.92797,49.48882]]}},{"type":"Feature","properties":{},"geometry":{"type":"LineString","coordinates":[[105.92956,49.4915],[105.92942,49.49113],[105.92935,49.49099],[105.92926,49.49084],[105.92907,49.49061]]}},{"type":"Feature","properties":{},"geometry":{"type":"LineString","coordinates":[[105.92851,49.48978],[105.9286,49.48997],[105.92868,49.49014],[105.92875,49.49025],[105.92882,49.49033],[105.92907,49.49061],[105.92933,49.49087],[105.92949,49.49104],[105.9296,49.49118],[105.92967,49.49129],[105.92972,49.49141]]}},{"type":"Feature","properties":{},"geometry":{"type":"LineString","coordinates":[[105.92882,49.49033],[105.92894,49.49051],[105.92903,49.4907],[105.92911,49.49089],[105.92939,49.49163]]}},{"type":"Feature","properties":{},"geometry":{"type":"LineString","coordinates":[[105.92853,49.48816],[105.9285,49.48833],[105.92847,49.48848],[105.92845,49.48866]]}},{"type":"Feature","properties":{},"geometry":{"type":"LineString","coordinates":[[105.93357,49.47781],[105.93335,49.47815],[105.93303,49.47862],[105.93277,49.47898],[105.93258,49.47921],[105.93244,49.47934],[105.93213,49.47972],[105.93199,49.47991],[105.93187,49.48011],[105.93165,49.48052],[105.92895,49.48584],[105.92879,49.48616],[105.92869,49.48642],[105.92862,49.48666],[105.92857,49.4869],[105.92854,49.48709]]}},{"type":"Feature","properties":{},"geometry":{"type":"LineString","coordinates":[[105.92844,49.4896],[105.92851,49.48978],[105.92857,49.48999],[105.92865,49.49026],[105.92875,49.49064],[105.92886,49.49099],[105.92895,49.49121],[105.92905,49.4914],[105.92914,49.49157],[105.92927,49.49177]]}},{"type":"Feature","properties":{},"geometry":{"type":"LineString","coordinates":[[105.92694,49.49429],[105.92796,49.4924],[105.92848,49.49145],[105.92855,49.49129],[105.92861,49.49113],[105.92864,49.491],[105.92864,49.49089],[105.92864,49.49069],[105.92861,49.4904]]}},{"type":"Feature","properties":{},"geometry":{"type":"LineString","coordinates":[[105.92678,49.49412],[105.92733,49.49315],[105.92745,49.49297],[105.92759,49.49282],[105.9278,49.49261],[105.92796,49.4924]]}},{"type":"Feature","properties":{},"geometry":{"type":"LineString","coordinates":[[105.92904,49.48706],[105.92865,49.48784],[105.92846,49.48821]]}},{"type":"Feature","properties":{},"geometry":{"type":"LineString","coordinates":[[105.92906,49.49165],[105.9289,49.49137],[105.92881,49.4912],[105.92877,49.49108],[105.92871,49.49085],[105.92861,49.4904],[105.92854,49.49006],[105.92844,49.4896],[105.92835,49.48924],[105.92831,49.48903],[105.9283,49.48885],[105.92832,49.48867],[105.92837,49.48846],[105.92846,49.48821],[105.92851,49.48805],[105.92857,49.48786],[105.92862,49.48771]]}},{"type":"Feature","properties":{},"geometry":{"type":"LineString","coordinates":[[105.92824,49.49111],[105.92844,49.49067],[105.9285,49.49055],[105.92853,49.49043],[105.92855,49.49033],[105.92855,49.49023],[105.92854,49.49006]]}},{"type":"Feature","properties":{},"geometry":{"type":"LineString","coordinates":[[105.92933,49.49087],[105.92945,49.49105],[105.92956,49.49122],[105.92965,49.49142]]}},{"type":"Feature","properties":{},"geometry":{"type":"LineString","coordinates":[[105.92927,49.49261],[105.92923,49.49272],[105.92908,49.49297],[105.92895,49.49321],[105.92882,49.49345]]}},{"type":"Feature","properties":{},"geometry":{"type":"LineString","coordinates":[[105.92764,49.49598],[105.9282,49.49494],[105.92825,49.4948],[105.92829,49.49464],[105.92834,49.49449]]}},{"type":"Feature","properties":{},"geometry":{"type":"LineString","coordinates":[[105.92906,49.49165],[105.92916,49.49184],[105.92923,49.49201],[105.92928,49.49219],[105.9293,49.4924],[105.92928,49.49257],[105.92927,49.49261],[105.92922,49.49279],[105.92914,49.493],[105.92871,49.49379],[105.92846,49.49425]]}},{"type":"Feature","properties":{},"geometry":{"type":"LineString","coordinates":[[105.92754,49.49596],[105.9276,49.49585],[105.92834,49.49449],[105.92846,49.49425],[105.92852,49.4941],[105.92865,49.49367],[105.92871,49.4935],[105.92882,49.4933],[105.9291,49.49278],[105.92917,49.4926],[105.92918,49.49258],[105.92921,49.49245],[105.92922,49.49229],[105.9292,49.49214],[105.92917,49.49198],[105.92913,49.49185],[105.92906,49.49165]]}},{"type":"Feature","properties":{},"geometry":{"type":"LineString","coordinates":[[105.92817,49.48825],[105.9281,49.48841],[105.92802,49.48856],[105.92792,49.48871],[105.92758,49.4891],[105.92745,49.48921],[105.92715,49.48953],[105.92674,49.49004],[105.92649,49.49036],[105.92605,49.49093],[105.92593,49.49107],[105.92578,49.49122],[105.92558,49.49139],[105.9254,49.49158]]}},{"type":"Feature","properties":{},"geometry":{"type":"LineString","coordinates":[[105.92865,49.48784],[105.92857,49.48803],[105.92853,49.48816],[105.92852,49.48833],[105.92853,49.48846],[105.92855,49.48857],[105.9286,49.48866],[105.92865,49.48875],[105.92876,49.48889],[105.92885,49.48902],[105.92889,49.48911],[105.92898,49.48937]]}},{"type":"Feature","properties":{},"geometry":{"type":"LineString","coordinates":[[105.93415,49.47681],[105.93398,49.47703],[105.93386,49.47724],[105.93357,49.47781],[105.93303,49.47888]]}},{"type":"Feature","properties":{},"geometry":{"type":"LineString","coordinates":[[105.93248,49.48063],[105.93242,49.48084],[105.93234,49.48103],[105.93227,49.48118],[105.93216,49.48139],[105.93177,49.48216]]}},{"type":"Feature","properties":{},"geometry":{"type":"LineString","coordinates":[[105.93107,49.48334],[105.93202,49.48147],[105.93216,49.48121],[105.93235,49.4809],[105.93248,49.48063],[105.93261,49.4803],[105.93269,49.48004],[105.93279,49.47978],[105.93288,49.47955]]}},{"type":"Feature","properties":{},"geometry":{"type":"LineString","coordinates":[[105.92851,49.48762],[105.92867,49.48727],[105.92887,49.48688],[105.93241,49.47991],[105.93264,49.4795],[105.93278,49.47925]]}},{"type":"Feature","properties":{},"geometry":{"type":"LineString","coordinates":[[105.93303,49.47888],[105.93278,49.47925],[105.93246,49.47969],[105.93219,49.48006],[105.932,49.48032],[105.93189,49.48051],[105.9318,49.48067],[105.92911,49.48596],[105.92897,49.48625],[105.92888,49.48646],[105.92876,49.48684],[105.92865,49.48719],[105.92851,49.48762],[105.92841,49.48788],[105.92831,49.48813],[105.92824,49.48826]]}},{"type":"Feature","properties":{},"geometry":{"type":"LineString","coordinates":[[105.92763,49.48963],[105.9277,49.48948],[105.92775,49.4893],[105.92781,49.48912],[105.92797,49.48882],[105.92824,49.48826],[105.92877,49.48724],[105.9327,49.4795],[105.93303,49.47888],[105.93318,49.47862],[105.9333,49.47844],[105.93343,49.47823]]}},{"type":"Feature","properties":{},"geometry":{"type":"LineString","coordinates":[[105.93039,49.48284],[105.93174,49.48018],[105.93185,49.47997],[105.93197,49.47981],[105.93209,49.47966],[105.93222,49.47952],[105.93244,49.47934]]}},{"type":"Feature","properties":{},"geometry":{"type":"LineString","coordinates":[[105.93261,49.4803],[105.93258,49.48048],[105.93255,49.4807],[105.93252,49.48083],[105.93249,49.48094],[105.93184,49.48218]]}},{"type":"Feature","properties":{},"geometry":{"type":"LineString","coordinates":[[105.93293,49.47944],[105.93307,49.47909],[105.93327,49.47857]]}},{"type":"Feature","properties":{},"geometry":{"type":"LineString","coordinates":[[105.92876,49.48684],[105.92888,49.48657],[105.92903,49.48627],[105.93197,49.48049],[105.93219,49.48006]]}},{"type":"Feature","properties":{},"geometry":{"type":"LineString","coordinates":[[105.92865,49.48719],[105.92878,49.48691],[105.92897,49.48654],[105.93205,49.48049],[105.93232,49.47995],[105.93246,49.47969]]}},{"type":"Feature","properties":{},"geometry":{"type":"LineString","coordinates":[[105.93387,49.47738],[105.93396,49.47725],[105.93407,49.4771],[105.93416,49.47696]]}},{"type":"Feature","properties":{},"geometry":{"type":"LineString","coordinates":[[105.92088,49.49467],[105.92057,49.4949],[105.92045,49.49502],[105.92022,49.4953],[105.92,49.4956],[105.91988,49.4958],[105.91977,49.49602],[105.9197,49.4962],[105.91962,49.49644],[105.91954,49.49672],[105.91945,49.49705],[105.9191,49.49835]]}},{"type":"Feature","properties":{},"geometry":{"type":"LineString","coordinates":[[105.96971,49.43795],[105.97103,49.43658],[105.97204,49.43552],[105.97216,49.4354],[105.97226,49.43528],[105.97233,49.43514],[105.97238,49.43501],[105.97242,49.43487],[105.97244,49.43471],[105.97244,49.4346],[105.97241,49.43446],[105.97234,49.43427],[105.97224,49.43403],[105.97213,49.43385],[105.972,49.43369],[105.9718,49.43342],[105.97163,49.43321],[105.97125,49.43283],[105.97094,49.43258],[105.97067,49.43237],[105.97042,49.43219],[105.97015,49.43201],[105.96988,49.43187],[105.96964,49.43176],[105.96913,49.43155],[105.96865,49.43131]]}},{"type":"Feature","properties":{},"geometry":{"type":"LineString","coordinates":[[105.97771,49.43573],[105.97665,49.43463],[105.97618,49.43413],[105.97588,49.43382],[105.97577,49.43371],[105.97559,49.43354],[105.97543,49.43341],[105.97521,49.43327],[105.97497,49.43315],[105.97464,49.433]]}},{"type":"Feature","properties":{},"geometry":{"type":"LineString","coordinates":[[105.94202,49.42603],[105.94216,49.42542],[105.94226,49.42507]]}},{"type":"Feature","properties":{},"geometry":{"type":"LineString","coordinates":[[105.97059,49.43249],[105.9708,49.43272],[105.97096,49.43293],[105.97118,49.43323],[105.97129,49.43337],[105.97133,49.43348],[105.97137,49.43359],[105.97139,49.4337],[105.97139,49.43384],[105.97138,49.43399],[105.97136,49.43413],[105.97131,49.43429],[105.97126,49.4344],[105.97119,49.43449],[105.97116,49.43453],[105.97107,49.43463],[105.96907,49.43675]]}},{"type":"Feature","properties":{},"geometry":{"type":"LineString","coordinates":[[105.96103,49.42899],[105.96139,49.42911],[105.96162,49.42922],[105.96181,49.42933],[105.96198,49.42944],[105.96215,49.42958],[105.96233,49.42976],[105.96247,49.42993],[105.96258,49.4301],[105.96266,49.43027],[105.96272,49.43046],[105.96278,49.43068],[105.96282,49.43092],[105.96284,49.43107],[105.96285,49.43127],[105.96285,49.4314],[105.96283,49.43154],[105.96279,49.43166],[105.96271,49.43184],[105.96261,49.432],[105.96248,49.43216],[105.96231,49.43235],[105.96213,49.43254]]}},{"type":"Feature","properties":{},"geometry":{"type":"LineString","coordinates":[[105.98062,49.43756],[105.9805,49.43741],[105.98038,49.43726],[105.98025,49.43709]]}},{"type":"Feature","properties":{},"geometry":{"type":"LineString","coordinates":[[105.96728,49.43067],[105.96761,49.43087],[105.96786,49.43103],[105.96809,49.43117],[105.96832,49.43129],[105.96874,49.43151],[105.96941,49.43185],[105.97016,49.43222]]}},{"type":"Feature","properties":{},"geometry":{"type":"LineString","coordinates":[[105.96479,49.43571],[105.96548,49.43501],[105.9666,49.43386],[105.96732,49.43313],[105.96758,49.43286],[105.9677,49.43271],[105.96779,49.43256],[105.96785,49.43241],[105.9679,49.43227],[105.96794,49.4321],[105.96794,49.43195],[105.96792,49.4318],[105.96789,49.43164],[105.96785,49.4315],[105.96777,49.43134],[105.9677,49.43123],[105.96761,49.43111],[105.96748,49.43097],[105.96736,49.43086],[105.96724,49.43077],[105.96708,49.43067],[105.96684,49.43054],[105.96629,49.43026],[105.96587,49.43003],[105.96544,49.42982],[105.965,49.42959]]}},{"type":"Feature","properties":{},"geometry":{"type":"LineString","coordinates":[[105.96101,49.42157],[105.96098,49.42141],[105.96095,49.4212],[105.96092,49.42105],[105.96088,49.42087],[105.95988,49.41744],[105.95979,49.41724],[105.95967,49.41697]]}},{"type":"Feature","properties":{},"geometry":{"type":"LineString","coordinates":[[105.94932,49.42486],[105.95168,49.42582],[105.95393,49.42676],[105.95599,49.42762],[105.95679,49.42795],[105.957,49.42803],[105.95724,49.42811],[105.95745,49.42816],[105.95769,49.42821],[105.95815,49.4283],[105.95827,49.42832],[105.95921,49.4285],[105.95968,49.42859],[105.95999,49.42865],[105.96022,49.42871],[105.96042,49.42878],[105.9607,49.42888]]}},{"type":"Feature","properties":{},"geometry":{"type":"LineString","coordinates":[[105.95168,49.42582],[105.95194,49.42594],[105.95221,49.42609],[105.95245,49.4262]]}},{"type":"Feature","properties":{},"geometry":{"type":"LineString","coordinates":[[105.97795,49.43507],[105.9778,49.43491],[105.97763,49.43473],[105.97741,49.43451],[105.97718,49.43427]]}},{"type":"Feature","properties":{},"geometry":{"type":"LineString","coordinates":[[105.96629,49.43026],[105.96664,49.43047],[105.9669,49.43063],[105.96711,49.43076],[105.96732,49.43091],[105.96743,49.43101],[105.96754,49.43112],[105.96765,49.43127],[105.96772,49.43138],[105.96778,49.43153],[105.96783,49.43167],[105.96786,49.43181],[105.96787,49.43195],[105.96786,49.43208],[105.96784,49.43221],[105.9678,49.43233]]}},{"type":"Feature","properties":{},"geometry":{"type":"LineString","coordinates":[[105.95921,49.4285],[105.95946,49.42856],[105.95984,49.42867],[105.96009,49.42874],[105.96035,49.42884],[105.96069,49.42899],[105.96102,49.42914],[105.96122,49.42926],[105.96137,49.42938],[105.96153,49.42954],[105.96164,49.42968],[105.96173,49.42985],[105.96179,49.43003],[105.96182,49.43019],[105.96181,49.43033],[105.96179,49.43051],[105.96172,49.43074],[105.96164,49.43093],[105.96154,49.43109],[105.96145,49.43121],[105.96128,49.43138],[105.96068,49.43199],[105.96005,49.43264]]}},{"type":"Feature","properties":{},"geometry":{"type":"LineString","coordinates":[[105.96928,49.4367],[105.97122,49.43467],[105.97128,49.43458],[105.97131,49.43454],[105.97138,49.43441],[105.97141,49.43427],[105.97144,49.4341],[105.97146,49.43393],[105.97145,49.43375],[105.97144,49.43361],[105.97142,49.43349],[105.97137,49.43336],[105.97129,49.43323],[105.97118,49.43309],[105.97108,49.43296],[105.97093,49.43281],[105.97059,49.43249],[105.97029,49.43223],[105.97006,49.43206],[105.96991,49.43196],[105.96975,49.43187],[105.96957,49.43177],[105.96913,49.43155]]}},{"type":"Feature","properties":{},"geometry":{"type":"LineString","coordinates":[[105.97218,49.4357],[105.97282,49.43504],[105.9729,49.43495],[105.97294,49.4349],[105.97298,49.43486],[105.97307,49.43471],[105.97314,49.43453],[105.97318,49.43439],[105.9732,49.43424],[105.97321,49.4341],[105.9732,49.43396],[105.97317,49.43383],[105.97312,49.4337],[105.97305,49.43355],[105.97296,49.4334],[105.97284,49.43324],[105.97273,49.43311],[105.97259,49.43299],[105.97242,49.43288],[105.97226,49.43279],[105.97199,49.43265],[105.97174,49.43254]]}},{"type":"Feature","properties":{},"geometry":{"type":"LineString","coordinates":[[105.97289,49.43673],[105.97391,49.43569],[105.97405,49.43554],[105.97415,49.43542],[105.97425,49.43524],[105.97433,49.4351],[105.9744,49.43492],[105.97444,49.43475],[105.97445,49.43464],[105.97443,49.43451],[105.97439,49.43436],[105.97434,49.43422],[105.97431,49.43412],[105.97426,49.434],[105.97416,49.43384],[105.97408,49.43373],[105.97394,49.43359],[105.97377,49.43346],[105.97357,49.43331],[105.97336,49.4332],[105.97302,49.43304]]}},{"type":"Feature","properties":{},"geometry":{"type":"LineString","coordinates":[[105.96732,49.43313],[105.96717,49.43332],[105.967,49.43354],[105.9669,49.43367],[105.96671,49.43386],[105.96603,49.43455],[105.96588,49.43469],[105.96566,49.43486],[105.96548,49.43501]]}},{"type":"Feature","properties":{},"geometry":{"type":"LineString","coordinates":[[105.97861,49.43549],[105.97885,49.43568],[105.97906,49.43586],[105.97916,49.43596],[105.98025,49.43709],[105.98134,49.43819]]}},{"type":"Feature","properties":{},"geometry":{"type":"LineString","coordinates":[[105.95957,49.41666],[105.95967,49.41697],[105.96101,49.42157]]}},{"type":"Feature","properties":{},"geometry":{"type":"LineString","coordinates":[[105.96472,49.42948],[105.96438,49.42936],[105.96396,49.42924],[105.96369,49.42919],[105.96342,49.42916],[105.96312,49.42914],[105.96286,49.42914],[105.96244,49.42916],[105.96218,49.42917],[105.96191,49.42915],[105.96163,49.42912],[105.9614,49.42908],[105.96103,49.42899],[105.9607,49.42888],[105.96023,49.42869],[105.95847,49.42795],[105.9581,49.4278],[105.9577,49.42764],[105.95738,49.4275],[105.95678,49.42726],[105.95318,49.4258],[105.94958,49.42435]]}},{"type":"Feature","properties":{},"geometry":{"type":"LineString","coordinates":[[105.97749,49.43453],[105.97753,49.43455],[105.97785,49.43482],[105.97802,49.43496],[105.97806,49.435],[105.97819,49.4351],[105.97839,49.43527]]}},{"type":"Feature","properties":{},"geometry":{"type":"LineString","coordinates":[[105.97737,49.43705],[105.97713,49.4368],[105.97704,49.43671],[105.9768,49.43647],[105.97657,49.43621],[105.97635,49.43593],[105.97605,49.4355],[105.97579,49.43512],[105.97543,49.43452],[105.97518,49.43411],[105.97479,49.43352],[105.97468,49.43337],[105.97456,49.43323],[105.97442,49.43309],[105.97428,49.43299],[105.9741,49.43287],[105.97385,49.43274],[105.97337,49.43253]]}},{"type":"Feature","properties":{},"geometry":{"type":"LineString","coordinates":[[105.96393,49.42915],[105.96427,49.42928],[105.96478,49.42943],[105.96551,49.42966],[105.96585,49.42978],[105.96628,49.42994],[105.96695,49.43019],[105.97191,49.432],[105.97337,49.43253],[105.97414,49.43281],[105.97464,49.433]]}},{"type":"Feature","properties":{},"geometry":{"type":"LineString","coordinates":[[105.95599,49.42762],[105.95577,49.42754],[105.95551,49.42746],[105.95526,49.42737],[105.9539,49.4268],[105.95245,49.4262],[105.94929,49.42492]]}},{"type":"Feature","properties":{},"geometry":{"type":"LineString","coordinates":[[105.96016,49.43269],[105.9613,49.43152],[105.96139,49.43142],[105.96151,49.43127],[105.96164,49.43109],[105.96171,49.43092],[105.96175,49.43077],[105.96179,49.43051]]}},{"type":"Feature","properties":{},"geometry":{"type":"LineString","coordinates":[[105.97302,49.43304],[105.97372,49.43332],[105.97386,49.43338],[105.97401,49.43346],[105.97417,49.43356],[105.97432,49.43367],[105.97445,49.43378],[105.97456,49.4339],[105.97466,49.43403],[105.97475,49.43416],[105.97481,49.43426],[105.97484,49.43431],[105.9749,49.43448],[105.97494,49.43464],[105.97496,49.43481],[105.97496,49.43497],[105.97493,49.43514],[105.97487,49.43531],[105.9748,49.43546],[105.9747,49.43559],[105.97458,49.43572],[105.97416,49.43616],[105.97351,49.43684]]}},{"type":"Feature","properties":{},"geometry":{"type":"LineString","coordinates":[[105.95802,49.42674],[105.9583,49.42684],[105.95863,49.42694],[105.95882,49.42702],[105.96254,49.42853],[105.96299,49.42872],[105.96324,49.42882],[105.96349,49.42895],[105.96371,49.42906]]}},{"type":"Feature","properties":{},"geometry":{"type":"LineString","coordinates":[[105.96478,49.42943],[105.9645,49.42933],[105.96415,49.42919],[105.96383,49.42906]]}},{"type":"Feature","properties":{},"geometry":{"type":"LineString","coordinates":[[105.9581,49.4278],[105.9578,49.42769],[105.95747,49.42758],[105.95714,49.42746],[105.95314,49.42585],[105.95068,49.42485]]}},{"type":"Feature","properties":{},"geometry":{"type":"LineString","coordinates":[[105.9613,49.43152],[105.96112,49.43167],[105.96087,49.43184],[105.96068,49.43199]]}},{"type":"Feature","properties":{},"geometry":{"type":"LineString","coordinates":[[105.97163,49.43321],[105.97194,49.43352],[105.9721,49.43369],[105.97222,49.43384],[105.9723,49.43398],[105.97237,49.43413],[105.97247,49.43439],[105.97253,49.43463],[105.97256,49.43479],[105.97256,49.4349],[105.97255,49.435],[105.97251,49.43512],[105.97245,49.43524],[105.97237,49.43535],[105.97228,49.43544],[105.97219,49.43554],[105.97142,49.43632]]}},{"type":"Feature","properties":{},"geometry":{"type":"LineString","coordinates":[[105.97464,49.433],[105.97489,49.43309],[105.97516,49.43318],[105.97568,49.43338],[105.97596,49.43348],[105.97627,49.43362],[105.97631,49.43364],[105.97649,49.43373],[105.97652,49.43376],[105.97659,49.43381],[105.97669,49.43388],[105.97699,49.43412],[105.97707,49.43418]]}},{"type":"Feature","properties":{},"geometry":{"type":"LineString","coordinates":[[105.96284,49.43107],[105.96289,49.4313],[105.96295,49.43147],[105.96303,49.43165],[105.9631,49.43177],[105.96323,49.4319],[105.96336,49.43202],[105.96352,49.43214],[105.96369,49.43225],[105.9646,49.43274]]}},{"type":"Feature","properties":{},"geometry":{"type":"LineString","coordinates":[[105.96774,49.43291],[105.96785,49.43276],[105.96795,49.43259],[105.96802,49.43244],[105.96808,49.43226],[105.96811,49.43209],[105.96811,49.4319],[105.96809,49.43172],[105.96804,49.43155],[105.96797,49.43139],[105.96787,49.43123],[105.96772,49.43104],[105.96755,49.43088],[105.96728,49.43067],[105.9671,49.43056],[105.96679,49.43038]]}},{"type":"Feature","properties":{},"geometry":{"type":"LineString","coordinates":[[105.96101,49.42157],[105.96107,49.42181],[105.96114,49.42204],[105.96132,49.4226],[105.96142,49.42292],[105.96153,49.42323],[105.9617,49.42362],[105.96188,49.424],[105.96213,49.42444],[105.9623,49.42475],[105.96246,49.425],[105.96262,49.42524],[105.96287,49.42555],[105.96307,49.4258],[105.96339,49.42617],[105.96368,49.42647],[105.96392,49.4267],[105.9643,49.42701],[105.96631,49.42859],[105.9671,49.42924],[105.96764,49.42966],[105.96797,49.4299],[105.96837,49.43017],[105.96875,49.43042],[105.96898,49.43057],[105.96921,49.43069],[105.96954,49.43087],[105.97012,49.43116],[105.97065,49.43142],[105.97139,49.43177],[105.97163,49.43188],[105.97191,49.432]]}},{"type":"Feature","properties":{},"geometry":{"type":"LineString","coordinates":[[105.95827,49.42832],[105.95863,49.42841],[105.95887,49.42848],[105.95907,49.42858],[105.95927,49.42868],[105.9596,49.42888],[105.96025,49.42934]]}},{"type":"Feature","properties":{},"geometry":{"type":"LineString","coordinates":[[105.95347,49.43488],[105.9509,49.4338],[105.95015,49.43349],[105.94938,49.43317],[105.94924,49.4331],[105.9491,49.43303],[105.94889,49.43292]]}},{"type":"Feature","properties":{},"geometry":{"type":"LineString","coordinates":[[105.95023,49.43396],[105.95046,49.43419],[105.95048,49.4342],[105.95061,49.43431],[105.95077,49.43442],[105.95094,49.43452],[105.9511,49.4346],[105.95126,49.43467],[105.95293,49.43536],[105.95554,49.43645]]}},{"type":"Feature","properties":{},"geometry":{"type":"LineString","coordinates":[[105.95498,49.43404],[105.95511,49.43409],[105.95552,49.43427],[105.95608,49.43449],[105.95797,49.43525]]}},{"type":"Feature","properties":{},"geometry":{"type":"LineString","coordinates":[[105.95577,49.4362],[105.95326,49.43514],[105.95284,49.43496],[105.9526,49.43487],[105.95239,49.43481],[105.95217,49.43476],[105.95195,49.43472],[105.95169,49.43468],[105.95141,49.4346],[105.9512,49.43454],[105.95095,49.43443],[105.95071,49.4343],[105.9505,49.43417],[105.95023,49.43396],[105.95002,49.43376],[105.94978,49.43353],[105.94961,49.43339],[105.94944,49.43327],[105.94917,49.43311]]}},{"type":"Feature","properties":{},"geometry":{"type":"LineString","coordinates":[[105.95642,49.43467],[105.95683,49.43486],[105.95711,49.43502],[105.9574,49.43519],[105.9576,49.43529],[105.95784,49.43539],[105.95978,49.43619],[105.96071,49.43657]]}},{"type":"Feature","properties":{},"geometry":{"type":"LineString","coordinates":[[105.95552,49.43427],[105.95589,49.43439],[105.95612,49.43445],[105.95635,49.4345],[105.95664,49.43455],[105.95689,49.43457],[105.95717,49.43459],[105.95743,49.4346],[105.95771,49.43464],[105.95795,49.43468],[105.95821,49.43474],[105.95846,49.43482],[105.95908,49.43508],[105.96094,49.43586]]}},{"type":"Feature","properties":{},"geometry":{"type":"LineString","coordinates":[[105.9418,49.4256],[105.94182,49.42539],[105.94183,49.4251]]}},{"type":"Feature","properties":{},"geometry":{"type":"LineString","coordinates":[[105.94164,49.42655],[105.94153,49.42683],[105.94138,49.42722]]}},{"type":"Feature","properties":{},"geometry":{"type":"LineString","coordinates":[[105.94098,49.42879],[105.94105,49.42859],[105.94124,49.4281]]}},{"type":"Feature","properties":{},"geometry":{"type":"LineString","coordinates":[[105.93942,49.4372],[105.93945,49.43676],[105.93952,49.43632],[105.9411,49.42861],[105.94118,49.42832],[105.94124,49.4281],[105.94139,49.42768]]}},{"type":"Feature","properties":{},"geometry":{"type":"LineString","coordinates":[[105.93949,49.43607],[105.93947,49.43635],[105.93945,49.43676]]}},{"type":"Feature","properties":{},"geometry":{"type":"LineString","coordinates":[[105.94058,49.43325],[105.94052,49.43351],[105.94044,49.43389],[105.94038,49.43419]]}},{"type":"Feature","properties":{},"geometry":{"type":"LineString","coordinates":[[105.94172,49.42621],[105.94163,49.42697]]}},{"type":"Feature","properties":{},"geometry":{"type":"LineString","coordinates":[[105.93949,49.4372],[105.93956,49.43694],[105.93968,49.43659],[105.93982,49.43622],[105.93988,49.43589],[105.93996,49.43551],[105.94132,49.42901],[105.94137,49.42873],[105.94141,49.42842],[105.94145,49.42804]]}},{"type":"Feature","properties":{},"geometry":{"type":"LineString","coordinates":[[105.93916,49.43795],[105.93918,49.43772],[105.93919,49.4375],[105.93926,49.43676],[105.93926,49.43648],[105.93928,49.43617],[105.93931,49.43594],[105.93935,49.4357],[105.94054,49.42978],[105.94059,49.42953],[105.94064,49.42935],[105.94069,49.42917],[105.94077,49.42894],[105.94099,49.42834],[105.94121,49.42774],[105.94131,49.42742],[105.94138,49.42722],[105.94147,49.42692],[105.94156,49.42646],[105.94168,49.42586],[105.94175,49.42549],[105.94183,49.4251],[105.94188,49.42481],[105.94192,49.42457],[105.94195,49.4242],[105.94196,49.42389],[105.94196,49.42366],[105.94195,49.42337],[105.94194,49.42309],[105.94182,49.42093],[105.94155,49.41723],[105.94144,49.41572],[105.9414,49.41544],[105.94135,49.41519],[105.9413,49.41495],[105.94121,49.4147],[105.94111,49.41443],[105.94097,49.41417],[105.94082,49.41389],[105.94059,49.41354],[105.94036,49.41324],[105.94017,49.41303],[105.93992,49.41278],[105.93962,49.4125],[105.9393,49.41226],[105.9344,49.40841],[105.93377,49.40784]]}},{"type":"Feature","properties":{},"geometry":{"type":"LineString","coordinates":[[105.93919,49.4375],[105.93929,49.43697],[105.93936,49.4366],[105.93949,49.43607],[105.94083,49.42949],[105.94098,49.42879],[105.94107,49.42837],[105.94114,49.42802],[105.94121,49.42774]]}},{"type":"Feature","properties":{},"geometry":{"type":"LineString","coordinates":[[105.93982,49.43622],[105.93993,49.43587],[105.93998,49.43573],[105.94001,49.43562],[105.94036,49.43394],[105.9404,49.43374],[105.94048,49.43353],[105.94058,49.43325],[105.94093,49.43236],[105.94104,49.43214],[105.94118,49.43195],[105.94128,49.43186],[105.94145,49.43171],[105.94152,49.43165],[105.94192,49.43138],[105.942,49.43135],[105.94226,49.43125],[105.94256,49.43116],[105.9429,49.43108],[105.94323,49.43104],[105.94353,49.43102],[105.94387,49.43103],[105.94423,49.43108],[105.94458,49.43114],[105.94484,49.43121],[105.94506,49.43129],[105.94858,49.43276],[105.94896,49.43291],[105.9492,49.43299],[105.94942,49.43304],[105.94968,49.43309],[105.94994,49.43312],[105.95017,49.43314],[105.95046,49.43313],[105.95088,49.4331],[105.95141,49.43305],[105.95172,49.43303],[105.95198,49.43304],[105.95227,49.43306],[105.95253,49.43309],[105.95277,49.43314],[105.95299,49.43321],[105.95326,49.43331],[105.95498,49.43404]]}},{"type":"Feature","properties":{},"geometry":{"type":"LineString","coordinates":[[105.9406,49.42861],[105.9407,49.42848],[105.94081,49.42833],[105.94092,49.42817]]}},{"type":"Feature","properties":{},"geometry":{"type":"LineString","coordinates":[[105.94174,49.4261],[105.94195,49.42524]]}},{"type":"Feature","properties":{},"geometry":{"type":"LineString","coordinates":[[105.94176,49.42633],[105.94183,49.42612],[105.94188,49.42599],[105.94226,49.42507],[105.94236,49.42476],[105.94247,49.42451],[105.9425,49.42444],[105.94259,49.42426],[105.9427,49.42409],[105.94285,49.42391],[105.94303,49.42371],[105.94325,49.42353],[105.94346,49.42335],[105.94366,49.42322],[105.94396,49.42306],[105.94423,49.42295],[105.94449,49.42285],[105.94481,49.42275],[105.94509,49.42268],[105.94535,49.42262],[105.94562,49.42258],[105.94589,49.42256],[105.94618,49.42254],[105.94646,49.42253],[105.94671,49.42254],[105.94697,49.42256],[105.94725,49.42259],[105.94753,49.42263],[105.94783,49.42269],[105.94814,49.42278],[105.94845,49.42287],[105.94883,49.42302],[105.94968,49.42336],[105.95802,49.42674],[105.96371,49.42906],[105.96393,49.42915],[105.96472,49.42948],[105.965,49.42959],[105.96544,49.42977],[105.96581,49.42992],[105.96605,49.43002],[105.96631,49.43015],[105.96679,49.43038],[105.96708,49.43052],[105.96748,49.43072],[105.96832,49.43114],[105.96865,49.43131],[105.96903,49.43147],[105.96943,49.43163],[105.97174,49.43254],[105.97302,49.43304]]}},{"type":"Feature","properties":{},"geometry":{"type":"LineString","coordinates":[[104.143,49.04126],[104.13957,49.04403],[104.13942,49.04416],[104.13925,49.04432],[104.13905,49.04453],[104.13892,49.04467],[104.13874,49.04484],[104.13857,49.04498],[104.13837,49.04513]]}},{"type":"Feature","properties":{},"geometry":{"type":"LineString","coordinates":[[104.1394,49.04409],[104.13951,49.04395],[104.13958,49.04383],[104.13978,49.0434]]}},{"type":"Feature","properties":{},"geometry":{"type":"LineString","coordinates":[[104.13662,49.04861],[104.13633,49.0486],[104.13605,49.0486],[104.13579,49.04862],[104.13551,49.04865]]}},{"type":"Feature","properties":{},"geometry":{"type":"LineString","coordinates":[[104.15022,49.03896],[104.15044,49.03905],[104.15059,49.03913],[104.15071,49.03922],[104.15081,49.03932],[104.15093,49.03945],[104.15108,49.03964],[104.15123,49.03985],[104.15133,49.04],[104.15138,49.04012],[104.15177,49.041],[104.15189,49.04124],[104.15196,49.04148],[104.15203,49.04179]]}},{"type":"Feature","properties":{},"geometry":{"type":"LineString","coordinates":[[104.15262,49.04813],[104.15284,49.04831],[104.15305,49.04849]]}},{"type":"Feature","properties":{},"geometry":{"type":"LineString","coordinates":[[104.14572,49.04558],[104.14766,49.04603],[104.14956,49.04644],[104.15038,49.04662],[104.15075,49.04673],[104.15114,49.04686],[104.15127,49.04692],[104.15146,49.04703],[104.15165,49.04717],[104.1518,49.0473],[104.15193,49.04743]]}},{"type":"Feature","properties":{},"geometry":{"type":"LineString","coordinates":[[104.14607,49.03555],[104.1428,49.03823],[104.14276,49.03826]]}},{"type":"Feature","properties":{},"geometry":{"type":"LineString","coordinates":[[104.14936,49.05146],[104.14911,49.05141],[104.14886,49.05135],[104.14843,49.05126],[104.14704,49.05094]]}},{"type":"Feature","properties":{},"geometry":{"type":"LineString","coordinates":[[104.15108,49.03964],[104.15118,49.03981],[104.15125,49.03999],[104.15134,49.0402],[104.15181,49.04121],[104.15196,49.04148]]}},{"type":"Feature","properties":{},"geometry":{"type":"LineString","coordinates":[[104.13889,49.04379],[104.13884,49.04417],[104.13879,49.04433],[104.13873,49.04445],[104.13861,49.04461],[104.13848,49.04475],[104.13835,49.04488],[104.13818,49.04497],[104.13794,49.0451],[104.13694,49.04563]]}},{"type":"Feature","properties":{},"geometry":{"type":"LineString","coordinates":[[104.13649,49.0462],[104.1374,49.04573],[104.13766,49.04558],[104.13797,49.04539],[104.13837,49.04513],[104.13879,49.04485],[104.13926,49.04455],[104.13949,49.04438],[104.13976,49.04416],[104.14347,49.04119],[104.14391,49.04084],[104.14453,49.04032],[104.14481,49.0401],[104.14502,49.03992],[104.1451,49.03986],[104.14544,49.03962],[104.14567,49.03946],[104.14595,49.0393],[104.14617,49.03919],[104.14645,49.03907],[104.1467,49.03898],[104.147,49.0389],[104.1473,49.03883],[104.14756,49.03878],[104.14784,49.03874],[104.14814,49.03872],[104.14843,49.03871],[104.14875,49.03871],[104.1491,49.03873],[104.14938,49.03876],[104.14966,49.03881],[104.14997,49.03888],[104.15022,49.03896],[104.15053,49.03907],[104.15073,49.03916],[104.15096,49.03927],[104.15122,49.03942],[104.15148,49.03959],[104.1517,49.03975],[104.15189,49.03991],[104.15207,49.04009],[104.15225,49.04032],[104.15238,49.04054],[104.15249,49.04075],[104.15258,49.041],[104.15262,49.04126],[104.15263,49.0415],[104.1526,49.04173],[104.15256,49.0419],[104.15251,49.04206],[104.15243,49.04225],[104.15235,49.04244],[104.15151,49.0443],[104.1515,49.04432],[104.15143,49.0445],[104.15137,49.04476],[104.15132,49.04506],[104.1513,49.04525],[104.15129,49.04555],[104.1513,49.04577],[104.15132,49.04594],[104.15137,49.04618],[104.15143,49.04641],[104.15148,49.04654],[104.15154,49.04667],[104.15162,49.04683],[104.15175,49.04704],[104.15184,49.04719],[104.15205,49.04745],[104.15223,49.04766],[104.15241,49.04785],[104.15258,49.04801],[104.15276,49.04817],[104.15317,49.04851],[104.1535,49.04879],[104.1539,49.04915],[104.15411,49.04936],[104.15428,49.04961],[104.1544,49.04983],[104.1545,49.05008],[104.15456,49.05036],[104.15457,49.05063],[104.15454,49.05088],[104.15447,49.05118],[104.15433,49.05147],[104.15416,49.05175],[104.15368,49.05253],[104.15348,49.05284],[104.15336,49.05313],[104.15331,49.05333],[104.15328,49.05354],[104.15328,49.05378],[104.1533,49.05404],[104.15334,49.05419],[104.15342,49.05441],[104.15352,49.05461],[104.15365,49.05481],[104.15379,49.05499],[104.15393,49.05515],[104.15412,49.05531],[104.15433,49.05548],[104.15456,49.05564],[104.15485,49.0558],[104.15517,49.05595],[104.15576,49.05622]]}},{"type":"Feature","properties":{},"geometry":{"type":"LineString","coordinates":[[104.13874,49.04484],[104.13901,49.04462],[104.13936,49.04434],[104.14272,49.04164],[104.14288,49.04151],[104.14357,49.04094]]}},{"type":"Feature","properties":{},"geometry":{"type":"LineString","coordinates":[[104.13879,49.04485],[104.13903,49.04468],[104.13927,49.04448],[104.14227,49.04208],[104.14343,49.04115]]}},{"type":"Feature","properties":{},"geometry":{"type":"LineString","coordinates":[[104.13993,49.03981],[104.14227,49.03794],[104.14238,49.03785],[104.14408,49.03648],[104.14424,49.03636],[104.14441,49.03626],[104.1446,49.03617],[104.14483,49.03608],[104.14509,49.03598]]}},{"type":"Feature","properties":{},"geometry":{"type":"LineString","coordinates":[[104.13905,49.04453],[104.13923,49.04429],[104.1394,49.04409],[104.13962,49.04387],[104.14002,49.04347]]}},{"type":"Feature","properties":{},"geometry":{"type":"LineString","coordinates":[[104.14272,49.04164],[104.1426,49.04175],[104.14244,49.04191],[104.14227,49.04208]]}},{"type":"Feature","properties":{},"geometry":{"type":"LineString","coordinates":[[104.14766,49.04603],[104.14743,49.04599],[104.14695,49.04594],[104.14672,49.0459],[104.14649,49.04586],[104.14506,49.04553]]}},{"type":"Feature","properties":{},"geometry":{"type":"LineString","coordinates":[[104.13797,49.04539],[104.13819,49.04523],[104.13841,49.04505],[104.13855,49.04491],[104.13868,49.04474],[104.13877,49.04458],[104.13884,49.0444],[104.13889,49.04423],[104.1389,49.04411],[104.13889,49.04379],[104.13891,49.04364],[104.13894,49.04352],[104.13892,49.04354],[104.13898,49.04336],[104.13907,49.04318],[104.13917,49.04303],[104.13932,49.04285],[104.13954,49.04264],[104.13977,49.04244],[104.14071,49.04166],[104.14091,49.04151],[104.14116,49.04133],[104.14176,49.04096],[104.142,49.04079],[104.14219,49.04065],[104.14313,49.03989],[104.14361,49.03952],[104.14386,49.03932],[104.14415,49.03909],[104.14427,49.03897],[104.14459,49.03865],[104.14482,49.03841],[104.14508,49.03814],[104.1452,49.03798],[104.14532,49.03779],[104.14538,49.0376],[104.14541,49.03745],[104.14543,49.0373],[104.14543,49.03714],[104.1454,49.03693],[104.14537,49.03677],[104.14538,49.03662],[104.1454,49.03647],[104.14544,49.03633],[104.14553,49.03616],[104.14563,49.03601],[104.14578,49.03582],[104.14587,49.03573],[104.14607,49.03555],[104.14629,49.03538],[104.14656,49.0352],[104.14714,49.03482]]}},{"type":"Feature","properties":{},"geometry":{"type":"LineString","coordinates":[[104.14482,49.03841],[104.14506,49.0382],[104.14533,49.03799],[104.14723,49.03645]]}},{"type":"Feature","properties":{},"geometry":{"type":"LineString","coordinates":[[104.13973,49.04425],[104.13994,49.0441],[104.14029,49.04382],[104.14287,49.04175],[104.14312,49.04154],[104.14328,49.04138],[104.14347,49.04119]]}},{"type":"Feature","properties":{},"geometry":{"type":"LineString","coordinates":[[104.14234,49.04889],[104.14381,49.04921],[104.14618,49.04977],[104.14771,49.05011],[104.14928,49.05047],[104.14956,49.05053],[104.1502,49.05069],[104.15082,49.05085],[104.15116,49.05097],[104.15137,49.05105],[104.15159,49.05116],[104.15177,49.05129],[104.15196,49.05144],[104.15213,49.0516],[104.15229,49.05181],[104.15244,49.05203],[104.15256,49.05226],[104.15275,49.05273],[104.153,49.05337]]}},{"type":"Feature","properties":{},"geometry":{"type":"LineString","coordinates":[[104.14455,49.04116],[104.14425,49.04138],[104.14403,49.04154],[104.14371,49.04175],[104.14328,49.042]]}},{"type":"Feature","properties":{},"geometry":{"type":"LineString","coordinates":[[104.14522,49.05047],[104.14491,49.05043],[104.1446,49.05038],[104.1443,49.05033],[104.14368,49.05021]]}},{"type":"Feature","properties":{},"geometry":{"type":"LineString","coordinates":[[104.14629,49.03538],[104.14589,49.03563],[104.14564,49.03576],[104.14538,49.03588],[104.14509,49.03598],[104.14461,49.03613],[104.14435,49.03622],[104.14416,49.03631],[104.14368,49.03656],[104.14304,49.03703],[104.14272,49.03748],[104.14251,49.03771],[104.14238,49.03785]]}},{"type":"Feature","properties":{},"geometry":{"type":"LineString","coordinates":[[104.14632,49.04973],[104.14773,49.05006],[104.14836,49.05021],[104.14881,49.05032],[104.14904,49.05038],[104.14928,49.05047]]}},{"type":"Feature","properties":{},"geometry":{"type":"LineString","coordinates":[[104.14391,49.04084],[104.14366,49.041],[104.14343,49.04115],[104.14326,49.04126],[104.14306,49.04138],[104.14288,49.04151]]}},{"type":"Feature","properties":{},"geometry":{"type":"LineString","coordinates":[[104.15605,49.05636],[104.1563,49.05646],[104.1567,49.05662],[104.1572,49.0568]]}},{"type":"Feature","properties":{},"geometry":{"type":"LineString","coordinates":[[104.14415,49.03909],[104.14458,49.03874],[104.14464,49.03869],[104.14544,49.03803]]}},{"type":"Feature","properties":{},"geometry":{"type":"LineString","coordinates":[[104.14868,49.04576],[104.14941,49.04593],[104.14994,49.04605],[104.15021,49.04612],[104.15047,49.0462],[104.15082,49.04636],[104.15101,49.04646],[104.15124,49.04664],[104.1514,49.04679],[104.15153,49.04694],[104.15193,49.04743],[104.15218,49.04771],[104.15234,49.04788],[104.15245,49.04798],[104.15262,49.04813],[104.1528,49.04825],[104.153,49.04838],[104.15317,49.04851]]}},{"type":"Feature","properties":{},"geometry":{"type":"LineString","coordinates":[[104.14249,49.04248],[104.14269,49.04234],[104.14299,49.04211],[104.14341,49.04178],[104.14359,49.04163],[104.14381,49.04148],[104.14424,49.04117]]}},{"type":"Feature","properties":{},"geometry":{"type":"LineString","coordinates":[[104.14773,49.05006],[104.14745,49.04997],[104.14674,49.04972],[104.14629,49.04957],[104.14501,49.04918]]}},{"type":"Feature","properties":{},"geometry":{"type":"LineString","coordinates":[[104.13926,49.04455],[104.13973,49.04425],[104.14012,49.044],[104.14135,49.04322],[104.14249,49.04248],[104.14291,49.04222],[104.14328,49.042],[104.14356,49.04187],[104.14382,49.04176],[104.14408,49.04166],[104.14441,49.04156],[104.14474,49.04147],[104.14507,49.04139],[104.14624,49.04114],[104.14736,49.04089],[104.14865,49.04062]]}},{"type":"Feature","properties":{},"geometry":{"type":"LineString","coordinates":[[104.1721,49.06256],[104.17237,49.06264],[104.1727,49.06275],[104.17304,49.06286],[104.17408,49.06326],[104.17536,49.06376],[104.17573,49.0639],[104.1761,49.064],[104.17649,49.06408],[104.1769,49.06413],[104.17723,49.06415],[104.17755,49.06415],[104.1779,49.06412],[104.17822,49.06408],[104.17855,49.06401],[104.17888,49.06392],[104.17917,49.06382],[104.17943,49.06369],[104.17966,49.06356],[104.1799,49.0634],[104.18009,49.06324],[104.18025,49.06307],[104.18041,49.06287],[104.18054,49.06267],[104.18063,49.06245],[104.1807,49.06221],[104.18073,49.06197],[104.18073,49.06172],[104.1807,49.06141],[104.18061,49.05943],[104.18043,49.05615],[104.18042,49.05593],[104.18043,49.05571],[104.18046,49.05553],[104.18051,49.05533],[104.18056,49.0552],[104.18066,49.05501],[104.18081,49.05478],[104.18204,49.05297],[104.18238,49.05249],[104.18258,49.05226],[104.18278,49.05207],[104.18298,49.05191],[104.18338,49.05165],[104.18413,49.05121],[104.18417,49.05118],[104.18446,49.051],[104.18471,49.05082],[104.18487,49.05068],[104.18502,49.0505],[104.18512,49.05033],[104.1852,49.05015],[104.18526,49.04997],[104.18528,49.04979],[104.18526,49.04957],[104.18522,49.04933],[104.18518,49.0491],[104.18511,49.04879],[104.185,49.04843],[104.18492,49.04821],[104.18481,49.04801],[104.18465,49.04774],[104.18448,49.04747],[104.18424,49.04714],[104.18394,49.04682],[104.18355,49.04622],[104.18263,49.04513],[104.18126,49.0435]]}},{"type":"Feature","properties":{},"geometry":{"type":"LineString","coordinates":[[104.15754,49.057],[104.15773,49.0571],[104.1579,49.05719],[104.1581,49.05729]]}},{"type":"Feature","properties":{},"geometry":{"type":"LineString","coordinates":[[104.15707,49.05682],[104.15739,49.05692],[104.15775,49.05703],[104.15819,49.05717],[104.15858,49.05728],[104.15888,49.05737],[104.15918,49.05745],[104.15941,49.05753],[104.1597,49.05764],[104.16958,49.06139],[104.16987,49.06152],[104.17015,49.06165],[104.1705,49.06186],[104.17076,49.06202],[104.17096,49.06211],[104.17127,49.06225]]}},{"type":"Feature","properties":{},"geometry":{"type":"LineString","coordinates":[[104.15781,49.05736],[104.1581,49.05751],[104.15831,49.05761],[104.15858,49.05772],[104.15905,49.0579],[104.15931,49.05801],[104.15955,49.05812],[104.15982,49.05825],[104.16081,49.05878],[104.16113,49.05895],[104.1614,49.05908],[104.16162,49.05916],[104.16183,49.05924],[104.16291,49.05964],[104.16301,49.05968]]}},{"type":"Feature","properties":{},"geometry":{"type":"LineString","coordinates":[[104.18204,49.05297],[104.18215,49.05277],[104.18224,49.05255],[104.18232,49.05233],[104.18241,49.05202],[104.18266,49.05133]]}},{"type":"Feature","properties":{},"geometry":{"type":"LineString","coordinates":[[104.1594,49.05785],[104.15911,49.05773],[104.15877,49.05757],[104.15847,49.05743]]}},{"type":"Feature","properties":{},"geometry":{"type":"LineString","coordinates":[[104.15982,49.05825],[104.16019,49.05841],[104.1606,49.05859],[104.16125,49.05885]]}},{"type":"Feature","properties":{},"geometry":{"type":"LineString","coordinates":[[104.15607,49.05649],[104.15626,49.05658],[104.15643,49.05667],[104.1566,49.05675],[104.15705,49.05691],[104.15734,49.05703],[104.15784,49.05723],[104.15839,49.05746],[104.1594,49.05785],[104.16041,49.05823],[104.1706,49.06212],[104.17097,49.06224],[104.17132,49.06234],[104.17161,49.06244]]}},{"type":"Feature","properties":{},"geometry":{"type":"LineString","coordinates":[[104.1706,49.06212],[104.17152,49.06246],[104.17364,49.06327]]}},{"type":"Feature","properties":{},"geometry":{"type":"LineString","coordinates":[[104.15925,49.05819],[104.15835,49.05783],[104.15812,49.05771],[104.15793,49.0576],[104.15775,49.05748],[104.1576,49.05736]]}},{"type":"Feature","properties":{},"geometry":{"type":"LineString","coordinates":[[104.17408,49.06326],[104.17425,49.06334],[104.17446,49.06344],[104.17468,49.06355]]}},{"type":"Feature","properties":{},"geometry":{"type":"LineString","coordinates":[[104.15696,49.05692],[104.15718,49.05704],[104.15735,49.05716],[104.1576,49.05736],[104.15793,49.05764],[104.1581,49.05775],[104.15831,49.05787],[104.15857,49.05798],[104.15947,49.05835],[104.16011,49.05859],[104.16114,49.05898],[104.1614,49.05908]]}},{"type":"Feature","properties":{},"geometry":{"type":"LineString","coordinates":[[104.1609,49.05857],[104.1603,49.05835],[104.15985,49.05818],[104.15931,49.05796],[104.15851,49.05765],[104.15809,49.05747],[104.15781,49.05736],[104.15751,49.05719],[104.15722,49.05705],[104.15696,49.05692],[104.1566,49.05675]]}},{"type":"Feature","properties":{},"geometry":{"type":"LineString","coordinates":[[104.16183,49.05924],[104.16159,49.05917],[104.16133,49.0591],[104.16109,49.05906],[104.16091,49.05902],[104.16076,49.05897],[104.16006,49.05871]]}},{"type":"Feature","properties":{},"geometry":{"type":"LineString","coordinates":[[104.17501,49.06368],[104.17526,49.06375],[104.17573,49.0639]]}},{"type":"Feature","properties":{},"geometry":{"type":"LineString","coordinates":[[104.15819,49.05717],[104.15851,49.05729],[104.15908,49.0575],[104.16938,49.06142],[104.16979,49.06158],[104.17013,49.06172]]}},{"type":"Feature","properties":{},"geometry":{"type":"LineString","coordinates":[[104.17417,49.06353],[104.17228,49.0628],[104.17207,49.06272],[104.17182,49.06259],[104.17152,49.06246]]}},{"type":"Feature","properties":{},"geometry":{"type":"LineString","coordinates":[[104.17221,49.06266],[104.17201,49.06257],[104.17182,49.06248],[104.17162,49.06238]]}},{"type":"Feature","properties":{},"geometry":{"type":"LineString","coordinates":[[104.17076,49.06202],[104.1705,49.06189],[104.17013,49.06172],[104.16968,49.0615],[104.1694,49.06137],[104.15968,49.05768],[104.15921,49.05749],[104.15888,49.05737]]}},{"type":"Feature","properties":{},"geometry":{"type":"LineString","coordinates":[[104.18394,49.04682],[104.18416,49.04715],[104.18442,49.04751],[104.18465,49.04788],[104.18483,49.04823],[104.18495,49.04851],[104.18507,49.04879],[104.18518,49.0491]]}},{"type":"Feature","properties":{},"geometry":{"type":"LineString","coordinates":[[104.17258,49.0628],[104.17278,49.06286],[104.17298,49.06292],[104.1733,49.06302]]}},{"type":"Feature","properties":{},"geometry":{"type":"LineString","coordinates":[[104.15679,49.05672],[104.15646,49.05657],[104.15605,49.05636],[104.15576,49.05622],[104.15544,49.05609],[104.1551,49.05597],[104.15483,49.05585],[104.15454,49.0557],[104.15426,49.05552],[104.15404,49.05533],[104.15384,49.05514],[104.15365,49.05492],[104.1535,49.05469],[104.15335,49.05442],[104.15327,49.05417],[104.1532,49.05393],[104.153,49.05337],[104.1528,49.05306],[104.15263,49.05283],[104.15247,49.05268],[104.15226,49.05251],[104.15205,49.05238],[104.15177,49.05224],[104.15151,49.05214],[104.14999,49.05166],[104.14936,49.05146],[104.14882,49.0513],[104.14846,49.0512],[104.14704,49.05087],[104.14575,49.05058],[104.14522,49.05047],[104.14513,49.05045],[104.14487,49.05037],[104.14468,49.05031],[104.14451,49.05024],[104.14433,49.05012],[104.14412,49.05],[104.14389,49.04991],[104.14367,49.04982],[104.14327,49.04972],[104.14095,49.0492],[104.14031,49.04906],[104.14002,49.04902],[104.13957,49.04897],[104.13887,49.04892],[104.13848,49.04888],[104.13805,49.04882],[104.13662,49.04861],[104.13542,49.04846],[104.13027,49.04779]]}},{"type":"Feature","properties":{},"geometry":{"type":"LineString","coordinates":[[104.17408,49.06326],[104.1738,49.06312],[104.17361,49.063],[104.17345,49.06287],[104.17328,49.06272],[104.17307,49.06255],[104.17289,49.06241],[104.17274,49.06232],[104.17232,49.06212],[104.17203,49.062],[104.16871,49.06075]]}},{"type":"Feature","properties":{},"geometry":{"type":"LineString","coordinates":[[104.15734,49.05703],[104.15751,49.05711],[104.15769,49.05722],[104.15786,49.05731],[104.15807,49.05741],[104.15833,49.05752],[104.15955,49.05801],[104.15995,49.05817],[104.16045,49.05834]]}},{"type":"Feature","properties":{},"geometry":{"type":"LineString","coordinates":[[104.1584,49.05735],[104.15869,49.05745],[104.15893,49.05752],[104.15914,49.05758],[104.15936,49.05766],[104.16936,49.06147],[104.16968,49.0616],[104.17013,49.06182]]}},{"type":"Feature","properties":{},"geometry":{"type":"LineString","coordinates":[[104.14503,49.05307],[104.14537,49.05315],[104.14592,49.05328],[104.14838,49.05382],[104.1489,49.05394],[104.14941,49.05404]]}},{"type":"Feature","properties":{},"geometry":{"type":"LineString","coordinates":[[104.12561,49.05364],[104.12657,49.05401],[104.12678,49.05407],[104.12703,49.05412],[104.12734,49.05416],[104.12763,49.05418],[104.12802,49.05419]]}},{"type":"Feature","properties":{},"geometry":{"type":"LineString","coordinates":[[104.14109,49.0555],[104.14086,49.05548],[104.14054,49.05545],[104.14032,49.05541],[104.14009,49.05535],[104.13972,49.05523],[104.13947,49.05514],[104.13923,49.05508],[104.13898,49.05503],[104.13769,49.05486],[104.13365,49.05439],[104.13094,49.05405]]}},{"type":"Feature","properties":{},"geometry":{"type":"LineString","coordinates":[[104.15628,49.05652],[104.15329,49.05538],[104.15087,49.05445],[104.15057,49.05433],[104.15029,49.05424],[104.14999,49.05416],[104.14941,49.05404],[104.14894,49.05391],[104.1484,49.05378],[104.14621,49.05328],[104.14581,49.0532],[104.14503,49.05307],[104.14418,49.05294],[104.1439,49.05289],[104.14365,49.05283],[104.14267,49.0526],[104.14054,49.05208]]}},{"type":"Feature","properties":{},"geometry":{"type":"LineString","coordinates":[[104.13135,49.05456],[104.13085,49.05448],[104.13054,49.0544],[104.13022,49.05431],[104.12976,49.05415],[104.12941,49.05402],[104.1273,49.05336],[104.1253,49.05272]]}},{"type":"Feature","properties":{},"geometry":{"type":"LineString","coordinates":[[104.1237,49.05668],[104.1236,49.0569],[104.12351,49.05709],[104.12338,49.05732],[104.12222,49.05923],[104.12293,49.05793],[104.12196,49.05959],[104.12182,49.05977]]}},{"type":"Feature","properties":{},"geometry":{"type":"LineString","coordinates":[[104.12163,49.06007],[104.12172,49.05987],[104.12202,49.0593],[104.12375,49.05647]]}},{"type":"Feature","properties":{},"geometry":{"type":"LineString","coordinates":[[104.13365,49.05439],[104.13388,49.0544],[104.13415,49.05441],[104.13444,49.05443],[104.13653,49.05466],[104.1369,49.0547],[104.13719,49.05477],[104.13742,49.05481],[104.13769,49.05486]]}},{"type":"Feature","properties":{},"geometry":{"type":"LineString","coordinates":[[104.1327,49.05471],[104.13309,49.05478],[104.13337,49.05486],[104.13354,49.05491],[104.13368,49.05498],[104.13375,49.05501],[104.13402,49.05516],[104.13417,49.05527],[104.13424,49.05532],[104.13435,49.05543],[104.13451,49.05558],[104.13462,49.05574],[104.13475,49.05586],[104.13479,49.05595],[104.13486,49.05609],[104.13488,49.05633],[104.13484,49.05651],[104.13478,49.05669],[104.13475,49.05684],[104.13437,49.05777],[104.13425,49.05816],[104.13403,49.05874]]}},{"type":"Feature","properties":{},"geometry":{"type":"LineString","coordinates":[[104.12383,49.05645],[104.12392,49.05628],[104.12403,49.05601],[104.12455,49.05503]]}},{"type":"Feature","properties":{},"geometry":{"type":"LineString","coordinates":[[104.12631,49.05345],[104.12657,49.05355],[104.12759,49.05392]]}},{"type":"Feature","properties":{},"geometry":{"type":"LineString","coordinates":[[104.13898,49.05503],[104.13952,49.0551],[104.1398,49.05517],[104.14007,49.05526]]}},{"type":"Feature","properties":{},"geometry":{"type":"LineString","coordinates":[[104.12538,49.0528],[104.12652,49.05317],[104.12675,49.05323],[104.12698,49.05329],[104.1273,49.05336]]}},{"type":"Feature","properties":{},"geometry":{"type":"LineString","coordinates":[[104.12293,49.05793],[104.12234,49.05912],[104.12246,49.05896],[104.12317,49.0578]]}},{"type":"Feature","properties":{},"geometry":{"type":"LineString","coordinates":[[104.17619,49.06489],[104.17592,49.06458],[104.1756,49.06427],[104.17526,49.06399],[104.17488,49.06374],[104.17455,49.06357],[104.17424,49.06342],[104.17385,49.06328],[104.17258,49.0628],[104.17221,49.06266],[104.17161,49.06244],[104.16457,49.05976],[104.16268,49.05904],[104.15934,49.05776],[104.15847,49.05743],[104.1581,49.05729],[104.15741,49.05701],[104.15692,49.05681],[104.15607,49.05649],[104.15552,49.05628]]}},{"type":"Feature","properties":{},"geometry":{"type":"LineString","coordinates":[[104.09863,49.04296],[104.09834,49.04285],[104.09807,49.04277],[104.09778,49.04268]]}},{"type":"Feature","properties":{},"geometry":{"type":"LineString","coordinates":[[104.17636,49.06515],[104.17619,49.06489]]}},{"type":"Feature","properties":{},"geometry":{"type":"LineString","coordinates":[[104.10014,49.04379],[104.09968,49.04375],[104.09867,49.0437],[104.09724,49.04364]]}},{"type":"Feature","properties":{},"geometry":{"type":"LineString","coordinates":[[104.1003,49.04376],[104.10105,49.04393],[104.10341,49.0444]]}},{"type":"Feature","properties":{},"geometry":{"type":"LineString","coordinates":[[104.10065,49.04387],[104.10024,49.04383],[104.09995,49.04383],[104.09973,49.04383],[104.09952,49.04386],[104.09877,49.04399],[104.09852,49.04403],[104.09835,49.04404],[104.09821,49.04403],[104.09797,49.04402],[104.09751,49.04399],[104.0973,49.04395],[104.09711,49.04391],[104.09685,49.04383],[104.09638,49.04364]]}},{"type":"Feature","properties":{},"geometry":{"type":"LineString","coordinates":[[104.0956,49.04213],[104.09594,49.04225],[104.09621,49.04233],[104.09649,49.04241],[104.0969,49.04257],[104.09872,49.0433],[104.09892,49.04338],[104.09917,49.04347],[104.09953,49.04358]]}},{"type":"Feature","properties":{},"geometry":{"type":"LineString","coordinates":[[104.17895,49.06814],[104.17872,49.0679],[104.17859,49.06769],[104.17847,49.06748],[104.17842,49.0673],[104.17838,49.06709],[104.17836,49.06682],[104.17837,49.06648],[104.17837,49.0662]]}},{"type":"Feature","properties":{},"geometry":{"type":"LineString","coordinates":[[104.09872,49.0433],[104.09842,49.04315],[104.09808,49.04298],[104.09775,49.04284],[104.09747,49.04274],[104.0972,49.04265],[104.0969,49.04257]]}},{"type":"Feature","properties":{},"geometry":{"type":"LineString","coordinates":[[104.10844,49.04489],[104.1082,49.04483],[104.10798,49.04476],[104.10773,49.04467],[104.10424,49.04326],[104.10063,49.04181]]}},{"type":"Feature","properties":{},"geometry":{"type":"LineString","coordinates":[[104.09643,49.04355],[104.09672,49.04367],[104.09704,49.04381],[104.09727,49.0439],[104.09744,49.04395],[104.09763,49.04398],[104.09797,49.04402]]}},{"type":"Feature","properties":{},"geometry":{"type":"LineString","coordinates":[[104.10007,49.0437],[104.09979,49.04361],[104.09943,49.04348],[104.09906,49.04333],[104.09871,49.04317],[104.09821,49.04294],[104.09784,49.04277],[104.09709,49.04247],[104.0956,49.04187],[104.09531,49.04176],[104.09506,49.04168],[104.09467,49.04155],[104.0943,49.04145],[104.0937,49.04127],[104.09342,49.04118],[104.09321,49.0411],[104.09299,49.04102],[104.09251,49.04082]]}},{"type":"Feature","properties":{},"geometry":{"type":"LineString","coordinates":[[104.17834,49.066],[104.17819,49.06508]]}},{"type":"Feature","properties":{},"geometry":{"type":"LineString","coordinates":[[104.09709,49.04247],[104.09742,49.04259],[104.09778,49.04268],[104.09814,49.04275],[104.09838,49.04282],[104.09865,49.04291],[104.10033,49.04361],[104.1007,49.04377],[104.10087,49.04382],[104.10102,49.04386],[104.10128,49.0439]]}},{"type":"Feature","properties":{},"geometry":{"type":"LineString","coordinates":[[104.10105,49.04393],[104.10065,49.04387],[104.10014,49.04379],[104.09944,49.04369],[104.09851,49.04354],[104.09806,49.04345],[104.09759,49.04335],[104.0969,49.04317],[104.09657,49.04306],[104.0943,49.04219],[104.09363,49.0419]]}},{"type":"Feature","properties":{},"geometry":{"type":"LineString","coordinates":[[104.09772,49.04257],[104.09599,49.04188],[104.09572,49.0418],[104.0955,49.04174],[104.0952,49.04168],[104.09492,49.04162],[104.09467,49.04155]]}},{"type":"Feature","properties":{},"geometry":{"type":"LineString","coordinates":[[104.1059,49.04453],[104.10619,49.04455],[104.10663,49.04458],[104.10698,49.04461],[104.10723,49.04464],[104.10773,49.04475],[104.10801,49.04481],[104.10844,49.04489],[104.10968,49.04514]]}},{"type":"Feature","properties":{},"geometry":{"type":"LineString","coordinates":[[104.17162,49.06238],[104.17127,49.06225],[104.17076,49.06206],[104.17013,49.06182],[104.16933,49.06151],[104.16042,49.05812],[104.15915,49.05764],[104.1584,49.05735],[104.15754,49.057],[104.15707,49.05682],[104.15679,49.05672],[104.15628,49.05652],[104.15604,49.05644],[104.15575,49.05636],[104.15552,49.05628]]}},{"type":"Feature","properties":{},"geometry":{"type":"LineString","coordinates":[[104.40977,49.02996],[104.4111,49.02915],[104.41166,49.02881],[104.41192,49.02866],[104.41243,49.02839]]}},{"type":"Feature","properties":{},"geometry":{"type":"LineString","coordinates":[[104.3983,49.03697],[104.39803,49.03713]]}},{"type":"Feature","properties":{},"geometry":{"type":"LineString","coordinates":[[104.41039,49.02951],[104.41013,49.02971],[104.40977,49.02996],[104.40959,49.03007],[104.40905,49.03041],[104.39983,49.03608],[104.39941,49.03633]]}},{"type":"Feature","properties":{},"geometry":{"type":"LineString","coordinates":[[104.53042,48.94122],[104.53024,48.9415]]}},{"type":"Feature","properties":{},"geometry":{"type":"LineString","coordinates":[[104.39803,49.03713],[104.3964,49.03813],[104.39234,49.04093],[104.3903,49.04259],[104.38906,49.04349],[104.38561,49.0453],[104.37904,49.04798],[104.37143,49.05126],[104.36287,49.05399],[104.35441,49.05669],[104.34802,49.05846],[104.33078,49.0632],[104.31234,49.0681],[104.28684,49.07513],[104.27857,49.07715],[104.27557,49.07757],[104.26854,49.07798],[104.26602,49.07791],[104.26353,49.0775],[104.26019,49.07637],[104.25835,49.07577],[104.25671,49.07549],[104.25475,49.07526],[104.25205,49.07511],[104.24992,49.075],[104.24725,49.07468],[104.24508,49.07435],[104.24462,49.07428],[104.24349,49.07413],[104.24223,49.07412],[104.24074,49.07426],[104.23962,49.07451],[104.23835,49.07491],[104.23637,49.07561],[104.23472,49.0759],[104.23154,49.07608],[104.22893,49.07625],[104.22691,49.07622],[104.22487,49.07612],[104.21947,49.07564],[104.21761,49.07541],[104.21018,49.07481],[104.20511,49.07432],[104.20368,49.07409],[104.20135,49.07345],[104.20057,49.07333]]}},{"type":"Feature","properties":{},"geometry":{"type":"LineString","coordinates":[[104.47331,48.98523],[104.46913,48.98812],[104.46838,48.98865],[104.46765,48.9892],[104.46696,48.98973],[104.46406,48.99204],[104.44263,49.00908],[104.44107,49.01032],[104.44022,49.01098],[104.43932,49.01162],[104.43844,49.0122],[104.4374,49.01286],[104.41039,49.02951],[104.40378,49.03357],[104.39877,49.03667],[104.3983,49.03697]]}},{"type":"Feature","properties":{},"geometry":{"type":"LineString","coordinates":[[104.39877,49.03667],[104.39901,49.03654],[104.39941,49.03633],[104.39992,49.03608],[104.40016,49.03595],[104.40039,49.03581],[104.40851,49.03081],[104.40881,49.03062],[104.40908,49.03044],[104.40931,49.03027],[104.40959,49.03007]]}},{"type":"Feature","properties":{},"geometry":{"type":"LineString","coordinates":[[104.40965,49.03019],[104.40901,49.03056],[104.40875,49.03071],[104.4085,49.03087]]}},{"type":"Feature","properties":{},"geometry":{"type":"LineString","coordinates":[[104.49714,48.96874],[104.49681,48.96897]]}},{"type":"Feature","properties":{},"geometry":{"type":"LineString","coordinates":[[104.49681,48.96897],[104.48829,48.97485],[104.47347,48.98511]]}},{"type":"Feature","properties":{},"geometry":{"type":"LineString","coordinates":[[104.40489,49.03466],[104.40454,49.03489],[104.40364,49.03542],[104.40294,49.03582],[104.40069,49.03721]]}},{"type":"Feature","properties":{},"geometry":{"type":"LineString","coordinates":[[104.40383,49.03553],[104.40394,49.03545],[104.4041,49.03534],[104.40425,49.03521],[104.4044,49.03506],[104.40452,49.03495],[104.40463,49.03486],[104.40489,49.03466],[104.40657,49.03338],[104.40683,49.03318],[104.40703,49.03299],[104.4072,49.03282],[104.40732,49.03263],[104.40742,49.03246],[104.40748,49.03231],[104.40759,49.03196],[104.40766,49.03178],[104.40776,49.03159],[104.40787,49.03143],[104.40802,49.03125],[104.40821,49.03109],[104.4085,49.03087],[104.40908,49.03044]]}},{"type":"Feature","properties":{},"geometry":{"type":"LineString","coordinates":[[104.53024,48.9415],[104.52943,48.94273],[104.52925,48.94309],[104.52907,48.94345],[104.52896,48.94382],[104.52889,48.94416],[104.52859,48.94557],[104.52846,48.94596],[104.52831,48.94631],[104.52816,48.94657],[104.52799,48.94683],[104.52784,48.94706],[104.52759,48.94736],[104.52731,48.94765],[104.52698,48.94795],[104.52655,48.94827],[104.52558,48.94894],[104.51513,48.95616],[104.50886,48.96054]]}},{"type":"Feature","properties":{},"geometry":{"type":"LineString","coordinates":[[104.40294,49.03582],[104.40271,49.03594],[104.40239,49.0361],[104.40215,49.03623],[104.40064,49.03716]]}},{"type":"Feature","properties":{},"geometry":{"type":"LineString","coordinates":[[104.50886,48.96054],[104.50848,48.96081]]}},{"type":"Feature","properties":{},"geometry":{"type":"LineString","coordinates":[[104.47347,48.98511],[104.47331,48.98523]]}},{"type":"Feature","properties":{},"geometry":{"type":"LineString","coordinates":[[104.50848,48.96081],[104.49714,48.96874]]}},{"type":"Feature","properties":{},"geometry":{"type":"LineString","coordinates":[[105.58618,49.09938],[105.58611,49.09919],[105.58596,49.09885],[105.58584,49.09864],[105.58572,49.09849],[105.58557,49.09835],[105.58538,49.09821],[105.58521,49.0981],[105.585,49.098],[105.58478,49.09792],[105.5808,49.09649]]}},{"type":"Feature","properties":{},"geometry":{"type":"LineString","coordinates":[[105.5887,49.10151],[105.58839,49.10138],[105.58802,49.10121],[105.58717,49.10082],[105.5854,49.1],[105.58399,49.09935],[105.58365,49.09921],[105.58334,49.09909],[105.58277,49.09889],[105.57808,49.09721]]}},{"type":"Feature","properties":{},"geometry":{"type":"LineString","coordinates":[[105.5846,49.10012],[105.5842,49.10002],[105.58384,49.09992],[105.58358,49.09983],[105.57601,49.09711],[105.5756,49.09695],[105.57528,49.09682],[105.57504,49.09671],[105.57476,49.09659]]}},{"type":"Feature","properties":{},"geometry":{"type":"LineString","coordinates":[[105.57394,49.08996],[105.57368,49.08922],[105.57358,49.08894],[105.57325,49.08813]]}},{"type":"Feature","properties":{},"geometry":{"type":"LineString","coordinates":[[105.55496,49.08894],[105.55626,49.09019],[105.55643,49.09041]]}},{"type":"Feature","properties":{},"geometry":{"type":"LineString","coordinates":[[105.58181,49.09662],[105.58491,49.09775],[105.58519,49.09788],[105.58541,49.09802],[105.58559,49.09815],[105.58572,49.09829],[105.58583,49.09843],[105.58593,49.0986],[105.58602,49.09878],[105.58607,49.09894]]}},{"type":"Feature","properties":{},"geometry":{"type":"LineString","coordinates":[[105.58802,49.10121],[105.58776,49.10107],[105.58739,49.10086],[105.587,49.10063],[105.58681,49.1005],[105.58664,49.10034],[105.58649,49.10017],[105.58639,49.10001],[105.58631,49.09985],[105.58626,49.09972],[105.58618,49.09938],[105.58607,49.09894],[105.58588,49.09808],[105.5858,49.09783],[105.58571,49.09766],[105.5856,49.09751],[105.58546,49.09734],[105.58527,49.09718],[105.58505,49.09704],[105.58483,49.09694],[105.58457,49.09684],[105.5826,49.09613]]}},{"type":"Feature","properties":{},"geometry":{"type":"LineString","coordinates":[[105.5905,49.10247],[105.58872,49.10164],[105.58843,49.10151],[105.5882,49.1014],[105.58796,49.1013]]}},{"type":"Feature","properties":{},"geometry":{"type":"LineString","coordinates":[[105.57093,49.08533],[105.57165,49.08684],[105.57269,49.08901],[105.57388,49.0915],[105.57397,49.09172],[105.57403,49.09195],[105.57404,49.09215],[105.57402,49.09235],[105.57396,49.09256],[105.57388,49.09274],[105.57369,49.09305]]}},{"type":"Feature","properties":{},"geometry":{"type":"LineString","coordinates":[[105.57846,49.09723],[105.58102,49.09814],[105.58147,49.09831],[105.58227,49.09867],[105.58254,49.09879],[105.58277,49.09889]]}},{"type":"Feature","properties":{},"geometry":{"type":"LineString","coordinates":[[105.57325,49.09599],[105.57351,49.09606],[105.57382,49.09616],[105.5741,49.09624]]}},{"type":"Feature","properties":{},"geometry":{"type":"LineString","coordinates":[[105.5854,49.1],[105.58504,49.09981],[105.58477,49.09965],[105.58448,49.09947],[105.58404,49.09916],[105.58385,49.09905],[105.58365,49.09895],[105.58342,49.09885],[105.58317,49.09875],[105.58285,49.09863]]}},{"type":"Feature","properties":{},"geometry":{"type":"LineString","coordinates":[[105.57344,49.09344],[105.57358,49.09324],[105.57369,49.09305],[105.57381,49.09279],[105.57387,49.09261],[105.57391,49.09243],[105.57393,49.09226],[105.57394,49.09209],[105.57393,49.09191],[105.57389,49.09176],[105.57385,49.09161],[105.57086,49.08536]]}},{"type":"Feature","properties":{},"geometry":{"type":"LineString","coordinates":[[105.56936,49.09468],[105.56999,49.09491],[105.57055,49.09511]]}},{"type":"Feature","properties":{},"geometry":{"type":"LineString","coordinates":[[105.58147,49.09831],[105.58099,49.09809],[105.58072,49.09798],[105.58045,49.09788],[105.57851,49.09718]]}},{"type":"Feature","properties":{},"geometry":{"type":"LineString","coordinates":[[105.57436,49.09634],[105.57462,49.09641],[105.57502,49.09653],[105.57536,49.09664],[105.58518,49.10018],[105.5854,49.10027],[105.58558,49.10035],[105.5858,49.10045],[105.58605,49.10055]]}},{"type":"Feature","properties":{},"geometry":{"type":"LineString","coordinates":[[105.5859,49.10055],[105.58621,49.10064],[105.58662,49.10076]]}},{"type":"Feature","properties":{},"geometry":{"type":"LineString","coordinates":[[105.58694,49.10088],[105.58714,49.10096],[105.58742,49.10108],[105.58765,49.10119]]}},{"type":"Feature","properties":{},"geometry":{"type":"LineString","coordinates":[[105.56898,49.09442],[105.56934,49.09452],[105.56977,49.09464],[105.57007,49.0947],[105.57034,49.09473],[105.57064,49.09475],[105.57097,49.09474],[105.57124,49.09472],[105.57153,49.09467],[105.5718,49.09461],[105.57203,49.09454],[105.57228,49.09443],[105.57245,49.09434],[105.57269,49.09419],[105.57292,49.09402],[105.57314,49.0938],[105.57344,49.09344],[105.57372,49.09308],[105.57389,49.09284],[105.574,49.09267],[105.5741,49.09246],[105.57415,49.09223],[105.57417,49.09206],[105.57417,49.0919],[105.57412,49.09171],[105.57404,49.0915],[105.57334,49.09003],[105.57241,49.08806],[105.5723,49.08784],[105.57207,49.08748]]}},{"type":"Feature","properties":{},"geometry":{"type":"LineString","coordinates":[[105.58531,49.10034],[105.57482,49.09656],[105.57325,49.09599],[105.57301,49.0959],[105.57276,49.09581],[105.57253,49.09572],[105.57232,49.09562],[105.57198,49.09548]]}},{"type":"Feature","properties":{},"geometry":{"type":"LineString","coordinates":[[105.58246,49.09857],[105.58321,49.09883],[105.5834,49.0989],[105.58359,49.09899],[105.58403,49.09923],[105.58449,49.09951],[105.58477,49.09965]]}},{"type":"Feature","properties":{},"geometry":{"type":"LineString","coordinates":[[105.57146,49.09538],[105.57119,49.0953],[105.57082,49.09519],[105.57055,49.09511],[105.57019,49.09501],[105.56969,49.09488],[105.56903,49.09472],[105.56838,49.09454],[105.56687,49.09413],[105.56658,49.09406],[105.56625,49.09401],[105.56594,49.09398],[105.56557,49.09398],[105.56526,49.09399],[105.56484,49.09403],[105.56405,49.09411],[105.56373,49.09413],[105.56344,49.09413],[105.56311,49.09411],[105.56275,49.09406],[105.56246,49.094],[105.56221,49.09394],[105.56197,49.09385],[105.56165,49.09372],[105.56146,49.09363],[105.56121,49.09351],[105.55822,49.09197],[105.55794,49.09181],[105.55769,49.09165],[105.55749,49.09151],[105.55732,49.09137],[105.55708,49.09115],[105.55681,49.09088],[105.55659,49.09061],[105.55643,49.09041],[105.55629,49.09016],[105.55616,49.08986],[105.55588,49.08912]]}},{"type":"Feature","properties":{},"geometry":{"type":"LineString","coordinates":[[105.57082,49.09519],[105.5711,49.09529],[105.57174,49.09553]]}},{"type":"Feature","properties":{},"geometry":{"type":"LineString","coordinates":[[105.57165,49.08684],[105.57181,49.0871],[105.57193,49.08729],[105.57207,49.08748],[105.5724,49.08785],[105.57259,49.08805],[105.57278,49.0882],[105.57304,49.0884],[105.5732,49.08852],[105.57333,49.08865],[105.57345,49.08881],[105.57356,49.08898],[105.57368,49.08922]]}},{"type":"Feature","properties":{},"geometry":{"type":"LineString","coordinates":[[105.59199,49.1027],[105.59174,49.10259],[105.59138,49.10242],[105.59112,49.10231],[105.59093,49.10224],[105.59003,49.10192],[105.5898,49.10184],[105.58954,49.10177],[105.58928,49.1017],[105.58901,49.10162]]}},{"type":"Feature","properties":{},"geometry":{"type":"LineString","coordinates":[[105.58872,49.10164],[105.58838,49.10151],[105.58552,49.10047],[105.58515,49.10034],[105.58481,49.10024],[105.58447,49.10014],[105.58413,49.10006],[105.5837,49.09998],[105.58327,49.09991],[105.58283,49.09985],[105.58244,49.0998],[105.58032,49.09958]]}},{"type":"Feature","properties":{},"geometry":{"type":"LineString","coordinates":[[105.59323,49.10314],[105.59199,49.1027],[105.59069,49.10223],[105.58901,49.10162],[105.5887,49.10151],[105.58837,49.1014],[105.58801,49.10127],[105.58749,49.10108],[105.58694,49.10088],[105.58662,49.10076],[105.58605,49.10055],[105.58473,49.10007],[105.57436,49.09634],[105.5741,49.09624],[105.57305,49.09586],[105.57198,49.09548],[105.56898,49.09442],[105.56859,49.09428],[105.5683,49.09415],[105.56808,49.09404],[105.56788,49.09393],[105.56766,49.09379],[105.56558,49.09245]]}},{"type":"Feature","properties":{},"geometry":{"type":"LineString","coordinates":[[108.36074,47.7489],[108.36058,47.74875],[108.3604,47.74856],[108.36027,47.7484],[108.36001,47.74808],[108.35387,47.74032],[108.35359,47.73994],[108.35348,47.73975],[108.35333,47.73952]]}},{"type":"Feature","properties":{},"geometry":{"type":"LineString","coordinates":[[108.32869,47.73528],[108.32892,47.73555],[108.32908,47.7358],[108.32923,47.73601],[108.32939,47.73619],[108.33357,47.74068],[108.33375,47.74086],[108.33402,47.74111],[108.33433,47.74138],[108.33457,47.7416]]}},{"type":"Feature","properties":{},"geometry":{"type":"LineString","coordinates":[[108.35295,47.73904],[108.35314,47.73932],[108.35328,47.73955],[108.35343,47.73982],[108.35355,47.7401],[108.35382,47.74075],[108.35392,47.74094],[108.35405,47.74114],[108.35423,47.74136],[108.35504,47.74241]]}},{"type":"Feature","properties":{},"geometry":{"type":"LineString","coordinates":[[108.36605,47.75513],[108.36623,47.75538],[108.3664,47.75559],[108.36656,47.75583],[108.36671,47.75604],[108.37166,47.7623],[108.37207,47.76282],[108.37227,47.76307]]}},{"type":"Feature","properties":{},"geometry":{"type":"LineString","coordinates":[[108.32555,47.73191],[108.32653,47.73295],[108.32705,47.73352],[108.32764,47.73416],[108.32869,47.73528],[108.33413,47.74111],[108.33457,47.7416],[108.33655,47.74374],[108.33694,47.74409],[108.3372,47.74431],[108.33752,47.74453],[108.33784,47.74471],[108.33825,47.74492],[108.33864,47.74509],[108.33926,47.74534],[108.33971,47.7455],[108.34018,47.74562],[108.34068,47.74573],[108.3411,47.7458],[108.34169,47.74587],[108.34233,47.74591],[108.34285,47.74591],[108.34335,47.74589],[108.3439,47.74584],[108.34442,47.74577],[108.3449,47.74567],[108.3454,47.74555],[108.346,47.74538],[108.34648,47.74519],[108.34693,47.74498],[108.3474,47.74473],[108.34775,47.74451],[108.34971,47.74324],[108.35097,47.74243],[108.3513,47.74221],[108.35161,47.74198],[108.35179,47.74182],[108.35199,47.74161],[108.35216,47.74141],[108.35231,47.74117],[108.35249,47.74085],[108.3526,47.74057],[108.35268,47.74034],[108.35274,47.74007],[108.35277,47.73983],[108.35278,47.73956],[108.35276,47.73929],[108.35269,47.73896],[108.35261,47.73873],[108.35254,47.73857],[108.35242,47.73838]]}},{"type":"Feature","properties":{},"geometry":{"type":"LineString","coordinates":[[108.37337,47.76416],[108.37315,47.76393],[108.37261,47.7634],[108.37227,47.76307],[108.37208,47.76288],[108.37192,47.76272],[108.37176,47.76253],[108.37157,47.7623],[108.36664,47.75604],[108.36643,47.75576],[108.36629,47.75552],[108.36605,47.75513],[108.36566,47.75447],[108.36549,47.75419]]}},{"type":"Feature","properties":{},"geometry":{"type":"LineString","coordinates":[[108.36457,47.75303],[108.36444,47.75283],[108.36435,47.75268],[108.36422,47.75248]]}},{"type":"Feature","properties":{},"geometry":{"type":"LineString","coordinates":[[108.30658,47.69642],[108.30672,47.69662],[108.30686,47.69685],[108.30697,47.69701],[108.30713,47.6972],[108.31158,47.7024],[108.31171,47.70254],[108.31196,47.70277],[108.31231,47.70313]]}},{"type":"Feature","properties":{},"geometry":{"type":"LineString","coordinates":[[108.36189,47.75019],[108.3616,47.74989],[108.36141,47.74971],[108.36126,47.74954]]}},{"type":"Feature","properties":{},"geometry":{"type":"LineString","coordinates":[[108.37312,47.76366],[108.37277,47.7632],[108.37188,47.76208],[108.3669,47.75576],[108.36626,47.75496]]}},{"type":"Feature","properties":{},"geometry":{"type":"LineString","coordinates":[[108.362,47.75068],[108.36185,47.75042],[108.3617,47.75022],[108.36149,47.74994],[108.36102,47.74935],[108.36084,47.74912],[108.36066,47.74891],[108.36042,47.74867],[108.35992,47.74817],[108.35968,47.74793],[108.35949,47.74772],[108.35935,47.74755],[108.35608,47.74342],[108.35428,47.74114],[108.35407,47.74085],[108.35388,47.74058],[108.35376,47.74037],[108.35343,47.73982]]}},{"type":"Feature","properties":{},"geometry":{"type":"LineString","coordinates":[[108.36509,47.75358],[108.36495,47.75343],[108.36479,47.75328],[108.36465,47.75313]]}},{"type":"Feature","properties":{},"geometry":{"type":"LineString","coordinates":[[108.36149,47.74994],[108.36135,47.74979],[108.36108,47.74955],[108.36093,47.74943],[108.3608,47.74936],[108.36067,47.7493],[108.3605,47.74923],[108.36002,47.74905],[108.35977,47.74895],[108.35959,47.74886],[108.35955,47.74884],[108.35943,47.74875],[108.35931,47.74863],[108.35882,47.74802]]}},{"type":"Feature","properties":{},"geometry":{"type":"LineString","coordinates":[[108.36585,47.75455],[108.36599,47.75469],[108.36613,47.75483],[108.36626,47.75496]]}},{"type":"Feature","properties":{},"geometry":{"type":"LineString","coordinates":[[108.33042,47.71141],[108.33087,47.71137],[108.33098,47.71135],[108.33111,47.71132],[108.33129,47.71127],[108.33157,47.71117],[108.33182,47.71107],[108.3339,47.71012]]}},{"type":"Feature","properties":{},"geometry":{"type":"LineString","coordinates":[[108.33213,47.71831],[108.33171,47.71826],[108.33126,47.71824],[108.33084,47.71824],[108.33044,47.71827],[108.33003,47.71832],[108.32962,47.71839],[108.32918,47.71849],[108.32874,47.71861],[108.32838,47.71873],[108.32807,47.71887],[108.3277,47.71905],[108.32738,47.71925],[108.32711,47.71944],[108.32686,47.71965],[108.32663,47.71988],[108.32645,47.72012],[108.3243,47.72311],[108.32377,47.72386]]}},{"type":"Feature","properties":{},"geometry":{"type":"LineString","coordinates":[[108.36584,47.75442],[108.36601,47.75461],[108.36613,47.75472],[108.36629,47.75485],[108.36645,47.75495],[108.36664,47.75506],[108.36681,47.75519],[108.36696,47.75533],[108.3671,47.75547],[108.36725,47.75564],[108.36764,47.75614]]}},{"type":"Feature","properties":{},"geometry":{"type":"LineString","coordinates":[[108.32458,47.71234],[108.32408,47.71262],[108.32379,47.71278],[108.32356,47.7129],[108.32281,47.71324]]}},{"type":"Feature","properties":{},"geometry":{"type":"LineString","coordinates":[[108.37266,47.76328],[108.37251,47.76312],[108.3723,47.7629],[108.37198,47.76258],[108.3718,47.76238],[108.37161,47.76215],[108.36676,47.756],[108.36659,47.75578],[108.36649,47.75563],[108.36638,47.75545],[108.36629,47.75528],[108.36619,47.75511],[108.36609,47.75496]]}},{"type":"Feature","properties":{},"geometry":{"type":"LineString","coordinates":[[108.32124,47.71366],[108.32201,47.71467],[108.3224,47.71518],[108.32271,47.7156],[108.32304,47.71599],[108.3233,47.71625],[108.32355,47.71647],[108.3238,47.71664],[108.32405,47.7168],[108.32431,47.71693],[108.32454,47.71702],[108.32483,47.71711],[108.32521,47.71722],[108.32555,47.7173],[108.32597,47.71738],[108.32632,47.71741],[108.32662,47.71744],[108.32694,47.71748]]}},{"type":"Feature","properties":{},"geometry":{"type":"LineString","coordinates":[[108.36629,47.75528],[108.36643,47.75548],[108.36676,47.7559],[108.3717,47.76216],[108.37203,47.76257],[108.3723,47.7629]]}},{"type":"Feature","properties":{},"geometry":{"type":"LineString","coordinates":[[108.36558,47.7542],[108.36596,47.75479]]}},{"type":"Feature","properties":{},"geometry":{"type":"LineString","coordinates":[[108.36457,47.75303],[108.36465,47.75313],[108.36527,47.75391],[108.36549,47.75419],[108.36596,47.75479],[108.36609,47.75496],[108.36672,47.75575],[108.37175,47.76212],[108.37266,47.76328],[108.37284,47.7635],[108.37337,47.76416],[108.37352,47.76436],[108.37382,47.76474],[108.37403,47.765],[108.37438,47.76545]]}},{"type":"Feature","properties":{},"geometry":{"type":"LineString","coordinates":[[108.35608,47.74342],[108.35618,47.74359],[108.35631,47.74384],[108.35711,47.74552],[108.35721,47.7457],[108.35731,47.74585],[108.35749,47.74609]]}},{"type":"Feature","properties":{},"geometry":{"type":"LineString","coordinates":[[108.36111,47.74936],[108.36098,47.74922],[108.36066,47.74891]]}},{"type":"Feature","properties":{},"geometry":{"type":"LineString","coordinates":[[108.3634,47.75169],[108.36327,47.75157],[108.36316,47.75148],[108.36273,47.75116],[108.36257,47.75103],[108.36241,47.75091],[108.3622,47.75072],[108.36206,47.75056],[108.36192,47.75039],[108.36126,47.74954],[108.36111,47.74936],[108.36074,47.7489],[108.36046,47.74854],[108.36007,47.74805],[108.35394,47.74029],[108.35333,47.73952],[108.35295,47.73904],[108.35242,47.73838],[108.35186,47.73762],[108.35141,47.73703],[108.34423,47.72796],[108.33877,47.72103],[108.33858,47.72078],[108.33838,47.72055],[108.33819,47.72037],[108.33794,47.72015],[108.3377,47.71997],[108.33743,47.71978],[108.33713,47.7196],[108.33684,47.71945],[108.33646,47.71928],[108.33615,47.71915],[108.33582,47.71903],[108.33548,47.71892],[108.33511,47.71883],[108.33468,47.71873],[108.33415,47.71864],[108.33296,47.71844],[108.33241,47.71835],[108.33213,47.71831],[108.32694,47.71748],[108.32602,47.71733],[108.3256,47.71725],[108.32523,47.71717],[108.32487,47.71707],[108.32456,47.71696],[108.32433,47.71686],[108.32417,47.71675],[108.32392,47.71659],[108.32375,47.71645],[108.32358,47.71629],[108.32341,47.71608],[108.32326,47.71587],[108.32315,47.7157],[108.32305,47.71549],[108.32296,47.71528],[108.32288,47.71504],[108.32285,47.71485],[108.32284,47.71463],[108.32287,47.71438],[108.32291,47.71416],[108.32296,47.71397],[108.32303,47.7138],[108.32316,47.71362],[108.32333,47.7134],[108.32372,47.71299],[108.32392,47.71282],[108.32412,47.71266],[108.32439,47.71247],[108.32458,47.71234],[108.3252,47.71199],[108.32554,47.71182]]}},{"type":"Feature","properties":{},"geometry":{"type":"LineString","coordinates":[[108.37286,47.76322],[108.37269,47.76301],[108.37213,47.76229]]}},{"type":"Feature","properties":{},"geometry":{"type":"LineString","coordinates":[[108.36717,47.75927],[108.36697,47.75908],[108.36672,47.75882],[108.36664,47.75874],[108.36649,47.75858],[108.3663,47.75833],[108.36519,47.75695]]}},{"type":"Feature","properties":{},"geometry":{"type":"LineString","coordinates":[[108.37284,47.7635],[108.37297,47.76363],[108.3731,47.76376],[108.37319,47.76385]]}},{"type":"Feature","properties":{},"geometry":{"type":"LineString","coordinates":[[108.373,47.76402],[108.37269,47.76378],[108.37122,47.76267]]}},{"type":"Feature","properties":{},"geometry":{"type":"LineString","coordinates":[[108.3693,47.76079],[108.3691,47.76059],[108.36891,47.76044],[108.3687,47.76031],[108.3684,47.76016],[108.36798,47.75998],[108.36774,47.75984],[108.36755,47.75971],[108.36741,47.75957],[108.36717,47.75927],[108.36697,47.75902],[108.36681,47.75878],[108.36639,47.75817],[108.36541,47.75688]]}},{"type":"Feature","properties":{},"geometry":{"type":"LineString","coordinates":[[108.37382,47.76474],[108.37362,47.76454],[108.37341,47.76435],[108.37319,47.76416],[108.373,47.76402],[108.37279,47.76388],[108.3722,47.76352],[108.37123,47.7629],[108.37086,47.76265],[108.37075,47.76256],[108.37065,47.76247],[108.37055,47.76236],[108.3693,47.76079],[108.36904,47.76046],[108.3689,47.76024],[108.36877,47.76006],[108.368,47.7591],[108.36594,47.75649],[108.36409,47.75416],[108.36391,47.75397],[108.3637,47.75379],[108.36348,47.75364],[108.36323,47.75351],[108.36295,47.7534],[108.36264,47.75331],[108.36233,47.75325],[108.36197,47.75321],[108.36167,47.75321],[108.36131,47.75323],[108.36098,47.75328],[108.36073,47.75334],[108.36043,47.75343],[108.3581,47.75427]]}},{"type":"Feature","properties":{},"geometry":{"type":"LineString","coordinates":[[108.37084,47.76258],[108.37161,47.76307],[108.37178,47.76319],[108.372,47.76335],[108.3722,47.76352]]}},{"type":"Feature","properties":{},"geometry":{"type":"LineString","coordinates":[[108.37042,47.7655],[108.37026,47.76557],[108.37006,47.76567],[108.36983,47.76576],[108.36771,47.76651]]}},{"type":"Feature","properties":{},"geometry":{"type":"LineString","coordinates":[[108.37458,47.76586],[108.37423,47.76553],[108.37403,47.76535],[108.37251,47.76402]]}},{"type":"Feature","properties":{},"geometry":{"type":"LineString","coordinates":[[108.39702,47.75486],[108.39727,47.75511],[108.39747,47.75533],[108.3976,47.75548],[108.39859,47.75676],[108.39871,47.75691],[108.3989,47.75719]]}},{"type":"Feature","properties":{},"geometry":{"type":"LineString","coordinates":[[108.35739,47.73721],[108.35778,47.73781],[108.35813,47.73826],[108.35858,47.73885],[108.35874,47.73902],[108.35894,47.73921]]}},{"type":"Feature","properties":{},"geometry":{"type":"LineString","coordinates":[[108.36013,47.74073],[108.35993,47.74043],[108.35964,47.73987],[108.35942,47.73953],[108.35913,47.73914],[108.35836,47.73817]]}},{"type":"Feature","properties":{},"geometry":{"type":"LineString","coordinates":[[108.36495,47.7533],[108.36309,47.75092]]}},{"type":"Feature","properties":{},"geometry":{"type":"LineString","coordinates":[[109.30184,45.8035],[109.30202,45.80334],[109.30221,45.80316],[109.30245,45.80296],[109.30326,45.80233],[109.30443,45.80142],[109.30462,45.80129],[109.30484,45.80116],[109.3051,45.801]]}},{"type":"Feature","properties":{},"geometry":{"type":"LineString","coordinates":[[109.30968,45.79766],[109.30982,45.79758],[109.31001,45.79746],[109.31019,45.79734]]}},{"type":"Feature","properties":{},"geometry":{"type":"LineString","coordinates":[[109.30942,45.79787],[109.30925,45.79798],[109.30904,45.79811],[109.30886,45.79822],[109.30864,45.79839],[109.29801,45.80659],[109.29772,45.80681],[109.29724,45.80719],[109.29692,45.80745]]}},{"type":"Feature","properties":{},"geometry":{"type":"LineString","coordinates":[[109.30244,45.80367],[109.30273,45.80348],[109.30307,45.80325],[109.30444,45.8022]]}},{"type":"Feature","properties":{},"geometry":{"type":"LineString","coordinates":[[109.29772,45.80681],[109.29751,45.80702],[109.2973,45.80722],[109.29707,45.80744],[109.29686,45.80764]]}},{"type":"Feature","properties":{},"geometry":{"type":"LineString","coordinates":[[109.29798,45.80693],[109.29826,45.80676],[109.29883,45.8064],[109.29908,45.80623],[109.29936,45.80602],[109.30244,45.80367]]}},{"type":"Feature","properties":{},"geometry":{"type":"LineString","coordinates":[[109.29545,45.80871],[109.29321,45.81044]]}},{"type":"Feature","properties":{},"geometry":{"type":"LineString","coordinates":[[109.29772,45.80667],[109.29694,45.80729],[109.29445,45.80919]]}},{"type":"Feature","properties":{},"geometry":{"type":"LineString","coordinates":[[109.29679,45.80775],[109.29706,45.80758],[109.29739,45.80736],[109.29767,45.80717],[109.29798,45.80693],[109.30909,45.79833],[109.31276,45.79551]]}},{"type":"Feature","properties":{},"geometry":{"type":"LineString","coordinates":[[109.29611,45.80828],[109.29632,45.8081],[109.29652,45.80791],[109.29669,45.80777]]}},{"type":"Feature","properties":{},"geometry":{"type":"LineString","coordinates":[[109.30986,45.79767],[109.30958,45.79792],[109.30935,45.79812],[109.30909,45.79833]]}},{"type":"Feature","properties":{},"geometry":{"type":"LineString","coordinates":[[109.31442,45.79387],[109.31404,45.79423],[109.31343,45.79482],[109.31328,45.79496],[109.31148,45.79633],[109.31107,45.79665],[109.31094,45.79676],[109.31054,45.79707],[109.31019,45.79734],[109.3088,45.79841],[109.2975,45.80713],[109.29686,45.80764],[109.29669,45.80777],[109.29612,45.8082],[109.29545,45.80871],[109.29525,45.80889],[109.29507,45.80906],[109.29483,45.80926]]}},{"type":"Feature","properties":{},"geometry":{"type":"LineString","coordinates":[[109.3104,45.79711],[109.31064,45.79692],[109.31082,45.79675],[109.31097,45.79657],[109.3111,45.7964],[109.31119,45.79629],[109.31131,45.79607],[109.31143,45.79585],[109.31153,45.79563],[109.31175,45.79506]]}},{"type":"Feature","properties":{},"geometry":{"type":"LineString","coordinates":[[109.31437,45.79436],[109.31461,45.79417],[109.31549,45.79349]]}},{"type":"Feature","properties":{},"geometry":{"type":"LineString","coordinates":[[109.31404,45.79423],[109.31378,45.79445],[109.31356,45.79462],[109.31309,45.795],[109.31271,45.79528],[109.31214,45.79571],[109.31197,45.79586],[109.31168,45.79614],[109.31148,45.79633]]}},{"type":"Feature","properties":{},"geometry":{"type":"LineString","coordinates":[[109.31015,45.7973],[109.30994,45.79744],[109.30969,45.79759],[109.30923,45.79788],[109.30886,45.79811],[109.30851,45.79836],[109.30539,45.80076],[109.3051,45.801],[109.30389,45.80192],[109.30184,45.8035],[109.29826,45.80626],[109.29772,45.80667],[109.29759,45.80678],[109.2975,45.80687],[109.29728,45.8071],[109.29692,45.80745],[109.29643,45.80792],[109.2963,45.80805],[109.29612,45.8082]]}},{"type":"Feature","properties":{},"geometry":{"type":"LineString","coordinates":[[109.29728,45.8071],[109.2975,45.80691],[109.29773,45.80673],[109.30855,45.79839],[109.30893,45.7981],[109.30923,45.79788]]}},{"type":"Feature","properties":{},"geometry":{"type":"LineString","coordinates":[[109.31417,45.79457],[109.31399,45.79478],[109.31389,45.79492],[109.3138,45.79509],[109.3137,45.79529],[109.31358,45.79547],[109.31345,45.79563],[109.31328,45.79577],[109.31236,45.79649]]}},{"type":"Feature","properties":{},"geometry":{"type":"LineString","coordinates":[[109.31094,45.79676],[109.31062,45.79697],[109.3104,45.79711],[109.31015,45.7973],[109.30968,45.79766],[109.30942,45.79787],[109.30873,45.7984],[109.29781,45.80681],[109.29752,45.80704],[109.2973,45.80722]]}},{"type":"Feature","properties":{},"geometry":{"type":"LineString","coordinates":[[109.30326,45.80233],[109.30348,45.80219],[109.30369,45.80206],[109.30389,45.80192]]}},{"type":"Feature","properties":{},"geometry":{"type":"LineString","coordinates":[[109.31165,45.79628],[109.3114,45.79644],[109.31124,45.79654],[109.31107,45.79665]]}},{"type":"Feature","properties":{},"geometry":{"type":"LineString","coordinates":[[109.31266,45.79505],[109.31175,45.79573],[109.31159,45.79585],[109.31146,45.79597],[109.31134,45.7961],[109.31119,45.79629]]}},{"type":"Feature","properties":{},"geometry":{"type":"LineString","coordinates":[[109.30539,45.80076],[109.3056,45.80058],[109.30579,45.80038],[109.30598,45.80013],[109.30611,45.79991],[109.30619,45.7997],[109.30626,45.79946],[109.3063,45.79919],[109.30634,45.79888],[109.30639,45.79867],[109.30647,45.79848],[109.30659,45.79829],[109.30672,45.79812],[109.30691,45.79791],[109.3071,45.79774],[109.30742,45.79747],[109.30884,45.79637]]}},{"type":"Feature","properties":{},"geometry":{"type":"LineString","coordinates":[[109.31493,45.79383],[109.31472,45.79401],[109.31437,45.79436],[109.31417,45.79457],[109.314,45.79472],[109.3139,45.79484],[109.31374,45.79503],[109.3136,45.7952],[109.31342,45.79535],[109.31299,45.79568]]}},{"type":"Feature","properties":{},"geometry":{"type":"LineString","coordinates":[[109.29767,45.80717],[109.29502,45.80921]]}},{"type":"Feature","properties":{},"geometry":{"type":"LineString","coordinates":[[109.30244,45.80367],[109.30498,45.8017]]}},{"type":"Feature","properties":{},"geometry":{"type":"LineString","coordinates":[[110.12696,44.917],[110.12656,44.91699],[110.12613,44.91698],[110.12582,44.91701],[110.12548,44.91708],[110.12534,44.91711],[110.12519,44.91714],[110.12496,44.91716],[110.12468,44.91715],[110.12439,44.91714],[110.12413,44.91711],[110.12352,44.91704],[110.12248,44.9169]]}},{"type":"Feature","properties":{},"geometry":{"type":"LineString","coordinates":[[110.15423,44.91233],[110.15392,44.91245],[110.15365,44.91255]]}},{"type":"Feature","properties":{},"geometry":{"type":"LineString","coordinates":[[110.133,44.91876],[110.13269,44.91893],[110.13239,44.91908],[110.13189,44.91931],[110.13172,44.91937],[110.13156,44.91943],[110.13125,44.91951]]}},{"type":"Feature","properties":{},"geometry":{"type":"LineString","coordinates":[[110.13802,44.917],[110.1378,44.91706],[110.13719,44.91718]]}},{"type":"Feature","properties":{},"geometry":{"type":"LineString","coordinates":[[110.13149,44.91892],[110.13174,44.91886],[110.13197,44.91882],[110.13216,44.91878],[110.13306,44.91853],[110.13321,44.91848],[110.13371,44.91829]]}},{"type":"Feature","properties":{},"geometry":{"type":"LineString","coordinates":[[110.13513,44.9177],[110.13541,44.91764],[110.13587,44.91754],[110.13611,44.91748]]}},{"type":"Feature","properties":{},"geometry":{"type":"LineString","coordinates":[[110.1342,44.91791],[110.13447,44.91785],[110.13536,44.9176]]}},{"type":"Feature","properties":{},"geometry":{"type":"LineString","coordinates":[[110.15282,44.91297],[110.15243,44.91309],[110.13923,44.9168],[110.13895,44.91688],[110.13872,44.91693],[110.13833,44.917]]}},{"type":"Feature","properties":{},"geometry":{"type":"LineString","coordinates":[[110.13342,44.9185],[110.133,44.91876],[110.13286,44.91884],[110.13202,44.91935],[110.13171,44.91954],[110.1315,44.91964],[110.13128,44.91973],[110.13112,44.91978],[110.1307,44.91991]]}},{"type":"Feature","properties":{},"geometry":{"type":"LineString","coordinates":[[110.13202,44.91935],[110.13178,44.91949],[110.13156,44.91958],[110.13134,44.91967],[110.13118,44.91972],[110.13068,44.91986]]}},{"type":"Feature","properties":{},"geometry":{"type":"LineString","coordinates":[[110.12721,44.92101],[110.12818,44.92042],[110.12847,44.92024],[110.1288,44.92006],[110.12932,44.91977],[110.12983,44.91949],[110.13014,44.91934],[110.13042,44.91923],[110.13072,44.91913],[110.13149,44.91892],[110.13348,44.91836],[110.13371,44.91829],[110.13394,44.91821],[110.13417,44.91812],[110.1347,44.91792],[110.13492,44.91784],[110.13517,44.91775]]}},{"type":"Feature","properties":{},"geometry":{"type":"LineString","coordinates":[[110.12798,44.92033],[110.12774,44.9204],[110.12743,44.92046],[110.12716,44.92053],[110.12497,44.92115]]}},{"type":"Feature","properties":{},"geometry":{"type":"LineString","coordinates":[[110.13392,44.91797],[110.13348,44.91806],[110.13307,44.91812],[110.13253,44.91819],[110.13214,44.91822],[110.13188,44.91821],[110.13164,44.91819],[110.13124,44.91813],[110.13094,44.91807],[110.12946,44.91776]]}},{"type":"Feature","properties":{},"geometry":{"type":"LineString","coordinates":[[110.15324,44.91281],[110.15284,44.91292],[110.15239,44.91305],[110.13833,44.917],[110.13806,44.91705],[110.13775,44.91712]]}},{"type":"Feature","properties":{},"geometry":{"type":"LineString","coordinates":[[110.13536,44.9178],[110.13508,44.91791],[110.13488,44.91802],[110.13473,44.91814],[110.13456,44.91827],[110.13308,44.91961]]}},{"type":"Feature","properties":{},"geometry":{"type":"LineString","coordinates":[[110.13263,44.92013],[110.134,44.91885],[110.13425,44.91863],[110.13454,44.91841],[110.13492,44.91813],[110.13516,44.91798],[110.13537,44.91787],[110.13558,44.91777],[110.13587,44.91766],[110.13623,44.91752],[110.13659,44.9174]]}},{"type":"Feature","properties":{},"geometry":{"type":"LineString","coordinates":[[110.13771,44.91696],[110.13688,44.91727]]}},{"type":"Feature","properties":{},"geometry":{"type":"LineString","coordinates":[[110.13072,44.91913],[110.13026,44.91927],[110.12999,44.91936],[110.12947,44.91957],[110.12924,44.91969],[110.129,44.91983],[110.12853,44.92011],[110.12832,44.92021],[110.12815,44.92027],[110.12798,44.92033]]}},{"type":"Feature","properties":{},"geometry":{"type":"LineString","coordinates":[[110.15384,44.91258],[110.1534,44.91271],[110.15272,44.9129],[110.15199,44.91311],[110.13919,44.91672],[110.13898,44.91678],[110.13871,44.91683],[110.13834,44.91691]]}},{"type":"Feature","properties":{},"geometry":{"type":"LineString","coordinates":[[110.13262,44.91853],[110.13374,44.91821],[110.13393,44.91814],[110.13422,44.91804],[110.13451,44.91794]]}},{"type":"Feature","properties":{},"geometry":{"type":"LineString","coordinates":[[110.13625,44.91745],[110.13646,44.91739],[110.1367,44.91735],[110.13693,44.9173],[110.13722,44.91723],[110.13753,44.91716],[110.13775,44.91712],[110.13801,44.91708],[110.13826,44.91705],[110.13858,44.91704],[110.13883,44.91703],[110.13901,44.91701],[110.1392,44.91698],[110.13937,44.91693],[110.13961,44.91686],[110.14003,44.91674],[110.14051,44.91661],[110.15068,44.91375],[110.1511,44.91362],[110.1515,44.91347],[110.15216,44.91321],[110.15282,44.91297],[110.15324,44.91281],[110.15384,44.91258],[110.15428,44.91242],[110.15457,44.91231],[110.15494,44.91218]]}},{"type":"Feature","properties":{},"geometry":{"type":"LineString","coordinates":[[110.13417,44.91812],[110.13385,44.91826],[110.13359,44.91839],[110.13342,44.9185],[110.13314,44.9187],[110.13287,44.91889],[110.13273,44.91899],[110.13169,44.91976],[110.1312,44.92014],[110.131,44.92027],[110.13083,44.92038]]}},{"type":"Feature","properties":{},"geometry":{"type":"LineString","coordinates":[[110.13287,44.91889],[110.13319,44.91871],[110.13347,44.91854],[110.13369,44.91843],[110.13387,44.91836],[110.13536,44.9178],[110.13582,44.91763],[110.13609,44.91754],[110.13659,44.9174],[110.13693,44.9173]]}},{"type":"Feature","properties":{},"geometry":{"type":"LineString","coordinates":[[110.13072,44.91996],[110.13101,44.91989],[110.13123,44.91982],[110.13141,44.91974],[110.13164,44.91964]]}},{"type":"Feature","properties":{},"geometry":{"type":"LineString","coordinates":[[110.15278,44.91282],[110.15247,44.91292],[110.13834,44.91691],[110.13802,44.917],[110.13775,44.91708],[110.13722,44.91723]]}},{"type":"Feature","properties":{},"geometry":{"type":"LineString","coordinates":[[110.13826,44.91705],[110.13848,44.91703],[110.13871,44.91698],[110.13892,44.91694],[110.13927,44.91685],[110.15168,44.91336],[110.15216,44.91321]]}},{"type":"Feature","properties":{},"geometry":{"type":"LineString","coordinates":[[110.13169,44.91976],[110.13145,44.91991],[110.13128,44.92],[110.1311,44.92008],[110.13093,44.92015],[110.13075,44.92021],[110.12985,44.92047]]}},{"type":"Feature","properties":{},"geometry":{"type":"LineString","coordinates":[[110.13273,44.91899],[110.13245,44.91917],[110.13164,44.91964],[110.13131,44.91982],[110.13108,44.91992],[110.13093,44.91997],[110.13075,44.92002]]}},{"type":"Feature","properties":{},"geometry":{"type":"LineString","coordinates":[[110.11891,44.91598],[110.12696,44.917],[110.12964,44.91741],[110.12998,44.91746],[110.13035,44.91754],[110.13073,44.91763],[110.13159,44.91784],[110.13195,44.91793],[110.13228,44.91799],[110.13263,44.91803],[110.13298,44.91804],[110.13332,44.91803],[110.13361,44.91801],[110.13392,44.91797],[110.1342,44.91791],[110.13468,44.91783],[110.13492,44.91777]]}},{"type":"Feature","properties":{},"geometry":{"type":"LineString","coordinates":[[110.14764,44.91398],[110.14826,44.91388],[110.14866,44.9138],[110.149,44.91373]]}},{"type":"Feature","properties":{},"geometry":{"type":"LineString","coordinates":[[110.15124,44.91295],[110.15102,44.91303],[110.15023,44.91336],[110.14971,44.91353]]}},{"type":"Feature","properties":{},"geometry":{"type":"LineString","coordinates":[[110.16102,44.91309],[110.16134,44.91311],[110.16161,44.91312],[110.16187,44.91312],[110.16211,44.9131],[110.16319,44.91301]]}},{"type":"Feature","properties":{},"geometry":{"type":"LineString","coordinates":[[110.14826,44.91388],[110.14848,44.91382],[110.14871,44.91375],[110.14896,44.91367],[110.14928,44.91354],[110.1496,44.91343],[110.14986,44.91334],[110.15124,44.91295],[110.15153,44.91287],[110.15225,44.91263],[110.15268,44.91253],[110.15296,44.91243],[110.15303,44.9124],[110.15317,44.91234],[110.15334,44.91225],[110.1534,44.91221],[110.1544,44.91156]]}},{"type":"Feature","properties":{},"geometry":{"type":"LineString","coordinates":[[110.14413,44.91497],[110.14673,44.91423],[110.14718,44.9141],[110.14764,44.91398]]}},{"type":"Feature","properties":{},"geometry":{"type":"LineString","coordinates":[[110.14166,44.91633],[110.14121,44.91648],[110.14063,44.9167],[110.14021,44.91688],[110.13993,44.91703],[110.13971,44.91719],[110.13953,44.91735],[110.13929,44.9176],[110.13911,44.91779],[110.13841,44.91847],[110.13817,44.91871],[110.13789,44.91904],[110.13776,44.91921],[110.13762,44.91941],[110.13755,44.91957],[110.13729,44.92011]]}},{"type":"Feature","properties":{},"geometry":{"type":"LineString","coordinates":[[110.1511,44.91362],[110.15151,44.9135],[110.15316,44.91303],[110.15347,44.91294],[110.15373,44.91288],[110.15399,44.91283],[110.15428,44.91278],[110.15451,44.91275],[110.15476,44.91273],[110.15543,44.91268],[110.15574,44.91268],[110.15596,44.91269],[110.15623,44.91271],[110.15649,44.91276],[110.15671,44.91281],[110.157,44.91291],[110.15725,44.913],[110.15749,44.91305],[110.15772,44.91309],[110.15794,44.91311],[110.15818,44.91312],[110.15841,44.91312],[110.1587,44.91309],[110.15978,44.91301],[110.16002,44.913],[110.16029,44.91301],[110.16055,44.91303],[110.16102,44.91309],[110.16162,44.91317]]}},{"type":"Feature","properties":{},"geometry":{"type":"LineString","coordinates":[[110.15034,44.91342],[110.15008,44.91348],[110.14968,44.91356],[110.1493,44.91364]]}},{"type":"Feature","properties":{},"geometry":{"type":"LineString","coordinates":[[110.16162,44.91317],[110.16196,44.91324],[110.16223,44.91328],[110.16245,44.91329],[110.16269,44.91329],[110.1629,44.91328],[110.16402,44.91319]]}},{"type":"Feature","properties":{},"geometry":{"type":"LineString","coordinates":[[110.13755,44.91929],[110.13771,44.91914],[110.13793,44.91894],[110.13817,44.91871]]}},{"type":"Feature","properties":{},"geometry":{"type":"LineString","coordinates":[[110.13961,44.91686],[110.13991,44.9168],[110.14024,44.91673],[110.14057,44.91664],[110.14166,44.91633],[110.14501,44.91539]]}},{"type":"Feature","properties":{},"geometry":{"type":"LineString","coordinates":[[110.13911,44.91779],[110.13893,44.91795],[110.13877,44.91804],[110.13859,44.91815],[110.13837,44.91825],[110.1382,44.91835],[110.13807,44.91844],[110.13796,44.91852],[110.1377,44.91877]]}},{"type":"Feature","properties":{},"geometry":{"type":"LineString","coordinates":[[110.15153,44.91287],[110.15182,44.91277],[110.15206,44.91267],[110.15228,44.91254],[110.15246,44.9124],[110.15263,44.91226],[110.15276,44.9121],[110.15289,44.91194],[110.15315,44.91154],[110.15329,44.91137],[110.15346,44.9112],[110.15365,44.91105],[110.15382,44.91095],[110.15406,44.9108],[110.15445,44.91055]]}},{"type":"Feature","properties":{},"geometry":{"type":"LineString","coordinates":[[110.15406,44.9108],[110.15423,44.91067],[110.15441,44.91051]]}},{"type":"Feature","properties":{},"geometry":{"type":"LineString","coordinates":[[110.15543,44.91268],[110.15595,44.91265]]}},{"type":"Feature","properties":{},"geometry":{"type":"LineString","coordinates":[[110.15729,44.91401],[110.15598,44.91333],[110.15577,44.91324],[110.1555,44.91316],[110.15523,44.9131],[110.15499,44.91306],[110.15469,44.91305],[110.15443,44.91304],[110.15414,44.91304],[110.15383,44.91306],[110.15351,44.91311],[110.15317,44.91317],[110.15183,44.91343],[110.15151,44.9135]]}},{"type":"Feature","properties":{},"geometry":{"type":"LineString","coordinates":[[110.15638,44.91177],[110.15682,44.91166],[110.15716,44.91159],[110.15751,44.91154],[110.15792,44.9115],[110.15836,44.91148],[110.16023,44.91146]]}},{"type":"Feature","properties":{},"geometry":{"type":"LineString","coordinates":[[110.13793,44.91894],[110.13768,44.91912],[110.13752,44.91923]]}},{"type":"Feature","properties":{},"geometry":{"type":"LineString","coordinates":[[110.13611,44.91748],[110.13625,44.91745],[110.13688,44.91727],[110.13719,44.91718],[110.15326,44.91266],[110.15365,44.91255],[110.15494,44.91218],[110.15568,44.91197],[110.15638,44.91177],[110.1576,44.9114],[110.15809,44.91129],[110.15847,44.91122],[110.15882,44.91118],[110.15932,44.91115],[110.16108,44.91104],[110.162,44.91098],[110.16271,44.91095],[110.16319,44.91094],[110.16353,44.91094],[110.1639,44.91095],[110.16438,44.91098],[110.16494,44.91102],[110.16578,44.91106],[110.16683,44.9111],[110.16733,44.91116],[110.16783,44.91123],[110.1682,44.9113],[110.16861,44.9114],[110.16907,44.91155],[110.16951,44.91172],[110.16985,44.91186],[110.17015,44.91202],[110.17047,44.91221],[110.17076,44.9124],[110.17101,44.91259],[110.17133,44.91286],[110.17151,44.91305],[110.17175,44.91331],[110.17196,44.91356],[110.1722,44.91387],[110.17239,44.91413],[110.17265,44.91446],[110.17285,44.91472],[110.17304,44.91496],[110.17317,44.9151],[110.17328,44.91521],[110.17335,44.91526],[110.17364,44.91554],[110.17392,44.91576],[110.1743,44.91603],[110.17459,44.91622],[110.17508,44.91651],[110.17582,44.91693],[110.1763,44.91722],[110.17701,44.91764],[110.17822,44.91834],[110.17925,44.91892],[110.18021,44.91949],[110.18069,44.91979],[110.18108,44.91999],[110.18251,44.92081],[110.1838,44.92156],[110.18942,44.92484],[110.18971,44.92501],[110.19169,44.92614],[110.19208,44.92636],[110.19237,44.92653],[110.19263,44.92665],[110.19297,44.92681],[110.19338,44.92699],[110.19386,44.92719],[110.19454,44.92743],[110.19565,44.92783],[110.19684,44.92824],[110.19855,44.92883],[110.19946,44.92914],[110.201,44.92968],[110.20296,44.93036],[110.20503,44.93108],[110.20592,44.9314],[110.20791,44.93209],[110.21007,44.93283],[110.21283,44.9338],[110.21531,44.93466],[110.21694,44.93536],[110.21769,44.93571],[110.21827,44.93603],[110.21908,44.93654],[110.21953,44.93685],[110.21993,44.93715],[110.22029,44.93746],[110.2206,44.93777],[110.22087,44.93807],[110.22119,44.93841],[110.2214,44.93868],[110.2217,44.93909],[110.22201,44.93955],[110.2222,44.9399],[110.22245,44.94045],[110.22267,44.94091],[110.22308,44.94182],[110.22358,44.943],[110.22419,44.94436],[110.22447,44.94489],[110.22467,44.94521],[110.22488,44.9455],[110.22526,44.94597],[110.22569,44.94644],[110.22603,44.94677],[110.22653,44.94718],[110.22719,44.94768],[110.22791,44.94817],[110.22839,44.94845],[110.22913,44.94881],[110.23,44.9492],[110.23106,44.94957],[110.23179,44.94977],[110.23297,44.95006],[110.23723,44.95105],[110.24157,44.95206],[110.24345,44.9525],[110.24506,44.95288],[110.24798,44.95354],[110.25111,44.95431],[110.25341,44.95483],[110.25415,44.95499],[110.25488,44.95523],[110.25599,44.95564],[110.25688,44.95606],[110.25925,44.95725],[110.26315,44.95915],[110.26612,44.96058],[110.2699,44.96247],[110.27571,44.9653],[110.27947,44.96716],[110.29619,44.97536],[110.31274,44.98345],[110.31378,44.98396],[110.31609,44.98511],[110.31676,44.98543],[110.31841,44.98624],[110.31919,44.9866],[110.31983,44.98688],[110.32043,44.98711],[110.3211,44.98732],[110.32974,44.98998],[110.33048,44.99021],[110.33107,44.99039]]}},{"type":"Feature","properties":{},"geometry":{"type":"LineString","coordinates":[[110.13929,44.9176],[110.13946,44.91746],[110.13963,44.91733],[110.13989,44.91717]]}},{"type":"Feature","properties":{},"geometry":{"type":"LineString","coordinates":[[110.16162,44.91317],[110.16198,44.91321],[110.16228,44.91323],[110.16256,44.91324],[110.16284,44.91323],[110.16307,44.91321],[110.16402,44.91313]]}},{"type":"Feature","properties":{},"geometry":{"type":"LineString","coordinates":[[110.15199,44.91311],[110.15223,44.91304],[110.15278,44.91282],[110.15303,44.91273],[110.15326,44.91266]]}},{"type":"Feature","properties":{},"geometry":{"type":"LineString","coordinates":[[110.15083,44.91321],[110.15133,44.91304],[110.15164,44.91292],[110.15185,44.91284],[110.15206,44.91278],[110.15372,44.91228],[110.15428,44.91212],[110.1547,44.91198],[110.15505,44.91181],[110.15549,44.91159],[110.1557,44.91147],[110.15619,44.91128],[110.15758,44.91081]]}},{"type":"Feature","properties":{},"geometry":{"type":"LineString","coordinates":[[110.14764,44.91398],[110.14726,44.91406],[110.14685,44.91415],[110.14656,44.91423],[110.1441,44.91493]]}},{"type":"Feature","properties":{},"geometry":{"type":"LineString","coordinates":[[110.15558,44.89631],[110.15621,44.89761],[110.15681,44.89866],[110.15694,44.89892],[110.15712,44.89933],[110.15738,44.89981],[110.16044,44.90583],[110.16072,44.90658],[110.16079,44.90729],[110.16079,44.9076],[110.16072,44.90804],[110.16059,44.90847],[110.16045,44.90878],[110.16027,44.90909],[110.16014,44.90929],[110.15996,44.90953],[110.1598,44.90972],[110.15961,44.90992],[110.15938,44.91015],[110.15914,44.91034],[110.15879,44.91061],[110.15843,44.91083],[110.15814,44.91098],[110.1578,44.91114],[110.15747,44.91127],[110.15723,44.91135],[110.15688,44.91147],[110.15643,44.9116],[110.15083,44.91321],[110.14971,44.91353],[110.1493,44.91364],[110.149,44.91373],[110.13897,44.91656],[110.13862,44.91666],[110.13839,44.91674],[110.13781,44.91694]]}},{"type":"Feature","properties":{},"geometry":{"type":"LineString","coordinates":[[108.95523,45.94048],[108.95522,45.94075],[108.9552,45.94089],[108.95517,45.94112],[108.95512,45.94132],[108.95501,45.94158],[108.9542,45.94367],[108.95399,45.94416],[108.95385,45.94454],[108.95366,45.9452],[108.95362,45.94539],[108.95359,45.94553],[108.95356,45.94581],[108.95355,45.9461],[108.95356,45.94627],[108.95358,45.94649],[108.95364,45.94686],[108.95365,45.94702],[108.95362,45.94722],[108.95354,45.94746],[108.95343,45.94771],[108.9534,45.94778],[108.95306,45.94843],[108.95275,45.94893],[108.95257,45.94928],[108.95243,45.94955],[108.9523,45.94973],[108.95205,45.95006],[108.95176,45.95038],[108.95147,45.95071],[108.94997,45.95242],[108.94969,45.95269],[108.94936,45.95294],[108.949,45.95318],[108.94862,45.95336],[108.9483,45.95347],[108.94803,45.95354],[108.94769,45.9536],[108.94733,45.95364],[108.947,45.95364],[108.94667,45.95362],[108.94536,45.95349],[108.94437,45.95338],[108.94267,45.95316]]}},{"type":"Feature","properties":{},"geometry":{"type":"LineString","coordinates":[[108.9362,45.95774],[108.93708,45.9576],[108.93892,45.9573],[108.94145,45.95689],[108.94256,45.9567],[108.94343,45.95655],[108.94408,45.95644],[108.94463,45.95632],[108.94504,45.95623],[108.94547,45.95609],[108.94588,45.95595],[108.94628,45.95579],[108.9467,45.95559],[108.94704,45.95542],[108.94739,45.95521],[108.94774,45.95497],[108.94802,45.95476],[108.94829,45.95454],[108.94855,45.9543],[108.94883,45.954],[108.94913,45.95366],[108.94961,45.95312],[108.95067,45.9519],[108.95265,45.94963],[108.9534,45.94875],[108.95348,45.94866],[108.95372,45.94839],[108.95429,45.94774],[108.95459,45.94749]]}},{"type":"Feature","properties":{},"geometry":{"type":"LineString","coordinates":[[108.95229,45.95025],[108.95275,45.94972],[108.95317,45.94924],[108.95433,45.9479],[108.95469,45.94748],[108.95525,45.94688],[108.95578,45.94645],[108.95634,45.9461],[108.95714,45.94571],[108.95851,45.945],[108.96233,45.94322],[108.96327,45.94277]]}},{"type":"Feature","properties":{},"geometry":{"type":"LineString","coordinates":[[108.95355,45.9461],[108.95353,45.94582],[108.95349,45.94566],[108.95344,45.94545],[108.95283,45.9436]]}},{"type":"Feature","properties":{},"geometry":{"type":"LineString","coordinates":[[108.95358,45.94649],[108.9536,45.94679],[108.95358,45.94702],[108.95354,45.94722],[108.95345,45.94748],[108.95336,45.94769],[108.95335,45.94771],[108.95322,45.94797],[108.95275,45.94893]]}},{"type":"Feature","properties":{},"geometry":{"type":"LineString","coordinates":[[108.95544,45.93174],[108.95542,45.93348],[108.95526,45.93947],[108.95525,45.93983],[108.95523,45.94048]]}},{"type":"Feature","properties":{},"geometry":{"type":"LineString","coordinates":[[108.95322,45.94797],[108.95326,45.94784],[108.95329,45.94769],[108.95329,45.94768],[108.95334,45.94742]]}},{"type":"Feature","properties":{},"geometry":{"type":"LineString","coordinates":[[108.94823,45.95445],[108.94854,45.95414],[108.94879,45.95387],[108.94904,45.95359],[108.94951,45.95306],[108.94973,45.9528],[108.95121,45.95111],[108.95218,45.95],[108.95241,45.94973],[108.95265,45.94947],[108.95299,45.94915]]}},{"type":"Feature","properties":{},"geometry":{"type":"LineString","coordinates":[[108.95067,45.9519],[108.95079,45.95174],[108.95089,45.95158],[108.95102,45.9514]]}},{"type":"Feature","properties":{},"geometry":{"type":"LineString","coordinates":[[108.9362,45.95774],[108.93673,45.95763],[108.93699,45.95757],[108.93743,45.95749],[108.93798,45.9574],[108.93997,45.95708],[108.94143,45.95684],[108.94268,45.95663],[108.94296,45.95658],[108.94342,45.95651],[108.94406,45.95639],[108.94461,45.95628],[108.94502,45.95618],[108.94544,45.95605],[108.94585,45.9559],[108.94624,45.95574],[108.94666,45.95555],[108.947,45.95538],[108.94735,45.95517],[108.94769,45.95494],[108.94797,45.95473],[108.94824,45.95451],[108.94849,45.95427],[108.94878,45.95397],[108.94907,45.95364],[108.94955,45.95309],[108.95102,45.9514],[108.95252,45.94968],[108.95299,45.94915],[108.95309,45.94904],[108.9534,45.94875]]}},{"type":"Feature","properties":{},"geometry":{"type":"LineString","coordinates":[[108.95282,45.94954],[108.95262,45.94979],[108.95244,45.95004],[108.95229,45.95025],[108.94974,45.95317],[108.94926,45.95372],[108.94896,45.95405],[108.94867,45.95436],[108.94841,45.95461],[108.94813,45.95483],[108.94785,45.95505],[108.9475,45.95528],[108.94714,45.9555],[108.94679,45.95568],[108.94636,45.95588],[108.94595,45.95604],[108.94553,45.95619],[108.9451,45.95632],[108.94468,45.95642],[108.94412,45.95654],[108.94347,45.95666],[108.94313,45.95671],[108.94266,45.95679],[108.94066,45.95712],[108.93886,45.95742],[108.93789,45.95758],[108.93763,45.95761],[108.93726,45.95766],[108.93659,45.95773]]}},{"type":"Feature","properties":{},"geometry":{"type":"LineString","coordinates":[[108.95551,45.93418],[108.9555,45.93396],[108.95548,45.93373],[108.95542,45.93348]]}},{"type":"Feature","properties":{},"geometry":{"type":"LineString","coordinates":[[108.95523,45.94048],[108.95525,45.9403],[108.95529,45.94007],[108.95533,45.93983],[108.95534,45.93964],[108.95551,45.93418],[108.95555,45.93311]]}},{"type":"Feature","properties":{},"geometry":{"type":"LineString","coordinates":[[108.95205,45.95006],[108.95214,45.94988],[108.95228,45.94966],[108.95242,45.94939],[108.95256,45.94911],[108.95317,45.94778]]}},{"type":"Feature","properties":{},"geometry":{"type":"LineString","coordinates":[[108.80989,46.00669],[108.80951,46.00693],[108.80917,46.00708],[108.80882,46.0072],[108.80855,46.00729],[108.80822,46.00736],[108.80786,46.00741],[108.80756,46.00742],[108.80726,46.00741],[108.80699,46.00739],[108.80409,46.00711],[108.80376,46.00708],[108.80349,46.00709],[108.80325,46.00711],[108.80285,46.00716],[108.80257,46.00723],[108.80226,46.00733],[108.80197,46.00744],[108.80172,46.00756],[108.80143,46.00773],[108.80118,46.0079],[108.80076,46.0082]]}},{"type":"Feature","properties":{},"geometry":{"type":"LineString","coordinates":[[108.79669,46.01598],[108.79694,46.01577],[108.79716,46.0156],[108.79737,46.01544],[108.8005,46.01326],[108.80917,46.00719],[108.80938,46.00706],[108.80956,46.00697],[108.80975,46.00686]]}},{"type":"Feature","properties":{},"geometry":{"type":"LineString","coordinates":[[108.79903,46.00921],[108.80017,46.00855],[108.80076,46.0082]]}},{"type":"Feature","properties":{},"geometry":{"type":"LineString","coordinates":[[108.80876,46.00762],[108.80984,46.00687]]}},{"type":"Feature","properties":{},"geometry":{"type":"LineString","coordinates":[[108.80917,46.00719],[108.80989,46.00669],[108.8105,46.00624],[108.81081,46.00598],[108.81108,46.00574],[108.81131,46.00552],[108.81153,46.00528]]}},{"type":"Feature","properties":{},"geometry":{"type":"LineString","coordinates":[[108.80076,46.0082],[108.79897,46.00948]]}},{"type":"Feature","properties":{},"geometry":{"type":"LineString","coordinates":[[108.79623,46.0163],[108.7965,46.01613],[108.79673,46.016],[108.79703,46.01581],[108.8006,46.01333],[108.80876,46.00762],[108.80894,46.00747],[108.80914,46.0073],[108.80936,46.00713]]}},{"type":"Feature","properties":{},"geometry":{"type":"LineString","coordinates":[[106.87334,47.90141],[106.87338,47.90107],[106.87349,47.90064],[106.8736,47.90041],[106.87373,47.90021],[106.87393,47.90003],[106.87417,47.89983],[106.87605,47.89869]]}},{"type":"Feature","properties":{},"geometry":{"type":"LineString","coordinates":[[106.87908,47.89909],[106.87559,47.90125],[106.87282,47.90292],[106.87232,47.90325],[106.87185,47.90354],[106.87153,47.90373],[106.87127,47.90395],[106.871,47.90422],[106.87077,47.90454],[106.87061,47.90481],[106.87055,47.90495],[106.87049,47.90512],[106.87046,47.9054]]}},{"type":"Feature","properties":{},"geometry":{"type":"LineString","coordinates":[[107.14022,47.79823],[107.14382,47.7985],[107.14435,47.79858],[107.14494,47.79869],[107.14545,47.79882],[107.1459,47.79897],[107.14723,47.79949],[107.14814,47.79971],[107.1491,47.79975],[107.15003,47.79966],[107.15091,47.79942],[107.15168,47.79906],[107.1523,47.79857],[107.15276,47.79801],[107.15422,47.79566],[107.1546,47.79507],[107.15501,47.7945],[107.15548,47.79394],[107.15601,47.79342],[107.15659,47.7929],[107.15721,47.79244],[107.15783,47.79196],[107.15845,47.79148],[107.15909,47.791],[107.15939,47.79077],[107.15977,47.79056],[107.16018,47.79039],[107.16061,47.79025],[107.1615,47.79008],[107.16301,47.78986]]}},{"type":"Feature","properties":{},"geometry":{"type":"LineString","coordinates":[[107.14013,47.79822],[107.14022,47.79823]]}},{"type":"Feature","properties":{},"geometry":{"type":"LineString","coordinates":[[107.14394,47.80119],[107.14341,47.80167],[107.14287,47.80219],[107.14228,47.80269],[107.14157,47.80311],[107.14072,47.80342],[107.13979,47.80358],[107.13884,47.80358],[107.13793,47.80341],[107.13711,47.80311],[107.13644,47.80269],[107.1359,47.80217],[107.13555,47.80161],[107.1354,47.80101],[107.13545,47.80039],[107.13572,47.7998],[107.13621,47.79926],[107.13687,47.79877],[107.1377,47.79843],[107.13864,47.79824],[107.13966,47.79821],[107.14013,47.79822]]}},{"type":"Feature","properties":{},"geometry":{"type":"LineString","coordinates":[[107.14397,47.80116],[107.14394,47.80119]]}},{"type":"Feature","properties":{},"geometry":{"type":"LineString","coordinates":[[107.15579,47.81669],[107.15609,47.81656]]}},{"type":"Feature","properties":{},"geometry":{"type":"LineString","coordinates":[[107.15609,47.81656],[107.1564,47.81644],[107.15673,47.81629],[107.15702,47.81616],[107.15732,47.81604],[107.15772,47.81588],[107.15811,47.81571],[107.15862,47.81549],[107.15924,47.81523],[107.15979,47.815],[107.16009,47.81488],[107.16039,47.81476],[107.16071,47.81465],[107.16106,47.81454],[107.16141,47.81445],[107.16183,47.81436],[107.16224,47.81428],[107.16263,47.81422],[107.16303,47.81417],[107.16344,47.81414],[107.16386,47.81412],[107.16428,47.81412],[107.1647,47.81413],[107.16515,47.81416],[107.16567,47.81421],[107.16598,47.81425],[107.16625,47.8143],[107.16658,47.81436],[107.16767,47.81459],[107.16871,47.8148],[107.16896,47.81485],[107.17016,47.8151],[107.1709,47.81525],[107.17128,47.81533]]}},{"type":"Feature","properties":{},"geometry":{"type":"LineString","coordinates":[[107.10581,47.86746],[107.10557,47.8679],[107.10502,47.8687],[107.1042,47.86954],[107.10314,47.87035],[107.10255,47.8707],[107.10172,47.87113],[107.10074,47.87153],[107.10008,47.87177],[107.09952,47.87197],[107.09895,47.87217],[107.09569,47.87331],[107.0919,47.87464],[107.09146,47.87478],[107.09105,47.87494],[107.09089,47.87499],[107.09039,47.8752],[107.08991,47.87543],[107.08926,47.87579],[107.08864,47.8762],[107.0868,47.87763],[107.0862,47.87802],[107.08578,47.87824],[107.08532,47.87847],[107.08454,47.87878],[107.08378,47.87902],[107.08261,47.87932],[107.08239,47.87938],[107.08204,47.87947],[107.081,47.87974],[107.08021,47.88001],[107.07956,47.88031],[107.0789,47.88072],[107.07838,47.88119],[107.078,47.88167],[107.07738,47.8826],[107.0767,47.88356],[107.0762,47.88393],[107.07569,47.88423],[107.0749,47.88449],[107.07405,47.88464],[107.07109,47.88471],[107.06963,47.88479],[107.06756,47.88503],[107.06564,47.88531],[107.05575,47.88699],[107.05401,47.88746],[107.05087,47.88871],[107.0494,47.8891],[107.0453,47.8895],[107.04441,47.88966],[107.04354,47.88988],[107.04248,47.89028],[107.04153,47.89077],[107.04073,47.89129],[107.04,47.89196],[107.03946,47.89267]]}},{"type":"Feature","properties":{},"geometry":{"type":"LineString","coordinates":[[107.10589,47.86732],[107.10581,47.86746]]}},{"type":"Feature","properties":{},"geometry":{"type":"LineString","coordinates":[[108.27952,47.65099],[108.27929,47.65075]]}},{"type":"Feature","properties":{},"geometry":{"type":"LineString","coordinates":[[108.33506,47.70716],[108.31271,47.68449],[108.29191,47.66364],[108.29089,47.66262],[108.28595,47.6576],[108.28105,47.65253],[108.27952,47.65099]]}},{"type":"Feature","properties":{},"geometry":{"type":"LineString","coordinates":[[105.25976,49.01329],[105.25926,49.01325]]}},{"type":"Feature","properties":{},"geometry":{"type":"LineString","coordinates":[[106.76475,48.64977],[106.76465,48.64929],[106.7645,48.6486],[106.76445,48.64839],[106.76435,48.64793],[106.76425,48.64738],[106.76415,48.64686],[106.76403,48.64631],[106.76388,48.64557],[106.76382,48.64508],[106.76378,48.64469],[106.76378,48.64417],[106.76379,48.64378],[106.7639,48.64296],[106.76403,48.6419],[106.76419,48.64041],[106.76433,48.63936],[106.76441,48.63863],[106.76445,48.63827],[106.76479,48.63545]]}},{"type":"Feature","properties":{},"geometry":{"type":"LineString","coordinates":[[106.76477,48.64987],[106.76475,48.64981],[106.76475,48.64977]]}},{"type":"Feature","properties":{},"geometry":{"type":"LineString","coordinates":[[106.66827,48.83858],[106.66838,48.83851]]}},{"type":"Feature","properties":{},"geometry":{"type":"LineString","coordinates":[[106.66055,48.84297],[106.66143,48.84251],[106.66232,48.842],[106.66407,48.84099],[106.66688,48.83942],[106.66827,48.83858]]}},{"type":"Feature","properties":{},"geometry":{"type":"LineString","coordinates":[[107.71101,47.46668],[107.71073,47.46672]]}},{"type":"Feature","properties":{},"geometry":{"type":"LineString","coordinates":[[108.27929,47.65075],[108.27716,47.64861],[108.27119,47.64276],[108.27057,47.64213]]}},{"type":"Feature","properties":{},"geometry":{"type":"LineString","coordinates":[[106.43984,49.23165],[106.43713,49.23241],[106.43665,49.23255],[106.43597,49.23275]]}},{"type":"Feature","properties":{},"geometry":{"type":"LineString","coordinates":[[106.78765,47.90856],[106.7879,47.90844],[106.78803,47.90837],[106.78816,47.9083],[106.78828,47.90826],[106.78843,47.90822],[106.7887,47.90817],[106.78903,47.90811],[106.78932,47.90807],[106.78969,47.90809],[106.79003,47.90812],[106.79077,47.90817]]}},{"type":"Feature","properties":{},"geometry":{"type":"LineString","coordinates":[[106.83014,47.9089],[106.82938,47.90889],[106.8278,47.9089],[106.81653,47.90899],[106.80183,47.90917],[106.80162,47.90917],[106.7908,47.9093],[106.7896,47.90931]]}},{"type":"Feature","properties":{},"geometry":{"type":"LineString","coordinates":[[106.78465,47.90895],[106.78246,47.90874],[106.76956,47.90748],[106.76872,47.9074]]}},{"type":"Feature","properties":{},"geometry":{"type":"LineString","coordinates":[[106.78587,47.90912],[106.78702,47.90928]]}},{"type":"Feature","properties":{},"geometry":{"type":"LineString","coordinates":[[106.78484,47.90897],[106.78639,47.90913]]}},{"type":"Feature","properties":{},"geometry":{"type":"LineString","coordinates":[[106.87634,47.90826],[106.87728,47.9082]]}},{"type":"Feature","properties":{},"geometry":{"type":"LineString","coordinates":[[106.87548,47.90831],[106.8762,47.90826]]}},{"type":"Feature","properties":{},"geometry":{"type":"LineString","coordinates":[[106.83064,47.90889],[106.83014,47.9089]]}},{"type":"Feature","properties":{},"geometry":{"type":"LineString","coordinates":[[106.7908,47.9093],[106.79186,47.90924]]}},{"type":"Feature","properties":{},"geometry":{"type":"LineString","coordinates":[[106.76559,47.90714],[106.76637,47.90718],[106.76743,47.90722]]}},{"type":"Feature","properties":{},"geometry":{"type":"LineString","coordinates":[[106.76447,47.90703],[106.76274,47.90677]]}},{"type":"Feature","properties":{},"geometry":{"type":"LineString","coordinates":[[106.7707,47.90764],[106.76941,47.9075],[106.76559,47.90714],[106.7651,47.90708],[106.76447,47.90703],[106.7467,47.90529],[106.74617,47.90524],[106.74575,47.90518],[106.7449,47.90504],[106.7441,47.90493]]}},{"type":"Feature","properties":{},"geometry":{"type":"LineString","coordinates":[[106.7896,47.90931],[106.78853,47.90932],[106.78803,47.90931],[106.78756,47.90928],[106.78718,47.90925],[106.78587,47.90912],[106.78575,47.90911],[106.78484,47.90897]]}},{"type":"Feature","properties":{},"geometry":{"type":"LineString","coordinates":[[106.89535,47.90797],[106.89639,47.90791]]}},{"type":"Feature","properties":{},"geometry":{"type":"LineString","coordinates":[[106.89107,47.90797],[106.89236,47.90795],[106.89298,47.90795]]}},{"type":"Feature","properties":{},"geometry":{"type":"LineString","coordinates":[[106.87911,47.90821],[106.88035,47.90826]]}},{"type":"Feature","properties":{},"geometry":{"type":"LineString","coordinates":[[106.89241,47.90801],[106.89353,47.90804]]}},{"type":"Feature","properties":{},"geometry":{"type":"LineString","coordinates":[[106.89023,47.90815],[106.89162,47.90806]]}},{"type":"Feature","properties":{},"geometry":{"type":"LineString","coordinates":[[106.88386,47.90818],[106.88066,47.90821],[106.87911,47.90821],[106.87729,47.90824],[106.87634,47.90826],[106.8762,47.90826],[106.85597,47.9085],[106.85574,47.9085],[106.85433,47.90852]]}},{"type":"Feature","properties":{},"geometry":{"type":"LineString","coordinates":[[106.89314,47.9079],[106.89354,47.90789],[106.89382,47.90789],[106.89415,47.90791],[106.89446,47.90793]]}},{"type":"Feature","properties":{},"geometry":{"type":"LineString","coordinates":[[106.89331,47.90795],[106.89407,47.90798]]}},{"type":"Feature","properties":{},"geometry":{"type":"LineString","coordinates":[[106.89387,47.90803],[106.89468,47.90798]]}},{"type":"Feature","properties":{},"geometry":{"type":"LineString","coordinates":[[106.89582,47.90801],[106.89494,47.90797]]}},{"type":"Feature","properties":{},"geometry":{"type":"LineString","coordinates":[[106.87729,47.90824],[106.87838,47.90818]]}},{"type":"Feature","properties":{},"geometry":{"type":"LineString","coordinates":[[106.87359,47.90819],[106.87491,47.90817]]}},{"type":"Feature","properties":{},"geometry":{"type":"LineString","coordinates":[[106.88104,47.90772],[106.88135,47.90768],[106.88166,47.90765],[106.88191,47.90764],[106.88355,47.9076],[106.88911,47.90754],[106.88932,47.90755],[106.88978,47.90758]]}},{"type":"Feature","properties":{},"geometry":{"type":"LineString","coordinates":[[106.88971,47.90764],[106.88944,47.90763],[106.88905,47.90762],[106.88852,47.90763],[106.88229,47.90771],[106.88185,47.90773],[106.88126,47.90777]]}},{"type":"Feature","properties":{},"geometry":{"type":"LineString","coordinates":[[106.89022,47.90772],[106.88971,47.90764],[106.8894,47.90759],[106.88916,47.90758],[106.88857,47.90758],[106.88482,47.90763],[106.88156,47.90769],[106.88133,47.90771],[106.88104,47.90772],[106.88076,47.90776],[106.88049,47.9078]]}},{"type":"Feature","properties":{},"geometry":{"type":"LineString","coordinates":[[106.88974,47.9077],[106.88932,47.90767],[106.88908,47.90766],[106.88825,47.90768],[106.88126,47.90777],[106.88108,47.90777],[106.88086,47.90779],[106.88041,47.90784]]}},{"type":"Feature","properties":{},"geometry":{"type":"LineString","coordinates":[[106.87961,47.90792],[106.87992,47.90789],[106.88041,47.90784],[106.88084,47.90782],[106.88879,47.90771],[106.88949,47.9077],[106.88974,47.9077],[106.89022,47.90772],[106.89069,47.90778]]}},{"type":"Feature","properties":{},"geometry":{"type":"LineString","coordinates":[[106.89038,47.90779],[106.88988,47.90776],[106.88958,47.90775],[106.881,47.90786],[106.88081,47.90787],[106.8803,47.90791]]}},{"type":"Feature","properties":{},"geometry":{"type":"LineString","coordinates":[[106.89127,47.90785],[106.89057,47.9078],[106.89038,47.90779],[106.88969,47.9078],[106.88116,47.90791],[106.8803,47.90791],[106.88011,47.90791],[106.87961,47.90792],[106.87913,47.90796]]}},{"type":"Feature","properties":{},"geometry":{"type":"LineString","coordinates":[[106.89096,47.90789],[106.89036,47.90784],[106.89007,47.90783],[106.88139,47.90795],[106.88031,47.90796],[106.87952,47.90797],[106.87925,47.90799],[106.8786,47.90805]]}},{"type":"Feature","properties":{},"geometry":{"type":"LineString","coordinates":[[106.85384,47.90864],[106.85311,47.9086],[106.85295,47.90858]]}},{"type":"Feature","properties":{},"geometry":{"type":"LineString","coordinates":[[106.85118,47.90872],[106.83712,47.9089],[106.83526,47.90895],[106.8342,47.909],[106.83367,47.90902],[106.8325,47.90908]]}},{"type":"Feature","properties":{},"geometry":{"type":"LineString","coordinates":[[106.85574,47.9085],[106.85491,47.90847]]}},{"type":"Feature","properties":{},"geometry":{"type":"LineString","coordinates":[[106.85597,47.9085],[106.85685,47.90844]]}},{"type":"Feature","properties":{},"geometry":{"type":"LineString","coordinates":[[106.83763,47.90861],[106.83812,47.90861],[106.85335,47.90843],[106.85385,47.90844]]}},{"type":"Feature","properties":{},"geometry":{"type":"LineString","coordinates":[[106.83556,47.90874],[106.8367,47.90868]]}},{"type":"Feature","properties":{},"geometry":{"type":"LineString","coordinates":[[106.83832,47.90855],[106.83903,47.90854],[106.85268,47.90839],[106.8529,47.90839],[106.85325,47.9084],[106.85385,47.90844],[106.85432,47.90847]]}},{"type":"Feature","properties":{},"geometry":{"type":"LineString","coordinates":[[106.88104,47.90831],[106.88067,47.9083],[106.88033,47.90831],[106.88011,47.9083],[106.87964,47.90827]]}},{"type":"Feature","properties":{},"geometry":{"type":"LineString","coordinates":[[106.85264,47.90859],[106.85236,47.9086],[106.85196,47.90863],[106.85175,47.90864],[106.83744,47.90881],[106.8368,47.90882],[106.83655,47.90881],[106.8358,47.90879]]}},{"type":"Feature","properties":{},"geometry":{"type":"LineString","coordinates":[[106.83476,47.90869],[106.83248,47.90871]]}},{"type":"Feature","properties":{},"geometry":{"type":"LineString","coordinates":[[106.74133,47.90461],[106.74265,47.90473],[106.74375,47.90484],[106.74488,47.90497],[106.74501,47.90498],[106.74614,47.90508],[106.74705,47.90518],[106.74736,47.90521],[106.76145,47.90659]]}},{"type":"Feature","properties":{},"geometry":{"type":"LineString","coordinates":[[106.76206,47.9067],[106.76121,47.90666],[106.76093,47.90664],[106.74764,47.90534],[106.74736,47.90531],[106.74665,47.90518]]}},{"type":"Feature","properties":{},"geometry":{"type":"LineString","coordinates":[[106.7488,47.90526],[106.74954,47.90527]]}},{"type":"Feature","properties":{},"geometry":{"type":"LineString","coordinates":[[106.7751,47.90748],[106.77555,47.90753],[106.77571,47.90754],[106.77618,47.90754],[106.77657,47.90755],[106.777,47.90758],[106.77774,47.90764],[106.7805,47.90793],[106.78072,47.90795],[106.78119,47.90795]]}},{"type":"Feature","properties":{},"geometry":{"type":"LineString","coordinates":[[106.77061,47.9074],[106.77437,47.90746],[106.7751,47.90748],[106.77603,47.90749],[106.77649,47.9075],[106.77688,47.90751],[106.7775,47.90757],[106.77893,47.90772],[106.78119,47.90795],[106.78235,47.90807]]}},{"type":"Feature","properties":{},"geometry":{"type":"LineString","coordinates":[[106.77006,47.90739],[106.77064,47.90744],[106.78312,47.90866],[106.78337,47.9087]]}},{"type":"Feature","properties":{},"geometry":{"type":"LineString","coordinates":[[106.78383,47.90877],[106.78337,47.9087],[106.78293,47.90862],[106.78268,47.90857],[106.78239,47.90854],[106.77105,47.90743],[106.77061,47.9074],[106.77006,47.90739],[106.76938,47.90736]]}},{"type":"Feature","properties":{},"geometry":{"type":"LineString","coordinates":[[106.78246,47.90874],[106.78358,47.9088]]}},{"type":"Feature","properties":{},"geometry":{"type":"LineString","coordinates":[[106.7842,47.90881],[106.78528,47.90897]]}},{"type":"Feature","properties":{},"geometry":{"type":"LineString","coordinates":[[106.76864,47.9073],[106.76832,47.90725],[106.76808,47.90719],[106.76771,47.90709],[106.76723,47.90691],[106.76691,47.90681],[106.76633,47.90666],[106.76593,47.9066],[106.76528,47.90651],[106.76458,47.90643],[106.7635,47.90632],[106.76341,47.90631]]}},{"type":"Feature","properties":{},"geometry":{"type":"LineString","coordinates":[[106.76125,47.90632],[106.76176,47.90647],[106.7621,47.90654]]}},{"type":"Feature","properties":{},"geometry":{"type":"LineString","coordinates":[[106.73651,47.90364],[106.73718,47.90369],[106.73786,47.90371],[106.73869,47.90374],[106.73969,47.90376],[106.74038,47.90378],[106.74117,47.90381]]}},{"type":"Feature","properties":{},"geometry":{"type":"LineString","coordinates":[[106.73266,47.90316],[106.73466,47.90335],[106.73613,47.90349],[106.73697,47.90355],[106.73807,47.9036],[106.73996,47.90369],[106.74053,47.90373],[106.74117,47.90381],[106.74175,47.90386],[106.74289,47.90398]]}},{"type":"Feature","properties":{},"geometry":{"type":"LineString","coordinates":[[106.69167,47.90296],[106.69204,47.90348]]}},{"type":"Feature","properties":{},"geometry":{"type":"LineString","coordinates":[[106.69146,47.90239],[106.69204,47.90348],[106.69242,47.90416],[106.69251,47.90434],[106.69262,47.90466]]}},{"type":"Feature","properties":{},"geometry":{"type":"LineString","coordinates":[[106.7291,47.90327],[106.72807,47.90317],[106.72643,47.90302],[106.72479,47.90286],[106.72368,47.90276],[106.72332,47.90274],[106.72276,47.90275],[106.72207,47.90278],[106.72153,47.90284],[106.72081,47.90295],[106.71986,47.90313],[106.71829,47.90343],[106.71642,47.90378],[106.715,47.90406],[106.71352,47.90434],[106.71162,47.90476],[106.7097,47.90519],[106.7077,47.90563],[106.70583,47.90604],[106.70405,47.90643],[106.70222,47.90684],[106.7003,47.90726],[106.69993,47.90734],[106.69945,47.90745],[106.69908,47.9075],[106.69866,47.90754],[106.69817,47.90757],[106.69775,47.90754],[106.69736,47.9075],[106.69699,47.90744],[106.69664,47.90735],[106.69628,47.90725],[106.69579,47.90706],[106.6948,47.90666],[106.6945,47.90653],[106.69422,47.90638],[106.69376,47.9061],[106.69344,47.90584],[106.69315,47.90556],[106.69298,47.90533],[106.69281,47.90502],[106.69262,47.90466],[106.69177,47.90313],[106.69167,47.90296],[106.69138,47.90241]]}},{"type":"Feature","properties":{},"geometry":{"type":"LineString","coordinates":[[106.74488,47.90497],[106.74438,47.90489],[106.74335,47.9047],[106.74224,47.9045],[106.74152,47.90438],[106.74061,47.90425],[106.73851,47.90396],[106.73708,47.90375],[106.73651,47.90364],[106.73583,47.90358],[106.73425,47.90344]]}},{"type":"Feature","properties":{},"geometry":{"type":"LineString","coordinates":[[106.74954,47.90527],[106.74863,47.90518],[106.74818,47.90515],[106.74742,47.90514],[106.74659,47.90511],[106.74614,47.90508]]}},{"type":"Feature","properties":{},"geometry":{"type":"LineString","coordinates":[[110.07021,44.5251],[110.07064,44.52496],[110.07107,44.52479],[110.07131,44.52469],[110.07162,44.52452],[110.07189,44.52434],[110.07219,44.52411],[110.07239,44.52391],[110.07261,44.52362],[110.07279,44.52338],[110.07629,44.51836],[110.08208,44.51005]]}},{"type":"Feature","properties":{},"geometry":{"type":"LineString","coordinates":[[110.0648,44.52348],[110.06475,44.52333],[110.06469,44.52312],[110.06462,44.52291],[110.06431,44.52217],[110.06076,44.51391],[110.06069,44.51375],[110.06035,44.51295],[110.06016,44.51252],[110.0601,44.51238],[110.06004,44.51226],[110.05992,44.51208],[110.05982,44.51187]]}},{"type":"Feature","properties":{},"geometry":{"type":"LineString","coordinates":[[110.06214,44.516],[110.06149,44.51448],[110.06141,44.51434],[110.0613,44.51421],[110.06098,44.51385],[110.06075,44.51359],[110.06063,44.51344],[110.06053,44.51327],[110.06035,44.51295]]}},{"type":"Feature","properties":{},"geometry":{"type":"LineString","coordinates":[[110.06058,44.51387],[110.06072,44.51417],[110.06119,44.5153]]}},{"type":"Feature","properties":{},"geometry":{"type":"LineString","coordinates":[[110.06004,44.51226],[110.06024,44.51258],[110.06034,44.51274],[110.06046,44.51288],[110.06057,44.51298],[110.06073,44.51309],[110.06136,44.51347]]}},{"type":"Feature","properties":{},"geometry":{"type":"LineString","coordinates":[[110.06431,44.52217],[110.06422,44.52188],[110.06416,44.52168],[110.06409,44.52149],[110.06113,44.51459],[110.06106,44.51444],[110.06096,44.51427],[110.06086,44.5141],[110.06076,44.51391]]}},{"type":"Feature","properties":{},"geometry":{"type":"LineString","coordinates":[[110.06462,44.52291],[110.06488,44.52351],[110.06503,44.52378],[110.06516,44.52397],[110.06535,44.52419],[110.06562,44.52443],[110.06587,44.52462],[110.06618,44.5248],[110.0666,44.52501],[110.06704,44.52516],[110.06745,44.52526],[110.06792,44.52533],[110.06837,44.52536],[110.06884,44.52535],[110.06928,44.5253],[110.06975,44.5252],[110.07021,44.5251]]}},{"type":"Feature","properties":{},"geometry":{"type":"LineString","coordinates":[[110.0607,44.51426],[110.06065,44.51407],[110.06058,44.51387],[110.0605,44.51368],[110.06043,44.51351],[110.06039,44.51339],[110.06031,44.51308],[110.06023,44.51282]]}},{"type":"Feature","properties":{},"geometry":{"type":"LineString","coordinates":[[110.06041,44.51326],[110.06051,44.51344],[110.06061,44.51361],[110.06069,44.51375]]}},{"type":"Feature","properties":{},"geometry":{"type":"LineString","coordinates":[[110.07021,44.5251],[110.07223,44.52461],[110.07236,44.52458],[110.07608,44.52367],[110.07621,44.52364],[110.07643,44.52359]]}},{"type":"Feature","properties":{},"geometry":{"type":"LineString","coordinates":[[110.0607,44.51426],[110.06077,44.51455],[110.0608,44.51472],[110.06079,44.51486],[110.06079,44.51504],[110.06081,44.51522],[110.06084,44.51538],[110.0609,44.51555],[110.06135,44.51663]]}},{"type":"Feature","properties":{},"geometry":{"type":"LineString","coordinates":[[110.06108,44.51668],[110.06071,44.51585],[110.06065,44.51568],[110.06063,44.51554],[110.06061,44.51537],[110.06062,44.51525],[110.06065,44.51502],[110.0607,44.51486],[110.06073,44.51471],[110.06073,44.51457],[110.06073,44.51444],[110.0607,44.51426]]}},{"type":"Feature","properties":{},"geometry":{"type":"LineString","coordinates":[[108.35592,46.35949],[108.35523,46.36033],[108.35428,46.36148],[108.35396,46.36188],[108.35382,46.36203],[108.35333,46.36253],[108.35306,46.36285],[108.35028,46.36623],[108.3501,46.36643],[108.34993,46.36659],[108.34973,46.36679]]}},{"type":"Feature","properties":{},"geometry":{"type":"LineString","coordinates":[[108.35382,46.36203],[108.35413,46.36174],[108.35439,46.36145],[108.35532,46.36031]]}},{"type":"Feature","properties":{},"geometry":{"type":"LineString","coordinates":[[108.36032,46.34909],[108.36043,46.34889],[108.36065,46.34861],[108.36154,46.34766]]}},{"type":"Feature","properties":{},"geometry":{"type":"LineString","coordinates":[[108.36287,46.34969],[108.36307,46.3494],[108.36332,46.34902],[108.36361,46.34861]]}},{"type":"Feature","properties":{},"geometry":{"type":"LineString","coordinates":[[108.34449,46.34188],[108.34482,46.34205],[108.34517,46.34222],[108.35231,46.34525],[108.35326,46.3456]]}},{"type":"Feature","properties":{},"geometry":{"type":"LineString","coordinates":[[108.36651,46.34392],[108.36521,46.34538],[108.36474,46.34591],[108.3627,46.34826],[108.36236,46.34871],[108.36203,46.34926],[108.36181,46.34964],[108.36156,46.34999],[108.36116,46.35048],[108.36104,46.35063],[108.36091,46.35084],[108.36083,46.35103],[108.36077,46.35127]]}},{"type":"Feature","properties":{},"geometry":{"type":"LineString","coordinates":[[108.3578,46.34384],[108.35784,46.34341],[108.35793,46.34251],[108.358,46.34139]]}},{"type":"Feature","properties":{},"geometry":{"type":"LineString","coordinates":[[108.35782,46.34554],[108.35776,46.34531],[108.35766,46.34507],[108.35753,46.34488],[108.35733,46.34464],[108.3571,46.34443],[108.35691,46.34427],[108.3567,46.34415],[108.35639,46.344],[108.35206,46.34187]]}},{"type":"Feature","properties":{},"geometry":{"type":"LineString","coordinates":[[108.35793,46.34138],[108.3578,46.34327],[108.3578,46.34353],[108.3578,46.34384]]}},{"type":"Feature","properties":{},"geometry":{"type":"LineString","coordinates":[[108.35881,46.35543],[108.35893,46.35525],[108.35899,46.35509],[108.35905,46.35489],[108.35907,46.35476],[108.35907,46.35464],[108.35906,46.35451],[108.35904,46.35437],[108.35898,46.35417],[108.35891,46.35399],[108.35885,46.35385],[108.35874,46.35359],[108.35869,46.35344],[108.35866,46.35328],[108.35863,46.35296],[108.35858,46.3526],[108.35851,46.35204],[108.35844,46.35154],[108.35832,46.35068]]}},{"type":"Feature","properties":{},"geometry":{"type":"LineString","coordinates":[[108.3542,46.34437],[108.35732,46.34593],[108.35758,46.34608],[108.35783,46.34628],[108.35806,46.3465],[108.35824,46.34673],[108.35842,46.34696],[108.35855,46.34712]]}},{"type":"Feature","properties":{},"geometry":{"type":"LineString","coordinates":[[108.34633,46.36771],[108.34654,46.36784],[108.34675,46.36802],[108.34693,46.36822],[108.34708,46.36847],[108.34717,46.36872],[108.34722,46.36902],[108.34723,46.36928],[108.34722,46.36949]]}},{"type":"Feature","properties":{},"geometry":{"type":"LineString","coordinates":[[108.3598,46.34476],[108.35908,46.34621],[108.35892,46.34656],[108.35886,46.3467],[108.35881,46.34689],[108.35878,46.34711],[108.35879,46.3473],[108.35884,46.34747],[108.35893,46.34771],[108.35902,46.34791]]}},{"type":"Feature","properties":{},"geometry":{"type":"LineString","coordinates":[[108.3564,46.38416],[108.35491,46.38335],[108.35194,46.38171],[108.35172,46.38157],[108.35154,46.38144],[108.35136,46.38132]]}},{"type":"Feature","properties":{},"geometry":{"type":"LineString","coordinates":[[108.3512,46.38298],[108.34995,46.37991]]}},{"type":"Feature","properties":{},"geometry":{"type":"LineString","coordinates":[[108.2764,47.66504],[108.286,47.66745]]}},{"type":"Feature","properties":{},"geometry":{"type":"LineString","coordinates":[[108.29191,47.66364],[108.29213,47.66395],[108.29228,47.66425],[108.29244,47.66467],[108.2925,47.66517],[108.2925,47.66551],[108.29242,47.66593],[108.29222,47.6663],[108.29189,47.66668],[108.29153,47.66699],[108.291,47.66734],[108.29046,47.66757],[108.28984,47.66775],[108.28915,47.66788],[108.28849,47.66792],[108.28784,47.66786],[108.28724,47.66776],[108.286,47.66745],[108.28568,47.6673],[108.28532,47.66716],[108.28489,47.66704],[108.28449,47.66683],[108.28423,47.66661],[108.28387,47.66614],[108.28368,47.66588]]}},{"type":"Feature","properties":{},"geometry":{"type":"LineString","coordinates":[[108.28368,47.66588],[108.28342,47.66551],[108.28296,47.66514],[108.28239,47.66484],[108.28193,47.66468],[108.27767,47.66363]]}},{"type":"Feature","properties":{},"geometry":{"type":"LineString","coordinates":[[108.39815,47.62245],[108.39914,47.6225],[108.39971,47.62245],[108.40018,47.62234],[108.40069,47.62213],[108.40105,47.62187],[108.40137,47.62154],[108.40152,47.62121],[108.40156,47.6209],[108.40149,47.62056],[108.39977,47.61394]]}},{"type":"Feature","properties":{},"geometry":{"type":"LineString","coordinates":[[108.31192,47.66352],[108.30912,47.66326],[108.30825,47.66319],[108.3078,47.66318],[108.30738,47.66321],[108.30695,47.66327]]}},{"type":"Feature","properties":{},"geometry":{"type":"LineString","coordinates":[[108.27758,47.66413],[108.28291,47.66548],[108.28337,47.66564],[108.28368,47.66588]]}},{"type":"Feature","properties":{},"geometry":{"type":"LineString","coordinates":[[108.40208,47.61993],[108.40167,47.62097],[108.40155,47.62125],[108.40137,47.62154]]}},{"type":"Feature","properties":{},"geometry":{"type":"LineString","coordinates":[[108.28489,47.66704],[108.28443,47.66688],[108.28406,47.66669],[108.28367,47.66653],[108.28333,47.66643],[108.27792,47.66507]]}},{"type":"Feature","properties":{},"geometry":{"type":"LineString","coordinates":[[108.29089,47.66262],[108.29167,47.66326],[108.29246,47.6638],[108.2932,47.66419],[108.29373,47.66439],[108.29468,47.66471],[108.29554,47.66492],[108.29646,47.66505],[108.29746,47.66509],[108.29821,47.66508],[108.29928,47.665],[108.30004,47.66487],[108.30113,47.66462],[108.30695,47.66327],[108.33536,47.65671],[108.33633,47.65645],[108.33774,47.65602],[108.33915,47.65552],[108.34032,47.65507],[108.34165,47.6545],[108.34296,47.65385],[108.34586,47.65214],[108.35371,47.64739],[108.36128,47.64289],[108.36571,47.64024],[108.37446,47.63499],[108.38025,47.63155],[108.38697,47.62754],[108.39319,47.6238],[108.39421,47.6232],[108.3949,47.62286],[108.39539,47.62268],[108.39582,47.62256],[108.39631,47.62246],[108.39685,47.62243],[108.39746,47.62242],[108.39815,47.62245],[108.40053,47.62278],[108.4011,47.62288],[108.40153,47.62301],[108.40252,47.6234],[108.40363,47.62381],[108.40401,47.62395],[108.40678,47.62502],[108.40782,47.62538],[108.40885,47.62572]]}},{"type":"Feature","properties":{},"geometry":{"type":"LineString","coordinates":[[107.89617,47.42578],[107.89577,47.42573],[107.89544,47.42568],[107.89498,47.42564],[107.88393,47.42481],[107.88348,47.4248],[107.88315,47.4248],[107.88285,47.42479]]}},{"type":"Feature","properties":{},"geometry":{"type":"LineString","coordinates":[[107.88298,47.42474],[107.88342,47.42475],[107.88422,47.42475],[107.88511,47.42475]]}},{"type":"Feature","properties":{},"geometry":{"type":"LineString","coordinates":[[107.88511,47.42475],[107.88562,47.42477],[107.88605,47.4248],[107.88815,47.42495]]}},{"type":"Feature","properties":{},"geometry":{"type":"LineString","coordinates":[[107.88422,47.42475],[107.88471,47.42472],[107.88513,47.42469],[107.88585,47.42461]]}},{"type":"Feature","properties":{},"geometry":{"type":"LineString","coordinates":[[107.88163,47.42464],[107.88298,47.42474],[107.88393,47.42481]]}},{"type":"Feature","properties":{},"geometry":{"type":"LineString","coordinates":[[107.88511,47.42475],[107.8858,47.42474],[107.88654,47.42472]]}},{"type":"Feature","properties":{},"geometry":{"type":"LineString","coordinates":[[106.8367,47.90868],[106.85432,47.90847],[106.85491,47.90847],[106.85685,47.90844],[106.87466,47.90823],[106.87728,47.9082],[106.8774,47.90819]]}},{"type":"Feature","properties":{},"geometry":{"type":"LineString","coordinates":[[106.79214,47.89948],[106.79205,47.89905]]}},{"type":"Feature","properties":{},"geometry":{"type":"LineString","coordinates":[[106.77863,47.90841],[106.7707,47.90764]]}},{"type":"Feature","properties":{},"geometry":{"type":"LineString","coordinates":[[106.7707,47.90764],[106.76956,47.90748]]}},{"type":"Feature","properties":{},"geometry":{"type":"LineString","coordinates":[[106.76872,47.9074],[106.76676,47.90721],[106.76637,47.90718]]}},{"type":"Feature","properties":{},"geometry":{"type":"LineString","coordinates":[[106.76872,47.9074],[106.76758,47.90724]]}},{"type":"Feature","properties":{},"geometry":{"type":"LineString","coordinates":[[106.78465,47.90895],[106.78374,47.90881]]}},{"type":"Feature","properties":{},"geometry":{"type":"LineString","coordinates":[[106.78484,47.90897],[106.78465,47.90895]]}},{"type":"Feature","properties":{},"geometry":{"type":"LineString","coordinates":[[106.78639,47.90913],[106.78548,47.90899]]}},{"type":"Feature","properties":{},"geometry":{"type":"LineString","coordinates":[[106.74954,47.90527],[106.76012,47.90631],[106.76056,47.90637],[106.76166,47.90654],[106.762,47.9066],[106.7626,47.9067]]}},{"type":"Feature","properties":{},"geometry":{"type":"LineString","coordinates":[[106.74736,47.90521],[106.74767,47.90523],[106.74808,47.90524],[106.7488,47.90526]]}},{"type":"Feature","properties":{},"geometry":{"type":"LineString","coordinates":[[106.76369,47.90681],[106.76597,47.90703],[106.76864,47.9073],[106.76917,47.90735],[106.76938,47.90736],[106.78383,47.90877],[106.7842,47.90881]]}},{"type":"Feature","properties":{},"geometry":{"type":"LineString","coordinates":[[106.74501,47.90498],[106.746,47.90512]]}},{"type":"Feature","properties":{},"geometry":{"type":"LineString","coordinates":[[107.21488,47.61457],[107.2158,47.61418],[107.21645,47.61387],[107.21773,47.61327],[107.21945,47.61245],[107.2207,47.61186],[107.22307,47.61073],[107.22368,47.61044],[107.2241,47.61024],[107.22451,47.61001],[107.22491,47.60976],[107.22537,47.60945],[107.2264,47.60874],[107.2272,47.60817],[107.22746,47.608],[107.22772,47.60783],[107.2282,47.60757],[107.22894,47.60724],[107.22984,47.60686],[107.23039,47.60661],[107.23078,47.6064]]}},{"type":"Feature","properties":{},"geometry":{"type":"LineString","coordinates":[[107.19496,47.65506],[107.19441,47.65455],[107.19396,47.65419],[107.19333,47.6537],[107.19275,47.65324],[107.19192,47.65259],[107.19113,47.65197],[107.19044,47.65141],[107.19,47.65099],[107.18979,47.65076],[107.18941,47.65021],[107.18896,47.64948],[107.1885,47.64872],[107.18805,47.64799],[107.18764,47.64729],[107.18727,47.64666],[107.18698,47.64631]]}},{"type":"Feature","properties":{},"geometry":{"type":"LineString","coordinates":[[107.20867,47.69881],[107.20793,47.6997],[107.20748,47.70009],[107.20711,47.70028],[107.20646,47.70079],[107.2052,47.70182],[107.20412,47.70265],[107.20341,47.70321],[107.203,47.7036],[107.20273,47.704],[107.20237,47.70464],[107.20212,47.7052],[107.20195,47.70589],[107.20192,47.70619],[107.20196,47.7065],[107.20218,47.70783],[107.20227,47.70844]]}},{"type":"Feature","properties":{},"geometry":{"type":"LineString","coordinates":[[107.20921,47.71439],[107.2103,47.71305],[107.21083,47.7121],[107.21097,47.71169],[107.21109,47.71121],[107.21116,47.71059],[107.21114,47.71002],[107.21093,47.70913],[107.2107,47.70866],[107.21017,47.70783],[107.20911,47.70617],[107.2081,47.70463],[107.20782,47.70417],[107.20764,47.70381],[107.20746,47.7034],[107.20733,47.70302],[107.2073,47.70268],[107.20726,47.70244],[107.20725,47.70209],[107.20728,47.70172],[107.20733,47.7014],[107.20741,47.70101],[107.20757,47.70061],[107.20779,47.70019],[107.20807,47.69971],[107.20867,47.69881],[107.20891,47.69852]]}},{"type":"Feature","properties":{},"geometry":{"type":"LineString","coordinates":[[107.20925,47.69802],[107.20885,47.69876],[107.20845,47.6995],[107.20801,47.70029],[107.20788,47.70052],[107.20769,47.70093],[107.20757,47.70138],[107.20748,47.70186],[107.20748,47.70241],[107.20756,47.70292],[107.2077,47.70345],[107.20795,47.70399],[107.20816,47.70437],[107.20853,47.70492],[107.20892,47.70551],[107.20934,47.70618],[107.21052,47.70793],[107.21098,47.70872],[107.21122,47.70929],[107.21135,47.70984],[107.21141,47.71048],[107.21137,47.71104],[107.21119,47.7118],[107.21093,47.71241],[107.21045,47.71316],[107.20971,47.71394],[107.20928,47.71439],[107.20901,47.71473],[107.20881,47.71497],[107.20846,47.71533]]}},{"type":"Feature","properties":{},"geometry":{"type":"LineString","coordinates":[[106.88035,47.90826],[106.88066,47.90826],[106.88386,47.90823],[106.89023,47.90815],[106.89148,47.90813],[106.89163,47.90813],[106.89273,47.90806]]}},{"type":"Feature","properties":{},"geometry":{"type":"LineString","coordinates":[[106.87782,47.90817],[106.8786,47.90805],[106.87913,47.90796],[106.87973,47.90787],[106.87995,47.90785],[106.88049,47.9078],[106.88074,47.90773],[106.88124,47.90764],[106.88162,47.90759],[106.88222,47.90753],[106.88269,47.90749],[106.88319,47.90747],[106.88364,47.90747],[106.88388,47.90745],[106.88416,47.90743],[106.88436,47.90741],[106.8845,47.9074]]}},{"type":"Feature","properties":{},"geometry":{"type":"LineString","coordinates":[[106.90575,47.90741],[106.90772,47.90734],[106.90914,47.90733],[106.90957,47.90733],[106.90971,47.90733],[106.91029,47.90732],[106.91064,47.90734],[106.91118,47.90743]]}},{"type":"Feature","properties":{},"geometry":{"type":"LineString","coordinates":[[106.89229,47.90791],[106.8928,47.9079],[106.89314,47.9079]]}},{"type":"Feature","properties":{},"geometry":{"type":"LineString","coordinates":[[106.89298,47.90795],[106.89331,47.90795]]}},{"type":"Feature","properties":{},"geometry":{"type":"LineString","coordinates":[[106.89331,47.90795],[106.89446,47.90793],[106.89639,47.90791],[106.89699,47.9079],[106.89729,47.90789],[106.8976,47.90786],[106.8982,47.9078],[106.89879,47.90775],[106.90007,47.90761],[106.90069,47.90753],[106.90144,47.9074],[106.90242,47.90724],[106.90291,47.90714]]}},{"type":"Feature","properties":{},"geometry":{"type":"LineString","coordinates":[[106.89854,47.90798],[106.89924,47.908],[106.89968,47.90805],[106.90016,47.90806],[106.90286,47.90803]]}},{"type":"Feature","properties":{},"geometry":{"type":"LineString","coordinates":[[106.14872,49.92364],[106.1481,49.92349]]}},{"type":"Feature","properties":{},"geometry":{"type":"LineString","coordinates":[[106.16133,49.92031],[106.16035,49.9208]]}},{"type":"Feature","properties":{},"geometry":{"type":"LineString","coordinates":[[106.15927,49.92147],[106.16133,49.92031],[106.16179,49.92006]]}},{"type":"Feature","properties":{},"geometry":{"type":"LineString","coordinates":[[106.15878,49.92175],[106.15853,49.92189],[106.15805,49.92216],[106.15735,49.92255],[106.15685,49.92282],[106.15647,49.92299],[106.1561,49.92314],[106.15561,49.92332],[106.15508,49.92349],[106.1546,49.92361],[106.15393,49.92375],[106.15342,49.92383],[106.15297,49.92388],[106.15232,49.92392],[106.15166,49.92394],[106.15104,49.92393],[106.15044,49.92388],[106.1497,49.9238],[106.1492,49.92372],[106.14872,49.92364]]}},{"type":"Feature","properties":{},"geometry":{"type":"LineString","coordinates":[[106.15957,49.92123],[106.15873,49.92163],[106.15801,49.92203],[106.15731,49.92244],[106.15685,49.92268],[106.15637,49.92291],[106.1557,49.92317],[106.1551,49.92336],[106.15454,49.92351],[106.1538,49.92365],[106.15306,49.92376],[106.1523,49.92383],[106.15139,49.92384],[106.15061,49.92379],[106.14986,49.92371],[106.14881,49.92355],[106.14846,49.9235],[106.14777,49.92343]]}},{"type":"Feature","properties":{},"geometry":{"type":"LineString","coordinates":[[106.14574,49.92316],[106.14684,49.92334],[106.14815,49.92354],[106.1485,49.9236],[106.14872,49.92364]]}},{"type":"Feature","properties":{},"geometry":{"type":"LineString","coordinates":[[106.92658,49.78447],[106.92589,49.78448],[106.92546,49.78446],[106.92441,49.78439],[106.92331,49.78432],[106.92206,49.78424],[106.92044,49.78414],[106.91917,49.78406],[106.91802,49.78399],[106.91714,49.78394],[106.91669,49.78392],[106.91568,49.78385],[106.91482,49.7838],[106.91359,49.78372],[106.91237,49.78365],[106.91122,49.78357],[106.91022,49.78351],[106.9093,49.78345],[106.90895,49.78343],[106.90861,49.7834],[106.90802,49.78333]]}},{"type":"Feature","properties":{},"geometry":{"type":"LineString","coordinates":[[107.09326,49.7226],[107.09393,49.7227]]}},{"type":"Feature","properties":{},"geometry":{"type":"LineString","coordinates":[[107.07067,49.73303],[107.07201,49.73222],[107.07278,49.73177],[107.07411,49.73097],[107.0752,49.73031],[107.07614,49.72975],[107.07729,49.72907],[107.07833,49.72843],[107.07925,49.72788],[107.08024,49.72727],[107.08132,49.72663],[107.0822,49.72611],[107.08312,49.72555],[107.08406,49.72501],[107.08468,49.72463],[107.08552,49.72412],[107.08613,49.72374],[107.08667,49.72341],[107.08726,49.72308],[107.08766,49.72288],[107.08808,49.7227],[107.08865,49.72252],[107.08934,49.72237],[107.08995,49.72228],[107.09047,49.72225],[107.09107,49.72225],[107.0916,49.72228],[107.09226,49.72237],[107.09291,49.72251],[107.09326,49.7226],[107.09466,49.72294],[107.09554,49.72315],[107.09595,49.72326],[107.09767,49.72367],[107.09917,49.72404]]}},{"type":"Feature","properties":{},"geometry":{"type":"LineString","coordinates":[[106.42024,49.83827],[106.41913,49.83834]]}},{"type":"Feature","properties":{},"geometry":{"type":"LineString","coordinates":[[106.41873,49.83844],[106.42024,49.83827],[106.42156,49.83812],[106.42273,49.83799],[106.42394,49.83785],[106.42578,49.83764],[106.4274,49.83746],[106.42852,49.83733],[106.42954,49.83721],[106.43099,49.83704],[106.43304,49.8368],[106.43484,49.83659],[106.4365,49.8364],[106.43717,49.83632],[106.4375,49.83627],[106.43799,49.83618]]}},{"type":"Feature","properties":{},"geometry":{"type":"LineString","coordinates":[[106.25742,49.90678],[106.25721,49.90688],[106.25689,49.90704],[106.25632,49.90732],[106.25583,49.90758],[106.25567,49.90766],[106.2552,49.90791],[106.24758,49.91098],[106.24723,49.91112],[106.24687,49.91124],[106.24651,49.91136],[106.24617,49.91146],[106.24581,49.91156],[106.24542,49.91165],[106.24503,49.91172],[106.24467,49.91179],[106.24426,49.91185],[106.24386,49.9119],[106.24346,49.91194],[106.24304,49.91196],[106.24263,49.91198],[106.24224,49.91199],[106.24139,49.91197],[106.24106,49.91196],[106.24076,49.91194],[106.23976,49.91185],[106.23943,49.91182],[106.23916,49.91179],[106.23865,49.91177]]}},{"type":"Feature","properties":{},"geometry":{"type":"LineString","coordinates":[[106.17878,49.9233],[106.17846,49.92392],[106.17828,49.9242],[106.17802,49.92459],[106.17762,49.92505],[106.17725,49.9254],[106.17683,49.92573],[106.17621,49.92616],[106.17533,49.92662],[106.17436,49.927],[106.17311,49.92734],[106.1722,49.9275],[106.1709,49.92763],[106.1696,49.92775],[106.16822,49.92788],[106.16663,49.92803],[106.16504,49.9282],[106.16366,49.92833],[106.16282,49.92841],[106.16216,49.92844]]}},{"type":"Feature","properties":{},"geometry":{"type":"LineString","coordinates":[[106.17936,49.922],[106.17916,49.92258],[106.17908,49.92277],[106.17891,49.92308]]}},{"type":"Feature","properties":{},"geometry":{"type":"LineString","coordinates":[[106.16006,49.92096],[106.15927,49.92147],[106.159,49.92163],[106.15878,49.92175],[106.15776,49.92245],[106.1572,49.92283],[106.15671,49.92318],[106.15641,49.92339],[106.15592,49.92382],[106.15574,49.92403],[106.15557,49.92427],[106.15544,49.92453],[106.15533,49.92483],[106.15526,49.92509],[106.15524,49.92534],[106.15524,49.92559],[106.15527,49.92586],[106.15535,49.92614],[106.15544,49.92639],[106.15561,49.92671],[106.15577,49.92693],[106.1559,49.92708],[106.15611,49.92728],[106.15628,49.92741],[106.15683,49.92777],[106.15717,49.92795],[106.15747,49.92809],[106.15781,49.92822],[106.15816,49.92834],[106.15864,49.92846],[106.15905,49.92853],[106.15944,49.92857],[106.15989,49.92858],[106.16038,49.92857],[106.16097,49.92854],[106.16151,49.92849],[106.16216,49.92844],[106.16568,49.92809],[106.16889,49.92777],[106.17115,49.92757],[106.17194,49.92749],[106.17273,49.92737],[106.17333,49.92724],[106.17407,49.92704],[106.17475,49.9268],[106.17557,49.92645],[106.17616,49.92613],[106.17669,49.92576],[106.17724,49.92532],[106.17758,49.92499],[106.17787,49.92465],[106.17823,49.92415],[106.17878,49.9233],[106.17891,49.92308],[106.17994,49.92144],[106.18008,49.92124],[106.18029,49.92099],[106.18048,49.92077],[106.1807,49.92055],[106.18096,49.92031],[106.18177,49.91962],[106.18275,49.91876],[106.18374,49.91796],[106.18435,49.91757],[106.18498,49.91727],[106.18523,49.91718],[106.18546,49.9171],[106.18577,49.91702],[106.18608,49.91694],[106.18635,49.91689],[106.18664,49.91684],[106.18684,49.91681],[106.18709,49.91678],[106.18731,49.91677],[106.18754,49.91676],[106.1878,49.91676],[106.18806,49.91677],[106.18834,49.91678],[106.18862,49.91681],[106.18888,49.91684],[106.18914,49.91688],[106.18938,49.91692],[106.18968,49.91699],[106.18988,49.91704],[106.19013,49.91712],[106.19125,49.91754],[106.19174,49.91769],[106.19265,49.91804],[106.19309,49.9182],[106.19353,49.91835],[106.19398,49.91848],[106.19448,49.91862],[106.1957,49.91892],[106.19733,49.9193],[106.19894,49.91967],[106.20004,49.91994],[106.20082,49.92008],[106.20148,49.92014],[106.20236,49.92018],[106.20335,49.92015],[106.20427,49.92006],[106.20514,49.9199],[106.20606,49.91964],[106.20725,49.9192],[106.20814,49.91873],[106.2096,49.91784],[106.21171,49.91655],[106.21257,49.91609],[106.21346,49.91565],[106.21459,49.91517],[106.21548,49.91482],[106.21649,49.91453],[106.21754,49.91429],[106.21873,49.91405],[106.221,49.91359],[106.22352,49.91308],[106.22692,49.9124],[106.22908,49.91195],[106.22994,49.91182],[106.23084,49.91171],[106.23143,49.91166],[106.23243,49.91161],[106.23438,49.91161],[106.2356,49.91165],[106.23738,49.91169],[106.23863,49.91172],[106.2387,49.91172],[106.24224,49.91178],[106.24262,49.91177],[106.24302,49.91176],[106.24342,49.91173],[106.2438,49.91169],[106.24419,49.91165],[106.24458,49.91159],[106.24494,49.91152],[106.24533,49.91145],[106.24569,49.91137],[106.24605,49.91127],[106.24639,49.91117],[106.24674,49.91106],[106.24709,49.91094],[106.24742,49.91081],[106.25742,49.90678],[106.25774,49.90665],[106.2582,49.90646],[106.25992,49.90578],[106.2609,49.90539],[106.26126,49.90523],[106.26158,49.90508],[106.26193,49.90491],[106.26224,49.90475],[106.26252,49.90458],[106.2628,49.90441],[106.2631,49.90421],[106.26343,49.90396],[106.26365,49.90379],[106.2639,49.90359],[106.26412,49.90339],[106.26427,49.90325],[106.26446,49.90305],[106.26466,49.90283],[106.26485,49.90259],[106.26501,49.90239],[106.26514,49.9022],[106.26533,49.90192],[106.26549,49.90162],[106.2656,49.9014],[106.2657,49.9012],[106.26578,49.90099],[106.26587,49.90074],[106.26594,49.90051],[106.266,49.90028],[106.26605,49.90001],[106.26609,49.89976],[106.26622,49.89895],[106.26626,49.89872],[106.26631,49.89854],[106.26637,49.89833],[106.26645,49.89812],[106.26653,49.89795],[106.26665,49.89772],[106.26678,49.89751],[106.26691,49.8973],[106.26709,49.89706],[106.26728,49.89685],[106.26751,49.89662],[106.26775,49.89638],[106.26803,49.89614],[106.26829,49.89594],[106.26866,49.8957],[106.26908,49.89543],[106.2699,49.89488],[106.27272,49.89307],[106.27619,49.89084],[106.27917,49.88893],[106.28287,49.88654],[106.2862,49.8844],[106.2869,49.88388],[106.28777,49.88292],[106.28823,49.88218],[106.28853,49.8812],[106.28855,49.88098],[106.28858,49.88075],[106.28871,49.87985],[106.28916,49.87674],[106.28948,49.87458],[106.28948,49.87451],[106.28974,49.87263],[106.28993,49.87105],[106.29025,49.86943],[106.29048,49.86887],[106.29118,49.86776],[106.29171,49.86714],[106.29221,49.86666],[106.29315,49.86594],[106.29453,49.86519],[106.2985,49.86324],[106.30218,49.86144],[106.30422,49.8604],[106.30502,49.85985],[106.30567,49.85925],[106.30621,49.85863],[106.30681,49.85745],[106.30749,49.85636],[106.3081,49.8557],[106.30904,49.85497],[106.30985,49.85454],[106.31362,49.85302],[106.31589,49.85206],[106.31773,49.8511],[106.3213,49.84891],[106.32255,49.84821],[106.32391,49.84725],[106.32534,49.84645],[106.32678,49.84585],[106.32835,49.84538],[106.33061,49.84479],[106.33219,49.84449],[106.33425,49.84418],[106.33822,49.84371],[106.34407,49.84295],[106.34553,49.84285],[106.34727,49.84283],[106.34882,49.84297],[106.34988,49.84316],[106.35479,49.84439],[106.35596,49.84467],[106.36043,49.84572],[106.36279,49.84625],[106.36424,49.84646],[106.3648,49.84652],[106.36538,49.84655],[106.3658,49.84655],[106.36621,49.84652],[106.36714,49.84637],[106.36819,49.84617],[106.37151,49.84523],[106.37534,49.84414],[106.37882,49.84314],[106.38041,49.84277],[106.38172,49.84262],[106.38386,49.84239],[106.38534,49.84222],[106.39083,49.84159],[106.39556,49.84106],[106.40058,49.84048],[106.40471,49.83998],[106.41607,49.83867],[106.41913,49.83834],[106.42069,49.83818],[106.42541,49.83763],[106.42883,49.83725],[106.43439,49.8366],[106.4375,49.83623],[106.43799,49.83618],[106.44003,49.83594],[106.44508,49.83534],[106.44639,49.83506],[106.44766,49.83467],[106.4493,49.83383],[106.45425,49.83103],[106.45578,49.83015],[106.45814,49.82882],[106.46197,49.82665],[106.46561,49.8246],[106.46663,49.82405],[106.46814,49.82335],[106.46955,49.82283],[106.47115,49.82227],[106.47607,49.82045],[106.47783,49.81984],[106.47924,49.8195],[106.48048,49.81933],[106.4819,49.8193],[106.48403,49.8195],[106.48488,49.81957],[106.48674,49.81978],[106.4881,49.81984],[106.49006,49.81977],[106.49518,49.81953],[106.49687,49.81944],[106.4985,49.81924],[106.49909,49.81913],[106.50076,49.81869],[106.50238,49.81805],[106.50296,49.81775],[106.50439,49.81676],[106.50645,49.81529],[106.50766,49.81442],[106.50891,49.81352],[106.50981,49.81288],[106.5109,49.81228],[106.51228,49.81171],[106.51359,49.81132],[106.5152,49.81101],[106.51612,49.81086],[106.52063,49.81013],[106.52214,49.80991],[106.52322,49.8098],[106.52425,49.80977],[106.52715,49.80985],[106.52898,49.80992],[106.52977,49.80992],[106.53062,49.80985],[106.53259,49.8095],[106.5346,49.8091],[106.53699,49.80862],[106.53854,49.80832],[106.5395,49.80814],[106.54031,49.80804],[106.54114,49.808],[106.54207,49.80803],[106.54447,49.80819],[106.54664,49.80838],[106.54917,49.80857],[106.55059,49.80852],[106.55218,49.80827],[106.5542,49.80784],[106.55621,49.80742],[106.55948,49.80675],[106.56058,49.80664],[106.56279,49.80661],[106.56699,49.80663],[106.56966,49.80663],[106.57093,49.80657],[106.57273,49.80635],[106.57508,49.80612],[106.57869,49.80573],[106.58244,49.80532],[106.58281,49.80528],[106.58476,49.80506],[106.58792,49.80474],[106.59146,49.80435],[106.59245,49.80424],[106.59448,49.80401],[106.5951,49.80392],[106.59576,49.80379],[106.59915,49.80305],[106.60377,49.8021],[106.60469,49.8019],[106.60568,49.80156],[106.60995,49.79976],[106.61285,49.7985],[106.61501,49.79761],[106.61822,49.79627],[106.62119,49.79499],[106.62251,49.79434],[106.62471,49.7934],[106.63034,49.79109],[106.63261,49.79013],[106.63658,49.78841],[106.64242,49.78607],[106.65062,49.78354],[106.65588,49.7824],[106.66102,49.78164],[106.67159,49.78077],[106.7096,49.77783],[106.72351,49.77675],[106.7352,49.77628],[106.74415,49.77583],[106.75447,49.7755],[106.76451,49.7761],[106.7808,49.77711],[106.79378,49.77794],[106.79797,49.77821],[106.80306,49.77853],[106.80661,49.77874],[106.81379,49.77915],[106.81728,49.77937],[106.82295,49.77972],[106.83207,49.78026],[106.83723,49.78059],[106.84098,49.78082],[106.84998,49.78137],[106.85639,49.78178],[106.86014,49.782],[106.86179,49.78214],[106.86278,49.78226],[106.86644,49.78282],[106.8724,49.78373],[106.87782,49.78453],[106.87896,49.78467],[106.88044,49.78473],[106.8815,49.78469],[106.88263,49.7846],[106.88388,49.78438],[106.89012,49.78306],[106.89167,49.78277],[106.89269,49.78264],[106.89376,49.78258],[106.89497,49.78254],[106.89597,49.78258],[106.89883,49.78278],[106.9024,49.78298],[106.90802,49.78333],[106.91485,49.78375],[106.9167,49.78387],[106.92288,49.78424],[106.92658,49.78447],[106.92778,49.78455],[106.93401,49.78492],[106.93509,49.78493],[106.93635,49.78487],[106.93773,49.78467],[106.93901,49.78437],[106.93998,49.78405],[106.94107,49.78362],[106.94222,49.783],[106.94313,49.78236],[106.94457,49.78121],[106.95497,49.77266],[106.95798,49.77022],[106.95907,49.76943],[106.96004,49.76888],[106.96096,49.76847],[106.96239,49.76801],[106.96384,49.76767],[106.96539,49.76747],[106.96695,49.76738],[106.97161,49.76718],[106.97583,49.767],[106.98398,49.76665],[106.99229,49.7663],[106.99849,49.76604],[107.00102,49.76592],[107.00224,49.76582],[107.00328,49.76565],[107.00411,49.76543],[107.00477,49.76522],[107.00719,49.7643],[107.01017,49.76318],[107.01241,49.76234],[107.01347,49.76203],[107.01466,49.76174],[107.01577,49.7616],[107.01774,49.76143],[107.02372,49.76095],[107.03398,49.76009],[107.03581,49.75991],[107.03754,49.75964],[107.03872,49.75939],[107.03987,49.75908],[107.04185,49.75846],[107.04529,49.7573],[107.05235,49.75498],[107.05354,49.75454],[107.05423,49.7543],[107.05475,49.75409],[107.05548,49.7537],[107.05597,49.75341],[107.05666,49.75285],[107.05722,49.75228],[107.05814,49.75116],[107.05889,49.75035],[107.05994,49.74947],[107.06071,49.74901],[107.06136,49.74865],[107.06231,49.74824],[107.0629,49.74803],[107.06346,49.74785],[107.06406,49.74768],[107.06478,49.74751],[107.06519,49.74743],[107.06695,49.74722],[107.07193,49.74669],[107.08355,49.74545],[107.08482,49.74524],[107.08593,49.74502],[107.08708,49.74474],[107.08853,49.74433],[107.09057,49.74363],[107.09272,49.74289],[107.0953,49.74202],[107.09663,49.74157],[107.09781,49.74126],[107.09876,49.74109],[107.09967,49.74099],[107.10082,49.74092],[107.10197,49.74095],[107.10304,49.74101],[107.10716,49.7412],[107.10835,49.74118],[107.10939,49.74109],[107.11004,49.74099],[107.11073,49.74083],[107.1119,49.74047],[107.11265,49.74017],[107.11351,49.7397],[107.11452,49.73895],[107.11787,49.73619],[107.11882,49.73522],[107.11896,49.73502],[107.1193,49.73452],[107.11946,49.73418],[107.11957,49.73383],[107.11964,49.73363],[107.11969,49.73344],[107.11973,49.73316],[107.11977,49.73289],[107.11975,49.73268],[107.11975,49.73247],[107.11969,49.73205],[107.11958,49.73166],[107.1194,49.73119],[107.11917,49.73078],[107.11897,49.73049],[107.11875,49.7302],[107.11837,49.72979],[107.11785,49.72934],[107.11736,49.72898],[107.11668,49.72858],[107.11618,49.72834],[107.11567,49.72814],[107.11492,49.7279],[107.11299,49.72738],[107.09556,49.72301],[107.09457,49.72287],[107.09393,49.7227],[107.09351,49.7226],[107.09236,49.72234],[107.09188,49.72226],[107.09126,49.7222],[107.0906,49.72219],[107.08975,49.72225],[107.08928,49.72233],[107.08865,49.72247],[107.0881,49.72264],[107.08757,49.72286],[107.08703,49.72313],[107.0864,49.72351],[107.08569,49.72393],[107.0853,49.72417],[107.08502,49.72433],[107.08325,49.7254],[107.0811,49.72669]]}},{"type":"Feature","properties":{},"geometry":{"type":"LineString","coordinates":[[106.71359,48.19285],[106.71326,48.19332],[106.71196,48.19598],[106.71179,48.1965],[106.71167,48.19689],[106.71156,48.19755],[106.71148,48.19823],[106.7115,48.19885],[106.71161,48.1996],[106.71188,48.20116],[106.71206,48.20168]]}},{"type":"Feature","properties":{},"geometry":{"type":"LineString","coordinates":[[106.71326,48.19332],[106.71391,48.19204]]}},{"type":"Feature","properties":{},"geometry":{"type":"LineString","coordinates":[[106.56171,48.05594],[106.56198,48.05616],[106.56222,48.05635],[106.56275,48.05687],[106.5668,48.06086],[106.57004,48.06409]]}},{"type":"Feature","properties":{},"geometry":{"type":"LineString","coordinates":[[106.56354,48.05785],[106.56381,48.05826],[106.56407,48.05875],[106.56416,48.05917],[106.56413,48.05958],[106.56354,48.06433]]}},{"type":"Feature","properties":{},"geometry":{"type":"LineString","coordinates":[[106.56472,48.05937],[106.56381,48.05826]]}},{"type":"Feature","properties":{},"geometry":{"type":"LineString","coordinates":[[106.56222,48.05635],[106.56096,48.0551],[106.56068,48.05472],[106.56051,48.05438],[106.56037,48.05394],[106.5602,48.05355],[106.56007,48.05336],[106.55983,48.05309],[106.55872,48.05206]]}},{"type":"Feature","properties":{},"geometry":{"type":"LineString","coordinates":[[105.98183,49.43879],[105.98179,49.43875],[105.98174,49.4387],[105.98144,49.43841],[105.97942,49.43636],[105.97806,49.435],[105.98062,49.43756],[105.97984,49.43675],[105.97981,49.43673],[105.97861,49.43549],[105.97839,49.43527],[105.97807,49.43492],[105.97795,49.43482],[105.97781,49.43473],[105.97749,49.43453],[105.97718,49.43427],[105.97712,49.43423],[105.97707,49.43418]]}},{"type":"Feature","properties":{},"geometry":{"type":"LineString","coordinates":[[105.98183,49.43879],[105.98144,49.43841]]}},{"type":"Feature","properties":{},"geometry":{"type":"LineString","coordinates":[[108.65688,46.13977],[108.657,46.13959],[108.65728,46.13932],[108.65801,46.13864],[108.659,46.13773],[108.65979,46.137],[108.66092,46.13597],[108.66268,46.13434],[108.66427,46.13286],[108.66593,46.13132],[108.66653,46.13078],[108.66698,46.13041],[108.66745,46.13007],[108.66784,46.1298],[108.66842,46.12945],[108.66894,46.12916],[108.66938,46.12895],[108.6698,46.12877]]}},{"type":"Feature","properties":{},"geometry":{"type":"LineString","coordinates":[[108.65728,46.13932],[108.65756,46.13902],[108.65782,46.13872],[108.65839,46.1382],[108.6594,46.13728],[108.66048,46.13628],[108.6615,46.13534],[108.66268,46.13424],[108.66342,46.13356],[108.66434,46.13271],[108.66543,46.13169],[108.66616,46.131],[108.66678,46.13048],[108.66728,46.13011],[108.66771,46.12981],[108.6683,46.12946],[108.66857,46.12931],[108.66894,46.12916]]}},{"type":"Feature","properties":{},"geometry":{"type":"LineString","coordinates":[[106.79099,47.91302],[106.79129,47.91336],[106.79165,47.91369],[106.79202,47.91393],[106.79235,47.9141],[106.79257,47.91418],[106.79281,47.91426],[106.79416,47.9146]]}},{"type":"Feature","properties":{},"geometry":{"type":"LineString","coordinates":[[106.86423,47.90805],[106.86344,47.90807],[106.86014,47.90803],[106.8598,47.90804],[106.85952,47.90806],[106.85914,47.90814],[106.85883,47.90819],[106.85849,47.9082],[106.85591,47.90821]]}},{"type":"Feature","properties":{},"geometry":{"type":"LineString","coordinates":[[106.87348,47.9082],[106.87261,47.90819],[106.87217,47.90819],[106.87124,47.90813],[106.86595,47.90806],[106.86488,47.90805],[106.86423,47.90805],[106.86026,47.90799]]}},{"type":"Feature","properties":{},"geometry":{"type":"LineString","coordinates":[[106.87287,47.90848],[106.87198,47.90843],[106.86323,47.90854],[106.85846,47.90861]]}},{"type":"Feature","properties":{},"geometry":{"type":"LineString","coordinates":[[106.85812,47.90875],[106.85873,47.90874],[106.85938,47.90872],[106.86251,47.9087],[106.86307,47.90869],[106.87002,47.90858],[106.87122,47.90857],[106.87237,47.90849],[106.87287,47.90848],[106.87331,47.90848]]}},{"type":"Feature","properties":{},"geometry":{"type":"LineString","coordinates":[[106.89909,47.90786],[106.90275,47.90781],[106.90352,47.90776]]}},{"type":"Feature","properties":{},"geometry":{"type":"LineString","coordinates":[[106.90957,47.90733],[106.90865,47.90744],[106.90777,47.90757],[106.90682,47.90771],[106.90582,47.90773],[106.90352,47.90776],[106.90326,47.90776],[106.90305,47.90776],[106.89979,47.90779],[106.89934,47.90783],[106.89909,47.90786],[106.89829,47.90792]]}},{"type":"Feature","properties":{},"geometry":{"type":"LineString","coordinates":[[106.9088,47.90689],[106.90822,47.90684],[106.90732,47.90685],[106.90585,47.90687],[106.90506,47.9069],[106.90457,47.90692]]}},{"type":"Feature","properties":{},"geometry":{"type":"LineString","coordinates":[[106.82636,47.9064],[106.82597,47.90629],[106.82562,47.90619],[106.82511,47.90611],[106.82458,47.90607],[106.82296,47.90604]]}},{"type":"Feature","properties":{},"geometry":{"type":"LineString","coordinates":[[106.82548,47.90604],[106.82465,47.90569],[106.82397,47.90543],[106.82374,47.90537],[106.82349,47.90532],[106.82333,47.9053],[106.82239,47.90531],[106.81994,47.90524]]}},{"type":"Feature","properties":{},"geometry":{"type":"LineString","coordinates":[[106.82457,47.90537],[106.82393,47.90506],[106.82361,47.90494],[106.82349,47.9049],[106.82315,47.90483],[106.82277,47.90479],[106.82201,47.90477],[106.81949,47.9047],[106.81919,47.90468],[106.81903,47.90464],[106.81843,47.90445],[106.81807,47.90436],[106.81792,47.90434],[106.81779,47.90433],[106.8176,47.90432],[106.81727,47.9043],[106.81674,47.90427]]}},{"type":"Feature","properties":{},"geometry":{"type":"LineString","coordinates":[[106.82771,47.90684],[106.82698,47.9066],[106.82636,47.9064],[106.82605,47.90628],[106.82589,47.90621],[106.82548,47.90604],[106.82504,47.90572],[106.82457,47.90537],[106.82382,47.90483],[106.82306,47.90424]]}},{"type":"Feature","properties":{},"geometry":{"type":"LineString","coordinates":[[106.82669,47.90665],[106.82629,47.90655],[106.82617,47.90654],[106.82598,47.90651],[106.82577,47.9065],[106.82268,47.90645],[106.82243,47.90644],[106.82015,47.9064]]}},{"type":"Feature","properties":{},"geometry":{"type":"LineString","coordinates":[[106.82291,47.9065],[106.82243,47.90644]]}},{"type":"Feature","properties":{},"geometry":{"type":"LineString","coordinates":[[106.82713,47.90671],[106.82669,47.90665],[106.82618,47.90658],[106.82596,47.90656],[106.82573,47.90655],[106.82291,47.9065],[106.82014,47.90646]]}},{"type":"Feature","properties":{},"geometry":{"type":"LineString","coordinates":[[106.7998,47.89455],[106.79877,47.89451],[106.7986,47.89451],[106.79792,47.89452],[106.79738,47.89459],[106.79691,47.89469],[106.79647,47.89486],[106.79606,47.89507],[106.7957,47.89532],[106.79548,47.89551]]}},{"type":"Feature","properties":{},"geometry":{"type":"LineString","coordinates":[[106.79473,47.89597],[106.79507,47.89579],[106.79525,47.89568],[106.79548,47.89551],[106.79618,47.89505],[106.7965,47.8949],[106.79684,47.89479],[106.79733,47.89474],[106.79871,47.89476],[106.79908,47.89475]]}},{"type":"Feature","properties":{},"geometry":{"type":"LineString","coordinates":[[106.79422,47.89616],[106.79473,47.89597],[106.79513,47.89583],[106.79558,47.89573],[106.79619,47.89562],[106.79798,47.89566]]}},{"type":"Feature","properties":{},"geometry":{"type":"LineString","coordinates":[[106.797,47.89603],[106.79576,47.89591],[106.79526,47.89591],[106.79504,47.89594],[106.79467,47.89604],[106.79422,47.89616],[106.794,47.89621],[106.79303,47.89647]]}},{"type":"Feature","properties":{},"geometry":{"type":"LineString","coordinates":[[106.76633,47.88935],[106.76715,47.88951],[106.76789,47.88968],[106.76894,47.88985],[106.77212,47.89034]]}},{"type":"Feature","properties":{},"geometry":{"type":"LineString","coordinates":[[106.75654,47.88619],[106.75594,47.88621],[106.75557,47.88626],[106.75545,47.88628],[106.75474,47.88652],[106.75282,47.88759]]}},{"type":"Feature","properties":{},"geometry":{"type":"LineString","coordinates":[[106.72278,47.89889],[106.73315,47.89997],[106.73422,47.90009],[106.7347,47.90014],[106.73515,47.90018],[106.73525,47.90019],[106.73543,47.90021],[106.73587,47.90029],[106.73615,47.90035],[106.73646,47.90047],[106.73688,47.90071],[106.73755,47.90128],[106.73772,47.90142],[106.73843,47.90201]]}},{"type":"Feature","properties":{},"geometry":{"type":"LineString","coordinates":[[106.77083,47.88741],[106.76272,47.88671],[106.76207,47.88666],[106.76097,47.88656],[106.75819,47.88632],[106.75768,47.88628],[106.75754,47.88627],[106.75716,47.88624],[106.75654,47.88619],[106.75572,47.88613],[106.7541,47.88599]]}},{"type":"Feature","properties":{},"geometry":{"type":"LineString","coordinates":[[106.55089,47.78795],[106.55116,47.7879],[106.55152,47.78781],[106.55183,47.78769],[106.55255,47.78758],[106.55324,47.78751],[106.5534,47.78749],[106.5535,47.78748],[106.55438,47.78747],[106.55504,47.78748],[106.55543,47.78752],[106.56235,47.7885],[106.56526,47.78895],[106.56641,47.78924],[106.56711,47.7895],[106.56855,47.79048],[106.57019,47.79167],[106.57187,47.79296],[106.57283,47.79346],[106.57377,47.79374],[106.57533,47.79391],[106.57927,47.79435],[106.58017,47.79454],[106.58124,47.79484],[106.58197,47.7951],[106.58219,47.79517],[106.58713,47.79723],[106.58801,47.79764],[106.58854,47.79794],[106.58914,47.7984],[106.59234,47.8016],[106.59319,47.8024],[106.59462,47.80358],[106.59526,47.80395],[106.59528,47.80396],[106.59876,47.80572],[106.60033,47.80651],[106.60136,47.80706],[106.60186,47.8073],[106.60938,47.81101],[106.60981,47.81122],[106.61017,47.81141],[106.61042,47.81154],[106.61065,47.81165],[106.61184,47.81225],[106.61227,47.81249],[106.61266,47.81278],[106.61298,47.81302],[106.61328,47.81327],[106.61358,47.81359],[106.61391,47.814],[106.61424,47.81445],[106.61692,47.81811],[106.62017,47.82262],[106.62047,47.82303],[106.62079,47.82348]]}},{"type":"Feature","properties":{},"geometry":{"type":"LineString","coordinates":[[107.0811,49.72669],[107.078,49.72853],[107.07066,49.73294]]}},{"type":"Feature","properties":{},"geometry":{"type":"LineString","coordinates":[[108.37743,47.76932],[108.37543,47.76677],[108.3752,47.76648],[108.37438,47.76545],[108.37422,47.7652],[108.37402,47.7649],[108.37355,47.7643],[108.37319,47.76385],[108.37291,47.76349],[108.37234,47.76276],[108.36676,47.7557],[108.36585,47.75455],[108.36558,47.7542],[108.36542,47.75401],[108.36509,47.75358],[108.36422,47.75248],[108.35772,47.74426],[108.35753,47.74402],[108.3572,47.74355],[108.35693,47.74321],[108.35644,47.74262],[108.35621,47.74235],[108.35074,47.73541],[108.35039,47.73496],[108.35003,47.73444],[108.34962,47.73382],[108.34936,47.73338],[108.3492,47.73305],[108.34899,47.73264],[108.34877,47.73216],[108.34027,47.71362],[108.33996,47.71302],[108.33969,47.71255],[108.33932,47.71194],[108.33903,47.7115],[108.33857,47.71088],[108.33822,47.71044],[108.33781,47.70996],[108.33738,47.70948],[108.33548,47.70759]]}},{"type":"Feature","properties":{},"geometry":{"type":"LineString","coordinates":[[108.526,46.20675],[108.52568,46.20697],[108.52535,46.20721],[108.52456,46.20779],[108.52433,46.20803],[108.52396,46.20857],[108.52374,46.20884],[108.52332,46.20923],[108.5231,46.2094],[108.52264,46.20972],[108.52222,46.21007],[108.52142,46.21076],[108.52094,46.21113],[108.52,46.21176],[108.51957,46.21204],[108.51918,46.2123],[108.51875,46.21259],[108.5183,46.21291],[108.51783,46.21322],[108.51754,46.21341],[108.51725,46.2136],[108.51692,46.21382],[108.51654,46.21411],[108.51621,46.21446],[108.51604,46.21472],[108.51576,46.21518],[108.51552,46.21562]]}},{"type":"Feature","properties":{},"geometry":{"type":"LineString","coordinates":[[108.52264,46.20972],[108.52214,46.21004],[108.52198,46.21017],[108.52142,46.21062],[108.51837,46.21271],[108.51714,46.21353],[108.51659,46.21392],[108.51622,46.21424],[108.51606,46.21447],[108.51584,46.21481],[108.51542,46.21555],[108.51538,46.21562],[108.51501,46.21627],[108.51475,46.21677]]}},{"type":"Feature","properties":{},"geometry":{"type":"LineString","coordinates":[[107.20901,47.71473],[107.2103,47.71348],[107.21081,47.71277],[107.21122,47.71205],[107.2114,47.71153],[107.21149,47.71093],[107.2115,47.71041],[107.21143,47.70972],[107.21128,47.70921],[107.21101,47.70862],[107.2103,47.70749],[107.2097,47.70663],[107.20877,47.7052],[107.20816,47.70421],[107.20806,47.70394],[107.20801,47.70374],[107.20799,47.70361],[107.20797,47.7034],[107.20799,47.7032],[107.20803,47.70294],[107.2081,47.70268],[107.20827,47.70232],[107.20862,47.70171],[107.20876,47.70144],[107.20886,47.70126],[107.20901,47.70098],[107.2093,47.70043],[107.20972,47.6997],[107.21003,47.69912],[107.2103,47.69865],[107.21077,47.69778],[107.21104,47.69728]]}},{"type":"Feature","properties":{},"geometry":{"type":"LineString","coordinates":[[107.20886,47.70126],[107.20899,47.70097],[107.20918,47.70046],[107.20956,47.69953],[107.20997,47.69847],[107.21022,47.69784],[107.21034,47.69758],[107.21055,47.69718],[107.211,47.69637],[107.21109,47.69619],[107.21115,47.69604],[107.2112,47.69587],[107.21122,47.69564],[107.21122,47.69545],[107.2112,47.69527],[107.21116,47.6951],[107.2111,47.69496],[107.211,47.69475],[107.2109,47.69459],[107.21072,47.69437],[107.21056,47.69421],[107.21037,47.69405],[107.21019,47.69393],[107.20999,47.69381],[107.20981,47.69372],[107.20932,47.6935],[107.20883,47.69327],[107.2087,47.6932],[107.20849,47.69308],[107.20832,47.69296],[107.20814,47.69278],[107.20798,47.69259],[107.20787,47.69242],[107.20777,47.69216],[107.20773,47.69197],[107.20772,47.69181],[107.20774,47.69158],[107.2078,47.69139],[107.20788,47.6912],[107.20802,47.69098],[107.20869,47.6899],[107.20892,47.68959],[107.20909,47.68941],[107.20925,47.68928],[107.20947,47.68913],[107.20976,47.68898],[107.21003,47.68888],[107.21035,47.68879],[107.21068,47.68872],[107.21105,47.68869],[107.21148,47.68869],[107.21188,47.68874],[107.21231,47.68884],[107.21269,47.68898],[107.21297,47.68912],[107.21322,47.68929],[107.21345,47.6895],[107.21365,47.68975],[107.21383,47.68997],[107.21406,47.69028],[107.21446,47.69079],[107.21489,47.69138],[107.21551,47.69219],[107.21563,47.69234],[107.21602,47.69286],[107.21659,47.6936],[107.21677,47.69382],[107.21706,47.69421]]}},{"type":"Feature","properties":{},"geometry":{"type":"LineString","coordinates":[[107.21563,47.69234],[107.21571,47.6925],[107.21587,47.69275],[107.216,47.69292],[107.21647,47.69354],[107.21658,47.69366],[107.21677,47.69382]]}},{"type":"Feature","properties":{},"geometry":{"type":"LineString","coordinates":[[107.21383,47.68997],[107.21392,47.69012],[107.21405,47.69036],[107.21415,47.69059],[107.2142,47.69078],[107.21423,47.69099],[107.21422,47.6912],[107.21418,47.69143],[107.21405,47.69189],[107.21392,47.69234],[107.21376,47.69294],[107.21359,47.69354],[107.21345,47.69406],[107.21332,47.69455]]}},{"type":"Feature","properties":{},"geometry":{"type":"LineString","coordinates":[[107.20273,47.704],[107.20257,47.70439],[107.2025,47.70456],[107.20235,47.70498],[107.2023,47.70536],[107.20233,47.70567],[107.20259,47.70659],[107.20289,47.70759],[107.20317,47.70859]]}},{"type":"Feature","properties":{},"geometry":{"type":"LineString","coordinates":[[107.20257,47.70439],[107.20249,47.70471],[107.20242,47.70508],[107.2024,47.70538],[107.20243,47.70557],[107.20252,47.70581],[107.20269,47.70617],[107.20292,47.70663],[107.20332,47.70742],[107.20455,47.70978]]}},{"type":"Feature","properties":{},"geometry":{"type":"LineString","coordinates":[[107.11299,49.72738],[107.11385,49.72757],[107.11457,49.7277],[107.11492,49.72776],[107.11533,49.7278],[107.11574,49.72781],[107.11606,49.7278],[107.11647,49.72777],[107.11685,49.72771],[107.1172,49.72764],[107.11827,49.72735],[107.11906,49.72714],[107.12003,49.72688],[107.12038,49.72679],[107.12091,49.72671],[107.12246,49.72632],[107.12264,49.72626]]}},{"type":"Feature","properties":{},"geometry":{"type":"LineString","coordinates":[[107.11385,49.72757],[107.11487,49.7278],[107.11535,49.72791],[107.11596,49.728],[107.11637,49.72803],[107.11672,49.72804],[107.11704,49.72802],[107.11732,49.72797],[107.11795,49.72782],[107.12179,49.72682]]}},{"type":"Feature","properties":{},"geometry":{"type":"LineString","coordinates":[[107.11906,49.72714],[107.12,49.7268],[107.12068,49.72657],[107.12143,49.72631],[107.12254,49.72601],[107.12525,49.72529],[107.12626,49.72502]]}},{"type":"Feature","properties":{},"geometry":{"type":"LineString","coordinates":[[107.12143,49.72631],[107.12094,49.72642],[107.1174,49.72737]]}},{"type":"Feature","properties":{},"geometry":{"type":"LineString","coordinates":[[107.12091,49.72671],[107.11756,49.72761]]}},{"type":"Feature","properties":{},"geometry":{"type":"LineString","coordinates":[[107.11535,49.72791],[107.11645,49.72816],[107.11779,49.72848],[107.11881,49.72874],[107.12102,49.72931],[107.12327,49.72986],[107.12537,49.73039],[107.12708,49.73131],[107.12796,49.73197],[107.12875,49.73287],[107.12915,49.73365],[107.12939,49.73468],[107.13012,49.7377],[107.13017,49.73866],[107.13003,49.73937],[107.12967,49.74015],[107.12882,49.74165],[107.12784,49.74324],[107.12755,49.74396],[107.12745,49.74468],[107.12746,49.74534],[107.12841,49.74981],[107.12844,49.75057],[107.12842,49.75114],[107.1282,49.75262],[107.12779,49.7554],[107.12721,49.75967],[107.12723,49.76028],[107.12726,49.76089],[107.12739,49.76152],[107.12778,49.76264],[107.12823,49.76349],[107.12888,49.76427],[107.1299,49.76537],[107.13053,49.76591],[107.13176,49.76669],[107.13338,49.76773],[107.13438,49.76818],[107.1366,49.76891],[107.13776,49.76921],[107.13949,49.76964],[107.14113,49.77008],[107.14273,49.77054],[107.14409,49.77105],[107.14498,49.77134],[107.14618,49.77171],[107.14813,49.77214],[107.14956,49.77235],[107.15357,49.77297],[107.15548,49.77321],[107.15665,49.77335],[107.15826,49.77336],[107.15973,49.7733],[107.16138,49.77309],[107.1645,49.77238],[107.16626,49.77203],[107.16747,49.77166],[107.16867,49.77106],[107.16958,49.77047],[107.17017,49.76993],[107.17145,49.7683],[107.17295,49.76637],[107.17356,49.76566],[107.17421,49.76509],[107.17511,49.76447],[107.17589,49.76407],[107.17715,49.76352],[107.17839,49.76315],[107.18007,49.76281],[107.18145,49.76265],[107.18334,49.76256],[107.18522,49.76253],[107.18609,49.76247],[107.1877,49.76231],[107.18905,49.76209],[107.19029,49.76178],[107.19149,49.76143],[107.19279,49.76089],[107.19396,49.76036],[107.19582,49.75929],[107.19688,49.75862]]}},{"type":"Feature","properties":{},"geometry":{"type":"LineString","coordinates":[[111.94847,43.68919],[111.94688,43.69036],[111.94666,43.69053],[111.946,43.69106],[111.94554,43.69132],[111.94394,43.69246],[111.94301,43.69309],[111.94257,43.69337],[111.94207,43.69374],[111.94115,43.69442],[111.94007,43.69519],[111.93909,43.69594],[111.93867,43.69625],[111.93621,43.69809],[111.93555,43.69857],[111.93364,43.7],[111.93133,43.70171],[111.92991,43.70274],[111.92969,43.7029],[111.92862,43.70379],[111.92735,43.70487],[111.92707,43.7051],[111.92659,43.70549],[111.92469,43.70691],[111.92421,43.70726],[111.92303,43.7081],[111.92072,43.70981],[111.92025,43.71019],[111.91991,43.71048],[111.91952,43.71081],[111.91924,43.71108],[111.91888,43.71147],[111.91865,43.71175],[111.91831,43.7122],[111.91801,43.71265],[111.91781,43.71299],[111.91754,43.71356],[111.91733,43.71414],[111.91721,43.71448],[111.91716,43.71462],[111.9158,43.71946],[111.91548,43.72022],[111.91513,43.72078],[111.91487,43.72112],[111.91455,43.72145],[111.91424,43.72172],[111.91383,43.72203],[111.91326,43.72245],[111.91232,43.72315],[111.91197,43.72341],[111.91145,43.72379],[111.90277,43.73019],[111.90231,43.73054],[111.90202,43.73076]]}},{"type":"Feature","properties":{},"geometry":{"type":"LineString","coordinates":[[108.2827,46.56091],[108.28419,46.55878],[108.2845,46.5584],[108.28486,46.55811],[108.28522,46.55783],[108.28556,46.55765],[108.28598,46.55747],[108.2864,46.55731],[108.28685,46.5572],[108.28737,46.5571],[108.28792,46.55705],[108.28852,46.55706],[108.289,46.55709],[108.28942,46.55714],[108.28993,46.55726],[108.29088,46.55747],[108.29188,46.5577],[108.29283,46.55788],[108.29394,46.55813],[108.29529,46.55843],[108.29554,46.55848]]}},{"type":"Feature","properties":{},"geometry":{"type":"LineString","coordinates":[[108.27027,47.64183],[108.26859,47.64011],[108.26217,47.63359],[108.24251,47.61349],[108.19387,47.56377],[108.19065,47.56114],[108.18821,47.55948],[108.16277,47.54554],[108.16013,47.54495],[108.15682,47.54466],[108.1539,47.54505],[108.14775,47.54661],[108.14444,47.5469],[108.14161,47.54681],[108.1392,47.54629],[108.13708,47.54559],[108.13473,47.54456],[108.12725,47.5414],[108.11576,47.53651],[108.08791,47.52464],[108.01049,47.4916],[108.0099,47.49135],[108.00104,47.48756],[107.98379,47.48016],[107.97041,47.4744],[107.96451,47.47168],[107.96205,47.46978],[107.95926,47.46785],[107.91198,47.43053],[107.90891,47.4283],[107.90622,47.42699],[107.90424,47.42656],[107.90357,47.42643],[107.90286,47.42632],[107.90204,47.42622],[107.89617,47.42578],[107.8893,47.42528],[107.88285,47.42479],[107.88056,47.42461],[107.87963,47.42454],[107.86773,47.42364],[107.86289,47.42361],[107.85954,47.42399],[107.85632,47.42464],[107.78467,47.445],[107.77553,47.44762],[107.77113,47.44882],[107.76957,47.44915],[107.76821,47.44936],[107.76587,47.44966],[107.76263,47.45007],[107.76148,47.45026],[107.76014,47.45058],[107.75912,47.45092],[107.75806,47.45134],[107.75703,47.45184],[107.75618,47.45233],[107.75454,47.45338],[107.75361,47.45395],[107.75274,47.45442],[107.75159,47.45493],[107.73566,47.46083],[107.73149,47.46238],[107.72773,47.46357],[107.72431,47.46447],[107.71101,47.46668]]}},{"type":"Feature","properties":{},"geometry":{"type":"LineString","coordinates":[[108.27057,47.64213],[108.27027,47.64183]]}},{"type":"Feature","properties":{},"geometry":{"type":"LineString","coordinates":[[106.73549,47.89057],[106.73553,47.89075]]}},{"type":"Feature","properties":{},"geometry":{"type":"LineString","coordinates":[[106.73553,47.89075],[106.73579,47.89221],[106.73606,47.8937],[106.73628,47.89484],[106.73661,47.89677],[106.7367,47.89719],[106.73676,47.89758],[106.73724,47.90017],[106.73732,47.90047],[106.73744,47.90078],[106.73765,47.90111],[106.73798,47.90154],[106.73843,47.90201]]}},{"type":"Feature","properties":{},"geometry":{"type":"LineString","coordinates":[[107.21533,47.61435],[107.21592,47.61404],[107.21628,47.61384],[107.21673,47.61362],[107.21783,47.6131],[107.2188,47.61264],[107.22016,47.612],[107.22133,47.61146],[107.22218,47.61105],[107.22315,47.61059],[107.22369,47.61033],[107.22427,47.61004],[107.22465,47.6098],[107.22508,47.60952],[107.22562,47.60914],[107.22637,47.60862],[107.22706,47.60814],[107.22753,47.60782],[107.22779,47.60767],[107.22808,47.60752],[107.22848,47.60734],[107.22908,47.60707],[107.22955,47.60688],[107.22985,47.60678],[107.23016,47.60667]]}},{"type":"Feature","properties":{},"geometry":{"type":"LineString","coordinates":[[110.33517,44.99164],[110.33621,44.99186],[110.33668,44.99198],[110.33777,44.99235],[110.34023,44.9931],[110.34264,44.99384],[110.34686,44.99513],[110.35412,44.99738]]}},{"type":"Feature","properties":{},"geometry":{"type":"LineString","coordinates":[[110.33725,44.99209],[110.33804,44.99227],[110.34119,44.99297],[110.34192,44.99315],[110.34416,44.99383],[110.34826,44.99508],[110.35467,44.99706]]}},{"type":"Feature","properties":{},"geometry":{"type":"LineString","coordinates":[[110.33668,44.99198],[110.33725,44.99209],[110.3376,44.99214],[110.33839,44.99224],[110.34062,44.99255],[110.34166,44.99272],[110.34215,44.99285],[110.34474,44.99362],[110.35037,44.99536],[110.35487,44.99675]]}},{"type":"Feature","properties":{},"geometry":{"type":"LineString","coordinates":[[110.31378,44.98396],[110.31501,44.9845],[110.31522,44.9846],[110.31614,44.98506],[110.31849,44.98623],[110.31923,44.98657],[110.31986,44.98684],[110.32046,44.98706],[110.32112,44.98728],[110.32835,44.98949],[110.32921,44.98978],[110.32974,44.98998]]}},{"type":"Feature","properties":{},"geometry":{"type":"LineString","coordinates":[[110.31522,44.9846],[110.31595,44.98492],[110.31647,44.98516],[110.31857,44.9862],[110.31928,44.98653],[110.3199,44.9868],[110.32048,44.98701],[110.32116,44.98723],[110.32834,44.98944],[110.32861,44.98954],[110.32921,44.98978]]}},{"type":"Feature","properties":{},"geometry":{"type":"LineString","coordinates":[[110.33048,44.99021],[110.32998,44.99009],[110.32973,44.99004],[110.32912,44.98984]]}},{"type":"Feature","properties":{},"geometry":{"type":"LineString","coordinates":[[110.31274,44.98345],[110.31326,44.98376],[110.31357,44.98393],[110.31385,44.98406]]}},{"type":"Feature","properties":{},"geometry":{"type":"LineString","coordinates":[[107.02246,47.90912],[107.02275,47.90919],[107.02302,47.90926],[107.02322,47.90931],[107.02339,47.90937],[107.02352,47.90942],[107.02371,47.90952],[107.02391,47.90966],[107.0242,47.90985],[107.0243,47.90992],[107.02455,47.91008],[107.02568,47.91082]]}},{"type":"Feature","properties":{},"geometry":{"type":"LineString","coordinates":[[107.0243,47.90992],[107.02444,47.91003],[107.02453,47.91011],[107.02463,47.91022],[107.02474,47.91035],[107.02481,47.91047],[107.02494,47.91072],[107.02505,47.91092],[107.02538,47.91156],[107.02544,47.91168],[107.02547,47.91172],[107.0255,47.9118],[107.02556,47.91195]]}},{"type":"Feature","properties":{},"geometry":{"type":"LineString","coordinates":[[107.01382,47.90888],[107.01393,47.90904],[107.0141,47.90928],[107.0143,47.90954],[107.01431,47.90955],[107.01455,47.90986],[107.01484,47.91024],[107.0149,47.91033],[107.01497,47.91045],[107.01503,47.91057],[107.01507,47.9107],[107.0151,47.91083],[107.01512,47.91097],[107.01511,47.91111],[107.01508,47.91125],[107.01504,47.9114],[107.01496,47.91156],[107.01488,47.91168],[107.01478,47.91182],[107.0147,47.9119],[107.01465,47.91196],[107.01449,47.9121],[107.01435,47.9122],[107.01422,47.91229],[107.01409,47.91237],[107.01386,47.91246],[107.01372,47.91252],[107.01351,47.91258],[107.01329,47.91262],[107.01291,47.91267],[107.01269,47.91268],[107.01195,47.91268],[107.01176,47.91267],[107.01131,47.91267],[107.01093,47.91266],[107.01071,47.91265],[107.01052,47.91265],[107.01037,47.91266],[107.01024,47.91267],[107.01015,47.91268],[107.01006,47.9127],[107.00976,47.91276],[107.00914,47.9129],[107.00863,47.91303],[107.00837,47.91312],[107.00768,47.9134],[107.007,47.91368],[107.00689,47.91373],[107.00656,47.91387],[107.0065,47.9139],[107.00638,47.91397],[107.00626,47.91405],[107.00607,47.9142],[107.00593,47.91434],[107.00579,47.91453],[107.00569,47.91471],[107.00563,47.91489],[107.00559,47.91501],[107.00557,47.91513],[107.00556,47.91528],[107.00558,47.91585]]}},{"type":"Feature","properties":{},"geometry":{"type":"LineString","coordinates":[[107.00837,47.91312],[107.00816,47.91319],[107.00784,47.91328],[107.00752,47.91336],[107.00625,47.91371]]}},{"type":"Feature","properties":{},"geometry":{"type":"LineString","coordinates":[[107.007,47.91368],[107.00683,47.91377],[107.0067,47.91385],[107.00661,47.9139],[107.00658,47.91392],[107.00644,47.914],[107.0063,47.91411],[107.00618,47.91422],[107.00606,47.91435],[107.00595,47.9145],[107.00587,47.91465],[107.00579,47.91481],[107.00574,47.915],[107.00572,47.91511],[107.00571,47.91533],[107.00572,47.91571],[107.00572,47.91583]]}},{"type":"Feature","properties":{},"geometry":{"type":"LineString","coordinates":[[107.01131,47.91267],[107.01101,47.91268],[107.01073,47.9127],[107.01048,47.91272],[107.01027,47.91276],[107.01003,47.91283],[107.00977,47.91293],[107.00956,47.91302],[107.00934,47.91314],[107.00911,47.91329],[107.00897,47.91341],[107.00891,47.91346],[107.0089,47.91347],[107.00857,47.9138],[107.00838,47.91392],[107.00819,47.91408],[107.00796,47.9143],[107.00774,47.91451],[107.00762,47.9147],[107.00753,47.9149],[107.00749,47.91503],[107.00745,47.91528],[107.00731,47.91652],[107.00726,47.91699]]}},{"type":"Feature","properties":{},"geometry":{"type":"LineString","coordinates":[[107.01176,47.91267],[107.01151,47.91268],[107.01116,47.91271],[107.01093,47.91274],[107.0106,47.9128],[107.01035,47.91285],[107.01018,47.9129],[107.01002,47.91296],[107.00983,47.91306],[107.00964,47.91318],[107.00944,47.91332],[107.00926,47.91348],[107.00913,47.91362],[107.00906,47.91374],[107.009,47.91389],[107.00898,47.91393],[107.00894,47.91411],[107.00887,47.91445],[107.00884,47.91472],[107.00879,47.91513],[107.00876,47.91532],[107.00873,47.91551],[107.00868,47.91584],[107.00864,47.91617],[107.00854,47.91685]]}},{"type":"Feature","properties":{},"geometry":{"type":"LineString","coordinates":[[107.00884,47.91472],[107.00884,47.91496],[107.00883,47.91518],[107.00881,47.91538],[107.0088,47.91562],[107.00879,47.91579],[107.0088,47.91604],[107.00879,47.91617]]}},{"type":"Feature","properties":{},"geometry":{"type":"LineString","coordinates":[[107.01307,47.90813],[107.01332,47.90832],[107.0135,47.90848],[107.01377,47.90864],[107.01407,47.90883],[107.01433,47.90896],[107.01451,47.90905],[107.01467,47.9091],[107.01488,47.90916],[107.01509,47.90923],[107.0158,47.90936]]}},{"type":"Feature","properties":{},"geometry":{"type":"LineString","coordinates":[[107.01543,47.90827],[107.0158,47.90826],[107.01604,47.90826],[107.0164,47.90828],[107.01698,47.90835],[107.02084,47.90895]]}},{"type":"Feature","properties":{},"geometry":{"type":"LineString","coordinates":[[107.0089,47.90314],[107.01225,47.90312],[107.0147,47.90311],[107.02163,47.90304]]}},{"type":"Feature","properties":{},"geometry":{"type":"LineString","coordinates":[[107.00362,47.9031],[107.00395,47.90307],[107.00423,47.90303],[107.0045,47.90297],[107.00464,47.90294],[107.00513,47.90285],[107.00578,47.90271],[107.00609,47.90265],[107.00627,47.90263],[107.00659,47.90262],[107.00693,47.90261],[107.00745,47.90262],[107.00795,47.90262],[107.0087,47.90262],[107.01019,47.90262]]}},{"type":"Feature","properties":{},"geometry":{"type":"LineString","coordinates":[[107.00693,47.90261],[107.00711,47.9026],[107.0075,47.90257],[107.00802,47.90256],[107.00847,47.90255],[107.01201,47.90256]]}},{"type":"Feature","properties":{},"geometry":{"type":"LineString","coordinates":[[107.0045,47.90297],[107.00478,47.9029],[107.00525,47.90276],[107.0055,47.90268],[107.00568,47.90262],[107.00585,47.90254],[107.00602,47.90245],[107.00621,47.90233],[107.00635,47.90223],[107.00642,47.90216],[107.0066,47.90198],[107.00674,47.90186],[107.00686,47.90175],[107.00696,47.90168],[107.00707,47.9016],[107.00723,47.90151],[107.0074,47.90144],[107.00762,47.90136],[107.0079,47.90127],[107.00819,47.90121],[107.00859,47.90116],[107.00887,47.90114],[107.00939,47.90113],[107.0108,47.90112],[107.01193,47.90112],[107.01317,47.9011]]}},{"type":"Feature","properties":{},"geometry":{"type":"LineString","coordinates":[[107.00298,47.9031],[107.00327,47.90307],[107.00351,47.90304],[107.00384,47.90298],[107.00404,47.90292],[107.0046,47.90273],[107.00536,47.90245],[107.00591,47.90226]]}},{"type":"Feature","properties":{},"geometry":{"type":"LineString","coordinates":[[111.89688,43.73462],[111.89634,43.73514],[111.89615,43.73538],[111.89598,43.73569],[111.89584,43.73606],[111.89579,43.73637],[111.89579,43.73677],[111.8961,43.73854],[111.89614,43.73877],[111.89613,43.73898],[111.89606,43.73936],[111.89598,43.7396],[111.89586,43.73985],[111.89568,43.74021],[111.8954,43.74047],[111.89503,43.74077],[111.89253,43.74258],[111.88902,43.74514],[111.88613,43.74721],[111.88376,43.74898],[111.88334,43.74929],[111.88294,43.74956],[111.88253,43.74974],[111.88203,43.74991],[111.88143,43.75003],[111.88087,43.75007],[111.88019,43.75005],[111.87957,43.74993],[111.87943,43.7499],[111.8771,43.74924],[111.87694,43.7492],[111.87605,43.749],[111.87562,43.74891],[111.87511,43.74884],[111.87448,43.74887],[111.87392,43.74896],[111.87345,43.74908],[111.87281,43.74937],[111.87237,43.74965],[111.86548,43.75486]]}},{"type":"Feature","properties":{},"geometry":{"type":"LineString","coordinates":[[110.15445,44.91055],[110.15449,44.91053],[110.15461,44.91046],[110.15487,44.91028],[110.15505,44.91018],[110.15521,44.91008]]}},{"type":"Feature","properties":{},"geometry":{"type":"LineString","coordinates":[[110.15521,44.91008],[110.15533,44.91],[110.1555,44.90989],[110.15564,44.90981],[110.15576,44.90973],[110.15598,44.9096],[110.15636,44.90937],[110.15653,44.90927],[110.15678,44.90912],[110.15694,44.90901],[110.15741,44.90873],[110.15783,44.90847],[110.15831,44.90818],[110.15859,44.908]]}},{"type":"Feature","properties":{},"geometry":{"type":"LineString","coordinates":[[110.15441,44.91051],[110.1545,44.91043],[110.15461,44.91028],[110.1547,44.91015],[110.15479,44.90983]]}},{"type":"Feature","properties":{},"geometry":{"type":"LineString","coordinates":[[110.15479,44.90983],[110.15524,44.90839],[110.15535,44.90806],[110.15549,44.90756],[110.15564,44.90696]]}},{"type":"Feature","properties":{},"geometry":{"type":"LineString","coordinates":[[110.15449,44.91053],[110.15468,44.91037],[110.15483,44.91024],[110.15498,44.9101],[110.15507,44.90998]]}},{"type":"Feature","properties":{},"geometry":{"type":"LineString","coordinates":[[110.15507,44.90998],[110.15525,44.90974],[110.15534,44.90953],[110.1554,44.90939],[110.15543,44.90917],[110.15543,44.90889],[110.15545,44.90865],[110.15551,44.90845],[110.15562,44.90817],[110.15573,44.90779],[110.15579,44.90761],[110.15588,44.90724],[110.156,44.90685],[110.15616,44.90634],[110.15633,44.90581],[110.15649,44.90521]]}},{"type":"Feature","properties":{},"geometry":{"type":"LineString","coordinates":[[110.15758,44.91081],[110.15788,44.91065],[110.15815,44.91051],[110.1585,44.9103],[110.15861,44.91021]]}},{"type":"Feature","properties":{},"geometry":{"type":"LineString","coordinates":[[110.12787,44.92039],[110.1276,44.9205],[110.12736,44.9206],[110.12718,44.92069],[110.12699,44.92081],[110.12683,44.92094],[110.12671,44.9211],[110.1266,44.92129],[110.12654,44.92144],[110.12653,44.92164],[110.12653,44.92182],[110.12672,44.92222],[110.12683,44.92237],[110.12703,44.92262]]}},{"type":"Feature","properties":{},"geometry":{"type":"LineString","coordinates":[[110.12683,44.92237],[110.12659,44.92212],[110.12646,44.92198],[110.12631,44.92184],[110.12617,44.92171],[110.12597,44.9216],[110.12573,44.9215],[110.12535,44.9214],[110.12504,44.92136],[110.12468,44.92136],[110.12425,44.92143]]}},{"type":"Feature","properties":{},"geometry":{"type":"LineString","coordinates":[[107.37736,42.52672],[107.37669,42.52678],[107.37483,42.52681],[107.37322,42.52678],[107.37168,42.52669],[107.37019,42.52656],[107.36838,42.52633],[107.36678,42.52604],[107.3655,42.52575],[107.3383,42.5193],[107.33588,42.51873],[107.33402,42.5184],[107.33188,42.5181],[107.32962,42.51792],[107.32777,42.51786],[107.32548,42.51791],[107.32334,42.51807],[107.321,42.51837],[107.31783,42.51901],[107.31551,42.51968],[107.31453,42.51999],[107.31328,42.52048],[107.31216,42.52093],[107.31044,42.52172],[107.30933,42.52231],[107.29302,42.5319],[107.27875,42.54006],[107.26962,42.54529],[107.25474,42.55394],[107.2363,42.56459],[107.23011,42.56823],[107.22671,42.57041],[107.2217,42.57395],[107.21799,42.57684],[107.21382,42.58042],[107.21009,42.58397],[107.20594,42.58826],[107.16967,42.62636],[107.13977,42.65772],[107.12549,42.67265],[107.10895,42.69],[107.09195,42.70779],[107.08419,42.7159],[107.07749,42.7229],[107.06427,42.73665],[107.06148,42.73952],[107.05676,42.7446],[107.05154,42.74972],[107.04548,42.75636],[107.04158,42.76037],[107.04042,42.76155],[107.03851,42.76322],[107.0365,42.7648],[107.03518,42.76574],[107.0334,42.76691],[107.03113,42.76822],[107.02902,42.76931],[107.02671,42.77039],[107.02333,42.77172],[107.01987,42.77285],[107.01815,42.77332],[107.01566,42.77391],[107.00893,42.77545],[106.99677,42.77825],[106.99117,42.77974],[106.98683,42.78152],[106.97923,42.78491],[106.96777,42.79048],[106.96372,42.7929],[106.96028,42.79526],[106.95825,42.79705],[106.95187,42.80306],[106.94959,42.80494],[106.94056,42.81125],[106.93679,42.81441],[106.93357,42.81734],[106.93098,42.82019],[106.92731,42.8246],[106.92491,42.82678],[106.92283,42.82836],[106.92083,42.82955],[106.91832,42.83086],[106.9153,42.83207],[106.90393,42.83614],[106.87534,42.84628],[106.8555,42.85335],[106.85039,42.85522],[106.84644,42.85755],[106.84191,42.86054],[106.83678,42.86385],[106.83251,42.86584],[106.82717,42.8679],[106.82187,42.86964],[106.81591,42.87096],[106.80904,42.87169],[106.77297,42.87441],[106.76537,42.87584],[106.75982,42.87751],[106.75411,42.87999],[106.75254,42.88089],[106.75154,42.88146],[106.74887,42.88313],[106.74555,42.88562],[106.74261,42.88824],[106.74091,42.8902],[106.73917,42.89233],[106.73694,42.89558],[106.71368,42.94873],[106.71085,42.95341],[106.70832,42.95642],[106.70523,42.95927],[106.70214,42.96173],[106.69986,42.96328],[106.69752,42.96456],[106.69467,42.966],[106.69083,42.96774],[106.68651,42.96929],[106.68484,42.96973],[106.67587,42.97221],[106.6713,42.97346],[106.6459,42.98034],[106.634,42.98357],[106.60747,42.99077],[106.58632,42.99648],[106.58399,42.99701],[106.58206,42.99734],[106.5792,42.99763],[106.57425,42.99793],[106.57288,42.99807],[106.57115,42.9983],[106.56912,42.99865],[106.56724,42.99911],[106.56553,42.99958],[106.56347,43.0003],[106.56078,43.0013],[106.55743,43.00261],[106.55404,43.00375],[106.54873,43.00542],[106.54424,43.00666],[106.54206,43.0072],[106.53731,43.00829],[106.53246,43.00921],[106.5284,43.00992],[106.52405,43.01052],[106.51949,43.01101],[106.51642,43.01128],[106.51218,43.01157],[106.50802,43.01173],[106.49851,43.0119],[106.49046,43.01205],[106.47945,43.01224],[106.46462,43.0125],[106.46204,43.01263],[106.46005,43.01277],[106.45656,43.01316],[106.45358,43.01359],[106.45126,43.01404],[106.44769,43.01485],[106.44475,43.01561],[106.4415,43.01663],[106.43879,43.01762],[106.43336,43.01976],[106.42928,43.02139],[106.42539,43.02282],[106.42159,43.02411],[106.41817,43.02516],[106.41521,43.02605],[106.41218,43.0268],[106.40616,43.02831],[106.39709,43.03055],[106.38089,43.03463],[106.37671,43.03557],[106.37156,43.03658],[106.3509,43.03944],[106.33182,43.04211],[106.32893,43.0425],[106.32715,43.04279],[106.32518,43.04318],[106.32414,43.04343],[106.32264,43.04383],[106.3212,43.04427],[106.31978,43.04481],[106.3183,43.04537],[106.31719,43.04589],[106.31577,43.04661],[106.31444,43.04736],[106.3132,43.04816],[106.30433,43.05481],[106.30287,43.05581],[106.3015,43.05671],[106.29987,43.05773],[106.29805,43.05884],[106.29627,43.0598],[106.29418,43.06085],[106.29215,43.06179],[106.29034,43.06252],[106.28865,43.06317],[106.28721,43.0637],[106.28575,43.0642],[106.28399,43.0648],[106.28206,43.06536],[106.28032,43.06578],[106.2668,43.06897],[106.24228,43.07473],[106.22352,43.07915],[106.22121,43.0797],[106.21846,43.08022],[106.21621,43.08069],[106.21374,43.08108],[106.21093,43.08155],[106.20769,43.08198],[106.20471,43.08235],[106.202,43.08263],[106.1932,43.08337],[106.17713,43.0848],[106.17481,43.08506],[106.17157,43.08552],[106.16726,43.08611],[106.16402,43.08666],[106.16102,43.08723],[106.15819,43.08777],[106.1549,43.08851],[106.15074,43.08953],[106.14761,43.09041],[106.14535,43.09108],[106.14261,43.09199],[106.14022,43.0928],[106.12499,43.09799],[106.10523,43.10471]]}},{"type":"Feature","properties":{},"geometry":{"type":"LineString","coordinates":[[105.56543,43.64258],[105.56726,43.64261],[105.56829,43.64263],[105.56867,43.64264],[105.57196,43.6427],[105.57905,43.64285],[105.60556,43.64335],[105.60684,43.64338],[105.60848,43.64341],[105.6089,43.64342],[105.60996,43.64345],[105.61136,43.64347],[105.61204,43.64348],[105.6126,43.64347],[105.61331,43.64345],[105.61408,43.64342],[105.61491,43.64337],[105.61564,43.64331],[105.61634,43.64324],[105.61696,43.64316],[105.61833,43.64297],[105.61892,43.64288],[105.6196,43.64275],[105.62029,43.64262],[105.62088,43.64249],[105.6218,43.64228],[105.62242,43.64213],[105.62305,43.64194],[105.62408,43.64163],[105.6251,43.64131],[105.6261,43.64095],[105.62698,43.64061],[105.62859,43.63992],[105.62969,43.63939],[105.63135,43.63851],[105.63432,43.6365],[105.63648,43.6347],[105.63809,43.633],[105.63918,43.63173],[105.64372,43.62501],[105.65214,43.6123],[105.66023,43.60065],[105.66275,43.59741],[105.6661,43.59349],[105.67257,43.58722],[105.67718,43.58321],[105.68292,43.57874],[105.68743,43.57528],[105.69806,43.56694],[105.71419,43.5545],[105.72689,43.54455],[105.72975,43.54267],[105.73726,43.53845],[105.75042,43.53089],[105.75959,43.52578],[105.76659,43.52179],[105.77551,43.51671],[105.77933,43.51456],[105.78254,43.51241],[105.78367,43.51159],[105.78627,43.50955],[105.79028,43.50609],[105.80888,43.49027],[105.81119,43.48837],[105.8134,43.48677],[105.81512,43.48557],[105.81783,43.48395],[105.82051,43.48245],[105.84347,43.47118],[105.8579,43.46408],[105.86794,43.45909],[105.87134,43.45718],[105.87523,43.45452],[105.87765,43.45266],[105.88006,43.45057],[105.88281,43.4478],[105.88526,43.44529],[105.89651,43.43369],[105.91361,43.41604],[105.92346,43.40511],[105.93202,43.39552],[105.93437,43.39313],[105.93697,43.39067],[105.94046,43.38771],[105.94657,43.38297],[105.96942,43.36522],[105.97768,43.35879],[106.00384,43.33847],[106.01912,43.3266],[106.02603,43.32121],[106.02798,43.31971],[106.02959,43.3184],[106.03118,43.31706],[106.03283,43.31561],[106.03407,43.31442],[106.03549,43.31297],[106.03671,43.31167],[106.03787,43.31041],[106.03903,43.30904],[106.0401,43.30769],[106.04128,43.3061],[106.04238,43.30458],[106.04349,43.30277],[106.04465,43.3009],[106.04549,43.29949],[106.04639,43.29762],[106.04712,43.29604],[106.04789,43.29426],[106.04854,43.29247],[106.04912,43.29067],[106.04972,43.28895],[106.05004,43.28736],[106.05049,43.28516],[106.05079,43.28349],[106.0518,43.27274],[106.0525,43.26536],[106.05354,43.25355],[106.05437,43.24398],[106.05467,43.24008],[106.05469,43.23989],[106.05532,43.23321],[106.05635,43.22144],[106.05759,43.20668],[106.05866,43.1943],[106.06068,43.17107],[106.06296,43.14484],[106.06311,43.14357],[106.06332,43.14202],[106.06371,43.14026],[106.06416,43.1386],[106.06478,43.13677],[106.06523,43.13539],[106.06583,43.13409],[106.06647,43.13278],[106.06774,43.13027],[106.0692,43.12797],[106.07032,43.12628],[106.07145,43.12489],[106.07274,43.12338],[106.07433,43.12168],[106.07559,43.12038],[106.07757,43.11865],[106.07944,43.11713],[106.08124,43.11579],[106.08313,43.11447],[106.08516,43.11316],[106.08746,43.11182],[106.08946,43.11076],[106.09162,43.10972],[106.09334,43.10897],[106.09587,43.10795],[106.09772,43.10728],[106.10255,43.1056]]}},{"type":"Feature","properties":{},"geometry":{"type":"LineString","coordinates":[[115.73324,49.87608],[115.73331,49.87626],[115.73337,49.8765],[115.73339,49.87671],[115.7334,49.87687],[115.73339,49.87699],[115.73337,49.8771],[115.73334,49.87723],[115.7333,49.87736],[115.73324,49.87749],[115.73318,49.87759],[115.73304,49.87781],[115.73293,49.87794],[115.73282,49.87805],[115.73272,49.87814],[115.73254,49.87825],[115.73236,49.87835],[115.73212,49.87842],[115.73179,49.87851]]}},{"type":"Feature","properties":{},"geometry":{"type":"LineString","coordinates":[[115.73623,49.87818],[115.73606,49.87774],[115.73583,49.87642],[115.73559,49.87515],[115.73538,49.87389],[115.73471,49.87019],[115.7347,49.87005],[115.7347,49.86959]]}},{"type":"Feature","properties":{},"geometry":{"type":"LineString","coordinates":[[115.73083,49.87879],[115.73179,49.87851],[115.73213,49.87844],[115.73239,49.87839],[115.73267,49.87835],[115.73295,49.87832],[115.73325,49.87829],[115.7335,49.87828],[115.73368,49.87828],[115.7339,49.87829],[115.73406,49.87829],[115.73422,49.87832],[115.73452,49.87838],[115.73503,49.87852],[115.73527,49.87863],[115.73543,49.87871],[115.73561,49.87882],[115.73576,49.87892],[115.73591,49.87903],[115.73601,49.87914],[115.73612,49.87929],[115.73623,49.87947],[115.73656,49.88036]]}},{"type":"Feature","properties":{},"geometry":{"type":"LineString","coordinates":[[115.733,49.87506],[115.73304,49.87536],[115.73311,49.87569],[115.73324,49.87608],[115.73338,49.87636],[115.73345,49.87649],[115.73355,49.87667],[115.73374,49.87702],[115.73384,49.87717],[115.73396,49.87734],[115.73409,49.87746],[115.73424,49.87758],[115.7344,49.8777],[115.73456,49.87779],[115.73477,49.87789],[115.73494,49.87796],[115.73518,49.87806],[115.7355,49.87823],[115.73569,49.87837],[115.73588,49.87853],[115.73603,49.8787],[115.73615,49.87887],[115.73623,49.87905],[115.73634,49.87937]]}},{"type":"Feature","properties":{},"geometry":{"type":"LineString","coordinates":[[115.73687,49.88119],[115.73656,49.88036],[115.73647,49.88002],[115.73634,49.87937],[115.73628,49.87896],[115.73616,49.87838],[115.73606,49.87774]]}},{"type":"Feature","properties":{},"geometry":{"type":"LineString","coordinates":[[115.73644,49.87935],[115.73647,49.88002]]}},{"type":"Feature","properties":{},"geometry":{"type":"LineString","coordinates":[[115.73628,49.87896],[115.7362,49.87876],[115.73613,49.87859],[115.73594,49.87819]]}},{"type":"Feature","properties":{},"geometry":{"type":"LineString","coordinates":[[115.73456,49.86844],[115.73467,49.8687],[115.7347,49.86885],[115.73477,49.86923],[115.73526,49.87191],[115.73581,49.87503],[115.73606,49.87642],[115.73628,49.87768],[115.73635,49.87806],[115.73637,49.87826],[115.73637,49.87857],[115.73638,49.87902]]}},{"type":"Feature","properties":{},"geometry":{"type":"LineString","coordinates":[[115.73447,49.86799],[115.73434,49.8676]]}},{"type":"Feature","properties":{},"geometry":{"type":"LineString","coordinates":[[115.73461,49.86915],[115.73461,49.86875]]}},{"type":"Feature","properties":{},"geometry":{"type":"LineString","coordinates":[[115.73628,49.87768],[115.7363,49.87752],[115.73629,49.87734],[115.73624,49.87709],[115.73614,49.87646],[115.7359,49.87506],[115.73533,49.87191],[115.73495,49.86982],[115.73492,49.86963],[115.73477,49.86923]]}},{"type":"Feature","properties":{},"geometry":{"type":"LineString","coordinates":[[115.73652,49.87942],[115.73643,49.87893],[115.73637,49.87857]]}},{"type":"Feature","properties":{},"geometry":{"type":"LineString","coordinates":[[115.73631,49.87861],[115.7363,49.87831],[115.73628,49.8781],[115.73622,49.87774],[115.736,49.87651],[115.73574,49.87501],[115.73518,49.87191],[115.73473,49.86939],[115.73461,49.86875],[115.73456,49.86844],[115.73447,49.86799],[115.73437,49.86729],[115.73434,49.86696],[115.73433,49.86669],[115.73434,49.86656]]}},{"type":"Feature","properties":{},"geometry":{"type":"LineString","coordinates":[[107.01827,47.90311],[107.01885,47.90313],[107.01924,47.90315],[107.01973,47.90321],[107.02028,47.90321],[107.02058,47.90323],[107.02089,47.90327],[107.0222,47.90322],[107.02274,47.90322],[107.02305,47.9032],[107.02327,47.90318],[107.02388,47.90312],[107.02432,47.90303],[107.02472,47.90296],[107.02501,47.90292]]}},{"type":"Feature","properties":{},"geometry":{"type":"LineString","coordinates":[[107.01973,47.90321],[107.01936,47.90322],[107.01675,47.90324]]}},{"type":"Feature","properties":{},"geometry":{"type":"LineString","coordinates":[[107.02089,47.90327],[107.01813,47.90331]]}},{"type":"Feature","properties":{},"geometry":{"type":"LineString","coordinates":[[107.02058,47.90323],[107.02095,47.90322],[107.02159,47.90319],[107.02223,47.90319],[107.02255,47.90317],[107.02278,47.90317],[107.023,47.90315],[107.02327,47.90313],[107.02353,47.90312],[107.02386,47.90307],[107.02429,47.903],[107.02473,47.90292],[107.02521,47.90284]]}},{"type":"Feature","properties":{},"geometry":{"type":"LineString","coordinates":[[107.02028,47.90321],[107.02076,47.9032],[107.02115,47.90318],[107.02151,47.90316],[107.02206,47.90315],[107.02258,47.90313],[107.02308,47.90309],[107.02343,47.90307],[107.02378,47.90304],[107.02428,47.90295],[107.02462,47.9029],[107.02517,47.9028]]}},{"type":"Feature","properties":{},"geometry":{"type":"LineString","coordinates":[[110.12818,44.92042],[110.1285,44.92024],[110.12866,44.92018],[110.12889,44.9201],[110.12947,44.91994],[110.13037,44.91969],[110.13149,44.91937],[110.13188,44.91926],[110.13239,44.91908]]}},{"type":"Feature","properties":{},"geometry":{"type":"LineString","coordinates":[[104.09727,49.04282],[104.09684,49.04265]]}},{"type":"Feature","properties":{},"geometry":{"type":"LineString","coordinates":[[104.09684,49.04265],[104.09675,49.04262],[104.09611,49.04235],[104.0956,49.04213],[104.09381,49.04142],[104.09354,49.0413],[104.09326,49.04115],[104.09299,49.04102]]}},{"type":"Feature","properties":{},"geometry":{"type":"LineString","coordinates":[[106.81056,47.91733],[106.81088,47.91712],[106.81111,47.91691],[106.81125,47.91672],[106.81131,47.91663],[106.81138,47.91652],[106.81153,47.91618],[106.81167,47.91584],[106.81178,47.91567],[106.81226,47.91514],[106.81241,47.91501],[106.81278,47.91471],[106.81309,47.91451],[106.81342,47.91433],[106.81371,47.91423],[106.81406,47.91415],[106.81437,47.91409],[106.81471,47.91407],[106.8151,47.91407],[106.81631,47.91414],[106.81734,47.91425],[106.81774,47.91431],[106.81797,47.91436]]}},{"type":"Feature","properties":{},"geometry":{"type":"LineString","coordinates":[[106.81056,47.91733],[106.81028,47.91743],[106.80994,47.91756],[106.80933,47.91768],[106.80902,47.91771],[106.80866,47.91774],[106.80859,47.91775],[106.80811,47.91777],[106.80789,47.91778],[106.8061,47.91767],[106.80561,47.91764]]}},{"type":"Feature","properties":{},"geometry":{"type":"LineString","coordinates":[[106.81113,47.9158],[106.81112,47.91581],[106.8104,47.91596],[106.80985,47.91601],[106.80943,47.91603],[106.80823,47.91599],[106.80459,47.91573],[106.80411,47.91569],[106.80336,47.9157],[106.80172,47.9156]]}},{"type":"Feature","properties":{},"geometry":{"type":"LineString","coordinates":[[106.87249,47.90903],[106.872,47.90938],[106.87188,47.9095],[106.87167,47.90969],[106.87159,47.90976],[106.87135,47.90994],[106.87106,47.91011],[106.87067,47.91025],[106.86995,47.91047],[106.86955,47.91055],[106.86915,47.91062],[106.86791,47.91072],[106.86627,47.91086],[106.86614,47.91087],[106.86592,47.91091],[106.86546,47.91104],[106.86509,47.91119]]}},{"type":"Feature","properties":{},"geometry":{"type":"LineString","coordinates":[[106.83773,47.90318],[106.83735,47.90274],[106.83685,47.90218],[106.83649,47.90183],[106.83608,47.90149],[106.83582,47.90135],[106.8356,47.90125],[106.8352,47.90113],[106.83489,47.90109],[106.83171,47.90089]]}},{"type":"Feature","properties":{},"geometry":{"type":"LineString","coordinates":[[105.87222,49.18474],[105.87276,49.18421],[105.87292,49.18404],[105.873,49.18387],[105.8731,49.18343],[105.87311,49.1831],[105.87308,49.1829],[105.87287,49.1826],[105.87271,49.1824],[105.87223,49.18196],[105.87108,49.18106]]}},{"type":"Feature","properties":{},"geometry":{"type":"LineString","coordinates":[[105.87298,49.18443],[105.87286,49.1848],[105.87265,49.1854],[105.87233,49.18626],[105.87211,49.18687],[105.87192,49.18733],[105.87162,49.18811],[105.87129,49.18911],[105.87125,49.18923],[105.8712,49.18937],[105.87121,49.1897]]}},{"type":"Feature","properties":{},"geometry":{"type":"LineString","coordinates":[[105.8731,49.18405],[105.87286,49.18454],[105.87252,49.185],[105.87209,49.18555]]}},{"type":"Feature","properties":{},"geometry":{"type":"LineString","coordinates":[[105.87124,49.19041],[105.87145,49.18984],[105.87171,49.18915],[105.87195,49.18843],[105.87232,49.18745],[105.87264,49.18655],[105.87314,49.18526]]}},{"type":"Feature","properties":{},"geometry":{"type":"LineString","coordinates":[[105.87262,49.18223],[105.87299,49.18258],[105.87315,49.18281],[105.87325,49.183],[105.87327,49.18316],[105.87327,49.18341],[105.87321,49.18371],[105.8731,49.18405],[105.87298,49.18443],[105.87288,49.18499],[105.87283,49.18525],[105.87258,49.18595],[105.87219,49.18705],[105.87185,49.18795],[105.87161,49.18862],[105.87137,49.18924],[105.87129,49.18955],[105.87127,49.18989],[105.87123,49.19028]]}},{"type":"Feature","properties":{},"geometry":{"type":"LineString","coordinates":[[105.87348,49.18462],[105.87317,49.18554],[105.87273,49.18666],[105.87236,49.18769],[105.87205,49.18857],[105.872,49.1888],[105.87195,49.18935]]}},{"type":"Feature","properties":{},"geometry":{"type":"LineString","coordinates":[[105.87192,49.18982],[105.87195,49.18935],[105.8721,49.1887],[105.87234,49.18804],[105.8728,49.18677],[105.87308,49.18601],[105.8734,49.18514],[105.87359,49.18462]]}},{"type":"Feature","properties":{},"geometry":{"type":"LineString","coordinates":[[105.87377,49.18452],[105.87358,49.18507],[105.87347,49.1854],[105.87318,49.18619],[105.87289,49.18699],[105.87262,49.18775],[105.87225,49.18877],[105.87198,49.18949],[105.87194,49.18968],[105.87192,49.18982],[105.8719,49.18993],[105.87187,49.19014]]}},{"type":"Feature","properties":{},"geometry":{"type":"LineString","coordinates":[[105.87222,49.18191],[105.87262,49.18223],[105.87311,49.1826],[105.8734,49.18284],[105.87359,49.18313],[105.8737,49.18333],[105.87381,49.18377],[105.87381,49.18419],[105.87377,49.18452],[105.87375,49.18469],[105.87369,49.18502],[105.87349,49.18562],[105.87313,49.18656],[105.8727,49.18778],[105.87239,49.18866],[105.87202,49.18968],[105.8719,49.19007]]}},{"type":"Feature","properties":{},"geometry":{"type":"LineString","coordinates":[[105.87415,49.1842],[105.87394,49.18479],[105.87367,49.18551],[105.8735,49.18593],[105.8733,49.18645],[105.87306,49.18713],[105.87276,49.18793],[105.87249,49.1887]]}},{"type":"Feature","properties":{},"geometry":{"type":"LineString","coordinates":[[105.87425,49.18421],[105.87357,49.18607],[105.87319,49.18711],[105.87287,49.18799],[105.87246,49.18914]]}},{"type":"Feature","properties":{},"geometry":{"type":"LineString","coordinates":[[105.87352,49.18861],[105.87381,49.18836],[105.87408,49.18806],[105.87429,49.18779],[105.87445,49.18744],[105.87477,49.18659],[105.87499,49.18599],[105.87513,49.18559],[105.87516,49.18534],[105.87516,49.18524],[105.87499,49.18468],[105.87476,49.18424],[105.87435,49.18349],[105.87418,49.18322],[105.87249,49.18139],[105.8718,49.18061]]}},{"type":"Feature","properties":{},"geometry":{"type":"LineString","coordinates":[[105.8733,49.18889],[105.87352,49.18861],[105.8737,49.18836],[105.87398,49.188],[105.87414,49.18777],[105.87427,49.18746],[105.87468,49.18629],[105.875,49.18546]]}},{"type":"Feature","properties":{},"geometry":{"type":"LineString","coordinates":[[105.87297,49.18933],[105.8733,49.18889],[105.8735,49.18852],[105.87371,49.18804],[105.87379,49.18779],[105.87402,49.18715],[105.87426,49.18646],[105.87461,49.18552],[105.87482,49.18493]]}},{"type":"Feature","properties":{},"geometry":{"type":"LineString","coordinates":[[105.87286,49.18941],[105.87303,49.1891],[105.87315,49.18888],[105.87331,49.18847],[105.87343,49.18818],[105.87366,49.18752],[105.87448,49.1853],[105.87457,49.185],[105.87461,49.1849],[105.87462,49.18458],[105.87457,49.18429],[105.87444,49.18399],[105.87434,49.18381]]}},{"type":"Feature","properties":{},"geometry":{"type":"LineString","coordinates":[[105.8727,49.1897],[105.87297,49.18933],[105.87323,49.18889],[105.87339,49.18853],[105.87356,49.18809],[105.87376,49.18753],[105.874,49.18689],[105.87425,49.18621],[105.87447,49.18559],[105.87465,49.1851]]}},{"type":"Feature","properties":{},"geometry":{"type":"LineString","coordinates":[[105.87256,49.18989],[105.8727,49.1897],[105.87284,49.18947],[105.87286,49.18941],[105.87297,49.18906],[105.87318,49.18852],[105.87346,49.18781]]}},{"type":"Feature","properties":{},"geometry":{"type":"LineString","coordinates":[[105.87218,49.1903],[105.87244,49.18994],[105.87259,49.1897],[105.87277,49.18919],[105.87303,49.18849],[105.87333,49.18765],[105.8737,49.18659]]}},{"type":"Feature","properties":{},"geometry":{"type":"LineString","coordinates":[[105.87196,49.19052],[105.87218,49.1902],[105.87245,49.18978],[105.87265,49.18932],[105.87284,49.18877],[105.87321,49.18775],[105.87348,49.18699],[105.87373,49.18634],[105.87396,49.18572]]}},{"type":"Feature","properties":{},"geometry":{"type":"LineString","coordinates":[[105.87223,49.18998],[105.8724,49.18974],[105.87253,49.18935],[105.87268,49.18898],[105.8729,49.18839],[105.87313,49.18774],[105.87364,49.18634],[105.87383,49.18581],[105.87398,49.18545],[105.87422,49.185],[105.87435,49.18454],[105.87438,49.18429],[105.87434,49.18381],[105.87405,49.18333],[105.87361,49.18294],[105.87291,49.1824],[105.87222,49.18191],[105.87168,49.18148],[105.87108,49.18106],[105.87077,49.18084]]}},{"type":"Feature","properties":{},"geometry":{"type":"LineString","coordinates":[[105.8705,49.19202],[105.87082,49.19171],[105.87183,49.19064],[105.87196,49.19052],[105.87218,49.1903],[105.87256,49.18989],[105.87302,49.18942],[105.8737,49.18866],[105.87419,49.1881],[105.87462,49.1876],[105.87498,49.18705],[105.87516,49.18666],[105.87526,49.18618],[105.87525,49.18585],[105.87525,49.18542],[105.87499,49.18457],[105.87485,49.1843],[105.8745,49.18364],[105.87422,49.18323],[105.87223,49.18102],[105.87169,49.18039],[105.87157,49.18024]]}},{"type":"Feature","properties":{},"geometry":{"type":"LineString","coordinates":[[105.87236,49.18952],[105.87246,49.18914]]}},{"type":"Feature","properties":{},"geometry":{"type":"LineString","coordinates":[[105.87082,49.19171],[105.87103,49.19142],[105.87127,49.19116],[105.87151,49.19091],[105.87178,49.19062],[105.87191,49.19049],[105.87212,49.1902],[105.87223,49.18998],[105.87236,49.18952],[105.87241,49.18914],[105.87249,49.1887]]}},{"type":"Feature","properties":{},"geometry":{"type":"LineString","coordinates":[[105.87127,49.19116],[105.87142,49.19092],[105.87163,49.19058],[105.87177,49.19035],[105.87187,49.19014],[105.8719,49.19007],[105.87204,49.18978],[105.87218,49.18955],[105.8724,49.18888]]}},{"type":"Feature","properties":{},"geometry":{"type":"LineString","coordinates":[[105.86953,49.1933],[105.86974,49.19287],[105.86987,49.19271],[105.87004,49.1925],[105.87025,49.19228],[105.8705,49.19202],[105.87079,49.19156],[105.87096,49.19114],[105.87124,49.19041],[105.87123,49.19028],[105.87123,49.18977],[105.87121,49.1897],[105.87097,49.18881],[105.87053,49.18788],[105.86979,49.18657],[105.86869,49.18463],[105.86582,49.17972]]}},{"type":"Feature","properties":{},"geometry":{"type":"LineString","coordinates":[[104.14184,49.05548],[104.14672,49.05547],[104.15155,49.05539],[104.152,49.0554],[104.15237,49.05542],[104.15271,49.05546],[104.15298,49.05549],[104.15328,49.05554],[104.15353,49.05559],[104.15376,49.05565],[104.15403,49.05573],[104.15435,49.05585],[104.15552,49.05628]]}},{"type":"Feature","properties":{},"geometry":{"type":"LineString","coordinates":[[104.14151,49.05549],[104.14184,49.05548]]}},{"type":"Feature","properties":{},"geometry":{"type":"LineString","coordinates":[[106.87556,47.90835],[106.87761,47.90834],[106.87846,47.90829]]}},{"type":"Feature","properties":{},"geometry":{"type":"LineString","coordinates":[[106.84523,47.90951],[106.84461,47.90946],[106.84247,47.90948],[106.84162,47.9095]]}},{"type":"Feature","properties":{},"geometry":{"type":"LineString","coordinates":[[106.80905,47.89632],[106.80792,47.89627],[106.80724,47.89625]]}},{"type":"Feature","properties":{},"geometry":{"type":"LineString","coordinates":[[106.80875,47.89624],[106.80792,47.89627]]}},{"type":"Feature","properties":{},"geometry":{"type":"LineString","coordinates":[[106.80963,47.89625],[106.80875,47.89624],[106.80725,47.8962]]}},{"type":"Feature","properties":{},"geometry":{"type":"LineString","coordinates":[[106.80928,47.89646],[106.7987,47.89608],[106.79805,47.89607]]}},{"type":"Feature","properties":{},"geometry":{"type":"LineString","coordinates":[[106.80844,47.89649],[106.80005,47.89623]]}},{"type":"Feature","properties":{},"geometry":{"type":"LineString","coordinates":[[106.81003,47.89642],[106.80928,47.89646],[106.80844,47.89649],[106.8078,47.89652],[106.80084,47.8963],[106.80005,47.89623],[106.7987,47.89608]]}},{"type":"Feature","properties":{},"geometry":{"type":"LineString","coordinates":[[106.80708,47.89718],[106.80864,47.89672],[106.80897,47.89663],[106.80925,47.89657],[106.80969,47.89652],[106.81056,47.89644]]}},{"type":"Feature","properties":{},"geometry":{"type":"LineString","coordinates":[[106.79752,47.89604],[106.79805,47.89607],[106.79885,47.89616],[106.79936,47.8963],[106.79972,47.89647],[106.80022,47.89668],[106.80058,47.8968],[106.80098,47.89683],[106.80177,47.89686],[106.80377,47.89692]]}},{"type":"Feature","properties":{},"geometry":{"type":"LineString","coordinates":[[106.86738,47.9103],[106.86797,47.91019],[106.8716,47.90935],[106.8718,47.90928],[106.8723,47.90908]]}},{"type":"Feature","properties":{},"geometry":{"type":"LineString","coordinates":[[106.86611,47.91034],[106.8671,47.91026],[106.86746,47.91023],[106.86811,47.91007],[106.87177,47.90924],[106.8723,47.90908],[106.87271,47.90889],[106.87318,47.90873]]}},{"type":"Feature","properties":{},"geometry":{"type":"LineString","coordinates":[[106.85987,47.91002],[106.85918,47.90992],[106.85862,47.90982],[106.85791,47.9096],[106.8567,47.90911]]}},{"type":"Feature","properties":{},"geometry":{"type":"LineString","coordinates":[[106.85718,47.91],[106.85669,47.90998],[106.8563,47.90996],[106.85584,47.90996]]}},{"type":"Feature","properties":{},"geometry":{"type":"LineString","coordinates":[[106.85844,47.90999],[106.85733,47.91],[106.85718,47.91],[106.85609,47.91001]]}},{"type":"Feature","properties":{},"geometry":{"type":"LineString","coordinates":[[106.8544,47.90864],[106.85482,47.90867],[106.85515,47.90871],[106.85552,47.90883],[106.85602,47.90905],[106.85733,47.90968],[106.85768,47.90984],[106.858,47.90993],[106.85821,47.90996],[106.85863,47.90999]]}},{"type":"Feature","properties":{},"geometry":{"type":"LineString","coordinates":[[106.84022,48.53663],[106.84002,48.53595],[106.83959,48.53533],[106.83919,48.53495],[106.83874,48.53464],[106.83791,48.53423],[106.83713,48.534],[106.83652,48.53387],[106.83595,48.5338],[106.83505,48.53382],[106.82918,48.53477],[106.82864,48.5348],[106.8276,48.53472],[106.82658,48.53444],[106.82613,48.53424],[106.82568,48.53398],[106.82507,48.53337],[106.82473,48.53278],[106.82459,48.53222],[106.82469,48.53152],[106.82487,48.53113],[106.82542,48.53049],[106.82575,48.53024],[106.82633,48.5299],[106.83031,48.528],[106.83217,48.52705],[106.83257,48.52682],[106.83319,48.52634],[106.83367,48.52577],[106.83391,48.52527],[106.83444,48.5236],[106.83459,48.52266],[106.83451,48.52218],[106.83427,48.52159],[106.8339,48.52103],[106.83315,48.52035],[106.83219,48.51979]]}},{"type":"Feature","properties":{},"geometry":{"type":"LineString","coordinates":[[106.84024,48.53701],[106.84022,48.53663]]}},{"type":"Feature","properties":{},"geometry":{"type":"LineString","coordinates":[[106.82349,47.90641],[106.82268,47.90645]]}},{"type":"Feature","properties":{},"geometry":{"type":"LineString","coordinates":[[106.63324,48.1026],[106.63543,48.1038]]}},{"type":"Feature","properties":{},"geometry":{"type":"LineString","coordinates":[[106.53188,47.93882],[106.53241,47.93819],[106.53268,47.93794],[106.53434,47.93632],[106.53531,47.93538],[106.53599,47.93471],[106.53834,47.93242],[106.53961,47.93118],[106.54029,47.93064]]}},{"type":"Feature","properties":{},"geometry":{"type":"LineString","coordinates":[[106.53961,47.93118],[106.53909,47.9316],[106.53882,47.93185],[106.53746,47.93318],[106.53523,47.93535],[106.53424,47.93631],[106.53283,47.93768],[106.53265,47.9379],[106.53241,47.93819]]}},{"type":"Feature","properties":{},"geometry":{"type":"LineString","coordinates":[[106.61539,47.8161],[106.61567,47.81649],[106.61692,47.81824],[106.61776,47.81937]]}},{"type":"Feature","properties":{},"geometry":{"type":"LineString","coordinates":[[106.79967,47.91146],[106.80012,47.91158],[106.80081,47.91182],[106.8014,47.912],[106.80276,47.9124],[106.80357,47.9126]]}},{"type":"Feature","properties":{},"geometry":{"type":"LineString","coordinates":[[106.78937,47.90701],[106.78966,47.90654],[106.78985,47.90598],[106.79014,47.90533]]}},{"type":"Feature","properties":{},"geometry":{"type":"LineString","coordinates":[[106.79019,47.90615],[106.79058,47.90556],[106.79068,47.90531]]}},{"type":"Feature","properties":{},"geometry":{"type":"LineString","coordinates":[[106.78983,47.90657],[106.79028,47.9063],[106.79045,47.90623],[106.79063,47.90615],[106.79077,47.9061],[106.79084,47.90608],[106.79102,47.90604],[106.79121,47.906],[106.79142,47.90597],[106.79164,47.90595],[106.79188,47.90595],[106.79216,47.90596],[106.79244,47.90598],[106.79272,47.90601],[106.79298,47.90605],[106.7933,47.90609],[106.79368,47.90612],[106.79487,47.90621]]}},{"type":"Feature","properties":{},"geometry":{"type":"LineString","coordinates":[[106.74115,47.90081],[106.74059,47.90045],[106.73991,47.90002],[106.73955,47.8998],[106.73926,47.89963],[106.73882,47.89941],[106.73833,47.8991],[106.73808,47.89893],[106.73763,47.89862],[106.73747,47.89851],[106.73734,47.89842],[106.73723,47.8983],[106.73708,47.89809],[106.73696,47.89786],[106.73684,47.89756],[106.7367,47.89719]]}},{"type":"Feature","properties":{},"geometry":{"type":"LineString","coordinates":[[106.74108,47.90086],[106.74047,47.90047],[106.73982,47.90006],[106.73928,47.89971],[106.73882,47.89941]]}},{"type":"Feature","properties":{},"geometry":{"type":"LineString","coordinates":[[106.73676,47.89758],[106.73686,47.89788],[106.73697,47.89813],[106.73713,47.89835],[106.73729,47.89853],[106.73762,47.89887],[106.7377,47.89896],[106.73777,47.89905],[106.73781,47.89913],[106.73787,47.89925],[106.73846,47.90117]]}},{"type":"Feature","properties":{},"geometry":{"type":"LineString","coordinates":[[106.86368,47.89328],[106.86397,47.8934]]}},{"type":"Feature","properties":{},"geometry":{"type":"LineString","coordinates":[[106.67012,48.13373],[106.66899,48.13231],[106.66232,48.12394]]}},{"type":"Feature","properties":{},"geometry":{"type":"LineString","coordinates":[[106.67021,48.13385],[106.67012,48.13373]]}},{"type":"Feature","properties":{},"geometry":{"type":"LineString","coordinates":[[106.72004,47.88252],[106.72027,47.8826]]}},{"type":"Feature","properties":{},"geometry":{"type":"LineString","coordinates":[[106.7347,47.90014],[106.73439,47.90014],[106.73347,47.90018],[106.73285,47.90015],[106.73183,47.90005],[106.7297,47.89984],[106.72787,47.89964],[106.72533,47.89937]]}},{"type":"Feature","properties":{},"geometry":{"type":"LineString","coordinates":[[106.72549,47.89878],[106.72983,47.89922],[106.73058,47.89929],[106.732,47.89944],[106.7334,47.89958],[106.73432,47.89968]]}},{"type":"Feature","properties":{},"geometry":{"type":"LineString","coordinates":[[106.72979,47.90334],[106.7291,47.90327]]}},{"type":"Feature","properties":{},"geometry":{"type":"LineString","coordinates":[[106.74265,47.90473],[106.74185,47.90461],[106.74109,47.90448],[106.74068,47.90442],[106.74013,47.90436],[106.73855,47.9042],[106.73697,47.90405],[106.73526,47.90388],[106.7334,47.9037],[106.73179,47.90353],[106.73003,47.90336],[106.72979,47.90334]]}},{"type":"Feature","properties":{},"geometry":{"type":"LineString","coordinates":[[106.72975,47.90351],[106.72908,47.90345]]}},{"type":"Feature","properties":{},"geometry":{"type":"LineString","coordinates":[[106.83014,47.9088],[106.82556,47.90884],[106.81653,47.90894],[106.80179,47.90911],[106.80157,47.90912],[106.79186,47.90924],[106.78983,47.90925],[106.78952,47.90925],[106.78916,47.90924],[106.78841,47.90921],[106.78776,47.90918],[106.78695,47.90913],[106.78548,47.90899],[106.78528,47.90897],[106.78374,47.90881],[106.78358,47.9088],[106.76812,47.9073],[106.76758,47.90724],[106.76743,47.90722],[106.76683,47.90717],[106.76274,47.90677],[106.76261,47.90676],[106.76206,47.9067],[106.74665,47.90518],[106.74612,47.90513],[106.746,47.90512],[106.7441,47.90493],[106.72975,47.90351]]}},{"type":"Feature","properties":{},"geometry":{"type":"LineString","coordinates":[[106.73755,47.90128],[106.73699,47.90092],[106.73657,47.90076],[106.73638,47.90071],[106.73621,47.90067],[106.73522,47.90056],[106.73496,47.90053],[106.73334,47.90033],[106.7332,47.90032],[106.73279,47.90036],[106.73258,47.90035],[106.73208,47.90032]]}},{"type":"Feature","properties":{},"geometry":{"type":"LineString","coordinates":[[106.73058,47.89929],[106.73171,47.89944],[106.73329,47.89987],[106.73374,47.89999],[106.73422,47.90009]]}},{"type":"Feature","properties":{},"geometry":{"type":"LineString","coordinates":[[106.5791,48.07109],[106.58023,48.07162],[106.58065,48.07182],[106.5817,48.0723],[106.58255,48.07265],[106.58326,48.073],[106.58364,48.0732],[106.58438,48.07383],[106.58572,48.07619],[106.58638,48.07738],[106.58676,48.07796],[106.58711,48.07853]]}},{"type":"Feature","properties":{},"geometry":{"type":"LineString","coordinates":[[106.69528,48.16263],[106.69655,48.16366],[106.69767,48.16457],[106.69781,48.16469],[106.69925,48.16588],[106.7002,48.16667]]}},{"type":"Feature","properties":{},"geometry":{"type":"LineString","coordinates":[[106.56198,48.05616],[106.56235,48.05635],[106.5628,48.05656],[106.56317,48.05665],[106.56367,48.05677],[106.56421,48.05696],[106.56466,48.0572],[106.56495,48.05739],[106.56643,48.05858],[106.56805,48.05987]]}},{"type":"Feature","properties":{},"geometry":{"type":"LineString","coordinates":[[106.67813,48.14384],[106.67886,48.14477],[106.67989,48.14605],[106.68146,48.14805]]}},{"type":"Feature","properties":{},"geometry":{"type":"LineString","coordinates":[[107.16871,47.8148],[107.16824,47.81466],[107.16778,47.81454],[107.16732,47.81444],[107.16677,47.81433],[107.16615,47.81421],[107.16578,47.81416],[107.16539,47.81411],[107.16503,47.81408],[107.16458,47.81406],[107.16417,47.81405],[107.16372,47.81407],[107.1633,47.81409],[107.16291,47.81413],[107.16252,47.81418],[107.16205,47.81425],[107.16168,47.81433],[107.16134,47.81441],[107.16081,47.81456],[107.16029,47.81474],[107.15984,47.81492],[107.15883,47.81534],[107.15787,47.81575],[107.15744,47.81593],[107.1571,47.81609],[107.15695,47.81617],[107.15673,47.81629]]}},{"type":"Feature","properties":{},"geometry":{"type":"LineString","coordinates":[[107.15704,47.81622],[107.15675,47.81635],[107.15641,47.81648]]}},{"type":"Feature","properties":{},"geometry":{"type":"LineString","coordinates":[[106.53599,47.96841],[106.53889,47.96622],[106.53946,47.96576],[106.53991,47.96528],[106.54041,47.96445],[106.5405,47.96401],[106.54052,47.96326],[106.5404,47.96275]]}},{"type":"Feature","properties":{},"geometry":{"type":"LineString","coordinates":[[106.53584,47.96853],[106.53599,47.96841]]}},{"type":"Feature","properties":{},"geometry":{"type":"LineString","coordinates":[[106.81085,47.91838],[106.81122,47.91747],[106.81134,47.91709],[106.81146,47.91656],[106.81153,47.91618]]}},{"type":"Feature","properties":{},"geometry":{"type":"LineString","coordinates":[[106.81226,47.91514],[106.81186,47.91546],[106.81168,47.91557],[106.81154,47.91564],[106.81136,47.91572],[106.81113,47.9158]]}},{"type":"Feature","properties":{},"geometry":{"type":"LineString","coordinates":[[106.80265,47.91571],[106.8036,47.91577],[106.80453,47.91583]]}},{"type":"Feature","properties":{},"geometry":{"type":"LineString","coordinates":[[106.8036,47.91577],[106.80459,47.91573]]}},{"type":"Feature","properties":{},"geometry":{"type":"LineString","coordinates":[[106.80608,47.91587],[106.80906,47.91608],[106.80943,47.91607],[106.80982,47.91604],[106.8104,47.91596]]}},{"type":"Feature","properties":{},"geometry":{"type":"LineString","coordinates":[[106.8141,47.91425],[106.81574,47.91413],[106.81631,47.91414]]}},{"type":"Feature","properties":{},"geometry":{"type":"LineString","coordinates":[[106.8151,47.91407],[106.81168,47.91371],[106.81101,47.91358]]}},{"type":"Feature","properties":{},"geometry":{"type":"LineString","coordinates":[[106.79621,47.91097],[106.79603,47.91094],[106.794,47.91057],[106.79291,47.91027]]}},{"type":"Feature","properties":{},"geometry":{"type":"LineString","coordinates":[[106.79051,47.90986],[106.79199,47.91],[106.79261,47.91006],[106.79348,47.91021]]}},{"type":"Feature","properties":{},"geometry":{"type":"LineString","coordinates":[[106.79199,47.91],[106.79509,47.91054]]}},{"type":"Feature","properties":{},"geometry":{"type":"LineString","coordinates":[[106.78634,47.91535],[106.78751,47.91533],[106.78822,47.91538]]}},{"type":"Feature","properties":{},"geometry":{"type":"LineString","coordinates":[[111.88823,43.73987],[111.88834,43.73958],[111.89063,43.73377],[111.8909,43.73333],[111.89135,43.73281],[111.89408,43.73079],[111.89571,43.72959],[111.89613,43.72913],[111.89646,43.72855],[111.89663,43.72822],[111.89695,43.7279],[111.89715,43.72771]]}},{"type":"Feature","properties":{},"geometry":{"type":"LineString","coordinates":[[111.86458,43.75628],[111.86486,43.75459],[111.86488,43.75443],[111.86514,43.7529],[111.86516,43.7528],[111.86518,43.7526],[111.86524,43.75228],[111.86538,43.75131],[111.86544,43.75103],[111.86554,43.75074],[111.86567,43.75049],[111.86601,43.7501],[111.86651,43.74967]]}},{"type":"Feature","properties":{},"geometry":{"type":"LineString","coordinates":[[111.87497,43.74343],[111.87318,43.74475],[111.87302,43.74486],[111.86884,43.74797],[111.86651,43.74967],[111.85985,43.75458],[111.85913,43.75506],[111.85801,43.75587],[111.85422,43.75869]]}},{"type":"Feature","properties":{},"geometry":{"type":"LineString","coordinates":[[111.854,43.767],[111.85445,43.76675],[111.86172,43.76121],[111.86202,43.7609]]}},{"type":"Feature","properties":{},"geometry":{"type":"LineString","coordinates":[[111.86558,43.75491],[111.87245,43.7497],[111.87305,43.74934],[111.87378,43.74905],[111.87438,43.74893],[111.87508,43.74888],[111.87562,43.74891]]}},{"type":"Feature","properties":{},"geometry":{"type":"LineString","coordinates":[[111.8522,43.76839],[111.854,43.767],[111.86202,43.7609],[111.86246,43.76054],[111.86269,43.76039],[111.86309,43.76002],[111.86359,43.75954],[111.86386,43.75922],[111.8641,43.75885],[111.86421,43.75851],[111.86427,43.75829],[111.8645,43.75675],[111.86452,43.75666],[111.86458,43.75628],[111.8648,43.75571],[111.86496,43.75539],[111.86518,43.75511],[111.86532,43.75495],[111.86543,43.75487],[111.87231,43.74963]]}},{"type":"Feature","properties":{},"geometry":{"type":"LineString","coordinates":[[111.8724,43.74969],[111.8655,43.75492],[111.86539,43.755],[111.86506,43.75538],[111.86486,43.75581],[111.86452,43.75666]]}},{"type":"Feature","properties":{},"geometry":{"type":"LineString","coordinates":[[106.74247,47.88505],[106.74178,47.88495]]}},{"type":"Feature","properties":{},"geometry":{"type":"LineString","coordinates":[[106.72548,47.88915],[106.73185,47.88966],[106.7322,47.88971],[106.73243,47.88976],[106.73266,47.88983],[106.73294,47.88992]]}},{"type":"Feature","properties":{},"geometry":{"type":"LineString","coordinates":[[106.73148,47.8896],[106.73185,47.88966]]}},{"type":"Feature","properties":{},"geometry":{"type":"LineString","coordinates":[[106.7633,47.88863],[106.76012,47.88727],[106.75967,47.88713]]}},{"type":"Feature","properties":{},"geometry":{"type":"LineString","coordinates":[[106.77075,47.88735],[106.76275,47.88665],[106.76207,47.88666]]}},{"type":"Feature","properties":{},"geometry":{"type":"LineString","coordinates":[[106.77082,47.88745],[106.7633,47.88681],[106.76272,47.88671]]}},{"type":"Feature","properties":{},"geometry":{"type":"LineString","coordinates":[[106.73556,47.8869],[106.73524,47.88751],[106.73518,47.88765],[106.73512,47.88786],[106.7351,47.888],[106.7351,47.88815],[106.7351,47.88832],[106.73511,47.88852],[106.73517,47.88887],[106.73524,47.88929]]}},{"type":"Feature","properties":{},"geometry":{"type":"LineString","coordinates":[[106.73502,47.88857],[106.73523,47.88972],[106.73547,47.89046]]}},{"type":"Feature","properties":{},"geometry":{"type":"LineString","coordinates":[[106.72919,47.88829],[106.73259,47.88977],[106.73294,47.88992]]}},{"type":"Feature","properties":{},"geometry":{"type":"LineString","coordinates":[[106.73294,47.88992],[106.73461,47.89073],[106.73477,47.89081],[106.73493,47.89091],[106.7352,47.89113],[106.73522,47.89114],[106.73535,47.89127],[106.73548,47.89144],[106.73557,47.89163],[106.73563,47.89176],[106.73579,47.89221]]}},{"type":"Feature","properties":{},"geometry":{"type":"LineString","coordinates":[[106.73602,47.89286],[106.73626,47.89425],[106.73628,47.89484]]}},{"type":"Feature","properties":{},"geometry":{"type":"LineString","coordinates":[[106.73661,47.89677],[106.7366,47.89638],[106.73655,47.89604],[106.73639,47.89505]]}},{"type":"Feature","properties":{},"geometry":{"type":"LineString","coordinates":[[106.73655,47.89604],[106.73669,47.8964],[106.73673,47.89653],[106.73741,47.89793]]}},{"type":"Feature","properties":{},"geometry":{"type":"LineString","coordinates":[[106.73826,47.90197],[106.73772,47.90142]]}},{"type":"Feature","properties":{},"geometry":{"type":"LineString","coordinates":[[106.72732,47.89205],[106.7284,47.89234]]}},{"type":"Feature","properties":{},"geometry":{"type":"LineString","coordinates":[[106.72757,47.89219],[106.7284,47.89234],[106.72967,47.89257]]}},{"type":"Feature","properties":{},"geometry":{"type":"LineString","coordinates":[[106.73348,47.89263],[106.73171,47.89263],[106.73029,47.89262]]}},{"type":"Feature","properties":{},"geometry":{"type":"LineString","coordinates":[[106.72409,47.89535],[106.72599,47.89537],[106.731,47.89584],[106.73129,47.89588],[106.73163,47.89596],[106.73212,47.89616],[106.73268,47.89645],[106.7329,47.8966],[106.7331,47.89675],[106.73388,47.89744]]}},{"type":"Feature","properties":{},"geometry":{"type":"LineString","coordinates":[[106.76859,47.90748],[106.76433,47.90707]]}},{"type":"Feature","properties":{},"geometry":{"type":"LineString","coordinates":[[106.7539,47.90634],[106.75359,47.90633],[106.75341,47.90634],[106.75325,47.90636],[106.75301,47.90642],[106.75221,47.90662],[106.75196,47.90671],[106.75138,47.90692],[106.75091,47.90708],[106.74941,47.90748],[106.7484,47.90772],[106.74766,47.90786],[106.74725,47.90793],[106.7464,47.90814]]}},{"type":"Feature","properties":{},"geometry":{"type":"LineString","coordinates":[[106.73741,47.90541],[106.74401,47.90605],[106.7498,47.90661],[106.75014,47.90662],[106.75035,47.90662],[106.75059,47.90659],[106.75158,47.90635],[106.75177,47.9063],[106.75204,47.90627],[106.7523,47.90624],[106.75256,47.90622],[106.7528,47.90623],[106.7539,47.90634],[106.76141,47.90707],[106.762,47.90712],[106.76221,47.90713],[106.76278,47.90712],[106.76369,47.90706],[106.76397,47.90705],[106.76433,47.90707],[106.7651,47.90708]]}},{"type":"Feature","properties":{},"geometry":{"type":"LineString","coordinates":[[106.74941,47.90748],[106.74975,47.90742],[106.75003,47.90738],[106.75025,47.90737],[106.7505,47.90737],[106.75148,47.90747],[106.75891,47.90818]]}},{"type":"Feature","properties":{},"geometry":{"type":"LineString","coordinates":[[106.79029,47.91348],[106.79014,47.91184],[106.79011,47.91156],[106.79006,47.9113],[106.78997,47.91095]]}},{"type":"Feature","properties":{},"geometry":{"type":"LineString","coordinates":[[106.8061,47.91767],[106.80701,47.91765],[106.80714,47.91765],[106.80729,47.91766],[106.80859,47.91775]]}},{"type":"Feature","properties":{},"geometry":{"type":"LineString","coordinates":[[106.81075,47.91756],[106.80933,47.91768]]}},{"type":"Feature","properties":{},"geometry":{"type":"LineString","coordinates":[[106.80663,47.91268],[106.80342,47.91211],[106.80324,47.91209],[106.80255,47.91202]]}},{"type":"Feature","properties":{},"geometry":{"type":"LineString","coordinates":[[107.02073,47.91225],[107.01739,47.91173],[107.01708,47.91168],[107.01686,47.91163],[107.01673,47.91159],[107.0165,47.9115],[107.01635,47.9114],[107.01603,47.91118],[107.01587,47.91103],[107.0156,47.91079]]}},{"type":"Feature","properties":{},"geometry":{"type":"LineString","coordinates":[[107.00828,47.91619],[107.00836,47.91554],[107.00837,47.9154],[107.00836,47.91526],[107.00835,47.9151]]}},{"type":"Feature","properties":{},"geometry":{"type":"LineString","coordinates":[[107.00835,47.9151],[107.00826,47.91581]]}},{"type":"Feature","properties":{},"geometry":{"type":"LineString","coordinates":[[107.00835,47.9151],[107.00847,47.9142],[107.00851,47.91404],[107.00857,47.91393],[107.00865,47.91377],[107.00873,47.91367],[107.00891,47.91346]]}},{"type":"Feature","properties":{},"geometry":{"type":"LineString","coordinates":[[107.01492,47.91046],[107.01443,47.90979],[107.0143,47.90954]]}},{"type":"Feature","properties":{},"geometry":{"type":"LineString","coordinates":[[107.01192,47.90671],[107.01139,47.90578],[107.01123,47.90542],[107.01108,47.90507]]}},{"type":"Feature","properties":{},"geometry":{"type":"LineString","coordinates":[[107.00541,47.90315],[107.00474,47.90311]]}},{"type":"Feature","properties":{},"geometry":{"type":"LineString","coordinates":[[107.00582,47.90316],[107.00661,47.9031]]}},{"type":"Feature","properties":{},"geometry":{"type":"LineString","coordinates":[[107.15452,47.83683],[107.1542,47.83723],[107.15315,47.83857],[107.15268,47.83916],[107.15249,47.83939],[107.15231,47.8396],[107.15211,47.8398],[107.15189,47.84],[107.15163,47.8402],[107.15144,47.84033],[107.15125,47.84045],[107.151,47.84058],[107.15073,47.84071],[107.15042,47.84083],[107.15011,47.84095],[107.14981,47.84104],[107.14952,47.84112],[107.14919,47.84118],[107.14866,47.84126]]}},{"type":"Feature","properties":{},"geometry":{"type":"LineString","coordinates":[[107.1546,47.83674],[107.15452,47.83683]]}},{"type":"Feature","properties":{},"geometry":{"type":"LineString","coordinates":[[108.54129,46.19619],[108.54153,46.19597],[108.54184,46.19573],[108.54206,46.19554],[108.54229,46.19528],[108.54244,46.19505],[108.54258,46.19475],[108.54265,46.19448],[108.54267,46.19432],[108.54266,46.19423],[108.54266,46.19413],[108.54264,46.19388],[108.54256,46.19363],[108.54247,46.19334],[108.54217,46.1924],[108.54209,46.19215],[108.54205,46.19198],[108.54202,46.19176],[108.54204,46.19154],[108.54209,46.19131],[108.54221,46.19099],[108.54256,46.19039],[108.54522,46.18573]]}},{"type":"Feature","properties":{},"geometry":{"type":"LineString","coordinates":[[108.54078,46.19655],[108.54042,46.19686],[108.54001,46.19716],[108.5396,46.19749],[108.53917,46.19787],[108.53417,46.20129],[108.52756,46.20584],[108.52707,46.20612],[108.52695,46.20619],[108.52655,46.20639]]}},{"type":"Feature","properties":{},"geometry":{"type":"LineString","coordinates":[[108.54217,46.1924],[108.54212,46.192],[108.5421,46.19173],[108.54213,46.19149],[108.54218,46.19129],[108.54228,46.19105],[108.54244,46.19074],[108.5453,46.18576]]}},{"type":"Feature","properties":{},"geometry":{"type":"LineString","coordinates":[[106.87885,47.90671],[106.87909,47.90676],[106.87937,47.90683],[106.87953,47.90686],[106.87968,47.90688],[106.87986,47.90692],[106.88007,47.90695],[106.88041,47.90701],[106.88066,47.90706],[106.88093,47.90711],[106.88108,47.90713],[106.88132,47.90718]]}},{"type":"Feature","properties":{},"geometry":{"type":"LineString","coordinates":[[106.88198,47.90732],[106.88174,47.90725],[106.88158,47.9072],[106.88157,47.9072],[106.88085,47.90697],[106.88043,47.90683],[106.87978,47.90661],[106.87946,47.90651],[106.8793,47.90645],[106.87912,47.9064],[106.87893,47.90634],[106.8788,47.9063],[106.8787,47.90628],[106.87848,47.90624],[106.87836,47.90621],[106.87825,47.9062],[106.87815,47.90618],[106.87801,47.90617],[106.87784,47.90616],[106.87733,47.90613],[106.87712,47.90611],[106.877,47.90609],[106.87685,47.90607],[106.87663,47.90605],[106.876,47.90596],[106.8751,47.90583],[106.87435,47.90573],[106.87425,47.90572],[106.87415,47.90571],[106.87404,47.9057],[106.87393,47.9057],[106.87378,47.9057],[106.87364,47.9057],[106.87351,47.90571],[106.87335,47.90572],[106.87318,47.90574],[106.87289,47.90579],[106.87273,47.90581],[106.87232,47.90587],[106.8711,47.90606]]}},{"type":"Feature","properties":{},"geometry":{"type":"LineString","coordinates":[[106.87712,47.90611],[106.87687,47.9061],[106.87655,47.90608],[106.87616,47.90607],[106.87582,47.90606],[106.87561,47.90605],[106.87544,47.90604],[106.87527,47.90602],[106.87507,47.90601],[106.87493,47.906],[106.87481,47.90599],[106.87468,47.90599],[106.87452,47.906],[106.87422,47.90602],[106.87372,47.90605],[106.87209,47.90617]]}},{"type":"Feature","properties":{},"geometry":{"type":"LineString","coordinates":[[111.9183,43.71146],[111.91804,43.71174],[111.91772,43.71213],[111.91754,43.71245],[111.91745,43.71276],[111.91738,43.71314],[111.91729,43.71385],[111.91721,43.71448]]}},{"type":"Feature","properties":{},"geometry":{"type":"LineString","coordinates":[[107.48613,47.35239],[107.48628,47.35221]]}},{"type":"Feature","properties":{},"geometry":{"type":"LineString","coordinates":[[107.46563,47.37229],[107.46642,47.37158],[107.46656,47.37144],[107.46692,47.37106]]}},{"type":"Feature","properties":{},"geometry":{"type":"LineString","coordinates":[[107.46552,47.37224],[107.46673,47.37115],[107.46683,47.37107],[107.46722,47.37079]]}},{"type":"Feature","properties":{},"geometry":{"type":"LineString","coordinates":[[107.46994,47.36834],[107.47023,47.36813],[107.47077,47.36778],[107.47094,47.36766]]}},{"type":"Feature","properties":{},"geometry":{"type":"LineString","coordinates":[[107.46557,47.37227],[107.46692,47.37106],[107.46722,47.37079],[107.46745,47.37058],[107.4676,47.37043],[107.46794,47.37001],[107.46807,47.36987],[107.4682,47.36975],[107.46836,47.36962],[107.46994,47.36834],[107.47091,47.36756]]}},{"type":"Feature","properties":{},"geometry":{"type":"LineString","coordinates":[[107.47186,47.36691],[107.47098,47.36762],[107.47094,47.36766],[107.46813,47.36993]]}},{"type":"Feature","properties":{},"geometry":{"type":"LineString","coordinates":[[107.47425,47.3625],[107.47288,47.36373],[107.47262,47.36397],[107.47053,47.36587]]}},{"type":"Feature","properties":{},"geometry":{"type":"LineString","coordinates":[[107.48702,47.35145],[107.48721,47.35123],[107.4873,47.35112],[107.48752,47.35079],[107.48765,47.35062]]}},{"type":"Feature","properties":{},"geometry":{"type":"LineString","coordinates":[[107.48628,47.35221],[107.48765,47.35062],[107.48775,47.35051],[107.48792,47.35033]]}},{"type":"Feature","properties":{},"geometry":{"type":"LineString","coordinates":[[107.47467,47.36212],[107.47485,47.36197],[107.47514,47.36177],[107.47534,47.3616],[107.48705,47.35112],[107.48722,47.35096],[107.48733,47.35086]]}},{"type":"Feature","properties":{},"geometry":{"type":"LineString","coordinates":[[107.48839,47.34984],[107.48891,47.34928]]}},{"type":"Feature","properties":{},"geometry":{"type":"LineString","coordinates":[[107.48798,47.3502],[107.48864,47.34968]]}},{"type":"Feature","properties":{},"geometry":{"type":"LineString","coordinates":[[107.48787,47.3503],[107.48733,47.35086]]}},{"type":"Feature","properties":{},"geometry":{"type":"LineString","coordinates":[[107.48876,47.34957],[107.48906,47.34934],[107.49008,47.3486],[107.49056,47.34829],[107.49103,47.34803],[107.49144,47.34783],[107.49179,47.34766]]}},{"type":"Feature","properties":{},"geometry":{"type":"LineString","coordinates":[[107.47429,47.36246],[107.47483,47.3619]]}},{"type":"Feature","properties":{},"geometry":{"type":"LineString","coordinates":[[107.47098,47.36762],[107.47121,47.36742],[107.47134,47.36728],[107.47148,47.36712],[107.47157,47.36699],[107.47165,47.36685],[107.47174,47.36666],[107.47179,47.3665],[107.47183,47.36633],[107.47184,47.36616],[107.47183,47.3656],[107.47184,47.36542],[107.47186,47.36525],[107.4719,47.36508],[107.47196,47.36489],[107.47206,47.36468],[107.4722,47.36445],[107.4723,47.36431],[107.47262,47.36397]]}},{"type":"Feature","properties":{},"geometry":{"type":"LineString","coordinates":[[108.36507,47.75346],[108.36584,47.75442]]}},{"type":"Feature","properties":{},"geometry":{"type":"LineString","coordinates":[[108.36542,47.75401],[108.36507,47.75346],[108.36495,47.7533]]}},{"type":"Feature","properties":{},"geometry":{"type":"LineString","coordinates":[[108.37312,47.76366],[108.37298,47.76343],[108.37286,47.76322]]}},{"type":"Feature","properties":{},"geometry":{"type":"LineString","coordinates":[[108.37355,47.7643],[108.37346,47.76416],[108.37336,47.76399],[108.37326,47.76384],[108.37312,47.76366]]}},{"type":"Feature","properties":{},"geometry":{"type":"LineString","coordinates":[[108.36626,47.75496],[108.36608,47.75475],[108.36584,47.75442]]}},{"type":"Feature","properties":{},"geometry":{"type":"LineString","coordinates":[[108.35259,47.73844],[108.35347,47.73954],[108.36021,47.74809],[108.36087,47.74892],[108.36189,47.75019],[108.36207,47.75037],[108.36236,47.75065],[108.36294,47.75122],[108.3634,47.75169],[108.36369,47.75198],[108.36384,47.75212],[108.36403,47.75235],[108.36457,47.75303]]}},{"type":"Feature","properties":{},"geometry":{"type":"LineString","coordinates":[[106.10255,43.1056],[106.10523,43.10471]]}},{"type":"Feature","properties":{},"geometry":{"type":"LineString","coordinates":[[105.58428,43.64307],[105.57876,43.64296],[105.57003,43.6428],[105.56947,43.64279],[105.5663,43.64274],[105.56194,43.64264],[105.56108,43.64263],[105.56082,43.64263],[105.56049,43.64264],[105.56018,43.64267],[105.55981,43.64274],[105.55948,43.64281],[105.55915,43.64291],[105.55826,43.64319],[105.5576,43.64343],[105.55702,43.64369],[105.55658,43.64392],[105.55607,43.64421],[105.5557,43.64445],[105.55535,43.64472],[105.55493,43.64508],[105.55441,43.6455],[105.54922,43.65014],[105.54585,43.65324],[105.54501,43.65396],[105.54378,43.65467],[105.54317,43.65499],[105.54251,43.65527],[105.54168,43.65558],[105.54116,43.65573],[105.54065,43.65588],[105.54017,43.65599],[105.53966,43.65608],[105.53919,43.65614],[105.5387,43.6562],[105.53822,43.65624],[105.53761,43.65627],[105.53707,43.65629],[105.53656,43.65628],[105.53607,43.65625],[105.53092,43.65584],[105.53037,43.65577],[105.52989,43.65569],[105.5294,43.65559],[105.52889,43.65546],[105.52839,43.6553],[105.528,43.65515],[105.52752,43.65493],[105.52716,43.65473],[105.52678,43.65452],[105.52645,43.6543],[105.52608,43.65402],[105.52587,43.65385],[105.52555,43.65353],[105.52525,43.65325],[105.52498,43.65296],[105.52473,43.65261],[105.52451,43.65227],[105.52434,43.65191],[105.52422,43.6516],[105.52411,43.65123],[105.52405,43.65091],[105.52401,43.65055],[105.52399,43.65023],[105.52399,43.6499],[105.52403,43.64957],[105.52409,43.64921],[105.52418,43.64886],[105.5243,43.64849],[105.52446,43.64812],[105.52475,43.64756],[105.52493,43.64724],[105.52513,43.64692],[105.52535,43.64661],[105.5256,43.64633],[105.52589,43.64604],[105.52622,43.64576],[105.52659,43.64546],[105.52692,43.64525],[105.52725,43.64506],[105.5276,43.64488],[105.52802,43.64469],[105.52843,43.64452],[105.52889,43.64437],[105.52929,43.64426],[105.52966,43.64418],[105.53022,43.64407],[105.53074,43.644],[105.53119,43.64396],[105.53168,43.64395],[105.53215,43.64396],[105.53259,43.64398],[105.53306,43.64403],[105.53358,43.6441],[105.53409,43.64421],[105.53473,43.64436],[105.53565,43.64459],[105.54601,43.64712],[105.54654,43.64724],[105.54706,43.64733],[105.54755,43.6474],[105.54805,43.64743],[105.54853,43.64745],[105.54902,43.64744],[105.54953,43.6474],[105.54998,43.64734],[105.55055,43.64725],[105.55106,43.64714],[105.55152,43.64702],[105.55207,43.64685],[105.55249,43.64669],[105.5531,43.64642],[105.55349,43.6462],[105.55396,43.64586],[105.55441,43.6455]]}},{"type":"Feature","properties":{},"geometry":{"type":"LineString","coordinates":[[106.87112,47.8983],[106.87115,47.89846],[106.87119,47.89861],[106.87132,47.89884],[106.87148,47.89907],[106.87179,47.89937]]}},{"type":"Feature","properties":{},"geometry":{"type":"LineString","coordinates":[[106.8634,47.89002],[106.86425,47.89069],[106.86508,47.89127],[106.86525,47.8914],[106.86538,47.89152],[106.86575,47.89193],[106.86589,47.89206],[106.86625,47.89234],[106.86639,47.89244],[106.86656,47.89254],[106.86727,47.89291],[106.86773,47.89315],[106.87004,47.89484],[106.87047,47.89509]]}},{"type":"Feature","properties":{},"geometry":{"type":"LineString","coordinates":[[114.55812,48.10837],[114.55948,48.10895],[114.56018,48.10936],[114.56026,48.10941],[114.56041,48.10952]]}},{"type":"Feature","properties":{},"geometry":{"type":"LineString","coordinates":[[114.55819,48.10831],[114.55923,48.10877],[114.55948,48.10895]]}},{"type":"Feature","properties":{},"geometry":{"type":"LineString","coordinates":[[114.55782,48.10807],[114.55883,48.10852],[114.55923,48.10877]]}},{"type":"Feature","properties":{},"geometry":{"type":"LineString","coordinates":[[114.56144,48.11044],[114.56111,48.11013],[114.56075,48.10982],[114.56046,48.10956],[114.56041,48.10952],[114.56035,48.10947],[114.56018,48.10932],[114.55984,48.10902],[114.55914,48.1085],[114.55802,48.10794],[114.55776,48.10783],[114.55572,48.10698]]}},{"type":"Feature","properties":{},"geometry":{"type":"LineString","coordinates":[[114.55567,48.10709],[114.55674,48.10751],[114.55776,48.10783]]}},{"type":"Feature","properties":{},"geometry":{"type":"LineString","coordinates":[[114.5721,48.11982],[114.5717,48.11939],[114.57147,48.11913],[114.57137,48.11904],[114.57123,48.1189],[114.57096,48.11863],[114.57079,48.11848],[114.57011,48.11788],[114.5685,48.11647],[114.5666,48.11476],[114.5644,48.11282],[114.56386,48.1124],[114.56384,48.11238],[114.5635,48.11208],[114.56255,48.11125],[114.56165,48.11045],[114.56105,48.10991],[114.56057,48.10948],[114.56049,48.10941],[114.5601,48.10907]]}},{"type":"Feature","properties":{},"geometry":{"type":"LineString","coordinates":[[114.56165,48.11045],[114.56208,48.11072],[114.56259,48.11091],[114.56301,48.11103],[114.56366,48.11108],[114.56424,48.11105],[114.56491,48.1109],[114.56603,48.11036],[114.5666,48.11009],[114.56681,48.10999],[114.56748,48.10966],[114.56793,48.1094],[114.56917,48.10878]]}},{"type":"Feature","properties":{},"geometry":{"type":"LineString","coordinates":[[114.56603,48.11036],[114.56652,48.10998],[114.56683,48.10936],[114.56687,48.10906],[114.56691,48.10875],[114.56695,48.1085],[114.56709,48.10769]]}},{"type":"Feature","properties":{},"geometry":{"type":"LineString","coordinates":[[114.56695,48.1085],[114.56689,48.10803],[114.56663,48.10755],[114.56611,48.10703],[114.56589,48.10683]]}},{"type":"Feature","properties":{},"geometry":{"type":"LineString","coordinates":[[114.56687,48.10906],[114.56702,48.10846],[114.56719,48.10762]]}},{"type":"Feature","properties":{},"geometry":{"type":"LineString","coordinates":[[114.56729,48.10778],[114.56708,48.10871],[114.56683,48.10936]]}},{"type":"Feature","properties":{},"geometry":{"type":"LineString","coordinates":[[114.56681,48.10999],[114.56773,48.10964],[114.56855,48.10923],[114.5697,48.10871]]}},{"type":"Feature","properties":{},"geometry":{"type":"LineString","coordinates":[[114.5666,48.11009],[114.56794,48.10964],[114.56922,48.1091],[114.5698,48.10882]]}},{"type":"Feature","properties":{},"geometry":{"type":"LineString","coordinates":[[114.56384,48.11238],[114.56472,48.11317],[114.56623,48.11452],[114.56785,48.11597],[114.5698,48.11769],[114.5711,48.11887],[114.5717,48.11939]]}},{"type":"Feature","properties":{},"geometry":{"type":"LineString","coordinates":[[114.57137,48.11904],[114.57183,48.11943],[114.57215,48.11971],[114.57258,48.11999],[114.57273,48.12008],[114.57293,48.12018],[114.57341,48.12036],[114.57362,48.12038],[114.57688,48.12092]]}},{"type":"Feature","properties":{},"geometry":{"type":"LineString","coordinates":[[114.55975,48.10869],[114.55953,48.10837],[114.55935,48.10811],[114.55907,48.10766],[114.55891,48.10724],[114.55887,48.10655],[114.55909,48.10595],[114.55922,48.10567],[114.55951,48.10494],[114.55992,48.10402],[114.56088,48.1019],[114.56164,48.10027],[114.56199,48.09946],[114.56243,48.09847],[114.56306,48.09695],[114.56331,48.09581],[114.56349,48.09426],[114.5636,48.09314],[114.56375,48.09212],[114.56382,48.09142],[114.56408,48.08938],[114.56423,48.08827],[114.56442,48.08678],[114.5645,48.08605],[114.56445,48.08511],[114.56402,48.08346],[114.56373,48.08253],[114.56325,48.08206],[114.56278,48.0818],[114.56223,48.08162],[114.55927,48.08077],[114.5591,48.08072]]}},{"type":"Feature","properties":{},"geometry":{"type":"LineString","coordinates":[[114.5645,48.08605],[114.56493,48.08446],[114.5652,48.08303],[114.56535,48.08187],[114.56565,48.07976]]}},{"type":"Feature","properties":{},"geometry":{"type":"LineString","coordinates":[[114.55174,48.07905],[114.55522,48.0801],[114.55586,48.08037],[114.55698,48.08128],[114.55798,48.08214],[114.55831,48.08233],[114.55923,48.08268],[114.56242,48.08361],[114.56352,48.084],[114.56405,48.0844],[114.56424,48.08471],[114.56445,48.08511]]}},{"type":"Feature","properties":{},"geometry":{"type":"LineString","coordinates":[[107.15704,47.81622],[107.15743,47.81605],[107.1577,47.81593],[107.15816,47.81574],[107.15849,47.8156],[107.15892,47.81542],[107.15947,47.81519],[107.15981,47.81504],[107.16016,47.81491],[107.16043,47.8148],[107.16061,47.81474],[107.16077,47.81469],[107.16098,47.81462],[107.16131,47.81453],[107.16173,47.81442],[107.16204,47.81436],[107.16235,47.8143],[107.16279,47.81424],[107.16318,47.8142],[107.16349,47.81418],[107.16392,47.81417],[107.16426,47.81416],[107.16457,47.81417],[107.16494,47.81418],[107.16543,47.81422],[107.16583,47.81428],[107.16629,47.81435],[107.16716,47.81452],[107.16774,47.81465],[107.16834,47.81478],[107.16884,47.81488],[107.1691,47.81493]]}},{"type":"Feature","properties":{},"geometry":{"type":"LineString","coordinates":[[107.1577,47.81593],[107.15801,47.81584],[107.15822,47.81577],[107.15839,47.81571],[107.15866,47.81559],[107.15901,47.81544],[107.15937,47.81528],[107.1598,47.8151],[107.16022,47.81493],[107.16051,47.81482],[107.16072,47.81475],[107.161,47.81466],[107.1613,47.81458],[107.16153,47.81452],[107.16178,47.81446],[107.16209,47.81439],[107.16238,47.81434],[107.16268,47.8143],[107.16299,47.81426],[107.16327,47.81424],[107.1638,47.81421],[107.16426,47.8142],[107.16479,47.81421],[107.16524,47.81424],[107.16567,47.81429],[107.16608,47.81436],[107.16653,47.81444],[107.16712,47.81457],[107.16756,47.81467],[107.16785,47.81473],[107.1681,47.81478],[107.1685,47.81486]]}},{"type":"Feature","properties":{},"geometry":{"type":"LineString","coordinates":[[107.16782,47.81477],[107.1676,47.81475],[107.16741,47.81472],[107.16717,47.81469],[107.16691,47.81464],[107.16645,47.81454],[107.16623,47.8145],[107.16598,47.81446],[107.16578,47.81443],[107.16561,47.8144],[107.16544,47.81439],[107.16522,47.81436],[107.165,47.81434],[107.16477,47.81433],[107.16463,47.81433]]}},{"type":"Feature","properties":{},"geometry":{"type":"LineString","coordinates":[[107.15731,47.82202],[107.15708,47.82202],[107.15681,47.82201],[107.1565,47.82199],[107.15625,47.82197],[107.15596,47.82192],[107.15568,47.82186],[107.15546,47.8218],[107.15523,47.82173],[107.155,47.82165],[107.15479,47.82156],[107.15455,47.82144],[107.15436,47.82134],[107.15418,47.82122],[107.15403,47.82111],[107.15389,47.821],[107.15376,47.82088],[107.15364,47.82076],[107.15353,47.82064],[107.15345,47.82052],[107.15336,47.82038],[107.15328,47.82023],[107.15321,47.82008],[107.15314,47.81992],[107.1531,47.81978],[107.15306,47.81961],[107.15304,47.81947],[107.15304,47.81932],[107.15305,47.81916],[107.15307,47.81901],[107.1531,47.81887],[107.15314,47.81874],[107.15321,47.81857],[107.15328,47.81843],[107.15339,47.81825],[107.15349,47.81811],[107.15361,47.81798],[107.15376,47.81781],[107.15395,47.81765],[107.15412,47.81751],[107.15432,47.81737],[107.15452,47.81725],[107.15474,47.81714],[107.15499,47.81703],[107.15523,47.81693],[107.15553,47.8168],[107.15579,47.81669]]}},{"type":"Feature","properties":{},"geometry":{"type":"LineString","coordinates":[[107.15758,47.822],[107.15731,47.82202]]}},{"type":"Feature","properties":{},"geometry":{"type":"LineString","coordinates":[[105.57467,43.64253],[105.57517,43.64251],[105.57579,43.64247],[105.57638,43.64244],[105.57834,43.64232],[105.57911,43.64227],[105.57955,43.64225],[105.60007,43.64266],[105.60048,43.64268],[105.60124,43.64276],[105.60212,43.64285],[105.60308,43.64294],[105.60378,43.64301],[105.60505,43.64314],[105.60622,43.64326],[105.6067,43.64331],[105.60718,43.64334]]}},{"type":"Feature","properties":{},"geometry":{"type":"LineString","coordinates":[[107.46847,42.48562],[107.47686,42.48607],[107.48568,42.48652],[107.48709,42.48657],[107.48836,42.48654],[107.48953,42.48649],[107.49083,42.48638],[107.49251,42.4862],[107.49375,42.48602],[107.49551,42.48568],[107.49744,42.4852],[107.49889,42.48477],[107.50148,42.48388],[107.50298,42.48325],[107.50514,42.48214],[107.50708,42.48099],[107.50808,42.48031],[107.50903,42.47961],[107.51003,42.47882],[107.51103,42.47789],[107.51141,42.47754],[107.51203,42.4769],[107.51256,42.47634],[107.51289,42.47594],[107.51328,42.47547],[107.51371,42.47492],[107.51412,42.47436],[107.51437,42.474],[107.51469,42.47349],[107.51527,42.47251],[107.51582,42.47153],[107.51605,42.47112],[107.51636,42.47057],[107.51738,42.46881],[107.52891,42.44836],[107.5292,42.44786],[107.52946,42.44739],[107.52972,42.44695],[107.53053,42.4455]]}},{"type":"Feature","properties":{},"geometry":{"type":"LineString","coordinates":[[106.42721,49.23555],[106.42856,49.23516],[106.42887,49.23503]]}},{"type":"Feature","properties":{},"geometry":{"type":"LineString","coordinates":[[106.42499,49.23611],[106.42563,49.23596],[106.42713,49.23553],[106.42719,49.23551]]}},{"type":"Feature","properties":{},"geometry":{"type":"LineString","coordinates":[[106.42441,49.23619],[106.42384,49.23628],[106.42348,49.23633],[106.42322,49.23638]]}},{"type":"Feature","properties":{},"geometry":{"type":"LineString","coordinates":[[106.42322,49.23638],[106.42546,49.23575],[106.42588,49.23562],[106.42739,49.23513],[106.43064,49.23419],[106.4348,49.23301],[106.43536,49.23289],[106.43597,49.23275]]}},{"type":"Feature","properties":{},"geometry":{"type":"LineString","coordinates":[[105.92894,49.48707],[105.92908,49.48684],[105.92922,49.48665],[105.92936,49.48643],[105.92944,49.4863],[105.92956,49.48606],[105.93029,49.48462]]}},{"type":"Feature","properties":{},"geometry":{"type":"LineString","coordinates":[[105.92488,49.49445],[105.92511,49.49417],[105.92559,49.49351],[105.926,49.49286],[105.92636,49.49217],[105.92763,49.48963],[105.92826,49.4884],[105.92862,49.48771],[105.92894,49.48707]]}},{"type":"Feature","properties":{},"geometry":{"type":"LineString","coordinates":[[105.93327,49.47857],[105.93343,49.47823],[105.93377,49.47758],[105.93387,49.47738],[105.93415,49.47681],[105.93447,49.4762],[105.93466,49.47582],[105.93497,49.47526],[105.93523,49.47484],[105.93558,49.47438],[105.93587,49.47405],[105.9362,49.47373],[105.93658,49.47339],[105.93704,49.47303],[105.93745,49.47275],[105.93789,49.47248],[105.93831,49.47224],[105.93881,49.47199],[105.9392,49.47181],[105.94003,49.47146],[105.94155,49.47083],[105.94218,49.47055],[105.94256,49.47036],[105.94289,49.47018],[105.9433,49.46995],[105.94369,49.46971],[105.94414,49.46941],[105.9445,49.46915],[105.9448,49.46893],[105.94529,49.46851],[105.94559,49.46821],[105.94585,49.46795],[105.94616,49.46761],[105.94643,49.46726],[105.94659,49.46705],[105.94678,49.46677],[105.94698,49.46644],[105.94716,49.46612],[105.94734,49.46574],[105.94755,49.46516],[105.94766,49.46482],[105.94774,49.46446],[105.94781,49.4641],[105.94786,49.46367],[105.94787,49.46336],[105.94787,49.463],[105.94784,49.46267],[105.94779,49.46228],[105.94772,49.46193],[105.94764,49.46164],[105.94753,49.4613],[105.94743,49.46104],[105.94734,49.4608],[105.94721,49.46053],[105.94709,49.46029],[105.94683,49.45984],[105.94648,49.45924],[105.94509,49.45696],[105.94293,49.45342],[105.94059,49.44953],[105.93948,49.44769],[105.93911,49.44708],[105.93888,49.44665],[105.9386,49.44605],[105.93842,49.44553],[105.93833,49.4452],[105.93826,49.44487],[105.9382,49.44447],[105.93816,49.44399],[105.93816,49.44361],[105.93819,49.44327],[105.93835,49.44225],[105.93863,49.44091],[105.93897,49.43927],[105.939,49.43916],[105.93912,49.43866]]}},{"type":"Feature","properties":{},"geometry":{"type":"LineString","coordinates":[[105.93018,49.4846],[105.93254,49.47998],[105.93327,49.47857]]}},{"type":"Feature","properties":{},"geometry":{"type":"LineString","coordinates":[[105.93912,49.43866],[105.93942,49.4372],[105.94055,49.43165],[105.94056,49.4316],[105.94139,49.42768],[105.94164,49.42655],[105.94172,49.42621],[105.94174,49.4261]]}},{"type":"Feature","properties":{},"geometry":{"type":"LineString","coordinates":[[110.0584,44.50858],[110.05629,44.50487],[110.05588,44.50419],[110.0544,44.50202],[110.05156,44.49799],[110.05099,44.49713],[110.05061,44.49648],[110.05019,44.49569],[110.04991,44.49497],[110.04854,44.49047],[110.04814,44.48943],[110.04762,44.48824],[110.04695,44.48703],[110.04629,44.48586],[110.04524,44.48454],[110.0443,44.4835],[110.04342,44.48268],[110.03367,44.47494],[110.03197,44.47351],[110.03017,44.47177],[110.02914,44.47043],[110.02793,44.46851],[110.02723,44.46708],[110.02675,44.46561],[110.0264,44.46409],[110.02624,44.46256],[110.02624,44.4612],[110.02645,44.45964],[110.03101,44.43849],[110.03151,44.43623],[110.03151,44.43308],[110.03044,44.42973],[110.02524,44.41931],[110.02224,44.41649],[110.01752,44.41361],[110.01181,44.41217],[110.0058,44.41202],[109.99894,44.41312],[109.99349,44.4137],[109.98799,44.41331],[109.98087,44.41122],[109.97091,44.40632],[109.96559,44.40209],[109.95658,44.39117],[109.95186,44.38786],[109.94679,44.38706],[109.94225,44.38743],[109.93649,44.39019],[109.93186,44.39534],[109.92748,44.39877],[109.92182,44.40129],[109.91555,44.40258],[109.8632,44.40313],[109.85719,44.40282],[109.85255,44.40184],[109.82869,44.39411],[109.82225,44.39123],[109.8171,44.38743],[109.81367,44.38264],[109.81256,44.37786],[109.81419,44.35153],[109.8141,44.34644],[109.81247,44.34135],[109.80835,44.3376],[109.80346,44.33392],[109.79788,44.33171],[109.79093,44.33097],[109.78191,44.33122],[109.74561,44.33625],[109.73694,44.33693],[109.73119,44.33607],[109.72458,44.33435],[109.719,44.33097],[109.71522,44.3268],[109.71093,44.31955],[109.70776,44.31488],[109.70278,44.31083],[109.69625,44.308],[109.68904,44.30684],[109.68175,44.30714],[109.67402,44.30911],[109.6681,44.31255],[109.63523,44.33938],[109.62956,44.34294],[109.62399,44.34478],[109.61532,44.3457],[109.60742,44.34429],[109.60167,44.34208],[109.56965,44.32108],[109.56373,44.31814],[109.55738,44.31685],[109.55077,44.31672],[109.54193,44.31801],[109.53403,44.31869],[109.5264,44.31722],[109.52073,44.31519],[109.49644,44.30039],[109.49009,44.29725],[109.48408,44.29566],[109.4767,44.29529],[109.47026,44.29627],[109.4543,44.30033],[109.44374,44.3018],[109.4337,44.30155],[109.42357,44.29983],[109.34847,44.28067],[109.33542,44.27698],[109.3283,44.27366],[109.31697,44.26708],[109.30916,44.26272],[109.30246,44.2602],[109.28083,44.25331],[109.15561,44.21365],[109.14865,44.211],[109.14351,44.20768],[109.1405,44.20436],[109.10806,44.16035],[109.10497,44.1577],[109.10085,44.15561],[109.09604,44.15425],[109.09089,44.15382],[109.0775,44.15622],[109.06986,44.15696],[109.06385,44.15598],[109.05862,44.15407],[109.04025,44.14434],[109.02607,44.13692],[109.00696,44.12692],[108.97373,44.10953],[108.96661,44.10706],[108.95923,44.10669],[108.95193,44.10793],[108.94592,44.11008],[108.94052,44.1139],[108.91013,44.13719],[108.90412,44.14058],[108.89709,44.14335],[108.88816,44.14458],[108.87966,44.14471],[108.73838,44.13473],[108.72105,44.13325],[108.71281,44.13097],[108.64182,44.10293],[108.63101,44.09911],[108.62131,44.09652],[108.50795,44.06694],[108.45737,44.05361],[108.35441,44.02662],[108.34381,44.0238],[108.34257,44.02346],[108.34002,44.02269],[108.33256,44.02017],[108.26863,43.99894],[108.2595,43.99602],[108.25593,43.99501],[108.25283,43.99427],[108.24913,43.99351],[108.24462,43.99281],[108.24031,43.99231],[108.23565,43.99197],[108.19671,43.99013],[108.19237,43.98973],[108.18824,43.98925],[108.18204,43.98809],[108.17772,43.98708],[108.17404,43.98603],[108.17031,43.9848],[108.16649,43.9834],[108.16254,43.98165],[108.15932,43.98007],[108.14953,43.97429],[108.11435,43.95305],[108.03298,43.90411],[108.02758,43.90197],[108.02329,43.90077],[108.01792,43.89987],[108.01208,43.89956],[108.00651,43.9],[107.93694,43.9081],[107.93136,43.90816],[107.92679,43.90782],[107.92143,43.90686],[107.91628,43.90519],[107.873,43.88902],[107.86742,43.88766],[107.86051,43.88667],[107.79742,43.8823],[107.79171,43.88122],[107.78489,43.87983],[107.77905,43.87801],[107.77309,43.87581],[107.7679,43.87361],[107.76227,43.87036],[107.75622,43.86616],[107.75116,43.86207],[107.6619,43.78144],[107.65743,43.77813],[107.6528,43.77568],[107.64786,43.77404],[107.64117,43.77233],[107.63482,43.77171],[107.62726,43.77218],[107.6219,43.77317],[107.61705,43.77438],[107.55495,43.80108],[107.55122,43.80291],[107.54791,43.80502],[107.54422,43.80784],[107.52667,43.82202],[107.52182,43.82493],[107.5156,43.8283],[107.50071,43.83542],[107.49676,43.83799],[107.49337,43.84072],[107.49036,43.84418],[107.47637,43.86111],[107.47412,43.86316],[107.4708,43.86555],[107.46692,43.86768],[107.46315,43.86934],[107.45877,43.87074],[107.44013,43.87641],[107.43597,43.87804],[107.37951,43.90794],[107.37496,43.91035],[107.3717,43.91255],[107.36883,43.91505],[107.36608,43.91797],[107.36455,43.92022],[107.35392,43.93795],[107.35262,43.93982],[107.3508,43.94195],[107.34803,43.94448],[107.34537,43.94643],[107.34273,43.94805],[107.34017,43.94936],[107.33697,43.95066],[107.33366,43.95171],[107.33061,43.95249],[107.32732,43.95309],[107.32384,43.95344],[107.31998,43.95355],[107.31564,43.95336],[107.31163,43.95284],[107.30828,43.95221],[107.30509,43.9513],[107.30179,43.95015],[107.29859,43.94872],[107.29563,43.94697],[107.26439,43.92685],[107.26165,43.92538],[107.25793,43.92383],[107.19459,43.9034],[107.11919,43.87907],[107.11496,43.87805],[107.11082,43.8774],[107.10651,43.87708],[107.07664,43.87595],[107.0729,43.87595],[107.06778,43.87612],[107.06192,43.87669],[107.05634,43.87748],[107.05091,43.87858],[107.03924,43.8819],[106.9613,43.90555],[106.88899,43.92741],[106.88609,43.92836],[106.88307,43.9295],[106.88013,43.93091],[106.87674,43.93317],[106.87371,43.93558],[106.87105,43.9383],[106.8691,43.94091],[106.86745,43.944],[106.86615,43.94718],[106.86592,43.94774],[106.85985,43.97778],[106.85869,43.98071],[106.85698,43.98371],[106.8547,43.98673],[106.85127,43.98985],[106.8471,43.99278],[106.84191,43.99544],[106.83685,43.99711],[106.8302,43.99856],[106.82303,43.99893],[106.75539,43.99927],[106.68042,43.99954],[106.67295,43.99862],[106.66566,43.99646],[106.62128,43.98361],[106.6145,43.98244],[106.60704,43.98232],[106.53854,43.9872],[106.52927,43.9872],[106.52657,43.98663]]}},{"type":"Feature","properties":{},"geometry":{"type":"LineString","coordinates":[[106.05354,43.25272],[106.05343,43.2532],[106.05333,43.25419],[106.05302,43.25784],[106.05303,43.25851]]}},{"type":"Feature","properties":{},"geometry":{"type":"LineString","coordinates":[[106.05437,43.24398],[106.05417,43.24507],[106.05372,43.25002],[106.05354,43.25272],[106.05346,43.25356],[106.05303,43.25851],[106.05247,43.26476],[106.0525,43.26536]]}},{"type":"Feature","properties":{},"geometry":{"type":"LineString","coordinates":[[106.05333,43.25419],[106.05329,43.25372],[106.05344,43.25208]]}},{"type":"Feature","properties":{},"geometry":{"type":"LineString","coordinates":[[105.73726,43.53845],[105.73844,43.53761],[105.7586,43.52613],[105.75959,43.52578]]}},{"type":"Feature","properties":{},"geometry":{"type":"LineString","coordinates":[[105.66999,43.69128],[105.66977,43.69075],[105.66937,43.68974],[105.66898,43.68905],[105.66875,43.68862],[105.66847,43.68809],[105.668,43.68741],[105.66736,43.68661],[105.66672,43.68589],[105.66179,43.6805],[105.65428,43.6725],[105.65214,43.67002],[105.65142,43.66918],[105.65104,43.66871],[105.65064,43.66814],[105.65007,43.6673],[105.64969,43.66661],[105.64933,43.66588],[105.64899,43.66512],[105.64807,43.66274],[105.64732,43.66049],[105.64657,43.65732],[105.64548,43.65364],[105.64475,43.65177],[105.64339,43.64985],[105.64168,43.64816],[105.63992,43.64696],[105.63803,43.6459],[105.63578,43.64493],[105.63361,43.64424]]}},{"type":"Feature","properties":{},"geometry":{"type":"LineString","coordinates":[[110.06504,44.52405],[110.06511,44.52455],[110.06507,44.52515],[110.0649,44.52569],[110.06486,44.52581],[110.06414,44.52775],[110.06405,44.52823],[110.06414,44.5288],[110.0651,44.53274],[110.06587,44.53583]]}},{"type":"Feature","properties":{},"geometry":{"type":"LineString","coordinates":[[106.25708,49.90682],[106.25977,49.9057],[106.26022,49.90547],[106.26369,49.90335],[106.26422,49.90296]]}},{"type":"Feature","properties":{},"geometry":{"type":"LineString","coordinates":[[106.2386,49.91177],[106.23738,49.91174],[106.23607,49.91171],[106.23558,49.9117],[106.23493,49.91171],[106.23426,49.91173],[106.23344,49.91179],[106.23135,49.912],[106.22809,49.91229]]}},{"type":"Feature","properties":{},"geometry":{"type":"LineString","coordinates":[[106.2386,49.91177],[106.23738,49.91169]]}},{"type":"Feature","properties":{},"geometry":{"type":"LineString","coordinates":[[106.23738,49.91174],[106.23863,49.91172]]}},{"type":"Feature","properties":{},"geometry":{"type":"LineString","coordinates":[[106.25689,49.90704],[106.25652,49.9072],[106.24746,49.91085],[106.24712,49.91098],[106.24678,49.91111],[106.24643,49.91122],[106.24608,49.91132],[106.24572,49.91141],[106.24535,49.91149],[106.24496,49.91157],[106.2446,49.91164],[106.24421,49.9117],[106.24382,49.91174],[106.24343,49.91178],[106.24302,49.91181],[106.24263,49.91182],[106.24224,49.91183],[106.23865,49.91177],[106.2386,49.91177]]}},{"type":"Feature","properties":{},"geometry":{"type":"LineString","coordinates":[[106.25583,49.90758],[106.25547,49.90774],[106.24754,49.91094],[106.2472,49.91107],[106.24685,49.91119],[106.24649,49.9113],[106.24614,49.91141],[106.24578,49.9115],[106.2454,49.91159],[106.24501,49.91167],[106.24464,49.91173],[106.24424,49.91179],[106.24384,49.91184],[106.24344,49.91188],[106.24304,49.91191],[106.24263,49.91192],[106.24224,49.91193],[106.24041,49.91189],[106.24011,49.91188],[106.23976,49.91185]]}},{"type":"Feature","properties":{},"geometry":{"type":"LineString","coordinates":[[106.23943,49.91169],[106.23982,49.91169],[106.24224,49.91174],[106.24262,49.91173],[106.24301,49.91172],[106.24341,49.91169],[106.24379,49.91165],[106.24418,49.91161],[106.24457,49.91155],[106.24493,49.91148],[106.24531,49.91141],[106.24567,49.91133],[106.24602,49.91123],[106.24637,49.91113],[106.24671,49.91103],[106.24705,49.9109],[106.24738,49.91078],[106.25738,49.90674]]}},{"type":"Feature","properties":{},"geometry":{"type":"LineString","coordinates":[[106.2387,49.91172],[106.2391,49.91171],[106.23943,49.91169],[106.24006,49.91166],[106.24073,49.91162],[106.24116,49.9116],[106.24142,49.91159],[106.24171,49.91159],[106.24224,49.9116],[106.24261,49.91159],[106.24299,49.91157],[106.24339,49.91154],[106.24375,49.91151],[106.24413,49.91147],[106.24451,49.91141],[106.24486,49.91135],[106.24523,49.91127],[106.2456,49.91119],[106.24594,49.9111],[106.24627,49.911],[106.24659,49.9109],[106.24694,49.91078],[106.24727,49.91064],[106.25508,49.90749],[106.25537,49.90738],[106.25562,49.9073],[106.2562,49.90712],[106.2568,49.90693],[106.25708,49.90685],[106.25738,49.90674]]}},{"type":"Feature","properties":{},"geometry":{"type":"LineString","coordinates":[[106.24073,49.91162],[106.2412,49.91161],[106.24224,49.91163],[106.24261,49.91163],[106.243,49.91161],[106.24339,49.91159],[106.24377,49.91155],[106.24415,49.91151],[106.24453,49.91145],[106.24488,49.91139],[106.24526,49.91131],[106.24562,49.91123],[106.24596,49.91114],[106.2463,49.91104],[106.24664,49.91093],[106.24697,49.91081],[106.2473,49.91069],[106.25562,49.90733],[106.2562,49.90712]]}},{"type":"Feature","properties":{},"geometry":{"type":"LineString","coordinates":[[106.24006,49.91166],[106.24054,49.91165],[106.24224,49.91168],[106.24262,49.91168],[106.243,49.91166],[106.2434,49.91163],[106.24378,49.9116],[106.24416,49.91155],[106.24455,49.91149],[106.2449,49.91143],[106.24528,49.91136],[106.24564,49.91128],[106.24599,49.91118],[106.24633,49.91108],[106.24667,49.91098],[106.24701,49.91086],[106.24734,49.91073],[106.2563,49.90712]]}},{"type":"Feature","properties":{},"geometry":{"type":"LineString","coordinates":[[106.25632,49.90732],[106.25594,49.90749],[106.2475,49.9109],[106.24717,49.91103],[106.24682,49.91115],[106.24646,49.91126],[106.24611,49.91136],[106.24575,49.91146],[106.24538,49.91154],[106.24499,49.91162],[106.24462,49.91169],[106.24423,49.91175],[106.24383,49.91179],[106.24344,49.91183],[106.24303,49.91186],[106.24263,49.91188],[106.24224,49.91188],[106.23982,49.91183],[106.23943,49.91182]]}},{"type":"Feature","properties":{},"geometry":{"type":"LineString","coordinates":[[106.25738,49.90674],[106.25754,49.90668],[106.2586,49.90625],[106.25923,49.90599],[106.2599,49.90571],[106.26047,49.9054],[106.26136,49.90487],[106.26222,49.90433],[106.26319,49.90374],[106.26369,49.90335]]}},{"type":"Feature","properties":{},"geometry":{"type":"LineString","coordinates":[[105.93311,49.47906],[105.93327,49.47882],[105.93393,49.47787],[105.93405,49.47771],[105.93418,49.47757],[105.93435,49.47743],[105.93452,49.47729],[105.93469,49.4772],[105.93488,49.4771],[105.93506,49.47702],[105.9353,49.47692],[105.93564,49.47682],[105.93595,49.47675],[105.93626,49.4767],[105.93802,49.47659]]}},{"type":"Feature","properties":{},"geometry":{"type":"LineString","coordinates":[[105.94163,49.42697],[105.94176,49.42633],[105.94195,49.42524]]}},{"type":"Feature","properties":{},"geometry":{"type":"LineString","coordinates":[[105.93362,49.40772],[105.93253,49.40679]]}},{"type":"Feature","properties":{},"geometry":{"type":"LineString","coordinates":[[105.9344,49.40841],[105.9336,49.40778]]}},{"type":"Feature","properties":{},"geometry":{"type":"LineString","coordinates":[[105.93991,49.43],[105.94008,49.42928],[105.94014,49.42909],[105.94028,49.42874],[105.94049,49.42821],[105.94057,49.42797]]}},{"type":"Feature","properties":{},"geometry":{"type":"LineString","coordinates":[[105.93912,49.43866],[105.93915,49.43821],[105.93916,49.43795],[105.93914,49.43749],[105.93906,49.4367],[105.93903,49.43645],[105.93903,49.43624],[105.93905,49.43605],[105.93909,49.43582],[105.93963,49.43328],[105.94126,49.42548],[105.94132,49.42521],[105.94136,49.42497],[105.9414,49.42475],[105.94143,49.4245],[105.94144,49.42426],[105.94145,49.42402],[105.94146,49.42374],[105.94145,49.42343],[105.94143,49.42317],[105.94133,49.42179],[105.94134,49.42147]]}},{"type":"Feature","properties":{},"geometry":{"type":"LineString","coordinates":[[105.93906,49.4367],[105.93907,49.43646],[105.93909,49.43627],[105.93912,49.43606],[105.93915,49.43592],[105.93916,49.43582],[105.94134,49.42549],[105.9414,49.42522],[105.94144,49.42498],[105.94148,49.42475],[105.94151,49.4245],[105.94152,49.42426],[105.94153,49.42403],[105.94154,49.42374],[105.94153,49.42342],[105.94151,49.42317],[105.94138,49.42137],[105.94138,49.42103]]}},{"type":"Feature","properties":{},"geometry":{"type":"LineString","coordinates":[[105.94153,49.41821],[105.94135,49.41596]]}},{"type":"Feature","properties":{},"geometry":{"type":"LineString","coordinates":[[105.93966,49.43284],[105.9397,49.4326],[105.94088,49.42695],[105.94119,49.42547],[105.94125,49.42521],[105.94129,49.42497],[105.94133,49.42474],[105.94136,49.42449],[105.94137,49.42426],[105.94138,49.42402],[105.94139,49.42374],[105.94137,49.42343],[105.94136,49.42317],[105.9413,49.42236],[105.9413,49.42196],[105.94131,49.42174],[105.94134,49.42147],[105.94138,49.42103],[105.94143,49.42058],[105.94157,49.41916],[105.94157,49.41887],[105.94156,49.41858],[105.94153,49.41821],[105.94155,49.41723]]}},{"type":"Feature","properties":{},"geometry":{"type":"LineString","coordinates":[[105.93897,49.43927],[105.9389,49.43988]]}},{"type":"Feature","properties":{},"geometry":{"type":"LineString","coordinates":[[105.94088,49.42695],[105.94077,49.42731],[105.94064,49.42764],[105.94059,49.42785],[105.94057,49.42797],[105.93973,49.43197],[105.93969,49.43218],[105.93966,49.43284],[105.93965,49.43308],[105.93963,49.43328]]}},{"type":"Feature","properties":{},"geometry":{"type":"LineString","coordinates":[[105.93915,49.43592],[105.9392,49.43574],[105.93932,49.43542],[105.93937,49.43528],[105.94142,49.42549],[105.94148,49.42523],[105.94152,49.42498],[105.94156,49.42476],[105.94159,49.4245],[105.9416,49.42427],[105.94161,49.42403],[105.94162,49.42374],[105.94161,49.42342],[105.94159,49.42317],[105.94142,49.4209],[105.94143,49.42058]]}},{"type":"Feature","properties":{},"geometry":{"type":"LineString","coordinates":[[106.74612,47.90513],[106.74705,47.90518]]}},{"type":"Feature","properties":{},"geometry":{"type":"LineString","coordinates":[[106.76166,47.90661],[106.7626,47.9067]]}},{"type":"Feature","properties":{},"geometry":{"type":"LineString","coordinates":[[106.76166,47.90661],[106.76261,47.90676]]}},{"type":"Feature","properties":{},"geometry":{"type":"LineString","coordinates":[[106.78244,47.90903],[106.78417,47.90915],[106.78453,47.90916],[106.78589,47.90919],[106.78621,47.9092]]}},{"type":"Feature","properties":{},"geometry":{"type":"LineString","coordinates":[[106.83476,47.90869],[106.83575,47.90868],[106.8367,47.90868]]}},{"type":"Feature","properties":{},"geometry":{"type":"LineString","coordinates":[[106.85433,47.90852],[106.83556,47.90874]]}},{"type":"Feature","properties":{},"geometry":{"type":"LineString","coordinates":[[106.90108,47.90789],[106.89829,47.90792],[106.8976,47.90793],[106.89707,47.90795],[106.89535,47.90797],[106.89494,47.90797],[106.89468,47.90798],[106.89407,47.90798],[106.89241,47.90801]]}},{"type":"Feature","properties":{},"geometry":{"type":"LineString","coordinates":[[106.83416,47.9088],[106.83311,47.90877]]}},{"type":"Feature","properties":{},"geometry":{"type":"LineString","coordinates":[[106.83431,47.9088],[106.83539,47.90875]]}},{"type":"Feature","properties":{},"geometry":{"type":"LineString","coordinates":[[106.85433,47.90852],[106.85337,47.90857],[106.85295,47.90858],[106.85264,47.90859],[106.8358,47.90879],[106.83431,47.9088],[106.83416,47.9088],[106.83269,47.90883],[106.83216,47.90884],[106.83189,47.90885],[106.83131,47.90887],[106.8307,47.90889],[106.83064,47.90889]]}},{"type":"Feature","properties":{},"geometry":{"type":"LineString","coordinates":[[106.83062,47.90879],[106.83069,47.90879],[106.83311,47.90877],[106.83539,47.90875],[106.83556,47.90874]]}},{"type":"Feature","properties":{},"geometry":{"type":"LineString","coordinates":[[106.7626,47.9067],[106.76369,47.90681]]}},{"type":"Feature","properties":{},"geometry":{"type":"LineString","coordinates":[[106.76812,47.9073],[106.76917,47.90735]]}},{"type":"Feature","properties":{},"geometry":{"type":"LineString","coordinates":[[106.76597,47.90703],[106.76683,47.90717]]}},{"type":"Feature","properties":{},"geometry":{"type":"LineString","coordinates":[[107.37736,42.52672],[107.37753,42.5267]]}},{"type":"Feature","properties":{},"geometry":{"type":"LineString","coordinates":[[107.40637,42.51164],[107.40704,42.51103],[107.40731,42.51078],[107.40746,42.51065],[107.41346,42.50556],[107.41381,42.50527],[107.41694,42.50262],[107.41733,42.50229],[107.41825,42.5015],[107.41846,42.50132],[107.41866,42.50115],[107.41974,42.50022],[107.4199,42.50009],[107.42478,42.49593],[107.42497,42.49579],[107.42571,42.49522],[107.42587,42.4951]]}},{"type":"Feature","properties":{},"geometry":{"type":"LineString","coordinates":[[107.41346,42.50556],[107.41383,42.50518],[107.41395,42.50508],[107.41703,42.50245],[107.41729,42.50225],[107.41807,42.50158],[107.41822,42.50147],[107.41833,42.50139],[107.41866,42.50115]]}},{"type":"Feature","properties":{},"geometry":{"type":"LineString","coordinates":[[107.41703,42.50245],[107.4174,42.50209],[107.41752,42.50197],[107.41876,42.5009]]}},{"type":"Feature","properties":{},"geometry":{"type":"LineString","coordinates":[[107.37753,42.5267],[107.38,42.52646],[107.38166,42.52622],[107.38403,42.5257],[107.38546,42.52533],[107.38683,42.52494],[107.38815,42.52449],[107.38922,42.52409],[107.39085,42.52342],[107.39233,42.52263],[107.39358,42.52192],[107.39492,42.52107],[107.39646,42.51998],[107.39868,42.51822],[107.40276,42.5147],[107.40637,42.51164],[107.41278,42.50623],[107.41902,42.50093],[107.42034,42.49978],[107.42587,42.4951],[107.42863,42.49275],[107.42954,42.49201],[107.43046,42.49131],[107.43113,42.49083],[107.43243,42.49],[107.43355,42.48933],[107.43466,42.48872],[107.4363,42.48797],[107.43903,42.48689],[107.44105,42.48628],[107.44314,42.48574],[107.44445,42.48547],[107.44582,42.48525],[107.44766,42.48501],[107.44962,42.48483],[107.45102,42.48477],[107.45314,42.48481],[107.4612,42.48522],[107.46828,42.4856]]}},{"type":"Feature","properties":{},"geometry":{"type":"LineString","coordinates":[[107.46828,42.4856],[107.46847,42.48562]]}},{"type":"Feature","properties":{},"geometry":{"type":"LineString","coordinates":[[107.51826,42.46769],[107.51941,42.46595],[107.52164,42.46197],[107.52197,42.46138],[107.52724,42.45206],[107.52732,42.45188],[107.52744,42.4516],[107.52758,42.45122]]}},{"type":"Feature","properties":{},"geometry":{"type":"LineString","coordinates":[[107.52794,42.45032],[107.52782,42.45059],[107.52758,42.45122],[107.5185,42.46728],[107.51826,42.46769],[107.51787,42.46826],[107.5177,42.46852],[107.51743,42.46895]]}},{"type":"Feature","properties":{},"geometry":{"type":"LineString","coordinates":[[107.52197,42.46138],[107.52183,42.46173],[107.52169,42.46209],[107.52158,42.46231],[107.52041,42.46438],[107.52038,42.46443],[107.51989,42.46522],[107.51971,42.4655],[107.51941,42.46595]]}},{"type":"Feature","properties":{},"geometry":{"type":"LineString","coordinates":[[107.53175,42.44468],[107.53205,42.44446],[107.53226,42.44432],[107.53245,42.44422],[107.53263,42.44412],[107.53287,42.44401],[107.53308,42.44393],[107.53374,42.44367],[107.53402,42.44354],[107.53421,42.44346],[107.53439,42.44336],[107.53455,42.44327],[107.53471,42.44316],[107.53489,42.44303],[107.53506,42.44289],[107.53791,42.44057],[107.54309,42.43633],[107.5433,42.43616],[107.54347,42.43606],[107.54402,42.43575],[107.54427,42.43559],[107.54444,42.43548],[107.5446,42.43537],[107.54477,42.43523],[107.54626,42.43402]]}},{"type":"Feature","properties":{},"geometry":{"type":"LineString","coordinates":[[107.52041,42.46438],[107.5198,42.46548],[107.51923,42.46648],[107.51903,42.46682],[107.51846,42.46784]]}},{"type":"Feature","properties":{},"geometry":{"type":"LineString","coordinates":[[107.51853,42.46786],[107.51881,42.46738],[107.51886,42.46728],[107.51903,42.46682]]}},{"type":"Feature","properties":{},"geometry":{"type":"LineString","coordinates":[[107.51861,42.46788],[107.51872,42.46768],[107.5188,42.46752],[107.51887,42.46733],[107.51923,42.46648]]}},{"type":"Feature","properties":{},"geometry":{"type":"LineString","coordinates":[[107.51891,42.46878],[107.51931,42.46801],[107.51938,42.46779],[107.51944,42.46757],[107.51949,42.46726],[107.51949,42.46706],[107.51948,42.46674],[107.51949,42.46656],[107.51951,42.46637],[107.51956,42.46613],[107.51961,42.46593],[107.51966,42.46575],[107.5198,42.46548]]}},{"type":"Feature","properties":{},"geometry":{"type":"LineString","coordinates":[[107.51572,42.47147],[107.51723,42.46882],[107.51813,42.46722],[107.51816,42.46717],[107.51852,42.46653],[107.51861,42.46638],[107.52797,42.44981],[107.52836,42.44911],[107.52946,42.44718],[107.52964,42.44686],[107.53008,42.44606],[107.53028,42.44569]]}},{"type":"Feature","properties":{},"geometry":{"type":"LineString","coordinates":[[107.51605,42.47112],[107.51639,42.47058],[107.51691,42.46981],[107.51718,42.46938]]}},{"type":"Feature","properties":{},"geometry":{"type":"LineString","coordinates":[[107.51636,42.47057],[107.51655,42.47021],[107.51708,42.46913],[107.51723,42.46882]]}},{"type":"Feature","properties":{},"geometry":{"type":"LineString","coordinates":[[107.53013,42.44644],[107.52806,42.45012],[107.52794,42.45032],[107.51743,42.46895],[107.51718,42.46938]]}},{"type":"Feature","properties":{},"geometry":{"type":"LineString","coordinates":[[107.51813,42.46722],[107.51829,42.46687],[107.51844,42.46649],[107.51852,42.4663],[107.5186,42.46615],[107.51883,42.46577],[107.52733,42.45073],[107.52741,42.45061],[107.52758,42.45036],[107.52781,42.45006],[107.52797,42.44981]]}},{"type":"Feature","properties":{},"geometry":{"type":"LineString","coordinates":[[107.5186,42.46615],[107.51878,42.46569],[107.51888,42.46545],[107.51896,42.46531],[107.52667,42.45164],[107.52682,42.45139],[107.52697,42.45119],[107.52741,42.45061]]}},{"type":"Feature","properties":{},"geometry":{"type":"LineString","coordinates":[[107.53024,42.44626],[107.53062,42.44558]]}},{"type":"Feature","properties":{},"geometry":{"type":"LineString","coordinates":[[107.53164,42.44477],[107.5314,42.445],[107.5311,42.4453]]}},{"type":"Feature","properties":{},"geometry":{"type":"LineString","coordinates":[[107.52972,42.44695],[107.53008,42.44606]]}},{"type":"Feature","properties":{},"geometry":{"type":"LineString","coordinates":[[107.52891,42.44836],[107.52875,42.44867],[107.52829,42.44967],[107.52806,42.45012]]}},{"type":"Feature","properties":{},"geometry":{"type":"LineString","coordinates":[[107.52836,42.44911],[107.5292,42.44786]]}},{"type":"Feature","properties":{},"geometry":{"type":"LineString","coordinates":[[107.53359,42.44317],[107.53445,42.44234],[107.53532,42.44143],[107.53624,42.44048],[107.53648,42.44027],[107.53753,42.43941]]}},{"type":"Feature","properties":{},"geometry":{"type":"LineString","coordinates":[[106.5264,43.98659],[106.52018,43.98528],[106.51194,43.98232],[106.45443,43.95946],[106.44542,43.95687],[106.37993,43.94624],[106.34294,43.94006],[106.33598,43.93969],[106.32697,43.94],[106.24904,43.94401],[106.24414,43.94463],[106.19625,43.95538],[106.1887,43.95588],[106.18256,43.9556],[106.17677,43.9546],[106.17297,43.95359],[106.169,43.95214],[106.16426,43.95032],[106.11967,43.933],[106.11641,43.93198],[106.11132,43.93076],[106.05892,43.9217],[106.05437,43.92037],[106.04957,43.91855],[106.04463,43.9157],[106.00786,43.89405],[106.00593,43.89291],[106.00528,43.89253],[106.00431,43.89202],[106.00373,43.89173],[106.00307,43.89141],[106.00225,43.89103],[106.00156,43.89074],[106.00079,43.89042],[105.99999,43.89011],[105.9993,43.88986],[105.99828,43.88951],[105.99725,43.88918],[105.99614,43.88885],[105.99497,43.88851],[105.99396,43.88826],[105.99292,43.88803],[105.99202,43.88786],[105.99097,43.88768],[105.98996,43.8875],[105.98876,43.88735],[105.98764,43.88721],[105.98653,43.88712],[105.98552,43.88704],[105.98447,43.88699],[105.98335,43.88696],[105.98232,43.88695],[105.9812,43.88697],[105.97961,43.88704],[105.97861,43.8871],[105.97706,43.88725],[105.97606,43.88737],[105.97506,43.88749],[105.97408,43.88763],[105.973,43.88783],[105.97209,43.88801],[105.97104,43.88825],[105.97011,43.88848],[105.96918,43.88874],[105.96837,43.88897],[105.96706,43.88937],[105.96612,43.88968],[105.96514,43.89003],[105.9642,43.89042],[105.9624,43.89114],[105.96048,43.89191],[105.95934,43.89235],[105.9582,43.89275],[105.95704,43.89312],[105.95588,43.89346],[105.95481,43.89375],[105.95355,43.89406],[105.95234,43.89432],[105.95108,43.89455],[105.94986,43.89475],[105.94846,43.89493],[105.94718,43.89508],[105.94608,43.89517],[105.94494,43.89524],[105.94338,43.89528],[105.94167,43.89528],[105.94035,43.89526],[105.93931,43.89519],[105.93801,43.8951],[105.9364,43.89494],[105.93533,43.89481],[105.93426,43.89465],[105.933,43.89441],[105.93192,43.89419],[105.93046,43.89386],[105.92864,43.89339],[105.92748,43.89304],[105.92121,43.89093],[105.84499,43.86396],[105.83898,43.86151],[105.8328,43.85836],[105.82722,43.85489],[105.80014,43.83583],[105.76361,43.81024]]}},{"type":"Feature","properties":{},"geometry":{"type":"LineString","coordinates":[[106.52657,43.98663],[106.5264,43.98659]]}},{"type":"Feature","properties":{},"geometry":{"type":"LineString","coordinates":[[109.32739,43.25211],[109.32488,43.25367],[109.32333,43.25473],[109.32033,43.25793],[109.31872,43.26054],[109.31072,43.27663],[109.309,43.27973],[109.30503,43.28449],[109.30136,43.28846],[109.29643,43.29211],[109.2846,43.29877],[109.27014,43.304],[109.26738,43.30547],[109.26568,43.30694],[109.26379,43.30913],[109.26235,43.31263],[109.26156,43.32045],[109.26066,43.3292],[109.26171,43.3333],[109.26521,43.33951],[109.2704,43.34903],[109.27431,43.35674],[109.27515,43.35928],[109.27558,43.36314],[109.27824,43.38719],[109.28051,43.40964],[109.2824,43.42854],[109.28478,43.45085],[109.28714,43.47239],[109.28804,43.48107],[109.29783,43.50149],[109.30914,43.52463],[109.31098,43.52883],[109.31502,43.54709],[109.32012,43.57126],[109.32373,43.58839],[109.32295,43.59345],[109.32132,43.59684],[109.31008,43.60764],[109.30298,43.61417],[109.29931,43.62117],[109.29463,43.6327],[109.29341,43.64253],[109.29178,43.65995],[109.29094,43.66786],[109.29015,43.67101],[109.28718,43.67475],[109.28506,43.67638],[109.27985,43.67894],[109.27564,43.68068],[109.27216,43.68279],[109.26961,43.68489],[109.26118,43.69606],[109.25038,43.71084],[109.24884,43.71374],[109.24828,43.71622],[109.24637,43.74044],[109.24485,43.76083],[109.24379,43.76433],[109.24234,43.76681],[109.22744,43.78616],[109.2127,43.80512],[109.19348,43.83009]]}},{"type":"Feature","properties":{},"geometry":{"type":"LineString","coordinates":[[107.5148,42.47382],[107.51449,42.47447],[107.51437,42.47483],[107.51431,42.47505],[107.51428,42.47534],[107.51427,42.47558],[107.51429,42.47582],[107.51434,42.47605],[107.51441,42.47625],[107.51449,42.47646],[107.5146,42.47667],[107.5147,42.47684],[107.51481,42.47697],[107.51497,42.47718],[107.51515,42.47737],[107.51539,42.47758],[107.51561,42.47774],[107.51584,42.4779],[107.5161,42.47804],[107.51644,42.47819],[107.51681,42.47833],[107.51739,42.47852],[107.51767,42.47862],[107.51799,42.47876],[107.51825,42.4789],[107.51848,42.47906],[107.51873,42.47925],[107.51898,42.47947],[107.51917,42.47968],[107.51934,42.47991],[107.51949,42.48013],[107.51961,42.48038],[107.51971,42.48061],[107.51976,42.48081],[107.5198,42.48103],[107.51983,42.48128],[107.51983,42.4815],[107.51981,42.48175],[107.51974,42.48201],[107.51965,42.48229],[107.51953,42.48253],[107.51938,42.48278],[107.51921,42.48302],[107.51903,42.48321],[107.5188,42.48343],[107.51852,42.48364],[107.51824,42.48383],[107.5179,42.484],[107.51763,42.48413],[107.51731,42.48425],[107.51702,42.48433],[107.5167,42.48441],[107.51632,42.48447],[107.51593,42.48451],[107.51551,42.48451],[107.51514,42.4845],[107.51477,42.48446],[107.51441,42.4844],[107.5141,42.48433],[107.51362,42.48419],[107.51324,42.48405],[107.51293,42.48393],[107.51261,42.48377],[107.51234,42.48361],[107.51208,42.48341],[107.51185,42.48321],[107.51164,42.483],[107.51141,42.48275],[107.51127,42.48254],[107.51111,42.48228],[107.511,42.48197],[107.51094,42.4817],[107.5109,42.48146],[107.51088,42.4812],[107.5109,42.48096],[107.51096,42.48068],[107.51106,42.48039],[107.51119,42.48011],[107.51139,42.47974],[107.51316,42.4766],[107.5148,42.47382],[107.515,42.47346],[107.51566,42.47221],[107.5165,42.47071],[107.51682,42.47017],[107.51734,42.46937]]}},{"type":"Feature","properties":{},"geometry":{"type":"LineString","coordinates":[[108.33599,46.36011],[108.33602,46.35983],[108.33602,46.35957],[108.336,46.35917],[108.33592,46.35837],[108.33583,46.35769],[108.33573,46.3569],[108.33568,46.35624],[108.33561,46.35572],[108.33554,46.3551],[108.3355,46.35473],[108.33544,46.35415],[108.33537,46.3536],[108.33531,46.3532],[108.33526,46.35272],[108.33521,46.35219],[108.3352,46.35192],[108.33518,46.35181],[108.33516,46.35173],[108.3351,46.35156]]}},{"type":"Feature","properties":{},"geometry":{"type":"LineString","coordinates":[[108.33872,46.34724],[108.33899,46.34708],[108.33917,46.34697],[108.33934,46.34684],[108.33943,46.34678],[108.33977,46.34655],[108.34009,46.34633],[108.34035,46.34611],[108.34069,46.34584],[108.34111,46.34551],[108.34156,46.34517],[108.34209,46.34476],[108.34306,46.34399]]}},{"type":"Feature","properties":{},"geometry":{"type":"LineString","coordinates":[[108.35885,46.35385],[108.35875,46.35366],[108.35865,46.35353],[108.35853,46.35337],[108.35842,46.35325],[108.35828,46.35311],[108.35813,46.35298],[108.35796,46.35286],[108.3578,46.35276],[108.35762,46.35266],[108.35747,46.35258],[108.35723,46.35248],[108.35704,46.35242],[108.35681,46.35234],[108.35651,46.35227],[108.35625,46.35223],[108.35573,46.35215],[108.35526,46.35208],[108.35496,46.35204],[108.35436,46.35194],[108.35409,46.35189],[108.35385,46.35184],[108.35337,46.35172],[108.35296,46.35159],[108.3526,46.35146],[108.3522,46.35131],[108.35155,46.35103],[108.35082,46.3507],[108.34968,46.35021],[108.34916,46.34998],[108.34892,46.34988],[108.34732,46.34918],[108.34464,46.34802],[108.34339,46.34747],[108.3431,46.34735],[108.34217,46.34695]]}},{"type":"Feature","properties":{},"geometry":{"type":"LineString","coordinates":[[108.34916,46.34998],[108.34892,46.34991],[108.34873,46.34985],[108.3486,46.3498],[108.34783,46.34947],[108.34653,46.3489],[108.34516,46.3483],[108.34402,46.34781],[108.34365,46.34764],[108.34344,46.34753],[108.34325,46.34742],[108.3431,46.34735]]}},{"type":"Feature","properties":{},"geometry":{"type":"LineString","coordinates":[[110.0584,44.50858],[110.05694,44.50516],[110.05668,44.5046],[110.05638,44.50404],[110.05599,44.50339],[110.05543,44.50256],[110.05412,44.50078],[110.05211,44.49809],[110.05172,44.49745],[110.05113,44.49639],[110.05055,44.49503],[110.04977,44.49259],[110.04915,44.49049],[110.04904,44.4901]]}},{"type":"Feature","properties":{},"geometry":{"type":"LineString","coordinates":[[107.51718,42.46938],[107.5154,42.47251],[107.51428,42.47447],[107.51138,42.47957],[107.51137,42.4796]]}},{"type":"Feature","properties":{},"geometry":{"type":"LineString","coordinates":[[107.52946,42.44739],[107.53013,42.44644]]}},{"type":"Feature","properties":{},"geometry":{"type":"LineString","coordinates":[[107.53024,42.44626],[107.53044,42.44596],[107.53054,42.44581],[107.53067,42.44565],[107.53082,42.44548],[107.53094,42.44535],[107.5311,42.44521],[107.53129,42.44505],[107.53164,42.44477],[107.53175,42.44468],[107.53251,42.44406],[107.53359,42.44317],[107.54252,42.43587],[107.54277,42.43569],[107.54293,42.43558],[107.54311,42.43547],[107.54337,42.43534],[107.54363,42.43522],[107.54392,42.43512],[107.54488,42.4348],[107.54512,42.43471],[107.54538,42.43458],[107.54563,42.43444],[107.5459,42.43428],[107.54626,42.43402],[107.54733,42.43314]]}},{"type":"Feature","properties":{},"geometry":{"type":"LineString","coordinates":[[107.53013,42.44644],[107.53024,42.44626]]}},{"type":"Feature","properties":{},"geometry":{"type":"LineString","coordinates":[[107.51582,42.47153],[107.5157,42.47179],[107.5155,42.4723],[107.5154,42.47251]]}},{"type":"Feature","properties":{},"geometry":{"type":"LineString","coordinates":[[105.62162,43.63874],[105.62023,43.63939],[105.62003,43.63948],[105.61964,43.63962],[105.61939,43.63972]]}},{"type":"Feature","properties":{},"geometry":{"type":"LineString","coordinates":[[105.62161,43.63867],[105.61939,43.63972],[105.61474,43.64191],[105.61372,43.6424],[105.61338,43.64256],[105.61305,43.64269],[105.61273,43.64281],[105.61242,43.64289],[105.61211,43.64296],[105.61181,43.643],[105.61152,43.64302],[105.61117,43.64304],[105.61082,43.64304],[105.60247,43.64287],[105.6023,43.64287],[105.60212,43.64285]]}},{"type":"Feature","properties":{},"geometry":{"type":"LineString","coordinates":[[105.76361,43.81024],[105.75472,43.80394],[105.75037,43.80092],[105.74277,43.79553],[105.73959,43.7932],[105.73796,43.79203],[105.73488,43.78987],[105.72886,43.78562],[105.72299,43.78149],[105.72283,43.78138],[105.72163,43.78054],[105.72119,43.78023],[105.7094,43.77189],[105.70751,43.77052],[105.70596,43.769],[105.7039,43.76646],[105.69979,43.76137],[105.69829,43.75946],[105.69762,43.75839],[105.6969,43.75707],[105.69627,43.75548],[105.69584,43.75396],[105.69516,43.74996],[105.69435,43.74529],[105.69369,43.74127],[105.69367,43.74115]]}},{"type":"Feature","properties":{},"geometry":{"type":"LineString","coordinates":[[110.15643,44.9116],[110.15612,44.91171],[110.15552,44.91195],[110.1553,44.91202]]}},{"type":"Feature","properties":{},"geometry":{"type":"LineString","coordinates":[[105.62821,43.64295],[105.62878,43.64307],[105.62952,43.64324],[105.63361,43.64424]]}},{"type":"Feature","properties":{},"geometry":{"type":"LineString","coordinates":[[105.62766,43.64286],[105.62821,43.64295]]}},{"type":"Feature","properties":{},"geometry":{"type":"LineString","coordinates":[[105.62741,43.64282],[105.62766,43.64286]]}},{"type":"Feature","properties":{},"geometry":{"type":"LineString","coordinates":[[105.62706,43.64278],[105.62741,43.64282]]}},{"type":"Feature","properties":{},"geometry":{"type":"LineString","coordinates":[[105.56867,43.64264],[105.56959,43.64261]]}},{"type":"Feature","properties":{},"geometry":{"type":"LineString","coordinates":[[105.56631,43.64255],[105.56726,43.64261]]}},{"type":"Feature","properties":{},"geometry":{"type":"LineString","coordinates":[[105.56996,43.64254],[105.57037,43.64252],[105.57344,43.64234],[105.57366,43.64232],[105.57386,43.6423],[105.57406,43.64228],[105.57429,43.64224],[105.57449,43.64219],[105.57472,43.64214],[105.57491,43.64208],[105.57513,43.64201],[105.57537,43.64191],[105.57563,43.6418],[105.57611,43.64155],[105.57628,43.64146],[105.57644,43.64138],[105.57662,43.6413],[105.57683,43.64123],[105.57705,43.64116],[105.57729,43.64109],[105.57753,43.64103],[105.57778,43.64098],[105.57807,43.64093],[105.584,43.63998]]}},{"type":"Feature","properties":{},"geometry":{"type":"LineString","coordinates":[[105.60466,43.6433],[105.60556,43.64335]]}},{"type":"Feature","properties":{},"geometry":{"type":"LineString","coordinates":[[105.6029,43.64317],[105.60325,43.64319],[105.60399,43.64327],[105.60429,43.64329]]}},{"type":"Feature","properties":{},"geometry":{"type":"LineString","coordinates":[[105.60684,43.64338],[105.60847,43.6435]]}},{"type":"Feature","properties":{},"geometry":{"type":"LineString","coordinates":[[105.60848,43.64341],[105.60681,43.64347]]}},{"type":"Feature","properties":{},"geometry":{"type":"LineString","coordinates":[[105.62366,43.63794],[105.6237,43.63817],[105.62371,43.63827],[105.6237,43.6384],[105.62369,43.63855]]}},{"type":"Feature","properties":{},"geometry":{"type":"LineString","coordinates":[[105.62501,43.63014],[105.62437,43.63607],[105.62433,43.6363],[105.6243,43.63652],[105.62425,43.6367],[105.6242,43.63685],[105.62415,43.637],[105.62399,43.63733],[105.62392,43.63747],[105.62387,43.63762],[105.62383,43.63778],[105.62378,43.63799],[105.62375,43.63815],[105.62372,43.63831]]}},{"type":"Feature","properties":{},"geometry":{"type":"LineString","coordinates":[[105.62029,43.64229],[105.62062,43.64216],[105.62111,43.64192]]}},{"type":"Feature","properties":{},"geometry":{"type":"LineString","coordinates":[[105.61986,43.64239],[105.62047,43.64218],[105.62111,43.64192],[105.62176,43.64162],[105.62204,43.64149],[105.6223,43.64134],[105.62254,43.64118],[105.62274,43.64101],[105.62295,43.64082],[105.6231,43.64064],[105.62324,43.64045],[105.62337,43.64023],[105.62347,43.64001],[105.62353,43.63984],[105.62357,43.63967],[105.6236,43.63953],[105.62362,43.6393],[105.62369,43.63855],[105.62372,43.63831],[105.62459,43.63012]]}},{"type":"Feature","properties":{},"geometry":{"type":"LineString","coordinates":[[105.56543,43.64253],[105.56631,43.64255],[105.56959,43.64261],[105.57047,43.64263],[105.60429,43.64329],[105.60466,43.6433],[105.60718,43.64334],[105.6089,43.64337],[105.60999,43.6434],[105.61136,43.64343],[105.61204,43.64343],[105.61258,43.64343],[105.61331,43.64341],[105.61407,43.64338],[105.61489,43.64333],[105.61564,43.64327],[105.61633,43.6432],[105.61694,43.64312],[105.61747,43.64304],[105.61814,43.64291],[105.61862,43.6428],[105.61915,43.64266],[105.61967,43.64251],[105.62029,43.64229],[105.62107,43.64201]]}},{"type":"Feature","properties":{},"geometry":{"type":"LineString","coordinates":[[105.60999,43.6434],[105.6089,43.64342]]}},{"type":"Feature","properties":{},"geometry":{"type":"LineString","coordinates":[[105.6089,43.64337],[105.60996,43.64345]]}},{"type":"Feature","properties":{},"geometry":{"type":"LineString","coordinates":[[105.58662,43.64317],[105.58686,43.64318],[105.604,43.64352],[105.60428,43.64352]]}},{"type":"Feature","properties":{},"geometry":{"type":"LineString","coordinates":[[105.60544,43.64349],[105.60643,43.64346]]}},{"type":"Feature","properties":{},"geometry":{"type":"LineString","coordinates":[[105.5858,43.6431],[105.5862,43.64312],[105.60504,43.64349],[105.60544,43.64349],[105.61235,43.64363]]}},{"type":"Feature","properties":{},"geometry":{"type":"LineString","coordinates":[[105.58496,43.64304],[105.58551,43.64307],[105.5858,43.6431],[105.58662,43.64317],[105.58717,43.64323],[105.5875,43.64325],[105.60365,43.64355],[105.60389,43.64355],[105.60428,43.64352],[105.60468,43.6435],[105.60504,43.64349]]}},{"type":"Feature","properties":{},"geometry":{"type":"LineString","coordinates":[[105.56708,43.64248],[105.56996,43.64254],[105.57189,43.64257]]}},{"type":"Feature","properties":{},"geometry":{"type":"LineString","coordinates":[[105.60129,43.64306],[105.60238,43.64316]]}},{"type":"Feature","properties":{},"geometry":{"type":"LineString","coordinates":[[105.59905,43.64291],[105.6007,43.64304]]}},{"type":"Feature","properties":{},"geometry":{"type":"LineString","coordinates":[[105.59769,43.64282],[105.59869,43.6429]]}},{"type":"Feature","properties":{},"geometry":{"type":"LineString","coordinates":[[105.57638,43.64244],[105.57685,43.64243],[105.59769,43.64282],[105.60271,43.64292],[105.60308,43.64294]]}},{"type":"Feature","properties":{},"geometry":{"type":"LineString","coordinates":[[105.57579,43.64247],[105.57628,43.64247],[105.59869,43.6429],[105.59905,43.64291],[105.60337,43.64299],[105.60378,43.64301]]}},{"type":"Feature","properties":{},"geometry":{"type":"LineString","coordinates":[[105.57834,43.64232],[105.57906,43.6423],[105.60081,43.64273],[105.60124,43.64276]]}},{"type":"Feature","properties":{},"geometry":{"type":"LineString","coordinates":[[105.56194,43.64264],[105.56252,43.64269],[105.56271,43.6427],[105.56315,43.64271]]}},{"type":"Feature","properties":{},"geometry":{"type":"LineString","coordinates":[[105.56829,43.64263],[105.56793,43.64264],[105.56664,43.64273],[105.5663,43.64274]]}},{"type":"Feature","properties":{},"geometry":{"type":"LineString","coordinates":[[105.57189,43.64257],[105.57163,43.64257],[105.57078,43.64262],[105.57047,43.64263]]}},{"type":"Feature","properties":{},"geometry":{"type":"LineString","coordinates":[[105.57219,43.64257],[105.57267,43.64255],[105.57349,43.64251],[105.57393,43.64251],[105.57467,43.64253],[105.5759,43.64255]]}},{"type":"Feature","properties":{},"geometry":{"type":"LineString","coordinates":[[105.57656,43.64266],[105.60238,43.64316],[105.6029,43.64317],[105.60562,43.64323],[105.60622,43.64326]]}},{"type":"Feature","properties":{},"geometry":{"type":"LineString","coordinates":[[105.57003,43.6428],[105.57037,43.64279],[105.57159,43.64271],[105.57196,43.6427]]}},{"type":"Feature","properties":{},"geometry":{"type":"LineString","coordinates":[[105.57151,43.64316],[105.57221,43.64335],[105.5725,43.64342],[105.57274,43.64345],[105.57299,43.64348],[105.57327,43.6435],[105.57368,43.64351],[105.57415,43.64352],[105.57615,43.64355]]}},{"type":"Feature","properties":{},"geometry":{"type":"LineString","coordinates":[[105.56947,43.64279],[105.57001,43.64282],[105.5703,43.64285],[105.57057,43.6429],[105.57093,43.64297],[105.57125,43.64307],[105.57151,43.64316],[105.57216,43.64338],[105.57311,43.6437],[105.57365,43.64388],[105.57406,43.64401],[105.57436,43.64409],[105.57467,43.64415],[105.57503,43.64421],[105.57538,43.64425],[105.5757,43.64427],[105.57825,43.64431]]}},{"type":"Feature","properties":{},"geometry":{"type":"LineString","coordinates":[[105.582,43.64321],[105.58136,43.6432],[105.58107,43.64318],[105.58066,43.64315],[105.57968,43.64305],[105.57915,43.643],[105.57876,43.64296]]}},{"type":"Feature","properties":{},"geometry":{"type":"LineString","coordinates":[[105.58201,43.64311],[105.58018,43.64308],[105.57968,43.64305]]}},{"type":"Feature","properties":{},"geometry":{"type":"LineString","coordinates":[[105.57905,43.64285],[105.58014,43.64294],[105.58062,43.64296],[105.58496,43.64304],[105.60643,43.64346],[105.60681,43.64347],[105.60847,43.6435],[105.61111,43.64355],[105.61198,43.64355],[105.61261,43.64354],[105.61329,43.64352],[105.61406,43.6435],[105.61483,43.64345],[105.61564,43.64338],[105.61996,43.64297],[105.62258,43.64272],[105.62329,43.64266],[105.62395,43.64263],[105.62459,43.64263],[105.62526,43.64264],[105.62584,43.64267],[105.62647,43.64272],[105.62706,43.64278]]}},{"type":"Feature","properties":{},"geometry":{"type":"LineString","coordinates":[[110.15568,44.91197],[110.15673,44.9116]]}},{"type":"Feature","properties":{},"geometry":{"type":"LineString","coordinates":[[110.13262,44.91848],[110.13451,44.91794],[110.13517,44.91775],[110.13611,44.91748]]}},{"type":"Feature","properties":{},"geometry":{"type":"LineString","coordinates":[[110.33107,44.99039],[110.33218,44.99072],[110.33358,44.99116],[110.33517,44.99164],[110.33622,44.99196],[110.33953,44.99301],[110.34341,44.99421],[110.34538,44.9948],[110.349,44.99591],[110.35263,44.99704],[110.35404,44.99747]]}},{"type":"Feature","properties":{},"geometry":{"type":"LineString","coordinates":[[110.30729,44.98023],[110.31141,44.98269],[110.31194,44.98299],[110.31247,44.98326],[110.31501,44.9845]]}},{"type":"Feature","properties":{},"geometry":{"type":"LineString","coordinates":[[110.33107,44.99039],[110.33156,44.99051],[110.33281,44.9908],[110.33307,44.99084],[110.33331,44.99087],[110.33356,44.99088],[110.33379,44.99088],[110.33404,44.99087],[110.33427,44.99086],[110.33453,44.99081],[110.33475,44.99077],[110.33498,44.99071],[110.33521,44.99063],[110.33543,44.99054],[110.33563,44.99043],[110.33583,44.99032],[110.33604,44.99017],[110.33626,44.98999],[110.33647,44.9898],[110.33665,44.9896],[110.33687,44.98933],[110.33887,44.98681],[110.33922,44.98634],[110.33944,44.98612],[110.33967,44.98593],[110.33992,44.98576],[110.3402,44.98563],[110.34048,44.98552],[110.34078,44.98542],[110.3411,44.98534],[110.34142,44.9853],[110.34178,44.98528],[110.34211,44.98528],[110.34244,44.98531],[110.34275,44.98536],[110.34309,44.98544],[110.3639,44.99177],[110.36462,44.992],[110.36563,44.99234],[110.36627,44.99259],[110.37921,44.99754],[110.39944,45.00524],[110.40126,45.00594],[110.40177,45.00615],[110.40214,45.00633],[110.40248,45.00651],[110.40277,45.00672],[110.40306,45.00693],[110.40332,45.00716],[110.40359,45.00742],[110.4039,45.00776],[110.41083,45.01571],[110.41128,45.01615],[110.41177,45.01654],[110.41253,45.01703],[110.43684,45.03069]]}},{"type":"Feature","properties":{},"geometry":{"type":"LineString","coordinates":[[105.5239,43.64282],[105.52342,43.64285],[105.52273,43.64288],[105.52235,43.6429],[105.51877,43.64312],[105.50699,43.64386],[105.50661,43.64389],[105.50634,43.64392],[105.50607,43.64396],[105.50575,43.64403],[105.50547,43.64411],[105.50515,43.64422],[105.5048,43.64435],[105.50452,43.64447],[105.50425,43.64462],[105.50399,43.64477],[105.50372,43.64496],[105.50347,43.64516],[105.50327,43.64536],[105.5031,43.64554],[105.50294,43.64575],[105.50281,43.64594],[105.50269,43.64614],[105.5026,43.64634],[105.50253,43.6465],[105.50247,43.6467],[105.50242,43.64691],[105.50239,43.64711],[105.50237,43.6473],[105.50236,43.64749],[105.50237,43.64769],[105.50239,43.64787],[105.50244,43.64814],[105.50273,43.64971],[105.50277,43.64993],[105.50285,43.65019],[105.50293,43.65038],[105.50301,43.65056],[105.50311,43.65075],[105.50324,43.65096],[105.5034,43.65116],[105.50355,43.65132],[105.50372,43.65149],[105.50394,43.65168],[105.50415,43.65184],[105.50436,43.65198],[105.50462,43.65214],[105.50489,43.65228],[105.5052,43.65241],[105.50548,43.65253],[105.50579,43.65262],[105.50612,43.65271],[105.50643,43.65277],[105.50672,43.65282],[105.50705,43.65285],[105.50738,43.65287],[105.50767,43.65288],[105.50799,43.65287],[105.51117,43.65271],[105.51155,43.65269],[105.5119,43.65265],[105.51229,43.65259],[105.51264,43.65251],[105.51301,43.6524],[105.51335,43.65229],[105.51362,43.65218],[105.51392,43.65204],[105.51419,43.65188],[105.51442,43.65173],[105.51466,43.65154],[105.51488,43.65135],[105.51504,43.65118],[105.51519,43.65102],[105.51534,43.65084],[105.51546,43.65065],[105.51558,43.65045],[105.51569,43.65023],[105.51576,43.65005],[105.51582,43.64986],[105.51587,43.64968],[105.51591,43.64946],[105.51648,43.64635],[105.51653,43.64612],[105.51658,43.6459],[105.51666,43.64569],[105.51675,43.64546],[105.51686,43.64525],[105.51698,43.64506],[105.51711,43.64489],[105.51727,43.64471],[105.51744,43.64453],[105.51764,43.64434],[105.51787,43.64416],[105.5181,43.644],[105.51833,43.64386],[105.51858,43.64371],[105.51885,43.64358],[105.51914,43.64346],[105.51943,43.64335],[105.51976,43.64326],[105.52004,43.6432],[105.52038,43.64314],[105.52072,43.64309],[105.52106,43.64306],[105.5239,43.64282],[105.52586,43.64265],[105.52678,43.64258],[105.52956,43.64235],[105.534,43.64197],[105.5343,43.64195],[105.53462,43.64194],[105.53498,43.64194],[105.56543,43.64253]]}},{"type":"Feature","properties":{},"geometry":{"type":"LineString","coordinates":[[105.52583,43.64271],[105.52616,43.64267],[105.52649,43.64261],[105.52678,43.64258]]}},{"type":"Feature","properties":{},"geometry":{"type":"LineString","coordinates":[[105.56543,43.64258],[105.53498,43.64199],[105.53462,43.64199],[105.5343,43.642],[105.53401,43.64202],[105.52957,43.6424],[105.52583,43.64271],[105.52107,43.64311],[105.52073,43.64313],[105.52039,43.64318],[105.52006,43.64324],[105.51978,43.64331],[105.51946,43.6434],[105.51917,43.6435],[105.51888,43.64362],[105.51861,43.64375],[105.51837,43.64389],[105.51815,43.64403],[105.51792,43.64419],[105.51769,43.64437],[105.51749,43.64456],[105.51733,43.64473],[105.51717,43.64491],[105.51704,43.64509],[105.51693,43.64527],[105.51681,43.64548],[105.51672,43.6457],[105.51665,43.64591],[105.51659,43.64613],[105.51654,43.64635],[105.51598,43.64947],[105.51594,43.64968],[105.51589,43.64987],[105.51583,43.65006],[105.51575,43.65024],[105.51564,43.65047],[105.51552,43.65067],[105.5154,43.65086],[105.51525,43.65104],[105.5151,43.65121],[105.51493,43.65138],[105.51471,43.65157],[105.51447,43.65177],[105.51423,43.65192],[105.51396,43.65208],[105.51365,43.65222],[105.51338,43.65233],[105.51303,43.65245],[105.51267,43.65255],[105.51231,43.65264],[105.51191,43.6527],[105.51155,43.65274],[105.51118,43.65276],[105.50799,43.65292],[105.50767,43.65293],[105.50737,43.65292],[105.50704,43.6529],[105.50671,43.65286],[105.50641,43.65282],[105.5061,43.65275],[105.50577,43.65267],[105.50545,43.65257],[105.50517,43.65246],[105.50485,43.65232],[105.50457,43.65217],[105.50432,43.65202],[105.5041,43.65188],[105.50389,43.65171],[105.50367,43.65152],[105.50349,43.65135],[105.50334,43.65118],[105.50318,43.65098],[105.50305,43.65077],[105.50294,43.65058],[105.50286,43.6504],[105.50278,43.6502],[105.50271,43.64993],[105.50266,43.64972],[105.50237,43.64815],[105.50232,43.64788],[105.5023,43.6477],[105.5023,43.64749],[105.5023,43.6473],[105.50232,43.64711],[105.50235,43.6469],[105.5024,43.64669],[105.50247,43.64649],[105.50253,43.64632],[105.50263,43.64613],[105.50275,43.64592],[105.50288,43.64573],[105.50304,43.64552],[105.50321,43.64533],[105.50342,43.64513],[105.50367,43.64493],[105.50394,43.64474],[105.50421,43.64458],[105.50449,43.64443],[105.50477,43.64431],[105.50512,43.64417],[105.50545,43.64407],[105.50573,43.64398],[105.50605,43.64392],[105.50632,43.64387],[105.50661,43.64384],[105.50699,43.64381],[105.51876,43.64307],[105.52406,43.64274],[105.52447,43.64272],[105.52545,43.64268],[105.52586,43.64265]]}},{"type":"Feature","properties":{},"geometry":{"type":"LineString","coordinates":[[105.57615,43.64346],[105.57702,43.64348]]}},{"type":"Feature","properties":{},"geometry":{"type":"LineString","coordinates":[[105.57415,43.64352],[105.57451,43.64352],[105.57466,43.64351],[105.57541,43.64346],[105.57556,43.64345],[105.5757,43.64345],[105.57615,43.64346]]}},{"type":"Feature","properties":{},"geometry":{"type":"LineString","coordinates":[[105.57702,43.64357],[105.57759,43.64359],[105.57779,43.64359],[105.57798,43.64361],[105.57815,43.64363],[105.57834,43.64367],[105.57921,43.64386],[105.57949,43.64392],[105.57964,43.64394]]}},{"type":"Feature","properties":{},"geometry":{"type":"LineString","coordinates":[[105.57615,43.64355],[105.57702,43.64357]]}},{"type":"Feature","properties":{},"geometry":{"type":"LineString","coordinates":[[105.57615,43.64367],[105.57537,43.64365],[105.57517,43.64364],[105.57498,43.64363],[105.57397,43.64353],[105.57368,43.64351]]}},{"type":"Feature","properties":{},"geometry":{"type":"LineString","coordinates":[[105.57701,43.64368],[105.57615,43.64367]]}},{"type":"Feature","properties":{},"geometry":{"type":"LineString","coordinates":[[105.57689,43.64399],[105.57821,43.64402]]}},{"type":"Feature","properties":{},"geometry":{"type":"LineString","coordinates":[[105.57689,43.64406],[105.57821,43.64409]]}},{"type":"Feature","properties":{},"geometry":{"type":"LineString","coordinates":[[105.57466,43.64351],[105.5749,43.64348],[105.57511,43.64345],[105.5753,43.64343],[105.57561,43.64337],[105.57582,43.64333],[105.57601,43.64331],[105.57619,43.6433],[105.57634,43.64329],[105.5765,43.64329],[105.57709,43.6433],[105.57729,43.64332],[105.57749,43.64334],[105.5777,43.64336],[105.57792,43.64341],[105.57813,43.64345],[105.57832,43.6435],[105.57905,43.64375],[105.57924,43.64381],[105.57943,43.64386],[105.57962,43.64391],[105.57984,43.64395],[105.58016,43.64401]]}},{"type":"Feature","properties":{},"geometry":{"type":"LineString","coordinates":[[105.57702,43.64348],[105.5775,43.64349],[105.57768,43.6435],[105.57787,43.64352],[105.57809,43.64355],[105.57826,43.64359],[105.57898,43.64379],[105.57921,43.64386]]}},{"type":"Feature","properties":{},"geometry":{"type":"LineString","coordinates":[[105.58129,43.64417],[105.58016,43.64401],[105.57964,43.64394],[105.5788,43.64383],[105.57859,43.64379],[105.57812,43.64374],[105.57792,43.64372],[105.5777,43.6437],[105.57749,43.64369],[105.57701,43.64368]]}},{"type":"Feature","properties":{},"geometry":{"type":"LineString","coordinates":[[105.57515,43.64403],[105.57547,43.64402],[105.57603,43.64399],[105.57617,43.64398],[105.57635,43.64398],[105.57689,43.64399]]}},{"type":"Feature","properties":{},"geometry":{"type":"LineString","coordinates":[[105.57311,43.6437],[105.57341,43.64378],[105.57399,43.64392],[105.5742,43.64396],[105.57437,43.64399],[105.57456,43.64401],[105.57475,43.64402],[105.57495,43.64402],[105.57515,43.64403],[105.57689,43.64406]]}},{"type":"Feature","properties":{},"geometry":{"type":"LineString","coordinates":[[105.57216,43.64338],[105.57254,43.64352],[105.57395,43.64415]]}},{"type":"Feature","properties":{},"geometry":{"type":"LineString","coordinates":[[105.58263,43.64313],[105.58201,43.64311]]}},{"type":"Feature","properties":{},"geometry":{"type":"LineString","coordinates":[[105.58397,43.64315],[105.58279,43.64313],[105.58263,43.64313]]}},{"type":"Feature","properties":{},"geometry":{"type":"LineString","coordinates":[[105.58263,43.64322],[105.582,43.64321]]}},{"type":"Feature","properties":{},"geometry":{"type":"LineString","coordinates":[[105.58394,43.64324],[105.58278,43.64322],[105.58263,43.64322]]}},{"type":"Feature","properties":{},"geometry":{"type":"LineString","coordinates":[[105.57656,43.64257],[105.6007,43.64304],[105.60129,43.64306],[105.60463,43.64312],[105.60505,43.64314]]}},{"type":"Feature","properties":{},"geometry":{"type":"LineString","coordinates":[[105.5759,43.64255],[105.57656,43.64257]]}},{"type":"Feature","properties":{},"geometry":{"type":"LineString","coordinates":[[105.5759,43.64264],[105.57656,43.64266]]}},{"type":"Feature","properties":{},"geometry":{"type":"LineString","coordinates":[[105.57189,43.64257],[105.57219,43.64257],[105.5759,43.64264]]}},{"type":"Feature","properties":{},"geometry":{"type":"LineString","coordinates":[[109.0497,45.92171],[109.05191,45.92121],[109.05424,45.92067],[109.05835,45.91969]]}},{"type":"Feature","properties":{},"geometry":{"type":"LineString","coordinates":[[109.05729,45.91998],[109.05835,45.91969]]}},{"type":"Feature","properties":{},"geometry":{"type":"LineString","coordinates":[[109.058,45.91982],[109.0589,45.91965],[109.05989,45.9194],[109.06152,45.91899],[109.06416,45.91833],[109.06545,45.91802],[109.06874,45.9172],[109.07188,45.91642],[109.07539,45.91555],[109.08024,45.91435]]}},{"type":"Feature","properties":{},"geometry":{"type":"LineString","coordinates":[[109.08024,45.91435],[109.08116,45.91406]]}},{"type":"Feature","properties":{},"geometry":{"type":"LineString","coordinates":[[109.08024,45.91435],[109.08175,45.91396]]}},{"type":"Feature","properties":{},"geometry":{"type":"LineString","coordinates":[[109.0846,45.91306],[109.08246,45.91366],[109.08114,45.91402],[109.07962,45.9144],[109.07462,45.91564],[109.06541,45.91793],[109.05856,45.91963]]}},{"type":"Feature","properties":{},"geometry":{"type":"LineString","coordinates":[[109.05835,45.91969],[109.05856,45.91963]]}},{"type":"Feature","properties":{},"geometry":{"type":"LineString","coordinates":[[109.05856,45.91963],[109.05916,45.91943],[109.05995,45.91923],[109.06539,45.91789],[109.07097,45.9165],[109.07622,45.9152],[109.07878,45.91456],[109.07962,45.9144]]}},{"type":"Feature","properties":{},"geometry":{"type":"LineString","coordinates":[[109.07962,45.9144],[109.08059,45.91421]]}},{"type":"Feature","properties":{},"geometry":{"type":"LineString","coordinates":[[109.07878,45.91456],[109.07831,45.91463],[109.07797,45.9147],[109.07712,45.91491],[109.06853,45.91705],[109.06047,45.91905],[109.05982,45.91921],[109.05945,45.91932],[109.05916,45.91943]]}},{"type":"Feature","properties":{},"geometry":{"type":"LineString","coordinates":[[108.93624,45.95778],[108.93525,45.95788]]}},{"type":"Feature","properties":{},"geometry":{"type":"LineString","coordinates":[[108.93525,45.95788],[108.93484,45.95795]]}},{"type":"Feature","properties":{},"geometry":{"type":"LineString","coordinates":[[108.93484,45.95795],[108.93401,45.95814]]}},{"type":"Feature","properties":{},"geometry":{"type":"LineString","coordinates":[[108.93484,45.95795],[108.93399,45.95809],[108.93348,45.95816],[108.93325,45.95819],[108.93292,45.95822],[108.93225,45.95823],[108.93172,45.95823],[108.93031,45.95821],[108.92846,45.9582]]}},{"type":"Feature","properties":{},"geometry":{"type":"LineString","coordinates":[[108.93525,45.95788],[108.9362,45.95774]]}},{"type":"Feature","properties":{},"geometry":{"type":"LineString","coordinates":[[108.93699,45.95757],[108.93759,45.95742],[108.93884,45.95721],[108.94142,45.95679],[108.94266,45.95659],[108.94405,45.95635],[108.94436,45.95629],[108.94472,45.9562],[108.94513,45.95609],[108.94562,45.95594],[108.94591,45.95583],[108.94615,45.95574],[108.94656,45.95555],[108.94691,45.95537],[108.94729,45.95514],[108.94753,45.955],[108.94792,45.95471],[108.94823,45.95445]]}},{"type":"Feature","properties":{},"geometry":{"type":"LineString","coordinates":[[108.93759,45.95742],[108.93831,45.95726],[108.93877,45.95717],[108.93964,45.95702],[108.94141,45.95673],[108.94265,45.95653],[108.9441,45.95628],[108.94447,45.95621],[108.94495,45.95609],[108.94543,45.95595],[108.94584,45.9558],[108.94638,45.95557],[108.9469,45.9553],[108.94738,45.95501],[108.94776,45.95474],[108.94799,45.95456],[108.94825,45.95432],[108.94847,45.95411],[108.94862,45.95396],[108.94955,45.95291],[108.94968,45.95277],[108.94997,45.95242]]}},{"type":"Feature","properties":{},"geometry":{"type":"LineString","coordinates":[[108.94955,45.95291],[108.94926,45.9532],[108.94882,45.9536],[108.94843,45.95393],[108.94817,45.95412],[108.94789,45.95427],[108.94761,45.95439],[108.94729,45.9545],[108.94696,45.95458],[108.94661,45.95464],[108.94616,45.95468],[108.94562,45.95466],[108.9451,45.9546],[108.94471,45.95453],[108.94426,45.95443],[108.94358,45.95425],[108.94283,45.95405],[108.94185,45.9538],[108.94146,45.95371],[108.94128,45.95368],[108.94097,45.95364],[108.94049,45.95362],[108.93983,45.95361],[108.93835,45.95358],[108.93603,45.95355],[108.93183,45.95346],[108.92957,45.95342]]}},{"type":"Feature","properties":{},"geometry":{"type":"LineString","coordinates":[[108.94926,45.9532],[108.94886,45.95349],[108.94856,45.95372],[108.94831,45.95389],[108.94807,45.95402],[108.94776,45.95416],[108.94741,45.95427],[108.94706,45.95433],[108.94664,45.95435],[108.94612,45.95432],[108.94566,45.95426],[108.94474,45.95415],[108.94347,45.95398],[108.94247,45.95385]]}},{"type":"Feature","properties":{},"geometry":{"type":"LineString","coordinates":[[104.20018,49.07327],[104.19831,49.07315],[104.19794,49.07312],[104.19678,49.07301],[104.19462,49.07258],[104.19389,49.07243],[104.19305,49.07234],[104.19232,49.0723],[104.19165,49.07229],[104.19087,49.07235],[104.19012,49.07243],[104.18339,49.07326],[104.1824,49.0733],[104.18118,49.07322],[104.17983,49.07285],[104.17896,49.07236],[104.17848,49.07203],[104.17793,49.07154],[104.17767,49.07121],[104.17746,49.07083],[104.17725,49.07037],[104.17695,49.06793],[104.17676,49.06653],[104.17662,49.06571],[104.1765,49.0654],[104.17636,49.06515]]}},{"type":"Feature","properties":{},"geometry":{"type":"LineString","coordinates":[[104.20057,49.07333],[104.20018,49.07327]]}},{"type":"Feature","properties":{},"geometry":{"type":"LineString","coordinates":[[106.76275,47.88665],[106.76299,47.88665],[106.76318,47.88665],[106.76341,47.88666],[106.76507,47.88681]]}},{"type":"Feature","properties":{},"geometry":{"type":"LineString","coordinates":[[106.76343,47.88658],[106.76097,47.88656]]}},{"type":"Feature","properties":{},"geometry":{"type":"LineString","coordinates":[[106.76061,47.88629],[106.75959,47.88626],[106.75947,47.88626],[106.75934,47.88627],[106.75908,47.88629],[106.75887,47.88631],[106.75877,47.88632],[106.75863,47.88633],[106.75819,47.88632]]}},{"type":"Feature","properties":{},"geometry":{"type":"LineString","coordinates":[[106.75937,47.88648],[106.75826,47.88638],[106.75812,47.88635],[106.75768,47.88628]]}},{"type":"Feature","properties":{},"geometry":{"type":"LineString","coordinates":[[106.75344,47.88593],[106.7541,47.88593]]}},{"type":"Feature","properties":{},"geometry":{"type":"LineString","coordinates":[[106.74178,47.88495],[106.74231,47.88499],[106.75288,47.88588],[106.75344,47.88593],[106.7541,47.88599]]}},{"type":"Feature","properties":{},"geometry":{"type":"LineString","coordinates":[[106.75315,47.90673],[106.75289,47.90672],[106.75267,47.90672],[106.75249,47.90673],[106.75229,47.90675],[106.75211,47.90678],[106.75165,47.9069],[106.75131,47.90699],[106.75091,47.90708]]}},{"type":"Feature","properties":{},"geometry":{"type":"LineString","coordinates":[[106.75857,47.90882],[106.75166,47.90816],[106.75151,47.90813],[106.75137,47.9081],[106.75128,47.90808],[106.7512,47.90805],[106.75033,47.90777],[106.75019,47.90773],[106.75005,47.90769],[106.74992,47.90767],[106.74978,47.90765],[106.74963,47.90763],[106.7495,47.90762],[106.74936,47.90762],[106.74902,47.90763],[106.74876,47.90766],[106.7484,47.90772]]}},{"type":"Feature","properties":{},"geometry":{"type":"LineString","coordinates":[[106.76008,47.9061],[106.75914,47.90584],[106.75887,47.90578],[106.75873,47.90575],[106.75852,47.90573],[106.75826,47.90569],[106.75795,47.90566],[106.74811,47.90474],[106.74774,47.9047],[106.74481,47.90443]]}},{"type":"Feature","properties":{},"geometry":{"type":"LineString","coordinates":[[106.74774,47.9047],[106.74844,47.90472],[106.74922,47.90475],[106.75656,47.90544],[106.7573,47.90556],[106.75795,47.90566]]}},{"type":"Feature","properties":{},"geometry":{"type":"LineString","coordinates":[[106.7573,47.90556],[106.74844,47.90472]]}},{"type":"Feature","properties":{},"geometry":{"type":"LineString","coordinates":[[106.8108,47.8935],[106.81412,47.8936],[106.81424,47.8936],[106.81441,47.89361],[106.81464,47.89364],[106.81489,47.89367],[106.81509,47.89371],[106.81537,47.89378],[106.81559,47.89385],[106.81573,47.8939],[106.81586,47.89396],[106.81606,47.89405],[106.81621,47.89414],[106.81638,47.89426],[106.81651,47.89437],[106.81663,47.89448],[106.81673,47.89461],[106.81681,47.89472],[106.81687,47.89481],[106.81705,47.89505],[106.81727,47.89547],[106.81774,47.89624],[106.81787,47.89643],[106.818,47.89663],[106.81816,47.8968],[106.81835,47.89697],[106.81852,47.8971],[106.81874,47.89727]]}},{"type":"Feature","properties":{},"geometry":{"type":"LineString","coordinates":[[106.80929,47.895],[106.81238,47.89514],[106.81524,47.89523],[106.81552,47.89524],[106.81572,47.89526],[106.81587,47.89527],[106.81612,47.89531],[106.81635,47.89535],[106.81654,47.89542],[106.81676,47.89551],[106.81698,47.8956],[106.81716,47.8957],[106.81731,47.89581],[106.81746,47.89591],[106.81754,47.89599],[106.81774,47.89624]]}},{"type":"Feature","properties":{},"geometry":{"type":"LineString","coordinates":[[107.00708,47.90315],[107.00779,47.90309]]}},{"type":"Feature","properties":{},"geometry":{"type":"LineString","coordinates":[[107.08204,47.87952],[107.0833,47.87919],[107.08397,47.87902],[107.08429,47.87892],[107.0846,47.87882],[107.08487,47.87872],[107.08517,47.8786],[107.08545,47.87847],[107.08572,47.87834],[107.08598,47.87821],[107.08623,47.87806],[107.08647,47.8779],[107.08688,47.87761],[107.0874,47.87722],[107.08886,47.87611],[107.08906,47.87597],[107.08932,47.87581],[107.08957,47.87566],[107.0899,47.87549],[107.09023,47.87533],[107.09052,47.8752],[107.09097,47.87502],[107.09147,47.87484],[107.09885,47.87226],[107.09952,47.87197]]}},{"type":"Feature","properties":{},"geometry":{"type":"LineString","coordinates":[[107.09895,47.87217],[107.09819,47.87238],[107.09258,47.87434],[107.09159,47.87469],[107.09099,47.8749],[107.09064,47.87504],[107.09037,47.87515],[107.08999,47.87531],[107.08972,47.87545],[107.08938,47.87564],[107.08909,47.87582],[107.0888,47.87601],[107.08824,47.87642],[107.08768,47.87685],[107.08719,47.87723],[107.0868,47.87752],[107.08645,47.87777],[107.08611,47.87799],[107.08586,47.87812],[107.08558,47.87827],[107.0853,47.87841],[107.08494,47.87857],[107.08459,47.87869],[107.08422,47.87882],[107.08395,47.87891],[107.08351,47.87903],[107.08315,47.87913],[107.08266,47.87926],[107.08204,47.87947]]}},{"type":"Feature","properties":{},"geometry":{"type":"LineString","coordinates":[[107.08261,47.87932],[107.0833,47.87919]]}},{"type":"Feature","properties":{},"geometry":{"type":"LineString","coordinates":[[105.69367,43.74115],[105.69363,43.74098]]}},{"type":"Feature","properties":{},"geometry":{"type":"LineString","coordinates":[[105.69363,43.74098],[105.69305,43.73791],[105.69252,43.73643],[105.69156,43.7345],[105.69074,43.73314],[105.68687,43.72839],[105.68453,43.72551],[105.68348,43.72358],[105.68158,43.7191],[105.67993,43.71512],[105.66999,43.69128]]}},{"type":"Feature","properties":{},"geometry":{"type":"LineString","coordinates":[[105.72283,43.78138],[105.72304,43.78165],[105.72324,43.78192],[105.72372,43.78236],[105.72441,43.78291],[105.72582,43.78393],[105.73559,43.79086],[105.73956,43.79374],[105.7403,43.79416],[105.74112,43.79462],[105.74212,43.79517],[105.74277,43.79553]]}},{"type":"Feature","properties":{},"geometry":{"type":"LineString","coordinates":[[105.72094,43.78017],[105.72163,43.78054],[105.72239,43.781],[105.7245,43.78241],[105.73895,43.79259],[105.73959,43.7932]]}},{"type":"Feature","properties":{},"geometry":{"type":"LineString","coordinates":[[105.72094,43.78017],[105.72304,43.78165],[105.72602,43.78378],[105.73674,43.79135],[105.74212,43.79517]]}},{"type":"Feature","properties":{},"geometry":{"type":"LineString","coordinates":[[105.74112,43.79462],[105.73466,43.78999],[105.72595,43.78382],[105.72324,43.78192]]}},{"type":"Feature","properties":{},"geometry":{"type":"LineString","coordinates":[[105.72372,43.78236],[105.7259,43.78387],[105.7346,43.79004],[105.7403,43.79416]]}},{"type":"Feature","properties":{},"geometry":{"type":"LineString","coordinates":[[105.71405,43.77551],[105.71748,43.77786],[105.71816,43.77823]]}},{"type":"Feature","properties":{},"geometry":{"type":"LineString","coordinates":[[105.72094,43.78017],[105.72033,43.77975],[105.71855,43.7785],[105.71816,43.77823],[105.71778,43.77797],[105.71413,43.77542]]}},{"type":"Feature","properties":{},"geometry":{"type":"LineString","coordinates":[[105.71346,43.7766],[105.71442,43.77745],[105.71517,43.77798]]}},{"type":"Feature","properties":{},"geometry":{"type":"LineString","coordinates":[[105.71369,43.77676],[105.71445,43.7774],[105.71524,43.77793]]}},{"type":"Feature","properties":{},"geometry":{"type":"LineString","coordinates":[[105.71197,43.77474],[105.71255,43.7752],[105.71292,43.77545],[105.71349,43.77584],[105.71479,43.77673],[105.71511,43.777]]}},{"type":"Feature","properties":{},"geometry":{"type":"LineString","coordinates":[[105.71116,43.77431],[105.71197,43.77474],[105.71239,43.77497],[105.713,43.7754],[105.71355,43.77579],[105.71446,43.77644],[105.71479,43.77673]]}},{"type":"Feature","properties":{},"geometry":{"type":"LineString","coordinates":[[105.70983,43.77336],[105.71023,43.77375]]}},{"type":"Feature","properties":{},"geometry":{"type":"LineString","coordinates":[[105.70911,43.77284],[105.70983,43.77336],[105.71116,43.77431],[105.71287,43.77549],[105.71343,43.77588],[105.71446,43.7766],[105.71511,43.777],[105.71572,43.77737],[105.71634,43.77766],[105.71759,43.77804],[105.71855,43.7785]]}},{"type":"Feature","properties":{},"geometry":{"type":"LineString","coordinates":[[105.70902,43.77291],[105.71023,43.77375],[105.71071,43.77408],[105.71118,43.77449],[105.71144,43.77487],[105.71193,43.7755],[105.71206,43.7756],[105.71281,43.77616],[105.71346,43.7766],[105.71369,43.77676],[105.71405,43.777],[105.71472,43.77727],[105.71673,43.77785],[105.71735,43.77804],[105.71785,43.77825],[105.71861,43.77861],[105.71974,43.77938],[105.72033,43.77975]]}},{"type":"Feature","properties":{},"geometry":{"type":"LineString","coordinates":[[105.72119,43.78023],[105.71948,43.77864],[105.71886,43.77802],[105.71836,43.77743],[105.71772,43.77682],[105.71448,43.77399]]}},{"type":"Feature","properties":{},"geometry":{"type":"LineString","coordinates":[[108.66776,46.13002],[108.66879,46.12938],[108.66957,46.12898],[108.67024,46.12853]]}},{"type":"Feature","properties":{},"geometry":{"type":"LineString","coordinates":[[107.16392,47.78973],[107.1644,47.78966],[107.16515,47.78954],[107.16819,47.7891],[107.17007,47.78874],[107.1706,47.78857],[107.17137,47.78835],[107.17328,47.78776],[107.17424,47.78745],[107.17523,47.78709],[107.17634,47.78676],[107.1769,47.78655],[107.17734,47.78637],[107.17771,47.78618],[107.17861,47.78563],[107.17917,47.78524],[107.17954,47.78489],[107.17978,47.78461],[107.18002,47.78417],[107.18013,47.7838],[107.18017,47.78333],[107.18008,47.78263],[107.17999,47.78202],[107.17984,47.781],[107.17979,47.78032],[107.17987,47.77963],[107.18005,47.77914],[107.18033,47.77856],[107.1806,47.77809],[107.1812,47.77711]]}},{"type":"Feature","properties":{},"geometry":{"type":"LineString","coordinates":[[107.1812,47.77711],[107.18125,47.77703]]}},{"type":"Feature","properties":{},"geometry":{"type":"LineString","coordinates":[[107.19331,47.75139],[107.19365,47.75019],[107.19442,47.74768],[107.1946,47.74708],[107.1954,47.74396],[107.19562,47.74318],[107.19647,47.74028]]}},{"type":"Feature","properties":{},"geometry":{"type":"LineString","coordinates":[[107.19327,47.75151],[107.19331,47.75139]]}},{"type":"Feature","properties":{},"geometry":{"type":"LineString","coordinates":[[107.19647,47.74028],[107.19678,47.7392],[107.1969,47.7386],[107.19697,47.73802],[107.19695,47.73735],[107.19687,47.73676],[107.19669,47.73617],[107.19646,47.7356],[107.19605,47.73483],[107.19547,47.73386],[107.19516,47.7333],[107.19492,47.73267],[107.1949,47.73257]]}},{"type":"Feature","properties":{},"geometry":{"type":"LineString","coordinates":[[107.1949,47.73257],[107.19487,47.73246]]}},{"type":"Feature","properties":{},"geometry":{"type":"LineString","coordinates":[[106.86937,47.90924],[106.869,47.90928],[106.86853,47.90931],[106.86708,47.90933],[106.86459,47.90936],[106.86432,47.90935],[106.8639,47.90931],[106.86364,47.90929],[106.86318,47.90925],[106.86244,47.90925],[106.862,47.90922],[106.86146,47.90915],[106.8612,47.9091],[106.86054,47.90897],[106.86019,47.90892],[106.85984,47.90889]]}},{"type":"Feature","properties":{},"geometry":{"type":"LineString","coordinates":[[106.86716,47.90947],[106.86792,47.90945],[106.86825,47.90943],[106.8687,47.90939],[106.86924,47.9093]]}},{"type":"Feature","properties":{},"geometry":{"type":"LineString","coordinates":[[106.8687,47.90939],[106.86823,47.90947],[106.86797,47.90951],[106.86716,47.90953]]}},{"type":"Feature","properties":{},"geometry":{"type":"LineString","coordinates":[[106.86318,47.90925],[106.86708,47.9092],[106.86744,47.90919],[106.86831,47.90925],[106.86851,47.90925],[106.86882,47.90924]]}},{"type":"Feature","properties":{},"geometry":{"type":"LineString","coordinates":[[106.86831,47.90925],[106.86708,47.90926],[106.8642,47.9093],[106.86364,47.90929]]}},{"type":"Feature","properties":{},"geometry":{"type":"LineString","coordinates":[[106.86728,47.91008],[106.87047,47.90927],[106.8713,47.90901]]}},{"type":"Feature","properties":{},"geometry":{"type":"LineString","coordinates":[[106.86512,47.9078],[106.86623,47.90789],[106.86673,47.90792],[106.86857,47.90799],[106.8698,47.90803],[106.87053,47.90807],[106.87124,47.90813]]}},{"type":"Feature","properties":{},"geometry":{"type":"LineString","coordinates":[[106.87105,47.90435],[106.87117,47.90417],[106.87132,47.90398],[106.87147,47.90383],[106.87185,47.90354]]}},{"type":"Feature","properties":{},"geometry":{"type":"LineString","coordinates":[[106.87135,47.90808],[106.87217,47.90816],[106.87261,47.90819]]}},{"type":"Feature","properties":{},"geometry":{"type":"LineString","coordinates":[[111.92345,43.71304],[111.92253,43.71433],[111.92235,43.71457],[111.92101,43.7164],[111.92065,43.71688],[111.92025,43.71727],[111.91976,43.71761],[111.91919,43.71787],[111.91852,43.71813],[111.91806,43.71836],[111.91769,43.71859],[111.9174,43.71883],[111.91713,43.7191],[111.9169,43.71939],[111.9167,43.71971],[111.9165,43.7202],[111.91635,43.72094],[111.91608,43.72206]]}},{"type":"Feature","properties":{},"geometry":{"type":"LineString","coordinates":[[111.9165,43.7202],[111.9166,43.71976],[111.91678,43.71907],[111.91694,43.71854],[111.9172,43.71733],[111.91725,43.71711],[111.91729,43.7168],[111.91728,43.7165],[111.91724,43.71627],[111.91716,43.71599],[111.91708,43.71564]]}},{"type":"Feature","properties":{},"geometry":{"type":"LineString","coordinates":[[109.00696,44.12692],[109.00919,44.12787],[109.00981,44.12813],[109.01016,44.12827],[109.01049,44.12838],[109.01081,44.12849],[109.01114,44.12859],[109.01154,44.1287],[109.01195,44.12879],[109.01237,44.12887],[109.01279,44.12894],[109.01321,44.129],[109.01364,44.12904],[109.01406,44.12907],[109.01449,44.12909],[109.015,44.12909],[109.0155,44.12908],[109.016,44.12905],[109.01643,44.129],[109.01692,44.12894],[109.01734,44.12886],[109.01782,44.12876],[109.01823,44.12866],[109.0187,44.12853],[109.01916,44.12838],[109.0196,44.12822],[109.01998,44.12807],[109.0204,44.12787],[109.02075,44.12769],[109.02115,44.12747],[109.02148,44.12727],[109.02174,44.12709],[109.02195,44.12695],[109.02214,44.1268],[109.02235,44.12663],[109.02255,44.12646],[109.02276,44.12627],[109.02299,44.12606],[109.02325,44.12581],[109.03898,44.11015],[109.04521,44.10395],[109.05548,44.09372],[109.05579,44.09342],[109.05611,44.09314],[109.05643,44.09285],[109.05676,44.09257],[109.0571,44.0923],[109.05745,44.09203],[109.0578,44.09176],[109.05816,44.09151],[109.05864,44.09118],[109.05913,44.09086],[109.0596,44.09057],[109.06011,44.09027],[109.06064,44.08998],[109.06117,44.0897],[109.06168,44.08945],[109.06223,44.08919],[109.06299,44.08885],[109.09352,44.07558],[109.09396,44.07538],[109.09437,44.07518],[109.09478,44.07498],[109.09519,44.07477],[109.09561,44.07455],[109.096,44.07433],[109.09638,44.0741],[109.09676,44.07387],[109.09726,44.07355],[109.09777,44.07321],[109.09824,44.07288],[109.09874,44.0725],[109.14561,44.03653],[109.14617,44.0361],[109.14665,44.03576],[109.1471,44.03545],[109.14756,44.03515],[109.14803,44.03487],[109.14848,44.0346],[109.14897,44.03433],[109.14947,44.03406],[109.14997,44.03381],[109.15046,44.03357],[109.15082,44.03341],[109.15128,44.03321],[109.17033,44.02482],[109.17088,44.02456],[109.17141,44.0243],[109.17171,44.02414],[109.17202,44.02398],[109.17251,44.02369],[109.1728,44.02351],[109.17309,44.02333],[109.17337,44.02314],[109.17365,44.02295],[109.17392,44.02276],[109.17418,44.02256],[109.17444,44.02236],[109.17469,44.02215],[109.17494,44.02194],[109.17518,44.02173],[109.17541,44.02151],[109.17564,44.02129],[109.17586,44.02107],[109.17608,44.02084],[109.17643,44.02046],[109.17662,44.02022],[109.17682,44.01998],[109.177,44.01974],[109.17718,44.0195],[109.17735,44.01925],[109.17752,44.01901],[109.17777,44.01859],[109.17792,44.01833],[109.17806,44.01808],[109.17819,44.01782],[109.17831,44.01756],[109.17843,44.01729],[109.17854,44.01703],[109.1787,44.01659],[109.17885,44.01614],[109.17895,44.01578],[109.17905,44.01533],[109.17912,44.01497],[109.17919,44.01451],[109.17923,44.01414],[109.17925,44.01378],[109.17926,44.01341],[109.17926,44.01304],[109.17924,44.01259],[109.1792,44.01222],[109.17914,44.01176],[109.17908,44.0114],[109.17898,44.01095],[109.17888,44.01059],[109.17877,44.01023],[109.17866,44.00991],[109.17851,44.00949],[109.16103,43.962],[109.16081,43.96138],[109.16072,43.9611],[109.16064,43.96081],[109.16054,43.96046],[109.16046,43.9601],[109.16038,43.95976],[109.16031,43.95938],[109.1582,43.94684],[109.15815,43.94651],[109.15811,43.94614],[109.15808,43.94576],[109.15806,43.94544],[109.15805,43.94506],[109.15805,43.94468],[109.15805,43.94436],[109.15807,43.94398],[109.1581,43.94366],[109.15813,43.94333],[109.15818,43.94301],[109.15823,43.94269],[109.15828,43.94237],[109.15835,43.94205],[109.15842,43.94173],[109.15851,43.94141],[109.1586,43.94109],[109.15869,43.94078],[109.1588,43.94046],[109.15891,43.94015],[109.15903,43.93984],[109.15916,43.93953],[109.1593,43.93922],[109.15942,43.93896],[109.15965,43.93851],[109.15986,43.93811],[109.1601,43.93771],[109.16034,43.93731],[109.16065,43.93684],[109.16463,43.93093],[109.16487,43.93055],[109.1651,43.93017],[109.16531,43.9298],[109.16551,43.92941],[109.16582,43.92877],[109.17902,43.90072],[109.17925,43.90021],[109.17945,43.89972],[109.17963,43.89922],[109.17979,43.89872],[109.17989,43.89837],[109.17999,43.89802],[109.18006,43.89769],[109.18013,43.89733],[109.18019,43.897],[109.18025,43.89664],[109.18029,43.89631],[109.18032,43.89595],[109.18036,43.89533],[109.18088,43.88494],[109.18091,43.88453],[109.18095,43.88414],[109.181,43.88375],[109.18107,43.88336],[109.18119,43.88273],[109.19081,43.83602],[109.19092,43.83551],[109.19102,43.83509],[109.19114,43.83468],[109.19129,43.83423],[109.19139,43.83394],[109.1915,43.83366],[109.19161,43.83337],[109.19173,43.83309],[109.19186,43.83281],[109.19199,43.83253],[109.19226,43.83201],[109.19241,43.83173],[109.19257,43.83146],[109.19273,43.83119],[109.1929,43.83092],[109.19308,43.83066],[109.19326,43.83039],[109.19362,43.82989],[109.2417,43.76773],[109.24193,43.76742],[109.24213,43.76715],[109.24234,43.76685],[109.24252,43.76659],[109.24269,43.76632],[109.24287,43.76602],[109.24303,43.76575],[109.24321,43.76544],[109.24337,43.76512],[109.24353,43.76481],[109.24366,43.76453],[109.2438,43.76421],[109.24393,43.76389],[109.24406,43.76357],[109.24417,43.76325],[109.24427,43.76296],[109.24437,43.76264],[109.24446,43.76231],[109.24455,43.76198],[109.24461,43.76169],[109.24468,43.76136],[109.24474,43.76103],[109.24479,43.76074],[109.24483,43.7604],[109.24487,43.76006],[109.24491,43.75963],[109.24824,43.71726],[109.24828,43.71675],[109.24834,43.71622],[109.24838,43.71594],[109.24843,43.71565],[109.24849,43.71537],[109.24855,43.71509],[109.24861,43.71481],[109.24869,43.71453],[109.24876,43.71425],[109.24885,43.71397],[109.24894,43.7137],[109.24904,43.71342],[109.24914,43.71314],[109.24925,43.71287],[109.24936,43.7126],[109.24949,43.71233],[109.24967,43.71194],[109.24986,43.71156],[109.25007,43.71118],[109.25027,43.71084],[109.25049,43.71047],[109.25073,43.71011],[109.25096,43.70978],[109.25123,43.70941],[109.26816,43.68685],[109.26853,43.68637],[109.26894,43.68589],[109.26936,43.68541],[109.26977,43.68499],[109.27002,43.68474],[109.27032,43.68445],[109.27063,43.68417],[109.2709,43.68393],[109.27122,43.68366],[109.27151,43.68343],[109.27179,43.6832],[109.27209,43.68297],[109.27238,43.68275],[109.27274,43.6825],[109.27305,43.68229],[109.27336,43.68208],[109.27374,43.68184],[109.27406,43.68164],[109.27439,43.68145],[109.27473,43.68125],[109.27529,43.68094],[109.27581,43.68068],[109.2764,43.68039],[109.27694,43.68014],[109.27767,43.67983],[109.28174,43.67813],[109.28222,43.67792],[109.28264,43.67772],[109.28296,43.67757],[109.28327,43.67741],[109.28358,43.67725],[109.28388,43.67708],[109.28418,43.67691],[109.28447,43.67674],[109.28476,43.67656],[109.28504,43.67637],[109.28546,43.67609],[109.28579,43.67584],[109.28612,43.6756],[109.28644,43.67534],[109.28675,43.67508],[109.28705,43.67481],[109.28734,43.67454],[109.28762,43.67426],[109.28789,43.67398],[109.2882,43.67363],[109.28845,43.67334],[109.28869,43.67304],[109.28892,43.67274],[109.28914,43.67243],[109.28934,43.67212],[109.28954,43.67181],[109.28968,43.67155],[109.28983,43.6713],[109.28996,43.67104],[109.29009,43.67078],[109.29021,43.67052],[109.29032,43.67025],[109.29049,43.66979],[109.29059,43.66952],[109.29067,43.66925],[109.29075,43.66898],[109.29081,43.66871],[109.29087,43.66844],[109.29093,43.66816],[109.29097,43.66789],[109.29101,43.66763],[109.29108,43.667],[109.29413,43.63509],[109.29418,43.63468],[109.29422,43.63433],[109.29428,43.63397],[109.29435,43.63361],[109.29441,43.63333],[109.29448,43.63302],[109.29455,43.63274],[109.29463,43.63246],[109.29472,43.63217],[109.29481,43.63189],[109.29491,43.63161],[109.29502,43.63133],[109.30031,43.61824],[109.30046,43.61786],[109.30061,43.61753],[109.30077,43.61721],[109.30094,43.61688],[109.30112,43.61656],[109.30132,43.6162],[109.30152,43.61588],[109.30174,43.61554],[109.30197,43.61519],[109.30219,43.61488],[109.30242,43.61458],[109.30268,43.61425],[109.30295,43.61392],[109.30321,43.61362],[109.30347,43.61333],[109.30374,43.61304],[109.30396,43.61282],[109.30422,43.61256],[109.30471,43.61209],[109.31795,43.59992],[109.3184,43.59948],[109.31883,43.59903],[109.31925,43.59857],[109.31965,43.5981],[109.32002,43.59763],[109.32033,43.59721],[109.32067,43.59672],[109.32095,43.59629],[109.32125,43.59579],[109.32149,43.59535],[109.32175,43.59483],[109.32195,43.59439],[109.32217,43.59386],[109.32235,43.5934],[109.32252,43.59287],[109.32266,43.59241],[109.3228,43.59187],[109.32289,43.5914],[109.32299,43.59085],[109.32305,43.59039],[109.3231,43.58984],[109.32313,43.58936],[109.32314,43.58881],[109.32313,43.58834],[109.3231,43.58787],[109.32304,43.58732],[109.32297,43.58678],[109.32287,43.58623],[109.31098,43.53003],[109.31088,43.5296],[109.31079,43.52924],[109.31069,43.52886],[109.31058,43.5285],[109.31041,43.52801],[109.31021,43.5275],[109.31,43.52701],[109.30976,43.52649],[109.28882,43.48369],[109.28865,43.48331],[109.28849,43.48293],[109.28833,43.48254],[109.2882,43.48216],[109.28806,43.48176],[109.28795,43.48138],[109.28784,43.48098],[109.28775,43.4806],[109.28767,43.48019],[109.2876,43.4798],[109.28755,43.47942],[109.2875,43.47897],[109.27483,43.3611],[109.27477,43.36062],[109.27472,43.36024],[109.27463,43.35973],[109.27453,43.35925],[109.2744,43.35874],[109.27427,43.35827],[109.2741,43.35777],[109.27393,43.3573],[109.27372,43.3568],[109.27351,43.35634],[109.27319,43.3557],[109.26173,43.33328],[109.26159,43.33299],[109.26146,43.33272],[109.26135,43.33245],[109.26124,43.33218],[109.26114,43.33191],[109.26105,43.33164],[109.26097,43.33136],[109.26089,43.33109],[109.26079,43.33068],[109.26071,43.33026],[109.26065,43.32987],[109.26061,43.32945],[109.26058,43.32906],[109.26057,43.32864],[109.26057,43.32822],[109.26059,43.32781],[109.26065,43.3272],[109.26202,43.31422],[109.26206,43.31383],[109.26211,43.31349],[109.26218,43.31312],[109.26227,43.31275],[109.26235,43.31246],[109.26243,43.31216],[109.26253,43.31187],[109.26263,43.31158],[109.26274,43.31129],[109.26287,43.31101],[109.263,43.31072],[109.26314,43.31044],[109.26328,43.31016],[109.26344,43.30988],[109.2636,43.30961],[109.26378,43.30933],[109.26396,43.30907],[109.26415,43.3088],[109.26434,43.30854],[109.2645,43.30834],[109.26471,43.30808],[109.26493,43.30783],[109.26515,43.30758],[109.26539,43.30733],[109.26563,43.30709],[109.26588,43.30685],[109.26613,43.30662],[109.26633,43.30644],[109.2666,43.30622],[109.26687,43.30599],[109.26716,43.30578],[109.26744,43.30556],[109.26774,43.30535],[109.26804,43.30515],[109.26835,43.30495],[109.26858,43.3048],[109.26898,43.30457],[109.26939,43.30434],[109.2698,43.30412],[109.27022,43.30391],[109.27066,43.3037],[109.27109,43.30351],[109.27154,43.30332],[109.2719,43.30318],[109.27235,43.30302],[109.27289,43.30283],[109.28214,43.29969],[109.28283,43.29945],[109.28319,43.29932],[109.28355,43.29918],[109.2839,43.29904],[109.28428,43.29889],[109.28462,43.29874],[109.28497,43.29859],[109.28531,43.29843],[109.28564,43.29827],[109.28609,43.29805],[109.28654,43.29782],[109.28697,43.29758],[109.28741,43.29733],[109.2975,43.29138],[109.29784,43.29116],[109.29821,43.29093],[109.29857,43.29069],[109.29889,43.29047],[109.29924,43.29022],[109.29958,43.28997],[109.29991,43.28971],[109.30021,43.28947],[109.30053,43.2892],[109.30081,43.28895],[109.30109,43.2887],[109.30137,43.28844],[109.30164,43.28818],[109.3019,43.28791],[109.30215,43.28764],[109.30244,43.28733],[109.30707,43.28221],[109.30747,43.28176],[109.30785,43.28132],[109.30821,43.28086],[109.30855,43.2804],[109.30887,43.27993],[109.30911,43.27955],[109.30934,43.27917],[109.30956,43.27878],[109.30977,43.27838],[109.3188,43.26057],[109.31902,43.26015],[109.31921,43.2598],[109.31938,43.2595],[109.31956,43.25921],[109.31974,43.25892],[109.31993,43.25864],[109.32013,43.25835],[109.32033,43.25807],[109.32054,43.25779],[109.32072,43.25757],[109.32094,43.2573],[109.32117,43.25703],[109.32136,43.25681],[109.3216,43.25655],[109.32185,43.25628],[109.3221,43.25603],[109.32236,43.25577],[109.32257,43.25557],[109.32284,43.25532],[109.32312,43.25507],[109.3234,43.25483],[109.32364,43.25464],[109.32393,43.2544],[109.32417,43.25422],[109.32447,43.25399],[109.32472,43.25381],[109.32503,43.25359],[109.32535,43.25337],[109.32567,43.25316],[109.32594,43.25299],[109.3262,43.25282],[109.32654,43.25262],[109.32688,43.25242],[109.32716,43.25227],[109.32758,43.25204],[109.32801,43.25182],[109.32844,43.25161],[109.32893,43.25138],[109.32948,43.25113],[109.33487,43.24875],[109.33535,43.24853],[109.33578,43.24832],[109.33617,43.24813],[109.33653,43.24795],[109.33691,43.24774],[109.33726,43.24755],[109.33762,43.24734],[109.33796,43.24713],[109.3383,43.24692],[109.33865,43.2467],[109.33904,43.24643],[109.33952,43.2461],[109.3666,43.22693],[109.36694,43.22669],[109.36725,43.22646],[109.36755,43.22622],[109.36785,43.22598],[109.36815,43.22573],[109.36844,43.22548],[109.36872,43.22522],[109.36899,43.22496],[109.36941,43.22456],[109.36984,43.2241],[109.39096,43.20165],[109.39134,43.20124],[109.39167,43.20086],[109.39199,43.20047],[109.3923,43.20008],[109.39263,43.19962],[109.39293,43.19918],[109.39323,43.19871],[109.3935,43.19826],[109.39376,43.19777],[109.39399,43.19731],[109.3942,43.19685],[109.3944,43.19638],[109.3946,43.19584],[109.39478,43.19529],[109.39692,43.18824],[109.39711,43.18764],[109.39721,43.18736],[109.39731,43.1871],[109.39743,43.18682],[109.39755,43.18656],[109.39768,43.18628],[109.39781,43.18603],[109.39795,43.18577],[109.39809,43.18552],[109.39826,43.18525],[109.39843,43.18499],[109.3986,43.18474],[109.39879,43.18448],[109.39898,43.18422],[109.39917,43.18399],[109.39938,43.18373],[109.39959,43.18349],[109.40008,43.18297],[109.40568,43.17707],[109.40608,43.17663],[109.40626,43.17642],[109.40644,43.1762],[109.40676,43.1758],[109.40704,43.17541],[109.4073,43.17503],[109.40754,43.17463],[109.40778,43.1742],[109.40799,43.17379],[109.40818,43.17338],[109.40835,43.17296],[109.40845,43.17269],[109.40855,43.17241],[109.40862,43.17216],[109.4087,43.17188],[109.40877,43.17159],[109.40884,43.17131],[109.40889,43.17102],[109.40893,43.17077],[109.40898,43.17043],[109.40902,43.17002],[109.40967,43.16289],[109.40974,43.16224],[109.40979,43.16189],[109.40985,43.16155],[109.40991,43.16121],[109.40999,43.16086],[109.41007,43.16052],[109.41017,43.16017],[109.41027,43.15983],[109.41039,43.15948],[109.41058,43.15896],[109.41082,43.1584],[109.42729,43.11959],[109.42747,43.11911],[109.42763,43.11866],[109.42777,43.11822],[109.42791,43.11772],[109.42803,43.11721],[109.42812,43.11676],[109.42819,43.1163],[109.42825,43.11579],[109.42828,43.11549],[109.4283,43.11518],[109.42832,43.11488],[109.42832,43.11457],[109.42832,43.11427],[109.42832,43.11391],[109.4283,43.1136],[109.42828,43.1133],[109.42825,43.11299],[109.42821,43.11269],[109.42817,43.11238],[109.42812,43.11208],[109.42806,43.11178],[109.42799,43.11142],[109.42791,43.11112],[109.42783,43.11082],[109.4277,43.11037],[109.42755,43.10992],[109.42095,43.09046],[109.42078,43.08994],[109.42066,43.08955],[109.42057,43.0892],[109.42049,43.08881],[109.42042,43.08845],[109.42037,43.0881],[109.42033,43.0877],[109.42031,43.08735],[109.4203,43.08699],[109.4203,43.08672],[109.4203,43.08641],[109.42032,43.08615],[109.42035,43.08583],[109.42038,43.08557],[109.42042,43.08526],[109.42047,43.08499],[109.42053,43.08473],[109.4206,43.08442],[109.42067,43.08416],[109.42076,43.08386],[109.42084,43.0836],[109.42093,43.08334],[109.42105,43.08304],[109.42115,43.08279],[109.42127,43.08253],[109.42139,43.08228],[109.42154,43.08199],[109.42168,43.08173],[109.42185,43.08142],[109.42649,43.07357],[109.42669,43.07321],[109.42686,43.07288],[109.42699,43.07258],[109.42713,43.07224],[109.42723,43.07197],[109.42732,43.0717],[109.42739,43.07147],[109.42746,43.0712],[109.42752,43.07093],[109.42757,43.07065],[109.42762,43.07038],[109.42764,43.07014],[109.42767,43.06986],[109.42768,43.06958],[109.42769,43.06931],[109.42768,43.06907],[109.42767,43.06883],[109.42765,43.06856],[109.42762,43.06828],[109.42758,43.068],[109.42753,43.06773],[109.42746,43.06742],[109.42738,43.0671],[109.4273,43.06683],[109.42721,43.06656],[109.42709,43.06626],[109.42697,43.06598],[109.42683,43.06567],[109.41701,43.04548],[109.41683,43.0451],[109.4167,43.0448],[109.41654,43.04443],[109.4164,43.04403],[109.41628,43.04363],[109.41618,43.04323],[109.4161,43.04283],[109.41604,43.04243],[109.416,43.04202],[109.41598,43.04161],[109.41598,43.04131],[109.41599,43.04102],[109.41602,43.04072],[109.41605,43.04042],[109.4161,43.04012],[109.41615,43.03983],[109.41622,43.03954],[109.41631,43.0392],[109.42587,43.00482],[109.42604,43.00419],[109.42616,43.00364],[109.42626,43.00309],[109.42634,43.00253],[109.42639,43.00203],[109.42643,43.00147],[109.42644,43.00091],[109.42642,43.0004],[109.42639,42.99984],[109.42636,42.99951],[109.42632,42.99923],[109.42627,42.99889],[109.42622,42.99856],[109.42615,42.99823],[109.42609,42.99795],[109.42601,42.99762],[109.42592,42.99729],[109.42582,42.99696],[109.42574,42.99669],[109.42562,42.99636],[109.4255,42.99604],[109.42537,42.99572],[109.42526,42.99545],[109.42512,42.99513],[109.42496,42.99481],[109.42475,42.9944],[109.42449,42.99392],[109.4221,42.9897],[109.42188,42.98932],[109.42168,42.989],[109.42151,42.98872],[109.4213,42.9884],[109.42108,42.98809],[109.42085,42.98777],[109.42061,42.98746],[109.42036,42.98716],[109.42011,42.98686],[109.41985,42.98656],[109.41961,42.9863],[109.41934,42.98601],[109.41909,42.98577],[109.4188,42.98548],[109.4185,42.9852],[109.41824,42.98497],[109.41793,42.98469],[109.41765,42.98447],[109.41733,42.9842],[109.41704,42.98398],[109.4167,42.98373],[109.41641,42.98351],[109.41611,42.9833],[109.41575,42.98306],[109.41539,42.98283],[109.41502,42.9826],[109.4147,42.98241],[109.41432,42.98219],[109.41398,42.982],[109.41359,42.98179],[109.39919,42.97417],[109.39854,42.97382],[109.3982,42.97363],[109.3979,42.97345],[109.3976,42.97325],[109.39733,42.97307],[109.39705,42.97286],[109.39679,42.97266],[109.39652,42.97245],[109.39627,42.97222],[109.39606,42.97202],[109.39583,42.9718],[109.39564,42.97159],[109.39543,42.97136],[109.39525,42.97115],[109.39508,42.97093],[109.39492,42.9707],[109.39475,42.97045],[109.39439,42.96989],[109.39132,42.96491],[109.39101,42.96439],[109.39089,42.96417],[109.39079,42.96396],[109.39068,42.96374],[109.39056,42.96343],[109.39047,42.96321],[109.39037,42.9629],[109.3903,42.96267],[109.39023,42.96236],[109.39018,42.96212],[109.39013,42.96181],[109.39011,42.96158],[109.39008,42.96126],[109.39007,42.96102],[109.39008,42.96071],[109.3901,42.96039],[109.39012,42.96016],[109.39016,42.95985],[109.39021,42.95961],[109.39028,42.9593],[109.39034,42.95907],[109.39041,42.95884],[109.39049,42.95861],[109.39058,42.95838],[109.39067,42.95816],[109.39077,42.95793],[109.39089,42.95771],[109.39105,42.95742],[109.39118,42.9572],[109.39131,42.95699],[109.39146,42.95678],[109.39161,42.95657],[109.39177,42.95636],[109.39194,42.95616],[109.39211,42.95596],[109.39235,42.9557],[109.39254,42.95551],[109.39274,42.95533],[109.39294,42.95514],[109.39315,42.95496],[109.39337,42.95479],[109.39359,42.95462],[109.39382,42.95445],[109.39414,42.95424],[109.39438,42.95408],[109.39463,42.95393],[109.39488,42.95378],[109.39514,42.95364],[109.3954,42.95351],[109.39567,42.95338],[109.39594,42.95325],[109.39631,42.95309],[109.39659,42.95298],[109.39697,42.95283],[109.39727,42.95273],[109.39766,42.95261],[109.39796,42.95252],[109.39835,42.95242],[109.39878,42.95231],[109.3995,42.95215],[109.42493,42.94655],[109.42556,42.9464],[109.42608,42.94627],[109.42657,42.94612],[109.42705,42.94596],[109.42737,42.94584],[109.42768,42.94572],[109.42799,42.94559],[109.42829,42.94545],[109.42858,42.94531],[109.42887,42.94516],[109.42908,42.94505],[109.42936,42.94489],[109.42964,42.94472],[109.4299,42.94455],[109.43016,42.94438],[109.43041,42.9442],[109.43066,42.94401],[109.4309,42.94382],[109.43113,42.94362],[109.4313,42.94347],[109.43151,42.94327],[109.43172,42.94306],[109.43192,42.94284],[109.43211,42.94262],[109.43229,42.9424],[109.43247,42.94218],[109.43263,42.94195],[109.43275,42.94177],[109.4329,42.94154],[109.43304,42.9413],[109.43317,42.94106],[109.43326,42.94088],[109.43338,42.94063],[109.43348,42.94038],[109.43358,42.94013],[109.43364,42.93994],[109.43372,42.93969],[109.43378,42.93944],[109.43384,42.93918],[109.43388,42.93899],[109.43392,42.93873],[109.43395,42.93847],[109.43397,42.93821],[109.43397,42.93802],[109.43398,42.93782],[109.43397,42.93756],[109.43395,42.93731],[109.43393,42.93711],[109.4339,42.93688],[109.43387,42.93663],[109.43375,42.93601],[109.43159,42.92534],[109.43149,42.92484],[109.43139,42.92445],[109.43127,42.92403],[109.43111,42.92356],[109.43095,42.92314],[109.43078,42.92273],[109.43058,42.92232],[109.43034,42.92187],[109.43008,42.92143],[109.42983,42.92104],[109.42965,42.92078],[109.42947,42.92053],[109.42928,42.92028],[109.42911,42.92007],[109.42894,42.91986],[109.42873,42.91962],[109.42851,42.91938],[109.42828,42.91915],[109.42809,42.91895],[109.42785,42.91872],[109.42761,42.9185],[109.42736,42.91827],[109.4271,42.91806],[109.42684,42.91784],[109.42657,42.91763],[109.42629,42.91743],[109.42601,42.91723],[109.42576,42.91706],[109.42547,42.91686],[109.42513,42.91664],[109.41505,42.91029],[109.41464,42.91001],[109.41426,42.90975],[109.4139,42.90948],[109.41366,42.90929],[109.41342,42.9091],[109.41319,42.90891],[109.41286,42.90861],[109.41254,42.90831],[109.41233,42.9081],[109.41203,42.90779],[109.41183,42.90758],[109.41155,42.90726],[109.41128,42.90693],[109.41111,42.90671],[109.41086,42.90637],[109.41062,42.90603],[109.4104,42.90568],[109.41026,42.90544],[109.41006,42.90509],[109.40988,42.90473],[109.40971,42.90437],[109.40955,42.904],[109.40941,42.90363],[109.40928,42.90326],[109.40916,42.90289],[109.40906,42.90251],[109.409,42.90226],[109.40895,42.902],[109.40889,42.90162],[109.40884,42.90124],[109.4088,42.90086],[109.40878,42.90047],[109.40877,42.90009],[109.40878,42.89971],[109.4088,42.89932],[109.40884,42.89894],[109.4089,42.89856],[109.40896,42.89818],[109.40902,42.89793],[109.40908,42.89767],[109.40918,42.8973],[109.40929,42.89692],[109.40943,42.89655],[109.40957,42.89618],[109.40973,42.89582],[109.4099,42.89545],[109.41009,42.8951],[109.41029,42.89474],[109.41051,42.89439],[109.41073,42.89405],[109.41098,42.89371],[109.41123,42.89337],[109.4115,42.89304],[109.41178,42.89272],[109.41207,42.8924],[109.41227,42.89219],[109.41248,42.89198],[109.41269,42.89178],[109.41291,42.89158],[109.41313,42.89139],[109.41336,42.89119],[109.41359,42.891],[109.41383,42.89081],[109.41407,42.89063],[109.41432,42.89045],[109.41457,42.89027],[109.41482,42.8901],[109.41522,42.88985],[109.41577,42.88951],[109.50273,42.83908],[109.50322,42.83879],[109.50363,42.83854],[109.50405,42.83827],[109.50445,42.83801],[109.50479,42.83776],[109.50513,42.83752],[109.50545,42.83728],[109.50577,42.83702],[109.50609,42.83676],[109.50641,42.8365],[109.50669,42.83624],[109.507,42.83597],[109.52791,42.81617],[109.52826,42.81583],[109.52853,42.81557],[109.52881,42.81528],[109.52913,42.81494],[109.52943,42.8146],[109.52969,42.81429],[109.52998,42.81394],[109.53021,42.81363],[109.53048,42.81326],[109.5307,42.81295],[109.53095,42.81257],[109.53115,42.81225],[109.53134,42.81193],[109.53155,42.81154],[109.53175,42.81115],[109.53192,42.81082],[109.53207,42.81048],[109.53221,42.81014],[109.53241,42.80963],[109.53259,42.80912],[109.53274,42.80865],[109.53288,42.80813],[109.53299,42.80761],[109.53308,42.80714],[109.53316,42.80661],[109.53321,42.80613],[109.53324,42.80578],[109.53326,42.80536],[109.5338,42.79359],[109.53382,42.79304],[109.53382,42.79258],[109.53382,42.79229],[109.5338,42.79198],[109.53378,42.79169],[109.53375,42.79139],[109.53372,42.79109],[109.53368,42.7908],[109.53363,42.79051],[109.53358,42.79021],[109.53219,42.78326],[109.5321,42.78289],[109.53201,42.78256],[109.5319,42.78222],[109.53178,42.78188],[109.53165,42.78157],[109.53152,42.78127],[109.53137,42.78097],[109.53121,42.78068],[109.53104,42.78039],[109.53085,42.7801],[109.53066,42.77983],[109.53045,42.77953],[109.53011,42.7791],[109.51148,42.75527],[109.51127,42.755],[109.51109,42.75474],[109.51091,42.75449],[109.51072,42.75421],[109.51055,42.75395],[109.51038,42.75367],[109.51021,42.75339],[109.51005,42.7531],[109.50981,42.75266],[109.50959,42.7522],[109.50939,42.75175],[109.50919,42.75127],[109.49719,42.72073],[109.49704,42.72035],[109.49692,42.72],[109.4968,42.71961],[109.4967,42.71925],[109.49661,42.71889],[109.49652,42.7185],[109.49644,42.71812],[109.49638,42.71775],[109.49631,42.71723],[109.49626,42.71668],[109.49623,42.71616],[109.49622,42.71561],[109.49649,42.70298],[109.49651,42.70255],[109.49654,42.70212],[109.49659,42.70169],[109.49665,42.70131],[109.49671,42.70093],[109.4968,42.7005],[109.4969,42.70008],[109.49701,42.6997],[109.49716,42.69919],[109.49734,42.69868],[109.49754,42.69817],[109.49776,42.69767],[109.498,42.69717],[109.49826,42.69668],[109.49853,42.69619],[109.4988,42.69576],[109.499,42.69546],[109.49924,42.69511],[109.49945,42.69482],[109.49968,42.69451],[109.50345,42.68975],[109.50375,42.68936],[109.50402,42.689],[109.50425,42.68866],[109.50449,42.68829],[109.50471,42.68795],[109.50491,42.6876],[109.50512,42.68722],[109.5053,42.68687],[109.50547,42.68652],[109.50564,42.68616],[109.50576,42.68587],[109.50589,42.68554],[109.506,42.68524],[109.50611,42.68494],[109.5062,42.68464],[109.50629,42.68434],[109.50638,42.684],[109.50646,42.6837],[109.50658,42.68313],[109.50849,42.67391],[109.50861,42.6734],[109.50873,42.67292],[109.50889,42.67241],[109.50905,42.67194],[109.50923,42.67147],[109.50942,42.671],[109.50965,42.67051],[109.50988,42.67005],[109.51013,42.6696],[109.5104,42.66915],[109.51062,42.66879],[109.51083,42.66847],[109.51108,42.66812],[109.51133,42.66778],[109.51733,42.65992],[109.5177,42.65943],[109.51801,42.65906],[109.51826,42.65876],[109.51859,42.6584],[109.51886,42.65811],[109.51921,42.65776],[109.5195,42.65748],[109.51987,42.65714],[109.52017,42.65687],[109.5204,42.65667],[109.52072,42.65641],[109.52096,42.65622],[109.52129,42.65596],[109.52163,42.65571],[109.52188,42.65553],[109.5224,42.65517],[109.52276,42.65494],[109.52303,42.65477],[109.52339,42.65455],[109.52367,42.65438],[109.52405,42.65417],[109.52433,42.65401],[109.52491,42.65371],[109.52531,42.65351],[109.5256,42.65337],[109.52601,42.65318],[109.52631,42.65305],[109.52672,42.65287],[109.52703,42.65275],[109.52766,42.6525],[109.52809,42.65234],[109.52841,42.65223],[109.52884,42.65208],[109.52916,42.65198],[109.5296,42.65185],[109.52993,42.65175],[109.5306,42.65157],[109.53116,42.65142],[109.53161,42.65132],[109.53207,42.65122],[109.53264,42.65111],[109.53322,42.651],[109.53368,42.65092],[109.53426,42.65084],[109.53481,42.65077],[109.5355,42.65069],[109.55283,42.64878],[109.55337,42.64872],[109.55389,42.64868],[109.55442,42.64864],[109.55495,42.64861],[109.55547,42.6486],[109.55598,42.64858],[109.55648,42.64858],[109.55703,42.64859],[109.59314,42.64911],[109.59368,42.64911],[109.59409,42.64911],[109.5945,42.64911],[109.59495,42.6491],[109.59536,42.64908],[109.59577,42.64906],[109.59618,42.64904],[109.59659,42.64901],[109.59699,42.64897],[109.5974,42.64893],[109.59784,42.64888],[109.59825,42.64883],[109.59865,42.64878],[109.59905,42.64871],[109.59945,42.64865],[109.59985,42.64858],[109.60025,42.6485],[109.60065,42.64842],[109.6013,42.64828],[109.62201,42.6437],[109.62258,42.64356],[109.62313,42.64343],[109.62369,42.64327],[109.62423,42.64312],[109.62467,42.64298],[109.62512,42.64283],[109.62553,42.64269],[109.62601,42.64252],[109.65636,42.63129],[109.65694,42.63108],[109.65742,42.63092],[109.65812,42.63069],[109.65886,42.63047],[109.67532,42.62577],[109.67585,42.62562],[109.67627,42.6255],[109.6767,42.6254],[109.67712,42.6253],[109.6775,42.62521],[109.67788,42.62513],[109.6786,42.62499],[109.67933,42.62487],[109.68006,42.62476],[109.68045,42.62471],[109.68084,42.62467],[109.68158,42.6246],[109.68232,42.62454],[109.68306,42.6245],[109.68356,42.62449],[109.68405,42.62448],[109.68455,42.62448],[109.68509,42.62448],[109.70014,42.62483],[109.70081,42.62485],[109.70135,42.62484],[109.70169,42.62483],[109.70199,42.62482],[109.7023,42.62481],[109.7026,42.62478],[109.7029,42.62476],[109.70324,42.62472],[109.70354,42.62468],[109.70384,42.62464],[109.70414,42.6246],[109.70444,42.62455],[109.70473,42.62449],[109.70506,42.62443],[109.70539,42.62435],[109.70568,42.62428],[109.70597,42.62421],[109.70625,42.62413],[109.70654,42.62405],[109.70685,42.62395],[109.70713,42.62386],[109.70744,42.62375],[109.70771,42.62365],[109.70798,42.62355],[109.70862,42.62328],[109.74911,42.60582],[109.74978,42.60554],[109.75039,42.6053],[109.75091,42.6051],[109.75143,42.60492],[109.75197,42.60474],[109.75248,42.60458],[109.75302,42.60443],[109.75357,42.60428],[109.75412,42.60414],[109.75468,42.60401],[109.75802,42.60328],[109.75858,42.60316],[109.75913,42.60306],[109.75958,42.60299],[109.75995,42.60293],[109.76068,42.60282],[109.76142,42.60274],[109.76216,42.60267],[109.76263,42.60263],[109.763,42.60261],[109.76375,42.60258],[109.7645,42.60256],[109.76524,42.60256],[109.76599,42.60258],[109.76674,42.60261],[109.76748,42.60266],[109.76823,42.60273],[109.76896,42.60282],[109.7697,42.60292],[109.77043,42.60304],[109.77116,42.60317],[109.77188,42.60332],[109.77259,42.60349],[109.77329,42.60367],[109.77399,42.60387],[109.77468,42.60409],[109.7754,42.60433],[109.82531,42.62151],[109.82592,42.62171],[109.82654,42.6219],[109.82717,42.62208],[109.82781,42.62225],[109.8285,42.62242],[109.82915,42.62256],[109.8298,42.62268],[109.83051,42.6228],[109.83122,42.62291],[109.83189,42.62299],[109.83255,42.62306],[109.83328,42.62312],[109.83384,42.62316],[109.83434,42.62318],[109.83485,42.6232],[109.83541,42.62321],[109.83613,42.62321],[109.83974,42.62317],[109.84033,42.62318],[109.84084,42.62319],[109.84128,42.6232],[109.84164,42.62322],[109.84236,42.62326],[109.84308,42.62332],[109.8438,42.6234],[109.84423,42.62345],[109.84466,42.62351],[109.84509,42.62358],[109.84551,42.62365],[109.84594,42.62372],[109.84636,42.62381],[109.84678,42.62389],[109.8472,42.62399],[109.84761,42.62408],[109.84802,42.62419],[109.84843,42.6243],[109.84884,42.62441],[109.84925,42.62453],[109.84965,42.62466],[109.85005,42.62479],[109.85044,42.62492],[109.85103,42.62514],[109.85154,42.62534],[109.85205,42.62555],[109.85257,42.62577],[109.85314,42.62603],[109.86012,42.62925],[109.8605,42.62942],[109.86082,42.62958],[109.8611,42.62972],[109.8614,42.62988],[109.8617,42.63004],[109.86199,42.63021],[109.86227,42.63038],[109.86257,42.63057],[109.86289,42.63077],[109.86323,42.631],[109.86353,42.63122],[109.86383,42.63145],[109.86412,42.63168],[109.86441,42.63192],[109.86469,42.63216],[109.86496,42.63241],[109.86524,42.63267],[109.86557,42.633],[109.87337,42.64073],[109.87373,42.64107],[109.87404,42.64135],[109.87439,42.64164],[109.87475,42.64192],[109.87513,42.64219],[109.87551,42.64246],[109.87591,42.64271],[109.87627,42.64291],[109.87669,42.64314],[109.87712,42.64336],[109.87757,42.64357],[109.87795,42.64374],[109.87842,42.64393],[109.87889,42.6441],[109.8793,42.64424],[109.87978,42.64439],[109.88027,42.64453],[109.8807,42.64463],[109.8812,42.64475],[109.88164,42.64483],[109.88215,42.64492],[109.88266,42.64499],[109.88318,42.64505],[109.88371,42.6451],[109.88423,42.64513],[109.88475,42.64515],[109.88528,42.64515],[109.88581,42.64515],[109.88638,42.64512],[109.88707,42.64507],[109.89799,42.64426],[109.89884,42.6442],[109.89936,42.64417],[109.89982,42.64416],[109.90028,42.64415],[109.90074,42.64415],[109.90119,42.64415],[109.90165,42.64416],[109.90211,42.64418],[109.90257,42.6442],[109.90328,42.64425],[109.90393,42.64431],[109.90458,42.64438],[109.90523,42.64446],[109.90593,42.64457],[109.90657,42.64468],[109.9072,42.6448],[109.90783,42.64493],[109.90833,42.64505],[109.90889,42.64519],[109.90944,42.64534],[109.90993,42.64549],[109.91062,42.6457],[109.9135,42.64664],[109.91397,42.64679],[109.91438,42.6469],[109.91478,42.64701],[109.91505,42.64707],[109.91559,42.64719],[109.91614,42.6473],[109.91669,42.64738],[109.91711,42.64744],[109.91753,42.64748],[109.91796,42.64752],[109.91838,42.64755],[109.9188,42.64757],[109.91923,42.64758],[109.91965,42.64758],[109.92008,42.64757],[109.9205,42.64755],[109.92093,42.64753],[109.92135,42.64749],[109.92177,42.64744],[109.92219,42.64739],[109.9226,42.64733],[109.92302,42.64726],[109.92329,42.6472],[109.9237,42.64712],[109.92397,42.64705],[109.92424,42.64699],[109.92464,42.64688],[109.92504,42.64677],[109.9253,42.64669],[109.92581,42.64651],[109.92619,42.64637],[109.92644,42.64627],[109.92694,42.64607],[109.9273,42.6459],[109.92754,42.64579],[109.928,42.64555],[109.92835,42.64536],[109.92857,42.64524],[109.9289,42.64504],[109.92911,42.6449],[109.92932,42.64476],[109.92963,42.64455],[109.93003,42.64425],[109.93032,42.64402],[109.93051,42.64386],[109.93088,42.64354],[109.93114,42.64329],[109.93131,42.64313],[109.93163,42.64278],[109.93186,42.64252],[109.93201,42.64234],[109.93229,42.64198],[109.93256,42.64161],[109.9328,42.64123],[109.93302,42.64085],[109.93323,42.64046],[109.93341,42.64006],[109.93357,42.63966],[109.93368,42.63935],[109.93374,42.63915],[109.93383,42.63887],[109.9339,42.63855],[109.93482,42.63438]]}},{"type":"Feature","properties":{},"geometry":{"type":"LineString","coordinates":[[109.04528,44.10398],[109.0232,44.12596],[109.0228,44.12637],[109.02255,44.12666],[109.02242,44.12681],[109.02225,44.12703],[109.02209,44.12725],[109.02194,44.12748],[109.0218,44.12771],[109.02167,44.12794],[109.02155,44.12818],[109.02145,44.12842],[109.02136,44.12866],[109.02128,44.1289],[109.02121,44.12915],[109.02115,44.1294],[109.0211,44.12965],[109.02107,44.1299],[109.02105,44.13015],[109.02104,44.1304],[109.02104,44.13065],[109.02106,44.1309],[109.02109,44.13115],[109.02113,44.1314],[109.02118,44.13165],[109.02124,44.1319],[109.02132,44.13214],[109.0214,44.13239],[109.0215,44.13263],[109.02161,44.13287],[109.02174,44.1331],[109.02187,44.13333],[109.02202,44.13356],[109.02217,44.13379],[109.02234,44.13401],[109.02252,44.13422],[109.0227,44.13444],[109.0229,44.13464],[109.02311,44.13484],[109.02333,44.13504],[109.02355,44.13523],[109.02379,44.13542],[109.02591,44.13681],[109.02607,44.13692]]}},{"type":"Feature","properties":{},"geometry":{"type":"LineString","coordinates":[[106.84904,47.90834],[106.84868,47.90831],[106.84843,47.90828],[106.84801,47.90818],[106.84741,47.90799],[106.84717,47.90788],[106.84681,47.90765],[106.8466,47.9075],[106.84646,47.90737],[106.84631,47.90718],[106.84625,47.90707],[106.84618,47.90694],[106.84575,47.90576],[106.84547,47.905],[106.84543,47.90481],[106.84542,47.90459],[106.84543,47.9044],[106.84545,47.9043],[106.84545,47.90427],[106.84552,47.90379],[106.84569,47.90261],[106.84589,47.90129]]}},{"type":"Feature","properties":{},"geometry":{"type":"LineString","coordinates":[[106.84569,47.90261],[106.84606,47.9014],[106.8463,47.90061],[106.84633,47.90047],[106.8464,47.89994],[106.84648,47.89948]]}},{"type":"Feature","properties":{},"geometry":{"type":"LineString","coordinates":[[106.83771,47.89977],[106.83753,47.90106],[106.8375,47.90123],[106.83744,47.90192],[106.8374,47.90226]]}},{"type":"Feature","properties":{},"geometry":{"type":"LineString","coordinates":[[108.36154,46.35113],[108.36105,46.35178],[108.36095,46.35201],[108.36084,46.35225]]}},{"type":"Feature","properties":{},"geometry":{"type":"LineString","coordinates":[[108.36067,46.35283],[108.36077,46.35247],[108.36084,46.35225],[108.36095,46.35184],[108.3611,46.35155],[108.36146,46.35111]]}},{"type":"Feature","properties":{},"geometry":{"type":"LineString","coordinates":[[108.36074,46.35217],[108.36064,46.35247]]}},{"type":"Feature","properties":{},"geometry":{"type":"LineString","coordinates":[[108.35853,46.35577],[108.35831,46.35603],[108.35806,46.35633],[108.35801,46.35639],[108.35761,46.35688],[108.35457,46.36056],[108.35219,46.36347],[108.3504,46.36566],[108.3492,46.36712],[108.34904,46.36743]]}},{"type":"Feature","properties":{},"geometry":{"type":"LineString","coordinates":[[108.35897,46.35532],[108.35878,46.35566]]}},{"type":"Feature","properties":{},"geometry":{"type":"LineString","coordinates":[[108.35754,46.34395],[108.35732,46.34364],[108.35711,46.3434],[108.35689,46.34319],[108.35668,46.34304],[108.3539,46.34168]]}},{"type":"Feature","properties":{},"geometry":{"type":"LineString","coordinates":[[108.35705,46.34292],[108.35679,46.34254],[108.35561,46.34014]]}},{"type":"Feature","properties":{},"geometry":{"type":"LineString","coordinates":[[108.35777,46.34472],[108.35773,46.3445],[108.35767,46.34423],[108.35754,46.34395],[108.35705,46.34292],[108.35565,46.34013]]}},{"type":"Feature","properties":{},"geometry":{"type":"LineString","coordinates":[[108.36312,46.34912],[108.36282,46.3496],[108.36225,46.3503]]}},{"type":"Feature","properties":{},"geometry":{"type":"LineString","coordinates":[[108.3567,46.34415],[108.35631,46.3439],[108.35576,46.34361],[108.35208,46.34183]]}},{"type":"Feature","properties":{},"geometry":{"type":"LineString","coordinates":[[108.34749,46.36933],[108.34808,46.3686],[108.34818,46.36845]]}},{"type":"Feature","properties":{},"geometry":{"type":"LineString","coordinates":[[108.34192,46.36497],[108.34377,46.36547],[108.34701,46.36636]]}},{"type":"Feature","properties":{},"geometry":{"type":"LineString","coordinates":[[108.33902,46.36415],[108.34061,46.3646]]}},{"type":"Feature","properties":{},"geometry":{"type":"LineString","coordinates":[[108.02693,46.71554],[108.02701,46.71551]]}},{"type":"Feature","properties":{},"geometry":{"type":"LineString","coordinates":[[107.98259,46.75162],[107.9831,46.75124],[107.98433,46.75014],[107.98643,46.74822],[107.98852,46.7463],[107.99625,46.73917],[107.99713,46.73834],[107.99787,46.73748],[107.99814,46.73703],[107.99835,46.73655],[107.9986,46.73559],[107.99889,46.73281],[107.99903,46.73192],[107.99918,46.73151],[107.99936,46.73109],[107.99986,46.73032],[108.00104,46.72886],[108.00271,46.72677],[108.00329,46.72611],[108.00396,46.72549],[108.00473,46.72496],[108.00563,46.7245],[108.00661,46.72408],[108.01103,46.72219],[108.01635,46.72001],[108.02149,46.71782],[108.02693,46.71554]]}},{"type":"Feature","properties":{},"geometry":{"type":"LineString","coordinates":[[108.02911,46.71451],[108.02956,46.71426],[108.0302,46.71397]]}},{"type":"Feature","properties":{},"geometry":{"type":"LineString","coordinates":[[108.02866,46.71475],[108.02911,46.71451],[108.02982,46.71421],[108.04,46.70994],[108.04035,46.70981],[108.04063,46.70974]]}},{"type":"Feature","properties":{},"geometry":{"type":"LineString","coordinates":[[108.02749,46.71531],[108.0282,46.71494],[108.02866,46.71475],[108.02999,46.7142],[108.04063,46.70974],[108.04092,46.70962],[108.04132,46.70946],[108.04195,46.70925]]}},{"type":"Feature","properties":{},"geometry":{"type":"LineString","coordinates":[[108.25059,46.60677],[108.25065,46.60669]]}},{"type":"Feature","properties":{},"geometry":{"type":"LineString","coordinates":[[108.02701,46.71551],[108.02749,46.71531],[108.03004,46.71424],[108.03114,46.71376],[108.03252,46.71319],[108.04195,46.70925],[108.04525,46.70789],[108.05765,46.70268],[108.064,46.70003],[108.06839,46.69819],[108.07265,46.69638],[108.07409,46.69579],[108.0785,46.69395],[108.08896,46.68957],[108.09614,46.68655],[108.10628,46.6823],[108.12348,46.67509],[108.1262,46.67395],[108.13178,46.6716],[108.13323,46.67102],[108.1347,46.6704],[108.1362,46.66974],[108.13761,46.66895],[108.14312,46.66544],[108.14592,46.66372],[108.14732,46.66282],[108.15003,46.66116],[108.1569,46.65684],[108.15977,46.65503],[108.16127,46.65411],[108.16436,46.65217],[108.16589,46.65115],[108.16721,46.64995],[108.17102,46.64632],[108.17175,46.64574],[108.17249,46.64522],[108.17569,46.6433],[108.18068,46.64035],[108.18129,46.63997],[108.18237,46.63934],[108.18579,46.63729],[108.18928,46.63522],[108.1961,46.63114],[108.20123,46.6281],[108.2047,46.62602],[108.20566,46.62548],[108.20661,46.62508],[108.20738,46.62482],[108.20805,46.62466],[108.20873,46.62453],[108.20973,46.62442],[108.21085,46.62439],[108.21301,46.62439],[108.21522,46.62438],[108.21608,46.62435],[108.21672,46.62431],[108.21744,46.62423],[108.21963,46.62391],[108.22301,46.62337],[108.22645,46.62286],[108.22783,46.62259],[108.22867,46.62238],[108.23071,46.62174],[108.23463,46.62045],[108.23771,46.61945],[108.2397,46.6188],[108.24074,46.61842],[108.24125,46.61823],[108.24175,46.618],[108.24218,46.61775],[108.24259,46.61749],[108.24298,46.6172],[108.24336,46.61688],[108.24368,46.61655],[108.24397,46.61621],[108.2445,46.61548],[108.245,46.61474],[108.24701,46.61189],[108.24897,46.60908],[108.24991,46.60772],[108.25059,46.60677]]}},{"type":"Feature","properties":{},"geometry":{"type":"LineString","coordinates":[[108.28112,46.56316],[108.28158,46.5625],[108.28192,46.56202],[108.2827,46.56091]]}},{"type":"Feature","properties":{},"geometry":{"type":"LineString","coordinates":[[108.27352,46.57383],[108.27294,46.57465]]}},{"type":"Feature","properties":{},"geometry":{"type":"LineString","coordinates":[[108.28114,46.56302],[108.28082,46.56337],[108.28043,46.56393],[108.27542,46.5711],[108.27352,46.57383],[108.27331,46.57423]]}},{"type":"Feature","properties":{},"geometry":{"type":"LineString","coordinates":[[108.28158,46.5625],[108.2814,46.56286],[108.28112,46.56329]]}},{"type":"Feature","properties":{},"geometry":{"type":"LineString","coordinates":[[108.27355,46.57404],[108.27288,46.57502]]}},{"type":"Feature","properties":{},"geometry":{"type":"LineString","coordinates":[[108.27313,46.5745],[108.27355,46.57404],[108.27389,46.57353],[108.28058,46.56394],[108.28112,46.56316],[108.28134,46.56273]]}},{"type":"Feature","properties":{},"geometry":{"type":"LineString","coordinates":[[107.78829,46.82814],[107.78928,46.82531]]}},{"type":"Feature","properties":{},"geometry":{"type":"LineString","coordinates":[[107.78422,46.84008],[107.7843,46.83964],[107.78829,46.82814],[107.78851,46.82775]]}},{"type":"Feature","properties":{},"geometry":{"type":"LineString","coordinates":[[107.78427,46.83994],[107.78439,46.8397],[107.7845,46.83943],[107.78749,46.83084],[107.78853,46.82791],[107.78869,46.82723]]}},{"type":"Feature","properties":{},"geometry":{"type":"LineString","coordinates":[[107.78409,46.84045],[107.78422,46.84008],[107.78427,46.83994],[107.78729,46.83128],[107.78743,46.83088],[107.78851,46.82775],[107.78869,46.82723],[107.78943,46.82511],[107.78999,46.82337],[107.79032,46.82232],[107.79038,46.82178],[107.79034,46.82123],[107.79022,46.82072],[107.79005,46.82019],[107.78968,46.81916],[107.78953,46.81865],[107.7894,46.81814],[107.78935,46.81764],[107.78938,46.81713],[107.7895,46.81665],[107.78969,46.81618],[107.78989,46.81581],[107.79025,46.81533],[107.79061,46.81495],[107.79102,46.8146],[107.79144,46.8143],[107.7919,46.81403],[107.79243,46.81379],[107.79291,46.8136],[107.79343,46.81344],[107.79398,46.81331],[107.79509,46.81313],[107.79865,46.81284],[107.80122,46.81259],[107.80258,46.81246],[107.80326,46.81237],[107.80395,46.81226],[107.80464,46.81211],[107.80532,46.81195],[107.80658,46.81158],[107.80802,46.81112],[107.81332,46.80946],[107.81938,46.80756],[107.83219,46.80352],[107.83639,46.80221],[107.83722,46.80194],[107.84384,46.79985],[107.84543,46.79932],[107.84634,46.79898],[107.84694,46.79872],[107.8542,46.79554],[107.8574,46.79414]]}},{"type":"Feature","properties":{},"geometry":{"type":"LineString","coordinates":[[107.78407,46.84052],[107.78409,46.84045]]}},{"type":"Feature","properties":{},"geometry":{"type":"LineString","coordinates":[[107.7588,46.90449],[107.75893,46.90426]]}},{"type":"Feature","properties":{},"geometry":{"type":"LineString","coordinates":[[107.75893,46.90426],[107.75942,46.90334],[107.75977,46.9027],[107.76009,46.90205],[107.76022,46.90172],[107.76031,46.90139],[107.76037,46.90104],[107.7604,46.90068],[107.76038,46.90034],[107.76032,46.9],[107.76022,46.89966],[107.7601,46.89932],[107.75992,46.89898],[107.75971,46.89865],[107.75947,46.89835],[107.75918,46.89805],[107.75888,46.89779],[107.75854,46.89752],[107.75816,46.89728],[107.75773,46.89706],[107.75733,46.89688],[107.75592,46.89637],[107.75402,46.89571],[107.75359,46.89556],[107.75318,46.89539],[107.75269,46.89513],[107.75226,46.89486],[107.75182,46.89453],[107.75153,46.89427],[107.75126,46.89399],[107.751,46.89367],[107.7508,46.89338],[107.75059,46.89299],[107.75045,46.89263],[107.75035,46.89228],[107.75028,46.89183],[107.75028,46.89147],[107.75032,46.89113],[107.7504,46.8908],[107.75067,46.89008],[107.751,46.88936],[107.75168,46.88792],[107.75204,46.8872],[107.75225,46.88684],[107.75248,46.88648],[107.75296,46.8858],[107.75347,46.88511],[107.75449,46.88374],[107.75552,46.88237],[107.75653,46.88101],[107.75948,46.87705],[107.76143,46.87444],[107.76217,46.87345],[107.76424,46.87067],[107.76475,46.86998],[107.76528,46.86928],[107.76632,46.8679],[107.7677,46.86603],[107.76909,46.86417],[107.77208,46.86013],[107.7736,46.85811],[107.7751,46.85608],[107.77675,46.85386],[107.7784,46.85166],[107.78038,46.849],[107.78133,46.84765],[107.78173,46.84695],[107.78204,46.84622],[107.78253,46.84478],[107.78407,46.84052]]}},{"type":"Feature","properties":{},"geometry":{"type":"LineString","coordinates":[[107.6346,47.05729],[107.63475,47.05708]]}},{"type":"Feature","properties":{},"geometry":{"type":"LineString","coordinates":[[107.63475,47.05708],[107.63513,47.05652],[107.63571,47.05567],[107.63614,47.05503],[107.6367,47.05419],[107.63729,47.05334],[107.63981,47.04964],[107.63995,47.04945],[107.64101,47.04796],[107.64107,47.04787],[107.64265,47.0455],[107.64332,47.04451],[107.64411,47.04335],[107.64485,47.04227],[107.64559,47.04118],[107.64634,47.04009],[107.64708,47.03899],[107.64742,47.03849],[107.64766,47.03815],[107.64781,47.03792],[107.64855,47.03684],[107.64892,47.03628],[107.64927,47.0357],[107.64955,47.03512],[107.64977,47.03452],[107.65036,47.03235],[107.65079,47.03074],[107.65148,47.02814],[107.65198,47.0262],[107.65249,47.02426],[107.65317,47.02168],[107.65398,47.01856],[107.65465,47.01602],[107.65494,47.01491],[107.65567,47.01219],[107.65603,47.01081],[107.65638,47.00943],[107.65655,47.00878],[107.65674,47.00813],[107.65701,47.00748],[107.65732,47.00685],[107.66009,47.00175],[107.66155,46.99908],[107.66196,46.99841],[107.6622,46.9981],[107.66246,46.99779],[107.6631,46.99722],[107.66377,46.99667],[107.67072,46.99118],[107.67356,46.98893],[107.67928,46.9844],[107.68334,46.9812],[107.68656,46.97865],[107.69136,46.97486],[107.69342,46.97326],[107.70121,46.96708],[107.70341,46.96534],[107.70762,46.96204],[107.71134,46.95909],[107.71508,46.95613],[107.72468,46.94851],[107.72584,46.94758],[107.72634,46.94718],[107.72696,46.94661],[107.72742,46.94612],[107.72785,46.94556],[107.73038,46.94225],[107.73377,46.93781],[107.73732,46.93314],[107.738,46.93225],[107.74046,46.92901],[107.74374,46.9247],[107.74875,46.91814],[107.75255,46.91314],[107.75446,46.91064],[107.75637,46.90813],[107.75721,46.90701],[107.75765,46.90644],[107.75805,46.90585],[107.75841,46.90524],[107.75874,46.90461],[107.7588,46.90449]]}},{"type":"Feature","properties":{},"geometry":{"type":"LineString","coordinates":[[107.65021,47.03273],[107.65044,47.03185]]}},{"type":"Feature","properties":{},"geometry":{"type":"LineString","coordinates":[[107.64137,47.04728],[107.6416,47.04695],[107.64482,47.04222],[107.64692,47.03914],[107.64864,47.03663],[107.64926,47.03564],[107.64952,47.03507],[107.64975,47.03441],[107.65008,47.03315]]}},{"type":"Feature","properties":{},"geometry":{"type":"LineString","coordinates":[[107.65036,47.03235],[107.65021,47.03273],[107.65008,47.03315],[107.6497,47.0344],[107.64943,47.03514],[107.64886,47.03617],[107.64807,47.03737],[107.64462,47.04242],[107.64236,47.04573],[107.6416,47.04683],[107.64137,47.04728],[107.64129,47.04745],[107.64107,47.04787]]}},{"type":"Feature","properties":{},"geometry":{"type":"LineString","coordinates":[[107.60607,47.12828],[107.60853,47.12254],[107.60948,47.1203],[107.61041,47.11806],[107.61088,47.11694],[107.61139,47.11578],[107.61346,47.1109],[107.61372,47.11027],[107.61395,47.10966],[107.61413,47.10903],[107.61421,47.10838],[107.61427,47.1071],[107.61423,47.10089],[107.61438,47.09971],[107.61478,47.09857],[107.61968,47.08601],[107.62104,47.08248],[107.6256,47.07085],[107.62615,47.06972],[107.62684,47.06865],[107.62897,47.06557],[107.6346,47.05729]]}},{"type":"Feature","properties":{},"geometry":{"type":"LineString","coordinates":[[107.60597,47.12852],[107.60607,47.12828]]}},{"type":"Feature","properties":{},"geometry":{"type":"LineString","coordinates":[[107.59089,47.15979],[107.59121,47.15896],[107.59213,47.15667],[107.59338,47.15344],[107.59463,47.15021],[107.59503,47.14918],[107.59544,47.14817],[107.59568,47.14769],[107.59596,47.14719],[107.59666,47.14621],[107.59807,47.14415],[107.59951,47.14208],[107.60103,47.13992],[107.60133,47.13936],[107.60162,47.13876],[107.60215,47.13759],[107.60413,47.1328],[107.60597,47.12852]]}},{"type":"Feature","properties":{},"geometry":{"type":"LineString","coordinates":[[107.59086,47.15988],[107.59089,47.15979]]}},{"type":"Feature","properties":{},"geometry":{"type":"LineString","coordinates":[[107.53878,47.24245],[107.53883,47.24238]]}},{"type":"Feature","properties":{},"geometry":{"type":"LineString","coordinates":[[107.53019,47.26105],[107.5309,47.25799],[107.531,47.25756],[107.53115,47.257],[107.53174,47.25431],[107.53212,47.25307],[107.53252,47.25205],[107.53323,47.25072],[107.53347,47.25029],[107.53395,47.24955],[107.53737,47.24454],[107.53767,47.24411],[107.53878,47.24245]]}},{"type":"Feature","properties":{},"geometry":{"type":"LineString","coordinates":[[107.5313,47.28022],[107.5311,47.27947],[107.53095,47.2788],[107.53093,47.27715]]}},{"type":"Feature","properties":{},"geometry":{"type":"LineString","coordinates":[[107.53139,47.2822],[107.53161,47.28283],[107.533,47.28651]]}},{"type":"Feature","properties":{},"geometry":{"type":"LineString","coordinates":[[107.53016,47.26118],[107.53019,47.26105]]}},{"type":"Feature","properties":{},"geometry":{"type":"LineString","coordinates":[[107.53042,47.26119],[107.53041,47.2611]]}},{"type":"Feature","properties":{},"geometry":{"type":"LineString","coordinates":[[107.53041,47.2611],[107.53041,47.26096],[107.53043,47.26038],[107.53089,47.25836],[107.5309,47.25799]]}},{"type":"Feature","properties":{},"geometry":{"type":"LineString","coordinates":[[107.43356,47.39876],[107.43906,47.39386],[107.44313,47.39021],[107.44856,47.38536],[107.45552,47.37915],[107.45942,47.37572],[107.47282,47.3637],[107.4734,47.36318],[107.47483,47.3619],[107.47499,47.36175],[107.48635,47.35158],[107.48648,47.35147],[107.48891,47.34928],[107.48934,47.34889],[107.49012,47.34817],[107.49031,47.34797],[107.49063,47.34761],[107.4913,47.34669],[107.49186,47.34555],[107.49224,47.34433],[107.49228,47.34308],[107.49219,47.34178],[107.49193,47.34047],[107.49184,47.33909],[107.49202,47.33775],[107.49251,47.33644],[107.49322,47.33512],[107.49935,47.32388],[107.50429,47.31481],[107.51014,47.30409],[107.51434,47.2964],[107.516,47.29333],[107.524,47.27856],[107.52725,47.27265],[107.52786,47.27113],[107.52823,47.26959],[107.52857,47.26805],[107.52894,47.26651],[107.53016,47.26118]]}},{"type":"Feature","properties":{},"geometry":{"type":"LineString","coordinates":[[107.53133,47.25647],[107.53089,47.25836]]}},{"type":"Feature","properties":{},"geometry":{"type":"LineString","coordinates":[[107.53687,47.24498],[107.53672,47.24524],[107.53381,47.24953],[107.53334,47.25026],[107.53291,47.25102],[107.53235,47.25213],[107.53203,47.25293],[107.53175,47.25386],[107.53148,47.25491],[107.53114,47.25634]]}},{"type":"Feature","properties":{},"geometry":{"type":"LineString","coordinates":[[107.53111,47.25679],[107.53114,47.25634],[107.53116,47.25595],[107.53167,47.25384],[107.53195,47.25297],[107.53228,47.25211],[107.53285,47.25096],[107.53329,47.2502],[107.53373,47.24949],[107.53667,47.24519],[107.53687,47.24498],[107.53734,47.24449]]}},{"type":"Feature","properties":{},"geometry":{"type":"LineString","coordinates":[[107.531,47.25724],[107.53049,47.25936]]}},{"type":"Feature","properties":{},"geometry":{"type":"LineString","coordinates":[[107.53767,47.24411],[107.53734,47.24449],[107.53679,47.24526],[107.5334,47.25027],[107.53297,47.25103],[107.53241,47.25215],[107.53213,47.25285],[107.53192,47.25349],[107.53155,47.25492],[107.53111,47.25679],[107.531,47.25724],[107.531,47.25756]]}},{"type":"Feature","properties":{},"geometry":{"type":"LineString","coordinates":[[107.53703,47.24514],[107.53689,47.24549],[107.53659,47.24595],[107.53567,47.24731]]}},{"type":"Feature","properties":{},"geometry":{"type":"LineString","coordinates":[[107.54792,47.29522],[107.5502,47.29612],[107.55076,47.29619],[107.55148,47.29619],[107.55252,47.29599],[107.55357,47.29592],[107.55422,47.29601],[107.55499,47.29624],[107.56136,47.29873]]}},{"type":"Feature","properties":{},"geometry":{"type":"LineString","coordinates":[[107.53059,47.2648],[107.5307,47.26536],[107.53104,47.27189]]}},{"type":"Feature","properties":{},"geometry":{"type":"LineString","coordinates":[[107.53091,47.27216],[107.53086,47.27283],[107.53094,47.27518]]}},{"type":"Feature","properties":{},"geometry":{"type":"LineString","coordinates":[[107.53662,47.29255],[107.53708,47.29271],[107.53876,47.29316],[107.54057,47.29364]]}},{"type":"Feature","properties":{},"geometry":{"type":"LineString","coordinates":[[107.53157,47.28629],[107.53192,47.28788],[107.53227,47.28943],[107.53246,47.28989],[107.5328,47.29036],[107.53309,47.29067],[107.5334,47.29095],[107.53409,47.2914],[107.53542,47.29217],[107.53583,47.29233],[107.53662,47.29255],[107.54212,47.29398],[107.54268,47.29407],[107.54323,47.29414],[107.54477,47.29427],[107.54581,47.29441],[107.54626,47.29451],[107.54689,47.29472],[107.54747,47.29498],[107.54792,47.29522],[107.5499,47.29628],[107.5544,47.29869],[107.55768,47.30041]]}},{"type":"Feature","properties":{},"geometry":{"type":"LineString","coordinates":[[107.53794,47.29739],[107.53324,47.29503],[107.53278,47.29469],[107.53236,47.29424],[107.53203,47.29368],[107.53191,47.2931],[107.53157,47.28629],[107.53154,47.28559],[107.5315,47.28488],[107.53139,47.2822],[107.53132,47.28062],[107.5313,47.28022],[107.53111,47.27621],[107.53108,47.27569],[107.53091,47.27216],[107.5309,47.27185],[107.53059,47.2648],[107.53058,47.26456],[107.53042,47.26119]]}},{"type":"Feature","properties":{},"geometry":{"type":"LineString","coordinates":[[107.53737,47.24454],[107.53703,47.24514],[107.53685,47.24546],[107.53407,47.24951],[107.53367,47.25012],[107.53328,47.25079],[107.53267,47.25194],[107.53218,47.25316],[107.53184,47.25425],[107.53133,47.25647],[107.53115,47.257]]}},{"type":"Feature","properties":{},"geometry":{"type":"LineString","coordinates":[[107.39866,47.43329],[107.39936,47.43251]]}},{"type":"Feature","properties":{},"geometry":{"type":"LineString","coordinates":[[107.38276,47.44374],[107.38306,47.44329],[107.38393,47.44222],[107.38454,47.44168],[107.38491,47.4414],[107.38568,47.44092],[107.38951,47.4389],[107.39607,47.43546],[107.39663,47.43514],[107.39731,47.43464],[107.39803,47.43398],[107.39866,47.43329],[107.39908,47.43292]]}},{"type":"Feature","properties":{},"geometry":{"type":"LineString","coordinates":[[107.39947,47.43249],[107.39889,47.43323],[107.39787,47.43429],[107.39724,47.43484],[107.39672,47.4352],[107.39612,47.43555],[107.39163,47.4379],[107.38618,47.44074],[107.38564,47.44103],[107.385,47.44148],[107.38432,47.44202],[107.38399,47.44234],[107.38287,47.44369],[107.38259,47.44394]]}},{"type":"Feature","properties":{},"geometry":{"type":"LineString","coordinates":[[107.37532,47.50717],[107.37362,47.50811],[107.37194,47.50943],[107.37132,47.51012],[107.37058,47.5112],[107.3698,47.51233],[107.36945,47.51281],[107.36912,47.5132],[107.36861,47.5137],[107.36698,47.5151],[107.36386,47.5178],[107.36306,47.5186],[107.36262,47.51927],[107.3622,47.52021],[107.36207,47.52074],[107.36202,47.52132],[107.36207,47.52181],[107.36225,47.5225],[107.36251,47.52329],[107.36266,47.52354]]}},{"type":"Feature","properties":{},"geometry":{"type":"LineString","coordinates":[[107.36257,47.5233],[107.3624,47.52239],[107.36227,47.52155],[107.36228,47.52106],[107.36231,47.52058],[107.3624,47.52017],[107.36259,47.51964],[107.36281,47.51921],[107.363,47.51891],[107.36363,47.5182],[107.36449,47.51742],[107.36569,47.51642],[107.36686,47.51536],[107.36899,47.51347],[107.36942,47.51304],[107.36997,47.5123],[107.37081,47.51103],[107.37159,47.51],[107.37268,47.50897],[107.3736,47.50831],[107.37419,47.50792],[107.37459,47.50762]]}},{"type":"Feature","properties":{},"geometry":{"type":"LineString","coordinates":[[107.35227,47.52461],[107.35233,47.5247]]}},{"type":"Feature","properties":{},"geometry":{"type":"LineString","coordinates":[[107.35102,47.52305],[107.35227,47.52461]]}},{"type":"Feature","properties":{},"geometry":{"type":"LineString","coordinates":[[107.31906,47.54912],[107.31921,47.54818],[107.31941,47.54704],[107.31971,47.5459],[107.32022,47.54476],[107.3208,47.54362],[107.32129,47.54248],[107.32155,47.54137],[107.3219,47.53936],[107.32226,47.53836],[107.32281,47.53738],[107.32343,47.53639],[107.32402,47.53536],[107.32461,47.5343],[107.32525,47.53324],[107.32582,47.53214],[107.32616,47.53103],[107.32677,47.5301],[107.32773,47.52941],[107.32905,47.52899],[107.33048,47.52869],[107.33175,47.52814],[107.33264,47.52731],[107.33331,47.5264],[107.33409,47.52531],[107.33472,47.52443],[107.33521,47.52375],[107.3355,47.52336],[107.33591,47.52298],[107.33629,47.52273],[107.33662,47.52256],[107.33704,47.52238],[107.33749,47.52224],[107.33806,47.52212],[107.33901,47.52199],[107.34281,47.52144],[107.34579,47.521],[107.34675,47.52092],[107.3473,47.52093],[107.34781,47.52098],[107.34837,47.5211],[107.34887,47.52127],[107.34946,47.52152],[107.35009,47.52195],[107.35102,47.52305]]}},{"type":"Feature","properties":{},"geometry":{"type":"LineString","coordinates":[[107.31903,47.54931],[107.31906,47.54912]]}},{"type":"Feature","properties":{},"geometry":{"type":"LineString","coordinates":[[107.29261,47.55904],[107.29271,47.55881],[107.29334,47.5579],[107.29355,47.55738]]}},{"type":"Feature","properties":{},"geometry":{"type":"LineString","coordinates":[[107.29189,47.56004],[107.29261,47.55904],[107.29314,47.55829]]}},{"type":"Feature","properties":{},"geometry":{"type":"LineString","coordinates":[[107.29222,47.55967],[107.29069,47.56181],[107.2903,47.5624],[107.28999,47.56305],[107.28977,47.56372],[107.28969,47.56448],[107.28974,47.56506],[107.29001,47.56669],[107.29023,47.56802],[107.29026,47.56857],[107.2902,47.56914],[107.29009,47.56958],[107.28984,47.57021],[107.28939,47.57099],[107.28918,47.57135]]}},{"type":"Feature","properties":{},"geometry":{"type":"LineString","coordinates":[[107.289,47.57177],[107.28918,47.57135],[107.28934,47.57095],[107.2898,47.57017],[107.29002,47.56951],[107.29013,47.56904],[107.29019,47.56851],[107.29015,47.56801],[107.28993,47.56669],[107.28966,47.56505],[107.28962,47.56447],[107.28964,47.56405],[107.28974,47.56354],[107.28993,47.56301],[107.29026,47.56235],[107.29065,47.56176],[107.29189,47.56004],[107.29222,47.55967],[107.29278,47.55906]]}},{"type":"Feature","properties":{},"geometry":{"type":"LineString","coordinates":[[107.21628,47.61384],[107.21508,47.6144]]}},{"type":"Feature","properties":{},"geometry":{"type":"LineString","coordinates":[[107.20885,47.69876],[107.20828,47.69967],[107.20769,47.70074],[107.20747,47.70135],[107.20739,47.7019],[107.20739,47.70239],[107.20747,47.70293],[107.20762,47.70348],[107.20791,47.70406],[107.20815,47.70446],[107.20988,47.70712],[107.21083,47.7086],[107.21113,47.70921],[107.21125,47.70986],[107.21133,47.71047],[107.21129,47.71107],[107.21108,47.71185],[107.21082,47.71241],[107.21037,47.71315],[107.20971,47.71394]]}},{"type":"Feature","properties":{},"geometry":{"type":"LineString","coordinates":[[107.20881,47.71497],[107.20858,47.71525],[107.20787,47.7161]]}},{"type":"Feature","properties":{},"geometry":{"type":"LineString","coordinates":[[107.20542,47.71905],[107.20673,47.71742],[107.20751,47.71654]]}},{"type":"Feature","properties":{},"geometry":{"type":"LineString","coordinates":[[107.20816,47.72969],[107.20827,47.73015],[107.20851,47.73283],[107.20848,47.73327]]}},{"type":"Feature","properties":{},"geometry":{"type":"LineString","coordinates":[[107.20851,47.7336],[107.20848,47.73327],[107.20816,47.72969],[107.20814,47.72941],[107.208,47.72896]]}},{"type":"Feature","properties":{},"geometry":{"type":"LineString","coordinates":[[107.20811,47.71572],[107.20787,47.7161],[107.20751,47.71654],[107.20692,47.71744],[107.20637,47.71839],[107.20623,47.71882],[107.20621,47.71913],[107.2062,47.71949],[107.20618,47.72045],[107.20609,47.72522],[107.20625,47.72576],[107.20658,47.7263],[107.20723,47.72693],[107.20754,47.72748],[107.208,47.72896],[107.20811,47.73011],[107.2084,47.73362]]}},{"type":"Feature","properties":{},"geometry":{"type":"LineString","coordinates":[[107.20726,47.72911],[107.20618,47.72578],[107.20601,47.72529],[107.2061,47.71988],[107.2062,47.71949]]}},{"type":"Feature","properties":{},"geometry":{"type":"LineString","coordinates":[[107.16488,47.78965],[107.16335,47.78987]]}},{"type":"Feature","properties":{},"geometry":{"type":"LineString","coordinates":[[107.1644,47.78966],[107.16488,47.78965],[107.16916,47.78899],[107.17008,47.78877],[107.17077,47.78858],[107.17303,47.78789],[107.17637,47.78679],[107.17738,47.78645],[107.17782,47.78623],[107.17822,47.78594],[107.17861,47.78563]]}},{"type":"Feature","properties":{},"geometry":{"type":"LineString","coordinates":[[107.16325,47.78983],[107.16392,47.78973]]}},{"type":"Feature","properties":{},"geometry":{"type":"LineString","coordinates":[[107.16301,47.78986],[107.16325,47.78983]]}},{"type":"Feature","properties":{},"geometry":{"type":"LineString","coordinates":[[107.17035,47.81519],[107.17063,47.81525],[107.17125,47.81538]]}},{"type":"Feature","properties":{},"geometry":{"type":"LineString","coordinates":[[108.32602,47.71041],[108.32688,47.71096],[108.32766,47.71125],[108.32827,47.71133],[108.32951,47.71139],[108.32994,47.71141],[108.33019,47.71141],[108.33042,47.71141]]}},{"type":"Feature","properties":{},"geometry":{"type":"LineString","coordinates":[[108.3045,47.69398],[108.30658,47.69642],[108.31231,47.70313],[108.31367,47.70472],[108.31442,47.70525],[108.31495,47.70548],[108.31591,47.7058],[108.31644,47.70588],[108.31727,47.70597],[108.3198,47.70615],[108.32099,47.70627],[108.32171,47.70644],[108.3222,47.70662],[108.32296,47.70699],[108.32359,47.70746],[108.324,47.70789],[108.32471,47.70877],[108.32602,47.71041],[108.32711,47.71178],[108.32737,47.71221],[108.32817,47.71359],[108.32856,47.71427],[108.32925,47.71518],[108.33098,47.71738],[108.33145,47.71787],[108.33198,47.71822],[108.33241,47.71835]]}},{"type":"Feature","properties":{},"geometry":{"type":"LineString","coordinates":[[108.49642,46.24122],[108.49659,46.24093]]}},{"type":"Feature","properties":{},"geometry":{"type":"LineString","coordinates":[[108.36857,46.34379],[108.36867,46.34368],[108.36938,46.34288],[108.37027,46.34199],[108.37195,46.34036],[108.37813,46.33415],[108.37895,46.33343],[108.37992,46.3328],[108.38108,46.33229],[108.38235,46.33192],[108.38371,46.33165],[108.38509,46.33134],[108.3864,46.33089],[108.38758,46.33025],[108.39725,46.32401],[108.40125,46.32138],[108.40191,46.32089],[108.40255,46.32038],[108.40806,46.31532],[108.40939,46.31446],[108.41093,46.31381],[108.41264,46.31342],[108.41447,46.31324],[108.41634,46.31311],[108.41823,46.31289],[108.42792,46.31099],[108.43203,46.31016],[108.43406,46.30961],[108.43594,46.3088],[108.4376,46.30778],[108.43904,46.30662],[108.44468,46.30203],[108.45021,46.29753],[108.45147,46.29632],[108.45482,46.29239],[108.45827,46.28834],[108.46411,46.28152],[108.46753,46.27752],[108.46964,46.27503],[108.47401,46.26991],[108.47848,46.26468],[108.48186,46.26071],[108.48646,46.25531],[108.48984,46.25134],[108.49093,46.25006],[108.49194,46.2488],[108.49279,46.24751],[108.4943,46.2449],[108.49642,46.24122]]}},{"type":"Feature","properties":{},"geometry":{"type":"LineString","coordinates":[[108.52198,46.21017],[108.52129,46.21062],[108.51871,46.21242],[108.51837,46.21271]]}},{"type":"Feature","properties":{},"geometry":{"type":"LineString","coordinates":[[108.52195,46.21336],[108.52199,46.21089],[108.52212,46.21044],[108.52231,46.21015],[108.5231,46.2094]]}},{"type":"Feature","properties":{},"geometry":{"type":"LineString","coordinates":[[108.52687,46.20617],[108.52717,46.20589]]}},{"type":"Feature","properties":{},"geometry":{"type":"LineString","coordinates":[[108.52568,46.20697],[108.5254,46.20725],[108.52482,46.20767]]}},{"type":"Feature","properties":{},"geometry":{"type":"LineString","coordinates":[[108.54001,46.19716],[108.53405,46.20124],[108.52687,46.20617],[108.52655,46.20639],[108.52631,46.20655],[108.526,46.20675],[108.52566,46.20692]]}},{"type":"Feature","properties":{},"geometry":{"type":"LineString","coordinates":[[108.52707,46.20612],[108.53899,46.19792],[108.5396,46.19749]]}},{"type":"Feature","properties":{},"geometry":{"type":"LineString","coordinates":[[108.5277,46.20553],[108.52817,46.20514],[108.53319,46.20169],[108.53513,46.20036],[108.53659,46.19937],[108.53881,46.19784],[108.54004,46.19698],[108.54061,46.19657],[108.54153,46.19597]]}},{"type":"Feature","properties":{},"geometry":{"type":"LineString","coordinates":[[108.54057,46.19669],[108.54004,46.19698]]}},{"type":"Feature","properties":{},"geometry":{"type":"LineString","coordinates":[[108.54042,46.19686],[108.54698,46.19236]]}},{"type":"Feature","properties":{},"geometry":{"type":"LineString","coordinates":[[108.95147,45.95071],[108.95121,45.95111]]}},{"type":"Feature","properties":{},"geometry":{"type":"LineString","coordinates":[[108.95176,45.95038],[108.95218,45.95]]}},{"type":"Feature","properties":{},"geometry":{"type":"LineString","coordinates":[[108.9535,45.94875],[108.95372,45.94839]]}},{"type":"Feature","properties":{},"geometry":{"type":"LineString","coordinates":[[108.95429,45.94774],[108.95532,45.94649],[108.95712,45.94384]]}},{"type":"Feature","properties":{},"geometry":{"type":"LineString","coordinates":[[108.95275,45.94972],[108.9532,45.94931],[108.95362,45.94881]]}},{"type":"Feature","properties":{},"geometry":{"type":"LineString","coordinates":[[108.95433,45.9479],[108.95464,45.94765],[108.95507,45.9474],[108.95636,45.94675]]}},{"type":"Feature","properties":{},"geometry":{"type":"LineString","coordinates":[[108.95634,45.9461],[108.95582,45.94636],[108.95533,45.94671],[108.955,45.94701]]}},{"type":"Feature","properties":{},"geometry":{"type":"LineString","coordinates":[[108.96233,45.94322],[108.96157,45.94353],[108.95849,45.94497],[108.95741,45.94551],[108.95714,45.94571]]}},{"type":"Feature","properties":{},"geometry":{"type":"LineString","coordinates":[[109.44458,46.26438],[109.44463,46.26415],[109.44468,46.2639],[109.44465,46.26366],[109.44455,46.26312],[109.44438,46.26221]]}},{"type":"Feature","properties":{},"geometry":{"type":"LineString","coordinates":[[109.44399,46.26552],[109.44438,46.26502],[109.44453,46.26483],[109.44492,46.26407]]}},{"type":"Feature","properties":{},"geometry":{"type":"LineString","coordinates":[[109.44347,46.26629],[109.44314,46.26671],[109.44296,46.26704],[109.4425,46.26789],[109.4424,46.26817]]}},{"type":"Feature","properties":{},"geometry":{"type":"LineString","coordinates":[[109.44214,46.26881],[109.4424,46.26817],[109.44347,46.26629],[109.44376,46.2659]]}},{"type":"Feature","properties":{},"geometry":{"type":"LineString","coordinates":[[109.44412,46.2652],[109.44399,46.26552],[109.44376,46.2659],[109.44214,46.26881],[109.44198,46.2691]]}},{"type":"Feature","properties":{},"geometry":{"type":"LineString","coordinates":[[109.44484,46.26395],[109.44503,46.26347],[109.44517,46.26318],[109.44529,46.26302]]}},{"type":"Feature","properties":{},"geometry":{"type":"LineString","coordinates":[[109.44458,46.26438],[109.44484,46.26395],[109.44529,46.26332],[109.44566,46.26298],[109.44712,46.26195]]}},{"type":"Feature","properties":{},"geometry":{"type":"LineString","coordinates":[[109.44241,46.26727],[109.44278,46.26689],[109.44324,46.2664],[109.44382,46.26561],[109.44412,46.2652],[109.44427,46.26499],[109.44458,46.26438]]}},{"type":"Feature","properties":{},"geometry":{"type":"LineString","coordinates":[[109.44267,46.26694],[109.44299,46.26636],[109.44306,46.2661],[109.44309,46.26587]]}},{"type":"Feature","properties":{},"geometry":{"type":"LineString","coordinates":[[109.44438,46.26221],[109.4444,46.26266],[109.44459,46.26367],[109.44459,46.26395],[109.44453,46.26417],[109.44434,46.26461],[109.44399,46.26518],[109.44347,46.2659],[109.44267,46.26694],[109.44241,46.26727],[109.44222,46.26752],[109.44138,46.26892]]}},{"type":"Feature","properties":{},"geometry":{"type":"LineString","coordinates":[[109.44397,46.26005],[109.44394,46.26065],[109.44386,46.261],[109.44105,46.26615]]}},{"type":"Feature","properties":{},"geometry":{"type":"LineString","coordinates":[[109.43746,46.25255],[109.43958,46.25371]]}},{"type":"Feature","properties":{},"geometry":{"type":"LineString","coordinates":[[109.43838,46.25314],[109.43804,46.253],[109.43752,46.25272]]}},{"type":"Feature","properties":{},"geometry":{"type":"LineString","coordinates":[[109.42049,46.2421],[109.42031,46.24183]]}},{"type":"Feature","properties":{},"geometry":{"type":"LineString","coordinates":[[109.42208,46.23763],[109.42285,46.24122],[109.42286,46.24162]]}},{"type":"Feature","properties":{},"geometry":{"type":"LineString","coordinates":[[109.42414,46.24446],[109.42389,46.24392],[109.42366,46.24348],[109.42317,46.24275],[109.42309,46.2425],[109.42286,46.24162],[109.42199,46.23764]]}},{"type":"Feature","properties":{},"geometry":{"type":"LineString","coordinates":[[109.54414,45.65732],[109.54386,45.6583]]}},{"type":"Feature","properties":{},"geometry":{"type":"LineString","coordinates":[[109.55246,45.62953],[109.55219,45.63018],[109.54975,45.6384],[109.54414,45.65732],[109.54405,45.65785]]}},{"type":"Feature","properties":{},"geometry":{"type":"LineString","coordinates":[[109.58676,45.52456],[109.58684,45.52408],[109.58705,45.52341],[109.5893,45.51611],[109.59325,45.50339],[109.5937,45.50215],[109.59396,45.50161],[109.59424,45.50108],[109.59456,45.50054],[109.59524,45.49959],[109.59629,45.49842],[109.59755,45.4972],[109.59889,45.49606]]}},{"type":"Feature","properties":{},"geometry":{"type":"LineString","coordinates":[[109.76241,45.3258],[109.76209,45.32623],[109.76177,45.32657],[109.7594,45.3291],[109.75289,45.33606],[109.75244,45.33646]]}},{"type":"Feature","properties":{},"geometry":{"type":"LineString","coordinates":[[109.75207,45.33685],[109.7524,45.33641],[109.75274,45.33606],[109.75929,45.32905],[109.76169,45.32649],[109.76209,45.32614]]}},{"type":"Feature","properties":{},"geometry":{"type":"LineString","coordinates":[[109.9706,45.146],[109.9699,45.1465],[109.96464,45.15089],[109.9597,45.155],[109.95934,45.1554]]}},{"type":"Feature","properties":{},"geometry":{"type":"LineString","coordinates":[[109.95929,45.1555],[109.95969,45.15525],[109.96058,45.15451]]}},{"type":"Feature","properties":{},"geometry":{"type":"LineString","coordinates":[[109.9587,45.15599],[109.95929,45.1555],[109.96081,45.15424],[109.96473,45.15096],[109.97043,45.14623],[109.97104,45.14569]]}},{"type":"Feature","properties":{},"geometry":{"type":"LineString","coordinates":[[110.07132,45.05071],[110.07214,45.04977]]}},{"type":"Feature","properties":{},"geometry":{"type":"LineString","coordinates":[[110.07167,45.05038],[110.07132,45.05071],[110.071,45.05106],[110.06657,45.05607],[110.06195,45.06129],[110.06175,45.06162]]}},{"type":"Feature","properties":{},"geometry":{"type":"LineString","coordinates":[[110.07495,44.9917],[110.07507,44.9915],[110.07844,44.98593],[110.08263,44.97899],[110.08477,44.97543],[110.08542,44.97424],[110.08573,44.97301],[110.08562,44.97177],[110.08513,44.97061],[110.08432,44.96957],[110.08326,44.96869],[110.08215,44.96787],[110.08113,44.96702],[110.08038,44.96605],[110.07992,44.965],[110.07978,44.96392],[110.07985,44.96283],[110.08018,44.95854],[110.08047,44.9575],[110.08106,44.95653],[110.08188,44.95564],[110.0844,44.953],[110.08527,44.95215],[110.08625,44.95135],[110.08732,44.95061],[110.09268,44.94695],[110.09907,44.94257],[110.10012,44.94183],[110.10108,44.94102],[110.1019,44.94013],[110.10484,44.93648],[110.10923,44.93104],[110.11351,44.92576],[110.11423,44.92492],[110.11508,44.92414],[110.11606,44.92346],[110.11718,44.92288],[110.11838,44.92242],[110.11965,44.92203],[110.12162,44.92149],[110.12525,44.92046],[110.1269,44.92],[110.12883,44.9195],[110.13492,44.91777],[110.13513,44.9177],[110.13771,44.91696],[110.13781,44.91694],[110.15034,44.91342],[110.15423,44.91233],[110.1553,44.91202],[110.15673,44.9116],[110.15731,44.91143]]}},{"type":"Feature","properties":{},"geometry":{"type":"LineString","coordinates":[[110.07482,44.99191],[110.07495,44.9917]]}},{"type":"Feature","properties":{},"geometry":{"type":"LineString","coordinates":[[110.32066,44.85019],[110.32019,44.84971],[110.31946,44.84884],[110.31764,44.84669],[110.31276,44.84086],[110.31222,44.8402],[110.31188,44.83978],[110.31169,44.8394],[110.3115,44.83889],[110.31139,44.83841],[110.31132,44.83799],[110.3113,44.83724]]}},{"type":"Feature","properties":{},"geometry":{"type":"LineString","coordinates":[[110.32003,44.84934],[110.32112,44.85062]]}},{"type":"Feature","properties":{},"geometry":{"type":"LineString","coordinates":[[110.31135,44.83755],[110.31181,44.83904],[110.31203,44.83958],[110.31224,44.83999],[110.31264,44.84057],[110.31776,44.84665],[110.32003,44.84934],[110.32048,44.84998]]}},{"type":"Feature","properties":{},"geometry":{"type":"LineString","coordinates":[[110.55562,44.78767],[110.55638,44.78746]]}},{"type":"Feature","properties":{},"geometry":{"type":"LineString","coordinates":[[110.55404,44.78793],[110.55482,44.78783]]}},{"type":"Feature","properties":{},"geometry":{"type":"LineString","coordinates":[[110.5355,44.79159],[110.53406,44.79187]]}},{"type":"Feature","properties":{},"geometry":{"type":"LineString","coordinates":[[110.57411,44.78668],[110.57339,44.78653],[110.56727,44.7858],[110.56652,44.78575],[110.56555,44.78575],[110.5649,44.78583],[110.56442,44.78589],[110.56284,44.78618],[110.55638,44.78746],[110.55404,44.78793],[110.5533,44.78807],[110.54382,44.78995],[110.5355,44.79159],[110.5349,44.79176]]}},{"type":"Feature","properties":{},"geometry":{"type":"LineString","coordinates":[[110.76085,44.72545],[110.75925,44.72607],[110.75837,44.72638],[110.75796,44.72648],[110.75729,44.72655],[110.75666,44.72654],[110.75594,44.7265],[110.75282,44.72603]]}},{"type":"Feature","properties":{},"geometry":{"type":"LineString","coordinates":[[110.96617,44.59139],[110.96458,44.59204]]}},{"type":"Feature","properties":{},"geometry":{"type":"LineString","coordinates":[[110.96557,44.59169],[110.96617,44.59139],[110.96679,44.59115],[110.97548,44.58756],[110.98022,44.5856],[110.98104,44.58533]]}},{"type":"Feature","properties":{},"geometry":{"type":"LineString","coordinates":[[110.96421,44.5923],[110.96555,44.59176]]}},{"type":"Feature","properties":{},"geometry":{"type":"LineString","coordinates":[[110.98077,44.58544],[110.9797,44.58595],[110.97547,44.58766],[110.96594,44.59161],[110.96555,44.59176],[110.96485,44.59199]]}},{"type":"Feature","properties":{},"geometry":{"type":"LineString","coordinates":[[111.09929,44.44917],[111.09882,44.44757],[111.09874,44.44708]]}},{"type":"Feature","properties":{},"geometry":{"type":"LineString","coordinates":[[111.09933,44.44952],[111.09953,44.45082]]}},{"type":"Feature","properties":{},"geometry":{"type":"LineString","coordinates":[[111.09802,44.44076],[111.09789,44.43992]]}},{"type":"Feature","properties":{},"geometry":{"type":"LineString","coordinates":[[111.09803,44.44018],[111.09802,44.44076],[111.09814,44.44163],[111.09872,44.44529],[111.09929,44.44917],[111.09933,44.44952],[111.09952,44.45017]]}},{"type":"Feature","properties":{},"geometry":{"type":"LineString","coordinates":[[111.09779,44.43838],[111.09787,44.43908],[111.09803,44.44018],[111.09816,44.4411],[111.09882,44.44526],[111.09952,44.45017],[111.0999,44.45282],[111.1,44.4534]]}},{"type":"Feature","properties":{},"geometry":{"type":"LineString","coordinates":[[111.09999,44.45232],[111.0999,44.45183],[111.09892,44.44524],[111.0983,44.44108],[111.09811,44.43971]]}},{"type":"Feature","properties":{},"geometry":{"type":"LineString","coordinates":[[111.09794,44.43906],[111.09811,44.43971],[111.09823,44.44017],[111.09836,44.44109],[111.09969,44.45005],[111.09996,44.45184],[111.09999,44.45232],[111.09999,44.45286]]}},{"type":"Feature","properties":{},"geometry":{"type":"LineString","coordinates":[[106.80786,47.89608],[106.80874,47.89609]]}},{"type":"Feature","properties":{},"geometry":{"type":"LineString","coordinates":[[106.80778,47.89614],[106.80868,47.89616]]}},{"type":"Feature","properties":{},"geometry":{"type":"LineString","coordinates":[[106.80473,47.89652],[106.80738,47.89661],[106.80762,47.89661],[106.80899,47.89655],[106.80969,47.89652]]}},{"type":"Feature","properties":{},"geometry":{"type":"LineString","coordinates":[[106.80739,47.89671],[106.80752,47.89671],[106.80781,47.89669],[106.80899,47.89655]]}},{"type":"Feature","properties":{},"geometry":{"type":"LineString","coordinates":[[106.79168,47.89801],[106.79209,47.89981]]}},{"type":"Feature","properties":{},"geometry":{"type":"LineString","coordinates":[[106.85003,47.90481],[106.85037,47.9059],[106.85043,47.90651]]}},{"type":"Feature","properties":{},"geometry":{"type":"LineString","coordinates":[[106.85738,47.90865],[106.858,47.90867],[106.86136,47.90863],[106.86243,47.90862],[106.87237,47.90849]]}},{"type":"Feature","properties":{},"geometry":{"type":"LineString","coordinates":[[106.87247,47.9086],[106.87217,47.90865],[106.87173,47.90873],[106.87143,47.90876],[106.87115,47.90877],[106.86506,47.90879]]}},{"type":"Feature","properties":{},"geometry":{"type":"LineString","coordinates":[[106.87217,47.90865],[106.87179,47.90869],[106.87143,47.9087],[106.86433,47.90874],[106.86375,47.90875],[106.85953,47.9088],[106.85918,47.90877],[106.85873,47.90874]]}},{"type":"Feature","properties":{},"geometry":{"type":"LineString","coordinates":[[106.86136,47.90863],[106.86251,47.9087]]}},{"type":"Feature","properties":{},"geometry":{"type":"LineString","coordinates":[[106.86243,47.90862],[106.86323,47.90854]]}},{"type":"Feature","properties":{},"geometry":{"type":"LineString","coordinates":[[106.86307,47.90869],[106.86375,47.90875]]}},{"type":"Feature","properties":{},"geometry":{"type":"LineString","coordinates":[[106.86433,47.90874],[106.86506,47.90879],[106.86587,47.90885]]}},{"type":"Feature","properties":{},"geometry":{"type":"LineString","coordinates":[[106.86054,47.90897],[106.86083,47.90897],[106.86469,47.90895],[106.86587,47.90893],[106.86636,47.9089],[106.86676,47.9089],[106.86713,47.90894]]}},{"type":"Feature","properties":{},"geometry":{"type":"LineString","coordinates":[[106.86656,47.90885],[106.86699,47.90885],[106.86718,47.90886],[106.86807,47.90896],[106.86827,47.90897],[106.87055,47.90896],[106.87091,47.90893]]}},{"type":"Feature","properties":{},"geometry":{"type":"LineString","coordinates":[[106.86749,47.90896],[106.86827,47.9091],[106.86856,47.90915],[106.86888,47.90917],[106.86928,47.90918],[106.86972,47.90915],[106.87,47.90912],[106.87039,47.90904],[106.87091,47.90893],[106.8714,47.90886]]}},{"type":"Feature","properties":{},"geometry":{"type":"LineString","coordinates":[[106.86484,47.91007],[106.8659,47.91012],[106.86607,47.91013],[106.86629,47.91011],[106.86661,47.91006],[106.86702,47.90997],[106.86707,47.90996],[106.86842,47.90959],[106.869,47.90946],[106.87177,47.90882],[106.87219,47.90873],[106.8728,47.90863],[106.87332,47.90855]]}},{"type":"Feature","properties":{},"geometry":{"type":"LineString","coordinates":[[106.8632,47.91006],[106.86446,47.91012],[106.86466,47.91013],[106.86535,47.91021],[106.8657,47.91023],[106.86602,47.91023],[106.86625,47.91023],[106.8664,47.91022]]}},{"type":"Feature","properties":{},"geometry":{"type":"LineString","coordinates":[[106.87643,47.90518],[106.8757,47.90517],[106.87548,47.90517],[106.87518,47.9052],[106.87495,47.90523],[106.87466,47.9053],[106.87366,47.9056],[106.87346,47.90565],[106.87321,47.90572],[106.87289,47.90579]]}},{"type":"Feature","properties":{},"geometry":{"type":"LineString","coordinates":[[106.89678,47.90809],[106.89557,47.90807],[106.89533,47.90807],[106.89473,47.90808]]}},{"type":"Feature","properties":{},"geometry":{"type":"LineString","coordinates":[[106.89924,47.908],[106.89986,47.90801],[106.90056,47.90801],[106.90294,47.90798]]}},{"type":"Feature","properties":{},"geometry":{"type":"LineString","coordinates":[[106.89981,47.90776],[106.90067,47.90768],[106.90095,47.90766],[106.90176,47.90759],[106.90225,47.90755],[106.90314,47.90754]]}},{"type":"Feature","properties":{},"geometry":{"type":"LineString","coordinates":[[106.90176,47.90759],[106.9022,47.90752],[106.9027,47.90743],[106.90328,47.9074],[106.9054,47.90738]]}},{"type":"Feature","properties":{},"geometry":{"type":"LineString","coordinates":[[106.9022,47.90752],[106.90269,47.90748],[106.9054,47.90745]]}},{"type":"Feature","properties":{},"geometry":{"type":"LineString","coordinates":[[106.90914,47.90733],[106.9083,47.90725],[106.90777,47.90717],[106.90731,47.90714],[106.90353,47.90719]]}},{"type":"Feature","properties":{},"geometry":{"type":"LineString","coordinates":[[106.90731,47.90714],[106.90682,47.90711],[106.90633,47.90709],[106.904,47.90711],[106.90353,47.90719],[106.90296,47.90727],[106.90233,47.90739],[106.90202,47.90745],[106.9015,47.90758],[106.90095,47.90766]]}},{"type":"Feature","properties":{},"geometry":{"type":"LineString","coordinates":[[106.90067,47.90768],[106.90255,47.90767],[106.90288,47.9077],[106.90326,47.90776]]}},{"type":"Feature","properties":{},"geometry":{"type":"LineString","coordinates":[[106.90202,47.90745],[106.90259,47.90731]]}},{"type":"Feature","properties":{},"geometry":{"type":"LineString","coordinates":[[106.86377,47.88998],[106.86788,47.893],[106.87036,47.89482],[106.87086,47.89522],[106.87109,47.89551],[106.87124,47.89576]]}},{"type":"Feature","properties":{},"geometry":{"type":"LineString","coordinates":[[106.86499,47.89107],[106.8655,47.89152],[106.86571,47.89173],[106.86601,47.89212],[106.86625,47.89234]]}},{"type":"Feature","properties":{},"geometry":{"type":"LineString","coordinates":[[106.8655,47.89152],[106.86773,47.89315]]}},{"type":"Feature","properties":{},"geometry":{"type":"LineString","coordinates":[[106.87086,47.89522],[106.87053,47.89484],[106.87038,47.89469],[106.86912,47.89376],[106.86849,47.89329],[106.86835,47.89318],[106.86808,47.89299],[106.86595,47.8914]]}},{"type":"Feature","properties":{},"geometry":{"type":"LineString","coordinates":[[106.86601,47.89134],[106.86774,47.89267],[106.86808,47.89299]]}},{"type":"Feature","properties":{},"geometry":{"type":"LineString","coordinates":[[106.86788,47.893],[106.86849,47.89329]]}},{"type":"Feature","properties":{},"geometry":{"type":"LineString","coordinates":[[106.86583,47.89095],[106.86765,47.8923],[106.86926,47.89349],[106.86967,47.89374],[106.87013,47.89407],[106.87042,47.8943],[106.87057,47.89451],[106.87082,47.89496],[106.87093,47.8952],[106.87109,47.89551]]}},{"type":"Feature","properties":{},"geometry":{"type":"LineString","coordinates":[[106.87093,47.8952],[106.87071,47.8949],[106.87036,47.89459],[106.8695,47.89398],[106.86912,47.89376]]}},{"type":"Feature","properties":{},"geometry":{"type":"LineString","coordinates":[[106.86765,47.8923],[106.86787,47.89257],[106.86811,47.89294],[106.86835,47.89318]]}},{"type":"Feature","properties":{},"geometry":{"type":"LineString","coordinates":[[106.86822,47.90779],[106.86939,47.908],[106.8698,47.90803]]}},{"type":"Feature","properties":{},"geometry":{"type":"LineString","coordinates":[[101.29596,42.62567],[101.29686,42.62405],[101.29716,42.62352],[101.29836,42.62137],[101.29844,42.62123],[101.29897,42.62028],[101.3054,42.60879],[101.30564,42.60837],[101.30573,42.60821],[101.30596,42.60779],[101.30897,42.60242],[101.30922,42.60198],[101.30956,42.60137],[101.30985,42.60078],[101.31009,42.60026],[101.31022,42.59995],[101.31042,42.59941],[101.31062,42.59877],[101.31071,42.5985],[101.3108,42.59814],[101.31088,42.59778],[101.31097,42.59738],[101.31105,42.59693],[101.3111,42.59658],[101.31114,42.59618],[101.31118,42.59576],[101.3112,42.5954],[101.31121,42.59503],[101.3112,42.59456],[101.31118,42.59396],[101.31108,42.5927],[101.31034,42.58365],[101.31003,42.57992],[101.30998,42.57936]]}},{"type":"Feature","properties":{},"geometry":{"type":"LineString","coordinates":[[101.28897,42.63816],[101.28917,42.63769],[101.28926,42.63751],[101.29394,42.62914],[101.29531,42.6267],[101.2955,42.62637],[101.29559,42.62621]]}},{"type":"Feature","properties":{},"geometry":{"type":"LineString","coordinates":[[101.28797,42.63784],[101.28822,42.63749],[101.28837,42.63725],[101.29305,42.62888],[101.29317,42.62867],[101.29326,42.62853],[101.29335,42.62839],[101.29345,42.62828],[101.29355,42.62816],[101.29364,42.62808],[101.29377,42.62796],[101.29389,42.62786],[101.29401,42.62776],[101.2942,42.62761],[101.29445,42.62743]]}},{"type":"Feature","properties":{},"geometry":{"type":"LineString","coordinates":[[101.28773,42.63827],[101.28797,42.63784],[101.28826,42.63733],[101.293,42.62886],[101.29311,42.62865],[101.29321,42.6285],[101.29329,42.62838],[101.29343,42.62821],[101.29353,42.62811],[101.29368,42.62797],[101.29381,42.62786],[101.29396,42.62775],[101.29415,42.62762],[101.29445,42.62743],[101.29462,42.62732],[101.29478,42.6272],[101.29491,42.62709],[101.29505,42.62695],[101.29515,42.62685],[101.29524,42.62673],[101.29534,42.62659],[101.2955,42.62637]]}},{"type":"Feature","properties":{},"geometry":{"type":"LineString","coordinates":[[101.29505,42.62728],[101.294,42.62916],[101.28932,42.63753],[101.28897,42.63816],[101.28872,42.63859]]}},{"type":"Feature","properties":{},"geometry":{"type":"LineString","coordinates":[[101.29581,42.62769],[101.29629,42.62683],[101.29636,42.62671],[101.2964,42.62663],[101.29644,42.62654],[101.29648,42.62642],[101.29652,42.6263],[101.29654,42.6262],[101.29655,42.62612],[101.29657,42.626],[101.29658,42.62587],[101.29659,42.62571],[101.29657,42.62538],[101.29657,42.62521],[101.29657,42.62509],[101.29659,42.62487],[101.29661,42.62474],[101.29664,42.6246],[101.29669,42.62446],[101.29675,42.6243],[101.29686,42.62405]]}},{"type":"Feature","properties":{},"geometry":{"type":"LineString","coordinates":[[101.29589,42.62771],[101.29603,42.62746],[101.2961,42.62729],[101.29617,42.6271],[101.29629,42.62683]]}},{"type":"Feature","properties":{},"geometry":{"type":"LineString","coordinates":[[101.3064,42.60675],[101.30651,42.60648],[101.30662,42.6062],[101.30669,42.60603],[101.30673,42.60583],[101.30676,42.60564],[101.30678,42.60545],[101.30678,42.60523],[101.30677,42.60501],[101.30674,42.60482],[101.30669,42.6046],[101.30663,42.6044],[101.30658,42.60426],[101.3065,42.60408],[101.30641,42.60391],[101.30629,42.60373],[101.30621,42.60361],[101.30611,42.60347],[101.30598,42.60332],[101.30582,42.60315],[101.30569,42.60302],[101.30551,42.60288],[101.30535,42.60275],[101.30517,42.60262],[101.30497,42.6025],[101.3048,42.6024],[101.30461,42.6023],[101.30442,42.60221],[101.30423,42.60213],[101.30395,42.60203],[101.3037,42.60195],[101.30331,42.60185],[101.30176,42.6015],[101.29758,42.60055],[101.29729,42.60048],[101.29705,42.60042],[101.29682,42.60035],[101.29652,42.60025],[101.29626,42.60016],[101.29603,42.60007],[101.29577,42.59995],[101.29554,42.59984],[101.2952,42.59966],[101.2949,42.59949],[101.29472,42.59937],[101.29458,42.59927],[101.29442,42.59916],[101.29429,42.59906],[101.29412,42.59892],[101.29397,42.59879],[101.29384,42.59866],[101.29371,42.59854],[101.29357,42.59838],[101.29342,42.59821],[101.2933,42.59807],[101.29319,42.59791],[101.29263,42.59717],[101.29147,42.59559]]}},{"type":"Feature","properties":{},"geometry":{"type":"LineString","coordinates":[[101.30417,42.61016],[101.30463,42.60932],[101.3047,42.6092],[101.30479,42.60907],[101.30491,42.60892],[101.30501,42.60881],[101.30514,42.60869],[101.30526,42.60857],[101.30538,42.60846],[101.30549,42.60834],[101.30559,42.60823],[101.30571,42.60806],[101.30588,42.60782]]}},{"type":"Feature","properties":{},"geometry":{"type":"LineString","coordinates":[[101.3064,42.60675],[101.30834,42.60317]]}},{"type":"Feature","properties":{},"geometry":{"type":"LineString","coordinates":[[115.55782,49.60823],[115.55757,49.60796],[115.55737,49.60775],[115.5572,49.60759],[115.55687,49.60729],[115.55037,49.60144],[115.55015,49.60125],[115.54993,49.60108],[115.54974,49.60095],[115.54955,49.60081]]}},{"type":"Feature","properties":{},"geometry":{"type":"LineString","coordinates":[[115.74523,49.88728],[115.74404,49.88658],[115.74279,49.88584],[115.74027,49.88436],[115.73973,49.88402],[115.73911,49.8836],[115.73871,49.88327],[115.73828,49.8829],[115.73795,49.88257],[115.73778,49.88239],[115.73762,49.88218],[115.73731,49.88173],[115.73708,49.88133],[115.73685,49.88091],[115.73671,49.88053],[115.7366,49.88014],[115.73644,49.87935],[115.73638,49.87902],[115.73631,49.87861],[115.73623,49.87818],[115.73616,49.87773],[115.73591,49.87644],[115.73568,49.87514],[115.73547,49.87391],[115.73543,49.87368],[115.73536,49.87327],[115.73512,49.87193],[115.7347,49.86959],[115.73461,49.86915],[115.73434,49.8676],[115.7343,49.86739],[115.73429,49.86715],[115.73427,49.86663],[115.73426,49.86635],[115.73429,49.8661],[115.73454,49.86418],[115.73474,49.86281],[115.7349,49.86163],[115.7352,49.85945],[115.73542,49.85786],[115.73564,49.85629],[115.73598,49.85389],[115.73635,49.8512],[115.7367,49.84872],[115.73709,49.84594],[115.73722,49.84493],[115.73742,49.84354],[115.73746,49.84303],[115.73746,49.84253],[115.73738,49.84154],[115.73726,49.84112],[115.73712,49.84063],[115.7367,49.83972],[115.73615,49.8388],[115.7354,49.83757],[115.73444,49.83601],[115.73357,49.83456],[115.73102,49.83028],[115.73002,49.82869],[115.72929,49.82771],[115.72857,49.82677],[115.72788,49.82586],[115.72704,49.82475],[115.72636,49.82385],[115.72543,49.82263],[115.72483,49.82182],[115.72396,49.82071],[115.72324,49.81975],[115.72259,49.8189],[115.72192,49.81802],[115.7212,49.81707],[115.71998,49.81547],[115.7188,49.81391],[115.71799,49.81282],[115.7165,49.81085],[115.71571,49.80983],[115.71457,49.80834],[115.71305,49.80626],[115.71273,49.80582]]}},{"type":"Feature","properties":{},"geometry":{"type":"LineString","coordinates":[[115.71273,49.80582],[115.71237,49.80534]]}},{"type":"Feature","properties":{},"geometry":{"type":"LineString","coordinates":[[115.70728,49.79853],[115.70894,49.8007],[115.70938,49.80131],[115.70945,49.80142],[115.70958,49.80164],[115.70965,49.80177]]}},{"type":"Feature","properties":{},"geometry":{"type":"LineString","coordinates":[[115.70938,49.80131],[115.70961,49.80159],[115.70973,49.80171],[115.70988,49.80181],[115.71017,49.80201],[115.71051,49.80216],[115.71086,49.80227],[115.71129,49.80238],[115.71181,49.80245],[115.71241,49.80253],[115.71353,49.80267],[115.71383,49.80271]]}},{"type":"Feature","properties":{},"geometry":{"type":"LineString","coordinates":[[115.46735,49.30202],[115.46743,49.30177],[115.46747,49.3017],[115.4675,49.30164],[115.46764,49.30136],[115.46787,49.30096],[115.4683,49.30021],[115.4685,49.2998],[115.46868,49.29942],[115.46878,49.29911],[115.46893,49.29868],[115.46899,49.29844],[115.46903,49.29824],[115.46907,49.29799],[115.46911,49.29768],[115.46914,49.29709],[115.46915,49.29689],[115.46913,49.29659],[115.46908,49.29617],[115.46904,49.29598],[115.46895,49.29556],[115.46886,49.2952],[115.46881,49.29506],[115.46876,49.29491],[115.4686,49.29456],[115.46845,49.29422],[115.46835,49.29406],[115.4682,49.2938],[115.46776,49.29317],[115.46756,49.2929],[115.46729,49.29251],[115.46711,49.29229],[115.46671,49.29178],[115.46619,49.29109],[115.46605,49.29092],[115.46587,49.29059]]}},{"type":"Feature","properties":{},"geometry":{"type":"LineString","coordinates":[[115.46665,49.303],[115.4668,49.30281],[115.46701,49.3025],[115.46724,49.30211],[115.4675,49.30164]]}},{"type":"Feature","properties":{},"geometry":{"type":"LineString","coordinates":[[115.46784,49.30115],[115.46811,49.30081],[115.46826,49.30055],[115.46839,49.30033],[115.46859,49.29996],[115.46873,49.29963],[115.46885,49.29935],[115.46899,49.29898],[115.46908,49.29873],[115.46914,49.29838],[115.46918,49.29819],[115.46924,49.29784],[115.46928,49.2974],[115.46929,49.29694],[115.46924,49.29653],[115.46922,49.29613],[115.46915,49.29574],[115.46899,49.29518],[115.46882,49.29472],[115.46859,49.29422],[115.46844,49.29395],[115.46826,49.29367],[115.46794,49.29318],[115.46745,49.29254],[115.46734,49.29241],[115.46729,49.29235],[115.46704,49.29209]]}},{"type":"Feature","properties":{},"geometry":{"type":"LineString","coordinates":[[115.46834,49.29349],[115.4682,49.2933],[115.468,49.29308],[115.46774,49.29279],[115.46734,49.29241]]}},{"type":"Feature","properties":{},"geometry":{"type":"LineString","coordinates":[[115.20674,48.82345],[115.20638,48.82307],[115.20582,48.82243],[115.20462,48.82101],[115.20343,48.81957],[115.20283,48.81882],[115.20201,48.81786],[115.20158,48.81736],[115.20128,48.81698],[115.20111,48.81673]]}},{"type":"Feature","properties":{},"geometry":{"type":"LineString","coordinates":[[115.20096,48.81654],[115.20123,48.81677],[115.20177,48.81743],[115.20276,48.81861],[115.20336,48.81935],[115.20446,48.82063],[115.20597,48.82242],[115.20636,48.82289],[115.2065,48.82315]]}},{"type":"Feature","properties":{},"geometry":{"type":"LineString","coordinates":[[114.89958,48.43903],[114.89926,48.43879],[114.89917,48.43872],[114.89892,48.43853],[114.89845,48.43813],[114.89727,48.43706],[114.89598,48.43589],[114.89486,48.43487],[114.89295,48.43314],[114.89272,48.43292],[114.89251,48.43267]]}},{"type":"Feature","properties":{},"geometry":{"type":"LineString","coordinates":[[114.89205,48.43225],[114.89247,48.43256],[114.89335,48.43334],[114.89459,48.43446],[114.89621,48.43593],[114.89824,48.43778],[114.89873,48.43822],[114.89897,48.43848]]}},{"type":"Feature","properties":{},"geometry":{"type":"LineString","coordinates":[[114.89926,48.43879],[114.89888,48.43857],[114.8984,48.43836]]}},{"type":"Feature","properties":{},"geometry":{"type":"LineString","coordinates":[[114.57079,48.11848],[114.57061,48.11824],[114.57049,48.11806],[114.56971,48.11639]]}},{"type":"Feature","properties":{},"geometry":{"type":"LineString","coordinates":[[114.57295,48.12061],[114.57307,48.12075],[114.5731,48.12079],[114.57313,48.12081],[114.57319,48.12087],[114.57328,48.12095],[114.57368,48.12129]]}},{"type":"Feature","properties":{},"geometry":{"type":"LineString","coordinates":[[114.5724,48.12011],[114.57213,48.11994],[114.57166,48.11951],[114.57105,48.11897],[114.57078,48.11872],[114.56876,48.11693],[114.56821,48.11642],[114.56498,48.11358]]}},{"type":"Feature","properties":{},"geometry":{"type":"LineString","coordinates":[[114.57213,48.11994],[114.57243,48.1202],[114.57278,48.1205],[114.5731,48.12079]]}},{"type":"Feature","properties":{},"geometry":{"type":"LineString","coordinates":[[114.57105,48.11897],[114.57074,48.11874],[114.57027,48.11836],[114.56934,48.11753],[114.56828,48.11659],[114.56711,48.11556],[114.56572,48.11433],[114.56494,48.11363],[114.56368,48.11252],[114.5633,48.11218],[114.56321,48.11209],[114.56257,48.11151],[114.56188,48.11091],[114.56146,48.11053]]}},{"type":"Feature","properties":{},"geometry":{"type":"LineString","coordinates":[[114.5635,48.11208],[114.56323,48.11187],[114.56295,48.11169]]}},{"type":"Feature","properties":{},"geometry":{"type":"LineString","coordinates":[[114.56498,48.11358],[114.5629,48.11175],[114.56217,48.11111],[114.56209,48.11104],[114.56144,48.11044]]}},{"type":"Feature","properties":{},"geometry":{"type":"LineString","coordinates":[[114.56146,48.11053],[114.56074,48.10989],[114.56051,48.10973],[114.56027,48.10958],[114.55974,48.10932],[114.55902,48.10903],[114.55822,48.10871],[114.55492,48.10748]]}},{"type":"Feature","properties":{},"geometry":{"type":"LineString","coordinates":[[114.5633,48.11218],[114.56304,48.1119],[114.5629,48.11175]]}},{"type":"Feature","properties":{},"geometry":{"type":"LineString","coordinates":[[114.56276,48.11151],[114.56254,48.11134],[114.56233,48.11121],[114.56209,48.11104]]}},{"type":"Feature","properties":{},"geometry":{"type":"LineString","coordinates":[[114.54986,48.10374],[114.55365,48.10531],[114.55799,48.10712],[114.5587,48.10756],[114.55947,48.10838],[114.55975,48.10869],[114.5601,48.10907],[114.56046,48.10947]]}},{"type":"Feature","properties":{},"geometry":{"type":"LineString","coordinates":[[114.55953,48.10837],[114.56012,48.109]]}},{"type":"Feature","properties":{},"geometry":{"type":"LineString","coordinates":[[114.56046,48.10947],[114.56031,48.10934],[114.56002,48.10907],[114.55952,48.10865],[114.55926,48.10844],[114.55896,48.10824],[114.5585,48.10797],[114.55802,48.10772],[114.55746,48.10746],[114.55557,48.10666],[114.5492,48.10401],[114.54572,48.10256],[114.54444,48.10205],[114.54388,48.10189],[114.54283,48.10173],[114.54221,48.10166],[114.54104,48.10173],[114.54048,48.10184],[114.5393,48.10216],[114.53835,48.1025],[114.53336,48.10433],[114.5318,48.10489],[114.53177,48.1049]]}},{"type":"Feature","properties":{},"geometry":{"type":"LineString","coordinates":[[114.53177,48.1049],[114.53162,48.10496]]}},{"type":"Feature","properties":{},"geometry":{"type":"LineString","coordinates":[[111.946,43.69106],[111.9451,43.69173],[111.94423,43.69233],[111.94263,43.6934],[111.94196,43.69388],[111.94029,43.69509],[111.93931,43.69583],[111.93785,43.69692],[111.93692,43.69763],[111.93554,43.69863],[111.93455,43.69938],[111.93287,43.70063],[111.93244,43.70096],[111.93111,43.70192],[111.92989,43.70283],[111.92952,43.70311],[111.92915,43.7034],[111.92797,43.70445],[111.92704,43.70524],[111.92667,43.70553],[111.92508,43.70672],[111.92354,43.70781],[111.9214,43.70944],[111.92022,43.71033],[111.91978,43.7107],[111.9194,43.71103],[111.91889,43.71159],[111.91853,43.71202],[111.91792,43.71293],[111.91765,43.71348],[111.9174,43.7141],[111.91722,43.71473],[111.91708,43.71522],[111.91673,43.71655],[111.91654,43.71717],[111.9163,43.71809],[111.91599,43.71927],[111.91583,43.71975],[111.91567,43.72011],[111.9155,43.72042],[111.91524,43.72079],[111.91491,43.72122],[111.91452,43.72158],[111.9137,43.72219],[111.91326,43.72245]]}},{"type":"Feature","properties":{},"geometry":{"type":"LineString","coordinates":[[111.91355,43.7217],[111.91365,43.72136],[111.91424,43.71939],[111.91475,43.71768]]}},{"type":"Feature","properties":{},"geometry":{"type":"LineString","coordinates":[[111.91642,43.71272],[111.91691,43.71225]]}},{"type":"Feature","properties":{},"geometry":{"type":"LineString","coordinates":[[111.90209,43.72324],[111.90302,43.72255],[111.90442,43.72151]]}},{"type":"Feature","properties":{},"geometry":{"type":"LineString","coordinates":[[111.90245,43.72269],[111.90264,43.72252],[111.90302,43.72214],[111.90319,43.72198]]}},{"type":"Feature","properties":{},"geometry":{"type":"LineString","coordinates":[[111.90241,43.7228],[111.90301,43.72245]]}},{"type":"Feature","properties":{},"geometry":{"type":"LineString","coordinates":[[111.90289,43.72278],[111.90257,43.72302],[111.90221,43.72328],[111.90059,43.72449],[111.89891,43.72572]]}},{"type":"Feature","properties":{},"geometry":{"type":"LineString","coordinates":[[111.89862,43.72588],[111.89891,43.72572],[111.89957,43.72532],[111.89996,43.72507],[111.90003,43.72504],[111.90049,43.72477],[111.90079,43.72459],[111.90116,43.72434],[111.90399,43.72223]]}},{"type":"Feature","properties":{},"geometry":{"type":"LineString","coordinates":[[111.89277,43.73025],[111.89419,43.72921],[111.89645,43.72756],[111.89781,43.72655],[111.89832,43.72624],[111.8994,43.7256],[111.90007,43.72519],[111.9011,43.72458],[111.9024,43.72383],[111.90292,43.72352],[111.90398,43.7229],[111.90464,43.7225],[111.90509,43.72227],[111.90545,43.72212],[111.90577,43.72199],[111.90628,43.72176],[111.90652,43.72163]]}},{"type":"Feature","properties":{},"geometry":{"type":"LineString","coordinates":[[111.91356,43.71496],[111.91327,43.71534],[111.91304,43.7156],[111.91286,43.71581],[111.91278,43.7159],[111.91242,43.71632],[111.91227,43.71646],[111.91174,43.71687],[111.91039,43.71789],[111.9088,43.71906],[111.90689,43.72046],[111.90538,43.72159],[111.904,43.72261],[111.90272,43.72355]]}},{"type":"Feature","properties":{},"geometry":{"type":"LineString","coordinates":[[111.89781,43.72655],[111.89831,43.72617],[111.89879,43.72588],[111.89997,43.72517],[111.90062,43.72479],[111.90089,43.72463],[111.90173,43.72414],[111.90237,43.72376],[111.90272,43.72355],[111.90374,43.72295],[111.90405,43.72273],[111.90587,43.7214],[111.90742,43.72023],[111.90896,43.7191],[111.91055,43.71793],[111.91193,43.71689],[111.91226,43.71664],[111.91242,43.71647]]}},{"type":"Feature","properties":{},"geometry":{"type":"LineString","coordinates":[[111.91278,43.7159],[111.9125,43.7164],[111.91242,43.71647]]}},{"type":"Feature","properties":{},"geometry":{"type":"LineString","coordinates":[[111.90545,43.72212],[111.90616,43.72177],[111.90658,43.72151],[111.90793,43.72054],[111.90983,43.71916],[111.91063,43.71846],[111.91141,43.71775],[111.91195,43.71724]]}},{"type":"Feature","properties":{},"geometry":{"type":"LineString","coordinates":[[111.90787,43.72069],[111.90964,43.71939],[111.91042,43.7188],[111.91084,43.71847],[111.91141,43.71792],[111.91179,43.71747],[111.91195,43.71724],[111.91229,43.71686],[111.91258,43.71647]]}},{"type":"Feature","properties":{},"geometry":{"type":"LineString","coordinates":[[111.90049,43.72477],[111.90432,43.72192]]}},{"type":"Feature","properties":{},"geometry":{"type":"LineString","coordinates":[[111.90003,43.72504],[111.90322,43.72267],[111.9056,43.72091],[111.90671,43.7201]]}},{"type":"Feature","properties":{},"geometry":{"type":"LineString","coordinates":[[111.89957,43.72532],[111.9036,43.72231]]}},{"type":"Feature","properties":{},"geometry":{"type":"LineString","coordinates":[[111.90062,43.72479],[111.90492,43.72161],[111.90593,43.72086]]}},{"type":"Feature","properties":{},"geometry":{"type":"LineString","coordinates":[[111.90302,43.72255],[111.90364,43.72198]]}},{"type":"Feature","properties":{},"geometry":{"type":"LineString","coordinates":[[111.90395,43.72175],[111.90466,43.72133]]}},{"type":"Feature","properties":{},"geometry":{"type":"LineString","coordinates":[[111.89887,43.7257],[111.89931,43.72528]]}},{"type":"Feature","properties":{},"geometry":{"type":"LineString","coordinates":[[111.89746,43.72666],[111.8981,43.72627]]}},{"type":"Feature","properties":{},"geometry":{"type":"LineString","coordinates":[[111.85837,43.74779],[111.86285,43.74839],[111.86367,43.74848],[111.86421,43.7485],[111.86457,43.74849],[111.86503,43.74844],[111.86546,43.74836],[111.86644,43.74806],[111.86688,43.7479],[111.86692,43.74788],[111.86747,43.74764]]}},{"type":"Feature","properties":{},"geometry":{"type":"LineString","coordinates":[[111.85837,43.74784],[111.86294,43.74845],[111.86388,43.74854],[111.86436,43.74856],[111.8648,43.74852],[111.86526,43.74845],[111.86566,43.74835],[111.86604,43.74823],[111.86644,43.74806]]}},{"type":"Feature","properties":{},"geometry":{"type":"LineString","coordinates":[[111.87364,43.74435],[111.87318,43.74475]]}},{"type":"Feature","properties":{},"geometry":{"type":"LineString","coordinates":[[111.87414,43.74397],[111.87497,43.74343],[111.87558,43.74296],[111.8756,43.74294],[111.87699,43.74195],[111.87749,43.74161],[111.87817,43.74113]]}},{"type":"Feature","properties":{},"geometry":{"type":"LineString","coordinates":[[111.87558,43.74296],[111.87663,43.74234],[111.87684,43.74221],[111.87739,43.74186],[111.87794,43.74152],[111.87858,43.74113],[111.87903,43.74084],[111.88068,43.73964],[111.88391,43.73723],[111.88646,43.73537],[111.88778,43.73438],[111.88922,43.73333],[111.89053,43.73214]]}},{"type":"Feature","properties":{},"geometry":{"type":"LineString","coordinates":[[111.85836,43.74789],[111.86312,43.74852],[111.86353,43.74856],[111.86389,43.7486],[111.86425,43.74861],[111.86458,43.74859],[111.86483,43.74856],[111.86513,43.74853],[111.86544,43.74847],[111.86579,43.74838],[111.86617,43.74823],[111.86657,43.74806],[111.86688,43.7479]]}},{"type":"Feature","properties":{},"geometry":{"type":"LineString","coordinates":[[111.86607,43.75281],[111.87032,43.74958],[111.87131,43.74883],[111.87169,43.7486],[111.87206,43.74844],[111.87245,43.74831],[111.87283,43.74824],[111.8732,43.74819],[111.87351,43.74818],[111.87397,43.74821],[111.87441,43.74828],[111.87484,43.7484],[111.8771,43.74924]]}},{"type":"Feature","properties":{},"geometry":{"type":"LineString","coordinates":[[111.88436,43.74861],[111.88902,43.74525],[111.8913,43.74356],[111.89209,43.74298],[111.89253,43.74258]]}},{"type":"Feature","properties":{},"geometry":{"type":"LineString","coordinates":[[111.89761,43.73386],[111.89793,43.73358],[111.89815,43.73333],[111.89829,43.73305],[111.89836,43.73281],[111.89838,43.73251],[111.89834,43.73229],[111.89824,43.732],[111.89808,43.73154],[111.89784,43.73084],[111.89736,43.72946]]}},{"type":"Feature","properties":{},"geometry":{"type":"LineString","coordinates":[[111.89824,43.732],[111.89812,43.73145],[111.89745,43.72944]]}},{"type":"Feature","properties":{},"geometry":{"type":"LineString","coordinates":[[111.89808,43.73154],[111.89786,43.73108],[111.89772,43.7308],[111.89703,43.72898]]}},{"type":"Feature","properties":{},"geometry":{"type":"LineString","coordinates":[[111.89699,43.72979],[111.89712,43.73044],[111.89718,43.73074],[111.89727,43.73109],[111.89736,43.73137],[111.89767,43.73218]]}},{"type":"Feature","properties":{},"geometry":{"type":"LineString","coordinates":[[111.89712,43.73044],[111.89776,43.73215]]}},{"type":"Feature","properties":{},"geometry":{"type":"LineString","coordinates":[[107.02904,47.90124],[107.02852,47.90145],[107.02841,47.90149],[107.02831,47.90153],[107.02725,47.90197],[107.02679,47.90216],[107.02635,47.90233],[107.02601,47.90245],[107.02562,47.90257],[107.02498,47.90272],[107.02434,47.90283],[107.02383,47.90292],[107.02343,47.90296],[107.02321,47.90298],[107.02294,47.90301],[107.02234,47.90303],[107.02163,47.90304],[107.02088,47.90306],[107.02058,47.90308],[107.01937,47.90308],[107.0188,47.90309],[107.01827,47.90311],[107.01575,47.90314],[107.01436,47.90315]]}},{"type":"Feature","properties":{},"geometry":{"type":"LineString","coordinates":[[106.78575,47.90911],[106.78471,47.90899],[106.77863,47.90841]]}},{"type":"Feature","properties":{},"geometry":{"type":"LineString","coordinates":[[106.7896,47.90931],[106.7884,47.90926],[106.78776,47.90923],[106.78737,47.90921],[106.78694,47.90918],[106.78639,47.90913]]}},{"type":"Feature","properties":{},"geometry":{"type":"LineString","coordinates":[[101.29559,42.62621],[101.29652,42.62454],[101.29711,42.6235],[101.29786,42.62214],[101.29882,42.62043]]}},{"type":"Feature","properties":{},"geometry":{"type":"LineString","coordinates":[[101.29505,42.62728],[101.29596,42.62567]]}},{"type":"Feature","properties":{},"geometry":{"type":"LineString","coordinates":[[101.29559,42.62621],[101.29596,42.62567]]}},{"type":"Feature","properties":{},"geometry":{"type":"LineString","coordinates":[[101.29531,42.6267],[101.29505,42.62728]]}},{"type":"Feature","properties":{},"geometry":{"type":"LineString","coordinates":[[101.29882,42.62043],[101.29924,42.61968],[101.30482,42.6097],[101.30491,42.60955]]}},{"type":"Feature","properties":{},"geometry":{"type":"LineString","coordinates":[[101.30596,42.60779],[101.30615,42.6075],[101.30648,42.60703],[101.30677,42.60661]]}},{"type":"Feature","properties":{},"geometry":{"type":"LineString","coordinates":[[101.30527,42.60916],[101.30561,42.60856],[101.30594,42.60795],[101.30617,42.60756],[101.30627,42.60737],[101.30648,42.60703]]}},{"type":"Feature","properties":{},"geometry":{"type":"LineString","coordinates":[[101.30491,42.60955],[101.30588,42.60782],[101.30609,42.60742],[101.30625,42.60703],[101.3064,42.60675]]}},{"type":"Feature","properties":{},"geometry":{"type":"LineString","coordinates":[[101.3054,42.60879],[101.30491,42.60955]]}},{"type":"Feature","properties":{},"geometry":{"type":"LineString","coordinates":[[101.29933,42.61974],[101.29951,42.61946],[101.29966,42.61918],[101.29983,42.61889],[101.3049,42.60982],[101.30507,42.60953],[101.30517,42.60934],[101.30527,42.60916],[101.30564,42.60837]]}},{"type":"Feature","properties":{},"geometry":{"type":"LineString","coordinates":[[101.29897,42.62028],[101.29913,42.62004],[101.29929,42.61981],[101.29933,42.61974],[101.29955,42.61944],[101.2997,42.61921],[101.2998,42.61906],[101.29988,42.61893],[101.3045,42.61067],[101.3046,42.61047],[101.30468,42.6103],[101.30475,42.61013],[101.3049,42.60982]]}},{"type":"Feature","properties":{},"geometry":{"type":"LineString","coordinates":[[101.29844,42.62123],[101.29882,42.62043]]}},{"type":"Feature","properties":{},"geometry":{"type":"LineString","coordinates":[[101.29786,42.62214],[101.29836,42.62137]]}},{"type":"Feature","properties":{},"geometry":{"type":"LineString","coordinates":[[101.30482,42.6097],[101.3046,42.61004],[101.30447,42.61022],[101.3044,42.61033],[101.30431,42.61049],[101.30422,42.61064],[101.29953,42.61904],[101.29947,42.61917],[101.29938,42.61938],[101.29924,42.61968]]}},{"type":"Feature","properties":{},"geometry":{"type":"LineString","coordinates":[[101.30573,42.60821],[101.30609,42.60742]]}},{"type":"Feature","properties":{},"geometry":{"type":"LineString","coordinates":[[106.43578,48.85377],[106.43477,48.85355]]}},{"type":"Feature","properties":{},"geometry":{"type":"LineString","coordinates":[[106.46137,48.85804],[106.46205,48.8582],[106.46469,48.85865]]}},{"type":"Feature","properties":{},"geometry":{"type":"LineString","coordinates":[[106.46143,48.85799],[106.46189,48.85808]]}},{"type":"Feature","properties":{},"geometry":{"type":"LineString","coordinates":[[106.46027,48.85781],[106.46122,48.85796],[106.46143,48.85799]]}},{"type":"Feature","properties":{},"geometry":{"type":"LineString","coordinates":[[106.46027,48.85776],[106.46239,48.85812]]}},{"type":"Feature","properties":{},"geometry":{"type":"LineString","coordinates":[[106.46026,48.85748],[106.46179,48.85778],[106.46266,48.85797],[106.46306,48.858],[106.46347,48.85797],[106.46405,48.85784],[106.46443,48.8577],[106.46489,48.85745],[106.46531,48.85717]]}},{"type":"Feature","properties":{},"geometry":{"type":"LineString","coordinates":[[106.45707,48.85689],[106.45962,48.85742],[106.46026,48.85763],[106.46116,48.85785]]}},{"type":"Feature","properties":{},"geometry":{"type":"LineString","coordinates":[[106.46543,48.85706],[106.46597,48.85669],[106.46644,48.85643],[106.46697,48.85625],[106.46762,48.85611],[106.46825,48.85605],[106.46873,48.85606],[106.46957,48.85607],[106.47213,48.85613],[106.47315,48.85614],[106.47368,48.8561],[106.47383,48.85607],[106.47388,48.85606],[106.47416,48.856],[106.47452,48.85588],[106.47494,48.85568],[106.47525,48.85545],[106.47546,48.85525],[106.47562,48.85503],[106.47578,48.85469],[106.47592,48.85431]]}},{"type":"Feature","properties":{},"geometry":{"type":"LineString","coordinates":[[106.46161,48.85666],[106.46234,48.85709],[106.46275,48.85729],[106.46321,48.85741],[106.46354,48.85746],[106.464,48.85748],[106.46448,48.85742],[106.46495,48.85726],[106.46533,48.85708],[106.46593,48.85663]]}},{"type":"Feature","properties":{},"geometry":{"type":"LineString","coordinates":[[106.46775,48.85509],[106.46789,48.8549],[106.46818,48.85458]]}},{"type":"Feature","properties":{},"geometry":{"type":"LineString","coordinates":[[106.45898,48.85748],[106.46116,48.85785],[106.46134,48.85788],[106.46229,48.85802],[106.46292,48.85804],[106.46348,48.858],[106.46406,48.85787],[106.46446,48.85774],[106.46492,48.85748],[106.46531,48.85717],[106.46543,48.85706],[106.46593,48.85663],[106.46765,48.85521],[106.46775,48.85509],[106.46828,48.85456],[106.46842,48.8544],[106.4688,48.85398],[106.46912,48.85377],[106.46921,48.85372],[106.46941,48.85363],[106.46996,48.85338],[106.47036,48.85329],[106.47082,48.85327],[106.4731,48.85366]]}},{"type":"Feature","properties":{},"geometry":{"type":"LineString","coordinates":[[106.44799,48.85599],[106.44861,48.8561],[106.45022,48.85636]]}},{"type":"Feature","properties":{},"geometry":{"type":"LineString","coordinates":[[106.43797,48.85422],[106.43584,48.85384]]}},{"type":"Feature","properties":{},"geometry":{"type":"LineString","coordinates":[[106.45161,48.85667],[106.44859,48.85614],[106.44799,48.85599],[106.4468,48.85574],[106.43978,48.85456],[106.43872,48.85434]]}},{"type":"Feature","properties":{},"geometry":{"type":"LineString","coordinates":[[106.43851,48.85419],[106.44035,48.8545],[106.4601,48.85778]]}},{"type":"Feature","properties":{},"geometry":{"type":"LineString","coordinates":[[106.43918,48.85426],[106.43987,48.85436],[106.44037,48.85444],[106.45784,48.85735],[106.45897,48.85754]]}},{"type":"Feature","properties":{},"geometry":{"type":"LineString","coordinates":[[106.45778,48.85751],[106.45876,48.85773],[106.45995,48.85793]]}},{"type":"Feature","properties":{},"geometry":{"type":"LineString","coordinates":[[106.46194,48.85828],[106.46238,48.85842],[106.46301,48.85865]]}},{"type":"Feature","properties":{},"geometry":{"type":"LineString","coordinates":[[106.45651,48.8573],[106.45778,48.85751],[106.459,48.85771],[106.46156,48.85813],[106.46194,48.85828],[106.46277,48.8586],[106.4633,48.8588]]}},{"type":"Feature","properties":{},"geometry":{"type":"LineString","coordinates":[[106.46205,48.8582],[106.46332,48.85851],[106.46403,48.85872],[106.4646,48.85885],[106.46561,48.85902]]}},{"type":"Feature","properties":{},"geometry":{"type":"LineString","coordinates":[[106.47435,48.85862],[106.4751,48.85851],[106.47557,48.85834],[106.47601,48.85819],[106.47677,48.85802]]}},{"type":"Feature","properties":{},"geometry":{"type":"LineString","coordinates":[[106.47037,48.85855],[106.47117,48.85866],[106.47194,48.85875],[106.47229,48.85877],[106.47282,48.85875],[106.47435,48.85862],[106.47675,48.8584]]}},{"type":"Feature","properties":{},"geometry":{"type":"LineString","coordinates":[[106.47645,48.85727],[106.4808,48.85695]]}},{"type":"Feature","properties":{},"geometry":{"type":"LineString","coordinates":[[106.47568,48.85729],[106.48077,48.8569]]}},{"type":"Feature","properties":{},"geometry":{"type":"LineString","coordinates":[[106.47492,48.8573],[106.47568,48.85729],[106.47645,48.85727],[106.4774,48.85726],[106.48083,48.857]]}},{"type":"Feature","properties":{},"geometry":{"type":"LineString","coordinates":[[106.4741,48.85731],[106.47492,48.8573],[106.47564,48.85725],[106.48074,48.85686]]}},{"type":"Feature","properties":{},"geometry":{"type":"LineString","coordinates":[[106.47563,48.85794],[106.47616,48.85788],[106.47681,48.85779]]}},{"type":"Feature","properties":{},"geometry":{"type":"LineString","coordinates":[[106.47574,48.85802],[106.47672,48.85795]]}},{"type":"Feature","properties":{},"geometry":{"type":"LineString","coordinates":[[106.47566,48.8581],[106.47599,48.85807],[106.47628,48.85803],[106.47672,48.85795],[106.47842,48.85782],[106.47922,48.85782]]}},{"type":"Feature","properties":{},"geometry":{"type":"LineString","coordinates":[[106.47785,48.85773],[106.47733,48.85776],[106.47681,48.85779],[106.47565,48.85787]]}},{"type":"Feature","properties":{},"geometry":{"type":"LineString","coordinates":[[106.47799,48.85772],[106.47852,48.85771],[106.47912,48.85774],[106.47961,48.85776],[106.48006,48.85777]]}},{"type":"Feature","properties":{},"geometry":{"type":"LineString","coordinates":[[106.47323,48.85737],[106.47432,48.85735],[106.47514,48.85738],[106.47564,48.85746],[106.47618,48.8576],[106.47672,48.85771],[106.47719,48.85773],[106.47785,48.85773],[106.47799,48.85772],[106.48059,48.85752]]}},{"type":"Feature","properties":{},"geometry":{"type":"LineString","coordinates":[[106.47031,48.85805],[106.47101,48.85782],[106.47176,48.85767],[106.47224,48.85764],[106.47307,48.85765],[106.47391,48.8576],[106.47454,48.85757],[106.47499,48.85759],[106.47555,48.85767],[106.47606,48.85775],[106.47636,48.85777],[106.47664,48.85778],[106.47733,48.85776]]}},{"type":"Feature","properties":{},"geometry":{"type":"LineString","coordinates":[[106.46912,48.85842],[106.47007,48.85815],[106.47031,48.85805],[106.47104,48.85775],[106.47156,48.85759],[106.47199,48.8575],[106.47249,48.85743],[106.47268,48.85741],[106.47323,48.85737],[106.4741,48.85731],[106.47489,48.85725],[106.47801,48.85702],[106.48069,48.85681]]}},{"type":"Feature","properties":{},"geometry":{"type":"LineString","coordinates":[[106.46808,48.85865],[106.46862,48.85853],[106.46912,48.85842],[106.47009,48.85819],[106.47088,48.85794],[106.47135,48.85786],[106.47186,48.85782]]}},{"type":"Feature","properties":{},"geometry":{"type":"LineString","coordinates":[[106.46189,48.85808],[106.46296,48.85831]]}},{"type":"Feature","properties":{},"geometry":{"type":"LineString","coordinates":[[106.46915,48.85851],[106.46957,48.85849],[106.46984,48.8585],[106.47037,48.85855],[106.47086,48.85859],[106.47193,48.85868],[106.4723,48.8587],[106.47282,48.85869],[106.47361,48.85861],[106.47446,48.85853],[106.47495,48.85843],[106.47574,48.85818],[106.4764,48.85807],[106.47677,48.85802],[106.477,48.85798],[106.47852,48.85786],[106.47922,48.85782],[106.48006,48.85777],[106.4825,48.8576]]}},{"type":"Feature","properties":{},"geometry":{"type":"LineString","coordinates":[[106.46862,48.85856],[106.46915,48.85851],[106.46987,48.85844],[106.4705,48.85836],[106.47121,48.8583]]}},{"type":"Feature","properties":{},"geometry":{"type":"LineString","coordinates":[[106.469,48.8585],[106.46985,48.85837],[106.47038,48.85829],[106.47082,48.85823],[106.47121,48.8582]]}},{"type":"Feature","properties":{},"geometry":{"type":"LineString","coordinates":[[106.46189,48.85808],[106.46543,48.85863],[106.46595,48.8587],[106.46645,48.85874],[106.4666,48.85875],[106.46697,48.85877],[106.46748,48.85874],[106.46808,48.85865],[106.46862,48.85856],[106.469,48.8585],[106.46984,48.85832],[106.47036,48.85821],[106.47076,48.85813],[106.47118,48.85808]]}},{"type":"Feature","properties":{},"geometry":{"type":"LineString","coordinates":[[106.46601,48.85831],[106.46649,48.85837],[106.46692,48.85841],[106.46728,48.8584],[106.46766,48.85834],[106.4698,48.85784],[106.47076,48.85758]]}},{"type":"Feature","properties":{},"geometry":{"type":"LineString","coordinates":[[106.46538,48.85828],[106.46601,48.85831],[106.4665,48.85834],[106.4669,48.85835],[106.46726,48.85833],[106.46763,48.85827],[106.46979,48.85778],[106.47053,48.85762],[106.47076,48.85758],[106.47105,48.85752],[106.47171,48.85743]]}},{"type":"Feature","properties":{},"geometry":{"type":"LineString","coordinates":[[106.47758,48.85697],[106.47813,48.85686],[106.47842,48.85678],[106.47873,48.85665],[106.47906,48.85649],[106.47925,48.85635],[106.47949,48.85616],[106.47963,48.856],[106.47975,48.85581],[106.47988,48.85557],[106.47994,48.85542],[106.48,48.85518]]}},{"type":"Feature","properties":{},"geometry":{"type":"LineString","coordinates":[[106.48011,48.85449],[106.48,48.85518],[106.47999,48.85548],[106.48003,48.85573],[106.48014,48.85599],[106.48026,48.85617],[106.48041,48.85635],[106.48061,48.85652],[106.48081,48.85666],[106.481,48.85677],[106.48139,48.85696]]}},{"type":"Feature","properties":{},"geometry":{"type":"LineString","coordinates":[[106.46143,48.85799],[106.46239,48.85812],[106.46317,48.85822],[106.46364,48.85826],[106.46416,48.85828],[106.46538,48.85828],[106.46646,48.85828],[106.46687,48.85826],[106.46733,48.85818],[106.46935,48.85772],[106.46979,48.85763],[106.47057,48.85752],[106.47171,48.85743],[106.47608,48.85711],[106.47758,48.85697],[106.4784,48.85686],[106.47945,48.85671],[106.47982,48.85667],[106.48022,48.85669],[106.48074,48.85674],[106.48103,48.85681],[106.48139,48.85696],[106.48246,48.85732],[106.48302,48.8575]]}},{"type":"Feature","properties":{},"geometry":{"type":"LineString","coordinates":[[106.46027,48.85776],[106.46122,48.85796]]}},{"type":"Feature","properties":{},"geometry":{"type":"LineString","coordinates":[[106.45915,48.85757],[106.4601,48.85773]]}},{"type":"Feature","properties":{},"geometry":{"type":"LineString","coordinates":[[106.43921,48.85417],[106.43991,48.85423],[106.44026,48.85427],[106.44043,48.8543],[106.45743,48.85711],[106.45827,48.8573],[106.45898,48.85748],[106.4601,48.85773],[106.46027,48.85776]]}},{"type":"Feature","properties":{},"geometry":{"type":"LineString","coordinates":[[106.43827,48.85415],[106.43851,48.85419],[106.43918,48.85426],[106.43988,48.85432],[106.44038,48.8544],[106.45738,48.85721],[106.45786,48.85729],[106.45837,48.85739]]}},{"type":"Feature","properties":{},"geometry":{"type":"LineString","coordinates":[[106.43723,48.85397],[106.43789,48.85405],[106.43921,48.85417],[106.4399,48.85426],[106.44041,48.85435],[106.45739,48.85717],[106.45787,48.85727],[106.45837,48.85739],[106.45897,48.85754],[106.45915,48.85757],[106.4601,48.85778],[106.46027,48.85781],[106.46121,48.85801]]}},{"type":"Feature","properties":{},"geometry":{"type":"LineString","coordinates":[[106.437,48.85393],[106.43723,48.85397],[106.43827,48.85415]]}},{"type":"Feature","properties":{},"geometry":{"type":"LineString","coordinates":[[106.43717,48.854],[106.43827,48.85415]]}},{"type":"Feature","properties":{},"geometry":{"type":"LineString","coordinates":[[106.4366,48.85391],[106.43797,48.85422],[106.43872,48.85434],[106.4498,48.85616],[106.4547,48.857],[106.45608,48.85724],[106.45651,48.8573],[106.45727,48.85741],[106.45855,48.85756]]}},{"type":"Feature","properties":{},"geometry":{"type":"LineString","coordinates":[[106.43602,48.85381],[106.437,48.85393]]}},{"type":"Feature","properties":{},"geometry":{"type":"LineString","coordinates":[[106.43058,48.85284],[106.43477,48.85355],[106.437,48.85393]]}},{"type":"Feature","properties":{},"geometry":{"type":"LineString","coordinates":[[106.89273,47.90806],[106.89162,47.90806],[106.88386,47.90818]]}},{"type":"Feature","properties":{},"geometry":{"type":"LineString","coordinates":[[106.19092,50.23922],[106.19215,50.23885],[106.19415,50.23824],[106.19596,50.23768],[106.19667,50.23742],[106.19734,50.23715],[106.19833,50.23667],[106.1989,50.23636],[106.19953,50.23597],[106.20018,50.23553],[106.20162,50.23454],[106.20262,50.23385]]}},{"type":"Feature","properties":{},"geometry":{"type":"LineString","coordinates":[[105.92894,49.48707],[105.92923,49.48649],[105.93018,49.4846]]}},{"type":"Feature","properties":{},"geometry":{"type":"LineString","coordinates":[[106.76445,48.64839],[106.7643,48.64792],[106.76424,48.64774],[106.7642,48.64759],[106.76418,48.64745],[106.76411,48.64709],[106.76401,48.64665],[106.76384,48.64589],[106.76377,48.64544],[106.76373,48.64514],[106.76371,48.64493],[106.7637,48.64456],[106.76369,48.6443],[106.7637,48.64407],[106.76375,48.64354],[106.76384,48.64274],[106.76392,48.64208],[106.76401,48.64137],[106.76409,48.64058],[106.76422,48.63951],[106.76435,48.63876],[106.76441,48.63863]]}},{"type":"Feature","properties":{},"geometry":{"type":"LineString","coordinates":[[106.76435,48.63876],[106.76425,48.63917],[106.76401,48.63992],[106.76387,48.64038],[106.76383,48.64057],[106.76382,48.64077],[106.76381,48.64099],[106.76381,48.6411]]}},{"type":"Feature","properties":{},"geometry":{"type":"LineString","coordinates":[[106.7646,48.63763],[106.76451,48.63842],[106.76448,48.63862],[106.76446,48.63882],[106.7644,48.63938],[106.76429,48.64025],[106.76419,48.64109],[106.76412,48.64171],[106.76398,48.64291],[106.76387,48.64369],[106.76385,48.64391],[106.76383,48.64462],[106.76386,48.64498],[106.7639,48.64527],[106.76404,48.64603],[106.7642,48.64673],[106.76432,48.64742],[106.76434,48.64758],[106.76435,48.64767],[106.76435,48.64793]]}},{"type":"Feature","properties":{},"geometry":{"type":"LineString","coordinates":[[106.76448,48.63862],[106.76445,48.63827]]}},{"type":"Feature","properties":{},"geometry":{"type":"LineString","coordinates":[[106.76446,48.63882],[106.76447,48.6392],[106.76448,48.63945],[106.76444,48.63976],[106.76444,48.6398],[106.76437,48.64026],[106.76423,48.64142],[106.76406,48.6428],[106.76393,48.6436],[106.76391,48.64379],[106.76388,48.64405],[106.76388,48.64462],[106.76394,48.64503],[106.76401,48.64547],[106.76413,48.64605],[106.76418,48.6463],[106.76425,48.64662],[106.76434,48.64725],[106.76435,48.64738],[106.76434,48.64758]]}},{"type":"Feature","properties":{},"geometry":{"type":"LineString","coordinates":[[106.76444,48.63976],[106.76445,48.6401],[106.76444,48.64054],[106.76441,48.64101],[106.76426,48.64243]]}},{"type":"Feature","properties":{},"geometry":{"type":"LineString","coordinates":[[106.76418,48.6463],[106.76422,48.64638],[106.76436,48.64665],[106.76459,48.64704],[106.76487,48.64755],[106.765,48.64781],[106.76509,48.64807],[106.76514,48.64832],[106.76514,48.64941]]}},{"type":"Feature","properties":{},"geometry":{"type":"LineString","coordinates":[[106.71304,48.78417],[106.71275,48.78468],[106.71249,48.78523],[106.71207,48.78616],[106.71177,48.78689],[106.71165,48.78728],[106.71161,48.78755],[106.71159,48.78782],[106.7116,48.78832],[106.71165,48.78881],[106.71172,48.78917],[106.71194,48.79014],[106.71218,48.79112],[106.71271,48.79344],[106.71304,48.79477],[106.71308,48.79501],[106.71311,48.79521],[106.71313,48.79558],[106.71315,48.79583],[106.71312,48.79613],[106.71309,48.7964],[106.71302,48.79667],[106.71297,48.79682],[106.71289,48.79706],[106.71278,48.79735],[106.71268,48.79758],[106.71258,48.79776],[106.71236,48.79807],[106.71206,48.79842],[106.71157,48.79892],[106.71141,48.79906],[106.71117,48.79925],[106.7109,48.79944],[106.71061,48.79964],[106.71027,48.79985],[106.70898,48.80057],[106.70864,48.80077],[106.70848,48.80087],[106.70803,48.80116]]}},{"type":"Feature","properties":{},"geometry":{"type":"LineString","coordinates":[[106.71275,48.78468],[106.71261,48.78485],[106.71244,48.78519],[106.71216,48.78581],[106.71188,48.78648],[106.71183,48.7866],[106.71171,48.78692],[106.71159,48.78728],[106.71156,48.78749],[106.71155,48.78772],[106.71154,48.78792],[106.71153,48.78826],[106.71155,48.78861],[106.71158,48.78889],[106.71167,48.78931],[106.71177,48.78971],[106.71186,48.79007],[106.71198,48.79065]]}},{"type":"Feature","properties":{},"geometry":{"type":"LineString","coordinates":[[106.70751,48.80144],[106.70815,48.80116],[106.70867,48.80087],[106.70934,48.80052],[106.71029,48.79999],[106.71084,48.79966],[106.71115,48.79943],[106.71146,48.79919],[106.71173,48.79896],[106.71195,48.79876],[106.71218,48.7985],[106.7125,48.79811],[106.71268,48.79785],[106.71289,48.79748],[106.71299,48.79723],[106.7131,48.79695],[106.71321,48.79655],[106.71326,48.79616],[106.71328,48.79562],[106.71326,48.79524],[106.71324,48.79502],[106.71305,48.79422],[106.71262,48.79242],[106.71246,48.79174],[106.71236,48.79137],[106.71224,48.79083],[106.712,48.78986],[106.71187,48.7893],[106.71184,48.7891],[106.71178,48.78876],[106.71172,48.78838],[106.71172,48.7882],[106.71172,48.78801],[106.71171,48.78771],[106.71177,48.78731],[106.71182,48.78712],[106.7119,48.78688],[106.71205,48.7865],[106.71274,48.78497],[106.71285,48.78472],[106.71294,48.78439]]}},{"type":"Feature","properties":{},"geometry":{"type":"LineString","coordinates":[[106.34027,48.85073],[106.3399,48.85099],[106.33972,48.85112],[106.33931,48.85142],[106.33889,48.85173],[106.33828,48.85223],[106.33697,48.85325],[106.33546,48.85443],[106.33532,48.85455],[106.33499,48.8548],[106.33437,48.85528],[106.33362,48.85587],[106.33312,48.85625],[106.33253,48.85672],[106.33172,48.85735],[106.33089,48.85801],[106.32999,48.85871],[106.32918,48.85935],[106.32862,48.85979],[106.32805,48.86022],[106.32761,48.86057],[106.32746,48.8607],[106.32719,48.86097]]}},{"type":"Feature","properties":{},"geometry":{"type":"LineString","coordinates":[[106.3399,48.85099],[106.33929,48.85138],[106.3391,48.85151],[106.3389,48.85166],[106.33759,48.85268],[106.33593,48.85398],[106.33503,48.85468],[106.33431,48.85524],[106.33352,48.85586],[106.33289,48.85636],[106.33209,48.85698],[106.33148,48.85747],[106.3309,48.85793],[106.33036,48.85835],[106.32915,48.85928],[106.3283,48.85996],[106.32775,48.86043],[106.32746,48.8607]]}},{"type":"Feature","properties":{},"geometry":{"type":"LineString","coordinates":[[106.08533,48.90998],[106.08586,48.90963],[106.08625,48.90935],[106.08651,48.90912],[106.08712,48.9086],[106.08751,48.90824],[106.08783,48.90792],[106.08818,48.90753],[106.08846,48.90719],[106.08872,48.90688],[106.08898,48.90653],[106.08929,48.90609],[106.08979,48.90543],[106.0908,48.90405],[106.09144,48.90317],[106.09259,48.90161],[106.09317,48.90085],[106.09422,48.89943],[106.09499,48.89839],[106.09501,48.89835],[106.09524,48.89806],[106.09534,48.89791],[106.09544,48.89774],[106.09564,48.89739]]}},{"type":"Feature","properties":{},"geometry":{"type":"LineString","coordinates":[[106.09499,48.89839],[106.09474,48.89889],[106.0946,48.89914],[106.09437,48.89949],[106.09426,48.89965],[106.09371,48.90034],[106.09358,48.90053],[106.09342,48.90083],[106.09335,48.90108],[106.09332,48.90127],[106.09332,48.90145],[106.09333,48.90168],[106.09344,48.90203],[106.09351,48.90219],[106.09355,48.90226],[106.09358,48.90233],[106.09373,48.90262],[106.09389,48.90297],[106.09399,48.90324],[106.09404,48.90349],[106.09405,48.90378],[106.09401,48.90406],[106.09394,48.90438],[106.09383,48.90463],[106.09352,48.90517],[106.0934,48.90547],[106.09335,48.90569],[106.09331,48.90601],[106.09335,48.90628],[106.09338,48.90652],[106.09348,48.9071],[106.09363,48.90794],[106.09369,48.90809],[106.09378,48.90828],[106.09395,48.90846],[106.09463,48.90916]]}},{"type":"Feature","properties":{},"geometry":{"type":"LineString","coordinates":[[106.09363,48.90794],[106.09376,48.9091]]}},{"type":"Feature","properties":{},"geometry":{"type":"LineString","coordinates":[[106.09499,48.89859],[106.0946,48.89914]]}},{"type":"Feature","properties":{},"geometry":{"type":"LineString","coordinates":[[106.09636,48.89644],[106.09594,48.89688],[106.09572,48.8972],[106.09551,48.89746],[106.09514,48.89797],[106.09462,48.89866],[106.09424,48.89918],[106.09378,48.89981],[106.09337,48.90036],[106.09296,48.90094],[106.09251,48.90152],[106.09205,48.90213],[106.09171,48.90259],[106.09138,48.90303],[106.09099,48.90356],[106.09051,48.90419],[106.09019,48.90467],[106.08991,48.90502],[106.08973,48.90526],[106.08904,48.90618],[106.08848,48.90695],[106.08815,48.90735],[106.08763,48.90795],[106.08735,48.90821],[106.08684,48.90867],[106.08644,48.90901],[106.08623,48.9092],[106.08622,48.90921],[106.08597,48.90945]]}},{"type":"Feature","properties":{},"geometry":{"type":"LineString","coordinates":[[106.09594,48.89688],[106.09567,48.89714],[106.09566,48.89715],[106.09548,48.8974],[106.09519,48.89779],[106.09477,48.89834],[106.09419,48.89915],[106.09374,48.89973],[106.09349,48.90008],[106.09315,48.90055],[106.09271,48.90113],[106.09242,48.90152],[106.09186,48.90228],[106.09129,48.90306],[106.09086,48.90363],[106.09019,48.90453],[106.08956,48.90538],[106.08888,48.90631],[106.08812,48.9073],[106.08782,48.90765],[106.08753,48.90795],[106.08721,48.90826],[106.08692,48.90852],[106.0867,48.9087],[106.08645,48.90895],[106.08622,48.90921]]}},{"type":"Feature","properties":{},"geometry":{"type":"LineString","coordinates":[[106.0932,48.90035],[106.09396,48.89932],[106.09455,48.89854],[106.09509,48.89782],[106.09535,48.89746],[106.0955,48.89728],[106.09567,48.89714]]}},{"type":"Feature","properties":{},"geometry":{"type":"LineString","coordinates":[[105.86277,49.20288],[105.863,49.20275],[105.86331,49.20259],[105.8636,49.20244],[105.86375,49.20234],[105.8641,49.20211],[105.8652,49.20138],[105.86555,49.20113],[105.86581,49.20094],[105.86601,49.20077],[105.86628,49.20053],[105.86652,49.20031],[105.86667,49.20015],[105.86701,49.19981],[105.86725,49.19953],[105.86749,49.19924],[105.86773,49.19891],[105.86795,49.19858],[105.86807,49.19836],[105.86829,49.19795],[105.8685,49.1975],[105.86865,49.19704],[105.86873,49.19678],[105.86889,49.19622],[105.86901,49.19572],[105.86903,49.19537]]}},{"type":"Feature","properties":{},"geometry":{"type":"LineString","coordinates":[[105.86375,49.20234],[105.86273,49.20299],[105.86153,49.20377]]}},{"type":"Feature","properties":{},"geometry":{"type":"LineString","coordinates":[[105.86926,49.19457],[105.8693,49.19434],[105.86931,49.19421],[105.86933,49.19404]]}},{"type":"Feature","properties":{},"geometry":{"type":"LineString","coordinates":[[105.86945,49.19361],[105.86939,49.19375],[105.8693,49.19397],[105.86923,49.19412],[105.86917,49.19426],[105.86901,49.19458]]}},{"type":"Feature","properties":{},"geometry":{"type":"LineString","coordinates":[[105.86919,49.19481],[105.86911,49.195],[105.86905,49.19514],[105.869,49.19526]]}},{"type":"Feature","properties":{},"geometry":{"type":"LineString","coordinates":[[105.86891,49.19558],[105.86881,49.19584],[105.86873,49.19599],[105.86863,49.19629],[105.86857,49.19647],[105.86851,49.19669],[105.86841,49.19705],[105.86828,49.1974],[105.86814,49.1977],[105.86798,49.19804],[105.86774,49.1985],[105.86752,49.19882],[105.86733,49.19909],[105.86711,49.19937],[105.8669,49.19963],[105.86666,49.1999],[105.86636,49.20019],[105.86615,49.20039],[105.86593,49.20058],[105.86578,49.2007],[105.86554,49.20091],[105.86528,49.20111],[105.86503,49.20128],[105.86474,49.20148],[105.86392,49.20202],[105.86321,49.20247],[105.86236,49.20302],[105.86202,49.20325],[105.86184,49.20339],[105.86158,49.20358]]}},{"type":"Feature","properties":{},"geometry":{"type":"LineString","coordinates":[[105.86111,49.20389],[105.86135,49.20371],[105.86143,49.20365],[105.86151,49.20358],[105.86189,49.20327],[105.86211,49.20311],[105.86239,49.20292],[105.86332,49.20234],[105.86426,49.20172],[105.86471,49.20143],[105.86507,49.20118],[105.86546,49.2009],[105.86594,49.20049],[105.86625,49.20021],[105.86666,49.1998],[105.86697,49.19944],[105.86718,49.19917],[105.86737,49.19892],[105.86755,49.19867],[105.8677,49.19843],[105.86795,49.19799],[105.86816,49.19751],[105.86829,49.19718],[105.86839,49.19691],[105.86857,49.19647]]}},{"type":"Feature","properties":{},"geometry":{"type":"LineString","coordinates":[[105.86873,49.19599],[105.86854,49.19642],[105.86843,49.19663],[105.86831,49.19691],[105.86816,49.19733],[105.86806,49.19759],[105.86791,49.1979],[105.86776,49.19821],[105.86758,49.19852],[105.86742,49.19877],[105.86721,49.19903],[105.867,49.1993],[105.86672,49.19963],[105.86647,49.1999],[105.86603,49.20031],[105.86573,49.20057],[105.86545,49.2008],[105.86518,49.20101],[105.86477,49.20131],[105.86406,49.20178],[105.86327,49.2023],[105.86236,49.20287],[105.86198,49.20315],[105.86171,49.20339],[105.86143,49.20365]]}},{"type":"Feature","properties":{},"geometry":{"type":"LineString","coordinates":[[105.86404,49.20138],[105.86348,49.20185],[105.86321,49.20207],[105.86288,49.20233],[105.86271,49.20248],[105.86234,49.20277],[105.86214,49.20294],[105.86143,49.20352],[105.86093,49.20391],[105.86003,49.20458],[105.85934,49.20504],[105.85804,49.20589]]}},{"type":"Feature","properties":{},"geometry":{"type":"LineString","coordinates":[[105.8605,49.20429],[105.86003,49.20458]]}},{"type":"Feature","properties":{},"geometry":{"type":"LineString","coordinates":[[105.8657,49.2003],[105.86528,49.20067],[105.86509,49.20082],[105.86478,49.20106],[105.86442,49.20127],[105.86378,49.20168],[105.86344,49.20191],[105.86321,49.20207]]}},{"type":"Feature","properties":{},"geometry":{"type":"LineString","coordinates":[[105.8652,49.20066],[105.86479,49.201],[105.86464,49.20111],[105.86442,49.20127]]}},{"type":"Feature","properties":{},"geometry":{"type":"LineString","coordinates":[[105.86476,49.20093],[105.86434,49.20125],[105.86405,49.20148],[105.86378,49.20168]]}},{"type":"Feature","properties":{},"geometry":{"type":"LineString","coordinates":[[105.86373,49.20156],[105.86346,49.2018],[105.86331,49.20193],[105.86288,49.20233]]}},{"type":"Feature","properties":{},"geometry":{"type":"LineString","coordinates":[[105.86234,49.20277],[105.86266,49.20247],[105.86299,49.20214],[105.86333,49.2018],[105.86375,49.20137]]}},{"type":"Feature","properties":{},"geometry":{"type":"LineString","coordinates":[[105.87025,49.19228],[105.87007,49.19251],[105.86992,49.19272],[105.86976,49.19298],[105.86966,49.19316]]}},{"type":"Feature","properties":{},"geometry":{"type":"LineString","coordinates":[[105.8904,49.12467],[105.89038,49.12449],[105.89035,49.12429],[105.89035,49.12399],[105.89036,49.12376],[105.89037,49.12336],[105.8904,49.12238],[105.89045,49.12128],[105.89052,49.11951],[105.89058,49.11762],[105.89064,49.11571],[105.89069,49.11387],[105.89071,49.1133],[105.89075,49.11285],[105.89079,49.11255],[105.89085,49.11219],[105.89099,49.11171],[105.89114,49.11126],[105.89128,49.11088],[105.8915,49.11045],[105.89173,49.1101]]}},{"type":"Feature","properties":{},"geometry":{"type":"LineString","coordinates":[[105.8915,49.11045],[105.89132,49.1107],[105.8912,49.1109],[105.89108,49.11121],[105.89098,49.11147],[105.89087,49.11184],[105.89077,49.11223],[105.8907,49.11256],[105.89066,49.11293],[105.89062,49.11351],[105.89059,49.11452],[105.89056,49.116],[105.89048,49.11809],[105.89044,49.11937],[105.89038,49.12118],[105.89034,49.12231],[105.89029,49.12332],[105.89031,49.12356],[105.89033,49.12377],[105.89035,49.12399]]}},{"type":"Feature","properties":{},"geometry":{"type":"LineString","coordinates":[[105.89044,49.12352],[105.8905,49.12325],[105.89055,49.1226],[105.89058,49.12178],[105.89066,49.11991],[105.89069,49.11865],[105.89071,49.11764],[105.89077,49.11601],[105.89081,49.11473],[105.89085,49.1133],[105.8909,49.11267],[105.89095,49.1124],[105.89096,49.11228],[105.89105,49.11198],[105.89129,49.11125],[105.8917,49.1103],[105.89182,49.11004],[105.89196,49.10961]]}},{"type":"Feature","properties":{},"geometry":{"type":"LineString","coordinates":[[105.89055,49.1226],[105.89061,49.12229],[105.89065,49.12195],[105.89066,49.12155],[105.89073,49.12035],[105.89077,49.11837],[105.89083,49.11635],[105.8909,49.11487],[105.89095,49.11321],[105.89099,49.11281],[105.89106,49.11235],[105.89114,49.11203],[105.89128,49.11155],[105.8915,49.11093],[105.89172,49.11038],[105.89182,49.11004]]}},{"type":"Feature","properties":{},"geometry":{"type":"LineString","coordinates":[[105.93878,49.69061],[105.9382,49.69039],[105.93797,49.69031],[105.93786,49.69027],[105.93771,49.69023],[105.93748,49.69014],[105.93706,49.68997],[105.93535,49.68927],[105.93111,49.68754],[105.92849,49.68648],[105.92709,49.6859],[105.92676,49.68576],[105.92636,49.68558],[105.92595,49.68539]]}},{"type":"Feature","properties":{},"geometry":{"type":"LineString","coordinates":[[105.92644,49.68558],[105.92679,49.6857],[105.92712,49.68582],[105.92747,49.68594],[105.92823,49.68625]]}},{"type":"Feature","properties":{},"geometry":{"type":"LineString","coordinates":[[105.92636,49.68558],[105.92698,49.68588],[105.92732,49.68604],[105.92762,49.68616],[105.92843,49.6865],[105.92996,49.68713],[105.93286,49.68832],[105.93608,49.68962],[105.93716,49.69005],[105.93761,49.69021],[105.93786,49.69027]]}},{"type":"Feature","properties":{},"geometry":{"type":"LineString","coordinates":[[106.12337,49.82866],[106.124,49.82896],[106.12428,49.82907],[106.12464,49.82927],[106.12502,49.82947],[106.12585,49.8299],[106.12689,49.83046],[106.12837,49.83126],[106.13014,49.8322],[106.13218,49.83329],[106.13434,49.83444],[106.13761,49.8362],[106.13867,49.83675],[106.13885,49.83686],[106.13902,49.83697],[106.13962,49.83735]]}},{"type":"Feature","properties":{},"geometry":{"type":"LineString","coordinates":[[106.13906,49.83704],[106.13876,49.83691],[106.13848,49.83678],[106.13835,49.83672],[106.13825,49.83667],[106.13798,49.83653],[106.13742,49.83624],[106.13591,49.83543],[106.13364,49.83421],[106.13213,49.83341],[106.13063,49.8326],[106.12935,49.83191],[106.12812,49.83126],[106.12654,49.83041],[106.12387,49.82899],[106.1237,49.8289],[106.12349,49.82877],[106.12286,49.82839]]}},{"type":"Feature","properties":{},"geometry":{"type":"LineString","coordinates":[[106.12737,49.83064],[106.12667,49.83028],[106.12552,49.82966],[106.12521,49.82949],[106.12489,49.82935],[106.12428,49.82907]]}},{"type":"Feature","properties":{},"geometry":{"type":"LineString","coordinates":[[106.12349,49.82877],[106.12403,49.82912],[106.1243,49.82928],[106.12464,49.82948],[106.12557,49.82997],[106.12704,49.83075],[106.1298,49.83223],[106.13299,49.83391],[106.13631,49.83571],[106.1376,49.8364],[106.13781,49.8365],[106.13805,49.83659],[106.13835,49.83672]]}},{"type":"Feature","properties":{},"geometry":{"type":"LineString","coordinates":[[106.13113,50.02738],[106.13115,50.02701],[106.13115,50.02677],[106.13117,50.02657],[106.1313,50.02584],[106.13149,50.0247],[106.13162,50.02385],[106.13176,50.02307],[106.13194,50.02195],[106.13214,50.02084],[106.1323,50.0198],[106.13249,50.01855],[106.13262,50.01778],[106.13278,50.01672],[106.13299,50.01557],[106.13314,50.01467],[106.13321,50.01427],[106.13324,50.01412],[106.13331,50.01393],[106.13339,50.0136]]}},{"type":"Feature","properties":{},"geometry":{"type":"LineString","coordinates":[[106.13321,50.01427],[106.13308,50.01467],[106.13304,50.01481],[106.13297,50.01523],[106.13277,50.01639],[106.13271,50.01671]]}},{"type":"Feature","properties":{},"geometry":{"type":"LineString","coordinates":[[106.13599,50.30046],[106.13602,50.30076],[106.13604,50.30099],[106.13609,50.30127],[106.13615,50.30153],[106.1362,50.30176],[106.13623,50.30205],[106.13624,50.30234],[106.13623,50.30258],[106.13621,50.30277],[106.13615,50.30317],[106.13604,50.30383],[106.1358,50.30501],[106.13537,50.3072],[106.13509,50.30856],[106.13498,50.30905],[106.13472,50.3105],[106.13455,50.31135],[106.13453,50.31148],[106.13452,50.31169],[106.13448,50.31209]]}},{"type":"Feature","properties":{},"geometry":{"type":"LineString","coordinates":[[106.13455,50.31135],[106.13438,50.31217],[106.13429,50.31254]]}},{"type":"Feature","properties":{},"geometry":{"type":"LineString","coordinates":[[105.41454,49.0453],[105.41425,49.04527],[105.41402,49.04523],[105.41383,49.0452],[105.41356,49.04517],[105.41329,49.04514],[105.40897,49.04478],[105.40668,49.04458],[105.40435,49.04438],[105.40141,49.04413],[105.40114,49.04411],[105.40084,49.04411],[105.40015,49.04408]]}},{"type":"Feature","properties":{},"geometry":{"type":"LineString","coordinates":[[105.41356,49.04517],[105.41472,49.04527],[105.41621,49.04539]]}},{"type":"Feature","properties":{},"geometry":{"type":"LineString","coordinates":[[105.41472,49.04527],[105.41426,49.04521],[105.41384,49.04515],[105.41351,49.04509],[105.41309,49.04503],[105.41285,49.04501],[105.41001,49.04478]]}},{"type":"Feature","properties":{},"geometry":{"type":"LineString","coordinates":[[104.98946,48.94597],[104.98918,48.94591],[104.98899,48.94586],[104.98883,48.94582],[104.98843,48.94574],[104.98639,48.94539],[104.98415,48.94502],[104.98082,48.94445],[104.97826,48.94402],[104.97646,48.94372],[104.97634,48.9437],[104.97616,48.94368],[104.97595,48.94367],[104.97561,48.94363]]}},{"type":"Feature","properties":{},"geometry":{"type":"LineString","coordinates":[[104.97646,48.94372],[104.97518,48.9435],[104.9748,48.94343],[104.97445,48.94336],[104.97412,48.94326],[104.97387,48.94315],[104.97347,48.94291],[104.9731,48.94255],[104.97214,48.94168],[104.97193,48.94147],[104.97185,48.94134],[104.97173,48.94104],[104.97169,48.94079],[104.9717,48.94062],[104.97178,48.94034],[104.9723,48.93888]]}},{"type":"Feature","properties":{},"geometry":{"type":"LineString","coordinates":[[104.97518,48.9435],[104.97545,48.94353],[104.97563,48.94355],[104.97578,48.94357],[104.97586,48.94358],[104.97619,48.94363],[104.97666,48.9437]]}},{"type":"Feature","properties":{},"geometry":{"type":"LineString","coordinates":[[104.98843,48.94574],[104.98966,48.94595],[104.9904,48.94606]]}},{"type":"Feature","properties":{},"geometry":{"type":"LineString","coordinates":[[104.98966,48.94595],[104.98914,48.94585],[104.98869,48.94573],[104.98799,48.94556],[104.98762,48.94546],[104.98736,48.94539],[104.98704,48.94528],[104.98663,48.94511]]}},{"type":"Feature","properties":{},"geometry":{"type":"LineString","coordinates":[[104.98869,48.94573],[104.98839,48.94563],[104.98802,48.94549],[104.98756,48.94529]]}},{"type":"Feature","properties":{},"geometry":{"type":"LineString","coordinates":[[104.98799,48.94556],[104.98773,48.94552],[104.98736,48.94546],[104.98708,48.9454],[104.98679,48.94531],[104.98646,48.94523],[104.98617,48.94516],[104.98552,48.94503]]}},{"type":"Feature","properties":{},"geometry":{"type":"LineString","coordinates":[[104.58506,48.86577],[104.58467,48.86599],[104.58433,48.86615],[104.58387,48.86643],[104.5815,48.86792],[104.57918,48.86939],[104.57687,48.87088],[104.57515,48.87197],[104.57513,48.87199],[104.57488,48.87218],[104.57471,48.8723],[104.57448,48.87248]]}},{"type":"Feature","properties":{},"geometry":{"type":"LineString","coordinates":[[104.57513,48.87199],[104.5744,48.87244],[104.57359,48.87297]]}},{"type":"Feature","properties":{},"geometry":{"type":"LineString","coordinates":[[104.57739,48.87046],[104.576,48.87132],[104.57523,48.87183],[104.57496,48.87203],[104.57475,48.87219],[104.5744,48.87244]]}},{"type":"Feature","properties":{},"geometry":{"type":"LineString","coordinates":[[104.12941,49.05402],[104.12977,49.05411],[104.13004,49.05418],[104.13029,49.05424],[104.13076,49.05433],[104.13472,49.05485]]}},{"type":"Feature","properties":{},"geometry":{"type":"LineString","coordinates":[[104.14524,49.05058],[104.14431,49.05038],[104.14368,49.05021],[104.14316,49.05009]]}},{"type":"Feature","properties":{},"geometry":{"type":"LineString","coordinates":[[105.93921,49.43845],[105.939,49.43916]]}},{"type":"Feature","properties":{},"geometry":{"type":"LineString","coordinates":[[105.94395,49.42908],[105.94388,49.42941],[105.94382,49.42964],[105.94372,49.42989],[105.94362,49.43009],[105.94349,49.43027],[105.94331,49.43045],[105.9431,49.43064],[105.94286,49.43083],[105.94261,49.43099],[105.94235,49.43116],[105.94192,49.43138]]}}]}